ninja: Entering directory `build-probe'
[1/1665] Generating trace/trace-root.c with a custom command
[2/1665] Generating trace/trace-root.h with a custom command
[3/1665] Generating trace/trace-crypto.h with a custom command
[4/1665] Generating config-poison.h with a custom command (wrapped by meson to capture output)
[5/1665] Generating qemu-img-cmds.h with a custom command (wrapped by meson to capture output)
[6/1665] Generating hmp-commands-info.h with a custom command (wrapped by meson to capture output)
[7/1665] Generating trace/trace-crypto.c with a custom command
[8/1665] Generating trace/trace-qapi.c with a custom command
[9/1665] Generating trace/trace-qapi.h with a custom command
[10/1665] Generating xemu-config.h with a custom command
[11/1665] Generating xemu-version-macro.h with a custom command (wrapped by meson to capture output)
[12/1665] Generating hmp-commands.h with a custom command (wrapped by meson to capture output)
[13/1665] Generating trace/trace-qom.h with a custom command
[14/1665] Generating trace/trace-qom.c with a custom command
[15/1665] Generating trace/trace-gdbstub.h with a custom command
[16/1665] Generating trace/trace-monitor.h with a custom command
[17/1665] Generating trace/trace-monitor.c with a custom command
[18/1665] Generating trace/trace-util.h with a custom command
[19/1665] Generating trace/trace-authz.h with a custom command
[20/1665] Generating trace/trace-util.c with a custom command
[21/1665] Generating trace/trace-authz.c with a custom command
[22/1665] Generating trace/trace-gdbstub.c with a custom command
[23/1665] Generating trace/trace-chardev.c with a custom command
[24/1665] Generating trace/trace-chardev.h with a custom command
[25/1665] Generating trace/trace-block.h with a custom command
[26/1665] Generating trace/trace-block.c with a custom command
[27/1665] Generating qemu-options.def with a custom command (wrapped by meson to capture output)
[28/1665] Generating trace/trace-io.h with a custom command
[29/1665] Generating trace/trace-io.c with a custom command
[30/1665] Generating trace/trace-nbd.c with a custom command
[31/1665] Generating trace/trace-nbd.h with a custom command
[32/1665] Generating trace/trace-scsi.c with a custom command
[33/1665] Generating trace/trace-scsi.h with a custom command
[34/1665] Generating trace/trace-accel_kvm.h with a custom command
[35/1665] Generating trace/trace-accel_hvf.h with a custom command
[36/1665] Generating trace/trace-accel_hvf.c with a custom command
[37/1665] Generating trace/trace-accel_kvm.c with a custom command
[38/1665] Generating trace/trace-accel_mshv.c with a custom command
[39/1665] Generating trace/trace-accel_mshv.h with a custom command
[40/1665] Generating trace/trace-audio.h with a custom command
[41/1665] Generating trace/trace-audio.c with a custom command
[42/1665] Generating trace/trace-backends.c with a custom command
[43/1665] Generating trace/trace-backends.h with a custom command
[44/1665] Generating trace/trace-backends_tpm.h with a custom command
[45/1665] Generating trace/trace-ebpf.h with a custom command
[46/1665] Generating trace/trace-ebpf.c with a custom command
[47/1665] Generating trace/trace-backends_tpm.c with a custom command
[48/1665] Generating trace/trace-hw_9pfs.c with a custom command
[49/1665] Generating trace/trace-hw_9pfs.h with a custom command
[50/1665] Generating trace/trace-hw_adc.h with a custom command
[51/1665] Generating trace/trace-hw_acpi.h with a custom command
[52/1665] Generating trace/trace-hw_acpi.c with a custom command
[53/1665] Generating trace/trace-hw_adc.c with a custom command
[54/1665] Generating trace/trace-hw_alpha.c with a custom command
[55/1665] Generating trace/trace-hw_alpha.h with a custom command
[56/1665] Generating trace/trace-hw_arm.h with a custom command
[57/1665] Generating trace/trace-hw_arm.c with a custom command
[58/1665] Generating trace/trace-hw_audio.h with a custom command
[59/1665] Generating trace/trace-hw_audio.c with a custom command
[60/1665] Generating trace/trace-hw_block.h with a custom command
[61/1665] Generating trace/trace-hw_block.c with a custom command
[62/1665] Generating trace/trace-hw_char.c with a custom command
[63/1665] Generating trace/trace-hw_char.h with a custom command
[64/1665] Generating trace/trace-hw_display.h with a custom command
[65/1665] Generating trace/trace-hw_display.c with a custom command
[66/1665] Generating trace/trace-hw_fsi.h with a custom command
[67/1665] Generating trace/trace-hw_dma.h with a custom command
[68/1665] Generating trace/trace-hw_dma.c with a custom command
[69/1665] Generating trace/trace-hw_fsi.c with a custom command
[70/1665] Generating trace/trace-hw_hyperv.h with a custom command
[71/1665] Generating trace/trace-hw_hyperv.c with a custom command
[72/1665] Generating trace/trace-hw_i2c.c with a custom command
[73/1665] Generating trace/trace-hw_i2c.h with a custom command
[74/1665] Generating trace/trace-hw_i386_xen.c with a custom command
[75/1665] Generating trace/trace-hw_i386.c with a custom command
[76/1665] Generating trace/trace-hw_i386.h with a custom command
[77/1665] Generating trace/trace-hw_i386_xen.h with a custom command
[78/1665] Generating trace/trace-hw_i386_kvm.h with a custom command
[79/1665] Generating trace/trace-hw_i386_kvm.c with a custom command
[80/1665] Generating trace/trace-hw_ide.h with a custom command
[81/1665] Generating trace/trace-hw_ide.c with a custom command
[82/1665] Generating trace/trace-hw_isa.c with a custom command
[83/1665] Generating trace/trace-hw_input.h with a custom command
[84/1665] Generating trace/trace-hw_input.c with a custom command
[85/1665] Generating trace/trace-hw_mem.h with a custom command
[86/1665] Generating trace/trace-hw_isa.h with a custom command
[87/1665] Generating trace/trace-hw_intc.c with a custom command
[88/1665] Generating trace/trace-hw_mem.c with a custom command
[89/1665] Generating trace/trace-hw_intc.h with a custom command
[90/1665] Generating trace/trace-hw_mips.h with a custom command
[91/1665] Generating trace/trace-hw_mips.c with a custom command
[92/1665] Generating trace/trace-hw_misc_macio.h with a custom command
[93/1665] Generating trace/trace-hw_misc_macio.c with a custom command
[94/1665] Generating trace/trace-hw_misc.c with a custom command
[95/1665] Generating trace/trace-hw_net_can.h with a custom command
[96/1665] Generating trace/trace-hw_misc.h with a custom command
[97/1665] Generating trace/trace-hw_net_can.c with a custom command
[98/1665] Generating trace/trace-hw_nubus.h with a custom command
[99/1665] Generating trace/trace-hw_net.c with a custom command
[100/1665] Generating trace/trace-hw_net.h with a custom command
[101/1665] Generating trace/trace-hw_nubus.c with a custom command
[102/1665] Generating trace/trace-hw_nvram.h with a custom command
[103/1665] Generating trace/trace-hw_pci.c with a custom command
[104/1665] Generating trace/trace-hw_nvram.c with a custom command
[105/1665] Generating trace/trace-hw_nvme.c with a custom command
[106/1665] Generating trace/trace-hw_pci.h with a custom command
[107/1665] Generating trace/trace-hw_nvme.h with a custom command
[108/1665] Generating trace/trace-hw_pci_host.c with a custom command
[109/1665] Generating trace/trace-hw_pci_host.h with a custom command
[110/1665] Generating trace/trace-hw_rtc.h with a custom command
[111/1665] Generating trace/trace-hw_ppc.h with a custom command
[112/1665] Generating trace/trace-hw_ppc.c with a custom command
[113/1665] Generating trace/trace-hw_rtc.c with a custom command
[114/1665] Generating trace/trace-hw_riscv.c with a custom command
[115/1665] Generating trace/trace-hw_s390x.h with a custom command
[116/1665] Generating trace/trace-hw_riscv.h with a custom command
[117/1665] Generating trace/trace-hw_s390x.c with a custom command
[118/1665] Generating trace/trace-hw_sd.c with a custom command
[119/1665] Generating trace/trace-hw_sd.h with a custom command
[120/1665] Generating trace/trace-hw_sensor.c with a custom command
[121/1665] Generating trace/trace-hw_sensor.h with a custom command
[122/1665] Generating trace/trace-hw_sh4.h with a custom command
[123/1665] Generating trace/trace-hw_scsi.c with a custom command
[124/1665] Generating trace/trace-hw_scsi.h with a custom command
[125/1665] Generating trace/trace-hw_sh4.c with a custom command
[126/1665] Generating trace/trace-hw_sparc.h with a custom command
[127/1665] Generating trace/trace-hw_sparc.c with a custom command
[128/1665] Generating trace/trace-hw_sparc64.c with a custom command
[129/1665] Generating trace/trace-hw_sparc64.h with a custom command
[130/1665] Generating trace/trace-hw_ssi.h with a custom command
[131/1665] Generating trace/trace-hw_ssi.c with a custom command
[132/1665] Generating trace/trace-hw_tpm.h with a custom command
[133/1665] Generating trace/trace-hw_timer.c with a custom command
[134/1665] Generating trace/trace-hw_timer.h with a custom command
[135/1665] Generating trace/trace-hw_tpm.c with a custom command
[136/1665] Generating trace/trace-hw_uefi.h with a custom command
[137/1665] Generating trace/trace-hw_uefi.c with a custom command
[138/1665] Generating trace/trace-hw_ufs.c with a custom command
[139/1665] Generating trace/trace-hw_ufs.h with a custom command
[140/1665] Generating trace/trace-hw_vfio.c with a custom command
[141/1665] Generating trace/trace-hw_vfio.h with a custom command
[142/1665] Generating trace/trace-hw_usb.h with a custom command
[143/1665] Generating trace/trace-hw_usb.c with a custom command
[144/1665] Generating trace/trace-hw_vfio_user.h with a custom command
[145/1665] Generating trace/trace-hw_vfio_user.c with a custom command
[146/1665] Generating trace/trace-hw_virtio.c with a custom command
[147/1665] Generating trace/trace-hw_virtio.h with a custom command
[148/1665] Generating trace/trace-hw_vmapple.h with a custom command
[149/1665] Generating trace/trace-hw_vmapple.c with a custom command
[150/1665] Generating trace/trace-hw_watchdog.h with a custom command
[151/1665] Generating trace/trace-hw_watchdog.c with a custom command
[152/1665] Generating trace/trace-hw_gpio.h with a custom command
[153/1665] Generating trace/trace-hw_gpio.c with a custom command
[154/1665] Generating trace/trace-hw_xen.h with a custom command
[155/1665] Generating trace/trace-hw_xen.c with a custom command
[156/1665] Generating trace/trace-net.c with a custom command
[157/1665] Generating trace/trace-net.h with a custom command
[158/1665] Generating trace/trace-migration.c with a custom command
[159/1665] Generating trace/trace-replay.h with a custom command
[160/1665] Generating trace/trace-replay.c with a custom command
[161/1665] Generating trace/trace-system.h with a custom command
[162/1665] Generating trace/trace-migration.h with a custom command
[163/1665] Generating trace/trace-system.c with a custom command
[164/1665] Generating trace/trace-hw_remote.h with a custom command
[165/1665] Generating trace/trace-hw_remote.c with a custom command
[166/1665] Generating trace/trace-ui.c with a custom command
[167/1665] Generating trace/trace-ui.h with a custom command
[168/1665] Generating trace/trace-hw_xbox_nv2a.h with a custom command
[169/1665] Generating trace/trace-hw_xbox_nv2a.c with a custom command
[170/1665] Generating trace/trace-hw_xbox_mcpx_apu.h with a custom command
[171/1665] Generating trace/trace-hw_xbox_mcpx_apu.c with a custom command
[172/1665] Generating trace/trace-hw_xbox_mcpx_apu_dsp.h with a custom command
[173/1665] Generating trace/trace-hw_xbox_mcpx_apu_dsp.c with a custom command
[174/1665] Generating trace/trace-hw_xbox_mcpx_nvnet.c with a custom command
[175/1665] Generating trace/trace-hw_xbox_mcpx_nvnet.h with a custom command
[176/1665] Generating trace/trace-accel_tcg.h with a custom command
[177/1665] Generating trace/trace-accel_tcg.c with a custom command
[178/1665] Generating trace/trace-hw_core.h with a custom command
[179/1665] Generating trace/trace-hw_core.c with a custom command
[180/1665] Generating trace/trace-target_arm.c with a custom command
[181/1665] Generating trace/trace-target_arm.h with a custom command
[182/1665] Generating trace/trace-target_arm_hvf.h with a custom command
[183/1665] Generating trace/trace-target_arm_hvf.c with a custom command
[184/1665] Generating trace/trace-target_hppa.h with a custom command
[185/1665] Generating trace/trace-target_i386.h with a custom command
[186/1665] Generating trace/trace-target_hppa.c with a custom command
[187/1665] Generating trace/trace-target_i386_kvm.h with a custom command
[188/1665] Generating trace/trace-target_i386.c with a custom command
[189/1665] Generating trace/trace-target_i386_kvm.c with a custom command
[190/1665] Generating trace/trace-target_loongarch.h with a custom command
[191/1665] Generating trace/trace-target_loongarch.c with a custom command
[192/1665] Generating trace/trace-target_mips_tcg.h with a custom command
[193/1665] Generating trace/trace-target_mips_tcg.c with a custom command
[194/1665] Generating trace/trace-target_ppc.h with a custom command
[195/1665] Generating trace/trace-target_ppc.c with a custom command
[196/1665] Generating trace/trace-target_riscv.h with a custom command
[197/1665] Generating trace/trace-target_riscv.c with a custom command
[198/1665] Generating trace/trace-target_s390x.h with a custom command
[199/1665] Generating trace/trace-target_s390x.c with a custom command
[200/1665] Generating trace/trace-target_s390x_kvm.h with a custom command
[201/1665] Generating trace/trace-target_s390x_kvm.c with a custom command
[202/1665] Generating trace/trace-target_sparc.h with a custom command
[203/1665] Generating trace/trace-target_sparc.c with a custom command
[204/1665] Generating ui/input-keymap-linux-to-qcode.c.inc with a custom command (wrapped by meson to capture output)
[205/1665] Generating ui/input-keymap-qcode-to-atset3.c.inc with a custom command (wrapped by meson to capture output)
[206/1665] Generating ui/input-keymap-qcode-to-atset2.c.inc with a custom command (wrapped by meson to capture output)
[207/1665] Generating ui/input-keymap-qcode-to-qnum.c.inc with a custom command (wrapped by meson to capture output)
[208/1665] Generating ui/input-keymap-qcode-to-atset1.c.inc with a custom command (wrapped by meson to capture output)
[209/1665] Generating ui/input-keymap-qcode-to-linux.c.inc with a custom command (wrapped by meson to capture output)
[210/1665] Generating ui/input-keymap-qcode-to-sun.c.inc with a custom command (wrapped by meson to capture output)
[211/1665] Generating ui/input-keymap-qnum-to-qcode.c.inc with a custom command (wrapped by meson to capture output)
[212/1665] Generating ui/input-keymap-usb-to-qcode.c.inc with a custom command (wrapped by meson to capture output)
[213/1665] Generating ui/input-keymap-atset1-to-qcode.c.inc with a custom command (wrapped by meson to capture output)
[214/1665] Generating ui/shader/texture-blit-frag.h with a custom command (wrapped by meson to capture output)
[215/1665] Generating ui/shader/texture-blit-vert.h with a custom command (wrapped by meson to capture output)
[216/1665] Generating ui/input-keymap-xorgkbd-to-qcode.c.inc with a custom command (wrapped by meson to capture output)
[217/1665] Generating ui/shader/texture-blit-flip-vert.h with a custom command (wrapped by meson to capture output)
[218/1665] Generating ui/input-keymap-xorgevdev-to-qcode.c.inc with a custom command (wrapped by meson to capture output)
[219/1665] Generating ui/input-keymap-xorgxquartz-to-qcode.c.inc with a custom command (wrapped by meson to capture output)
[220/1665] Generating ui/input-keymap-xorgxwin-to-qcode.c.inc with a custom command (wrapped by meson to capture output)
[221/1665] Generating ui/input-keymap-win32-to-qcode.c.inc with a custom command (wrapped by meson to capture output)
[222/1665] Generating ui/input-keymap-osx-to-qcode.c.inc with a custom command (wrapped by meson to capture output)
[223/1665] Generating qapi/shared QAPI source files with a custom command
[224/1665] Generating data/controller_mask.png.[ch] with a custom command
[225/1665] Generating data/xmu_mask.png.[ch] with a custom command
[226/1665] Generating data/logo_sdf.png.[ch] with a custom command
[227/1665] Generating data/xemu_64x64.png.[ch] with a custom command
[228/1665] Generating data/abxy.ttf.[ch] with a custom command
[229/1665] Generating data/controller_mask_s.png.[ch] with a custom command
[230/1665] Generating ui/shader/xemu-logo-frag.h with a custom command (wrapped by meson to capture output)
[231/1665] Generating ui/input-keymap-x11-to-qcode.c.inc with a custom command (wrapped by meson to capture output)
[232/1665] Generating trace/trace-qapi_commands_authz_trace_events.c with a custom command
[233/1665] Generating trace/trace-qapi_commands_block_trace_events.c with a custom command
[234/1665] Generating trace/trace-qapi_commands_block_trace_events.h with a custom command
[235/1665] Generating trace/trace-qapi_commands_authz_trace_events.h with a custom command
[236/1665] Generating trace/trace-qapi_commands_block_export_trace_events.h with a custom command
[237/1665] Generating trace/trace-qapi_commands_block_core_trace_events.c with a custom command
[238/1665] Generating data/Roboto-Medium.ttf.[ch] with a custom command
[239/1665] Generating trace/trace-qapi_commands_block_core_trace_events.h with a custom command
[240/1665] Generating data/RobotoCondensed-Regular.ttf.[ch] with a custom command
[241/1665] Generating trace/trace-qapi_commands_block_export_trace_events.c with a custom command
[242/1665] Generating trace/trace-qapi_commands_char_trace_events.c with a custom command
[243/1665] Generating trace/trace-qapi_commands_common_trace_events.h with a custom command
[244/1665] Generating trace/trace-qapi_commands_char_trace_events.h with a custom command
[245/1665] Generating trace/trace-qapi_commands_common_trace_events.c with a custom command
[246/1665] Generating trace/trace-qapi_commands_control_trace_events.h with a custom command
[247/1665] Generating trace/trace-qapi_commands_crypto_trace_events.h with a custom command
[248/1665] Generating trace/trace-qapi_commands_compat_trace_events.h with a custom command
[249/1665] Generating trace/trace-qapi_commands_compat_trace_events.c with a custom command
[250/1665] Generating trace/trace-qapi_commands_control_trace_events.c with a custom command
[251/1665] Generating trace/trace-qapi_commands_crypto_trace_events.c with a custom command
[252/1665] Generating trace/trace-qapi_commands_cxl_trace_events.h with a custom command
[253/1665] Generating trace/trace-qapi_commands_cxl_trace_events.c with a custom command
[254/1665] Generating trace/trace-qapi_commands_error_trace_events.h with a custom command
[255/1665] Generating trace/trace-qapi_commands_introspect_trace_events.h with a custom command
[256/1665] Generating trace/trace-qapi_commands_dump_trace_events.c with a custom command
[257/1665] Generating trace/trace-qapi_commands_dump_trace_events.h with a custom command
[258/1665] Generating trace/trace-qapi_commands_ebpf_trace_events.c with a custom command
[259/1665] Generating trace/trace-qapi_commands_error_trace_events.c with a custom command
[260/1665] Generating trace/trace-qapi_commands_introspect_trace_events.c with a custom command
[261/1665] Generating trace/trace-qapi_commands_ebpf_trace_events.h with a custom command
[262/1665] Generating trace/trace-qapi_commands_job_trace_events.h with a custom command
[263/1665] Generating trace/trace-qapi_commands_job_trace_events.c with a custom command
[264/1665] Generating trace/trace-qapi_commands_machine_common_trace_events.h with a custom command
[265/1665] Generating trace/trace-qapi_commands_machine_common_trace_events.c with a custom command
[266/1665] Generating trace/trace-qapi_commands_machine_s390x_trace_events.h with a custom command
[267/1665] Generating trace/trace-qapi_commands_migration_trace_events.h with a custom command
[268/1665] Generating trace/trace-qapi_commands_machine_s390x_trace_events.c with a custom command
[269/1665] Generating trace/trace-qapi_commands_machine_trace_events.h with a custom command
[270/1665] Generating trace/trace-qapi_commands_machine_trace_events.c with a custom command
[271/1665] Generating trace/trace-qapi_commands_migration_trace_events.c with a custom command
[272/1665] Generating trace/trace-qapi_commands_misc_trace_events.h with a custom command
[273/1665] Generating trace/trace-qapi_commands_misc_trace_events.c with a custom command
[274/1665] Generating trace/trace-qapi_commands_net_trace_events.h with a custom command
[275/1665] Generating trace/trace-qapi_commands_pragma_trace_events.h with a custom command
[276/1665] Generating trace/trace-qapi_commands_pragma_trace_events.c with a custom command
[277/1665] Generating trace/trace-qapi_commands_net_trace_events.c with a custom command
[278/1665] Generating trace/trace-qapi_commands_qom_trace_events.h with a custom command
[279/1665] Generating trace/trace-qapi_commands_qom_trace_events.c with a custom command
[280/1665] Generating trace/trace-qapi_commands_run_state_trace_events.c with a custom command
[281/1665] Generating trace/trace-qapi_commands_replay_trace_events.h with a custom command
[282/1665] Generating trace/trace-qapi_commands_replay_trace_events.c with a custom command
[283/1665] Generating trace/trace-qapi_commands_run_state_trace_events.h with a custom command
[284/1665] Generating trace/trace-qapi_commands_sockets_trace_events.c with a custom command
[285/1665] Generating trace/trace-qapi_commands_sockets_trace_events.h with a custom command
[286/1665] Generating trace/trace-qapi_commands_stats_trace_events.c with a custom command
[287/1665] Generating trace/trace-qapi_commands_stats_trace_events.h with a custom command
[288/1665] Generating trace/trace-qapi_commands_trace_trace_events.h with a custom command
[289/1665] Generating trace/trace-qapi_commands_trace_trace_events.c with a custom command
[290/1665] Generating trace/trace-qapi_commands_transaction_trace_events.h with a custom command
[291/1665] Generating trace/trace-qapi_commands_transaction_trace_events.c with a custom command
[292/1665] Generating trace/trace-qapi_commands_vfio_trace_events.h with a custom command
[293/1665] Generating trace/trace-qapi_commands_vfio_trace_events.c with a custom command
[294/1665] Generating trace/trace-qapi_commands_yank_trace_events.h with a custom command
[295/1665] Generating trace/trace-qapi_commands_virtio_trace_events.c with a custom command
[296/1665] Generating trace/trace-qapi_commands_virtio_trace_events.h with a custom command
[297/1665] Generating trace/trace-qapi_commands_yank_trace_events.c with a custom command
[298/1665] Generating trace/trace-qapi_commands_accelerator_trace_events.h with a custom command
[299/1665] Generating trace/trace-qapi_commands_acpi_trace_events.h with a custom command
[300/1665] Generating trace/trace-qapi_commands_accelerator_trace_events.c with a custom command
[301/1665] Generating trace/trace-qapi_commands_acpi_hest_trace_events.h with a custom command
[302/1665] Generating trace/trace-qapi_commands_acpi_trace_events.c with a custom command
[303/1665] Generating trace/trace-qapi_commands_audio_trace_events.h with a custom command
[304/1665] Generating trace/trace-qapi_commands_acpi_hest_trace_events.c with a custom command
[305/1665] Generating trace/trace-qapi_commands_audio_trace_events.c with a custom command
[306/1665] Generating trace/trace-qapi_commands_cryptodev_trace_events.h with a custom command
[307/1665] Generating trace/trace-qapi_commands_cryptodev_trace_events.c with a custom command
[308/1665] Generating trace/trace-qapi_commands_qdev_trace_events.h with a custom command
[309/1665] Generating trace/trace-qapi_commands_qdev_trace_events.c with a custom command
[310/1665] Generating trace/trace-qapi_commands_rocker_trace_events.c with a custom command
[311/1665] Generating trace/trace-qapi_commands_rocker_trace_events.h with a custom command
[312/1665] Generating trace/trace-qapi_commands_pci_trace_events.c with a custom command
[313/1665] Generating trace/trace-qapi_commands_pci_trace_events.h with a custom command
[314/1665] Generating trace/trace-qapi_commands_misc_arm_trace_events.c with a custom command
[315/1665] Generating trace/trace-qapi_commands_misc_arm_trace_events.h with a custom command
[316/1665] Generating trace/trace-qapi_commands_misc_i386_trace_events.c with a custom command
[317/1665] Generating trace/trace-qapi_commands_tpm_trace_events.h with a custom command
[318/1665] Generating trace/trace-qapi_commands_misc_i386_trace_events.h with a custom command
[319/1665] Generating trace/trace-qapi_commands_tpm_trace_events.c with a custom command
[320/1665] Generating trace/trace-qapi_commands_uefi_trace_events.h with a custom command
[321/1665] Generating trace/trace-qapi_commands_uefi_trace_events.c with a custom command
[322/1665] Compiling C++ object subprojects/glslang/libGenericCodeGen.a.p/glslang_stub.cpp.o
[323/1665] Generating trace/trace-qapi_commands_ui_trace_events.h with a custom command
[324/1665] Generating trace/trace-qapi_commands_ui_trace_events.c with a custom command
[325/1665] Compiling C++ object subprojects/glslang/libglslang.a.p/glslang_OSDependent_Unix_ossource.cpp.o
[326/1665] Generating data/font_awesome_6_1_1_solid.min.otf.[ch] with a custom command
[327/1665] Generating qemu-version.h with a custom command (wrapped by meson to capture output)
[328/1665] Compiling C object libqemuutil.a.p/meson-generated_.._qapi_qapi-introspect.c.o
[329/1665] Compiling C object libqemuutil.a.p/meson-generated_.._qapi_qapi-types.c.o
[330/1665] Compiling C++ object subprojects/glslang/libglslang.a.p/glslang_GenericCodeGen_Link.cpp.o
[331/1665] Compiling C++ object subprojects/glslang/libglslang.a.p/glslang_GenericCodeGen_CodeGen.cpp.o
[332/1665] Compiling C++ object subprojects/glslang/libglslang.a.p/glslang_MachineIndependent_InfoSink.cpp.o
[333/1665] Compiling C object libqemuutil.a.p/meson-generated_.._qapi_qapi-visit.c.o
[334/1665] Compiling C object libqemuutil.a.p/meson-generated_.._qapi_qapi-commands.c.o
[335/1665] Compiling C object libqemuutil.a.p/meson-generated_.._qapi_qapi-events.c.o
[336/1665] Compiling C object libqemuutil.a.p/meson-generated_.._qapi_qapi-emit-events.c.o
[337/1665] Compiling C object libqemuutil.a.p/meson-generated_.._qapi_qapi-init-commands.c.o
[338/1665] Compiling C object libqemuutil.a.p/meson-generated_.._qapi_qapi-builtin-types.c.o
[339/1665] Compiling C object libqemuutil.a.p/meson-generated_.._qapi_qapi-types-authz.c.o
[340/1665] Compiling C object libqemuutil.a.p/meson-generated_.._qapi_qapi-builtin-visit.c.o
[341/1665] Compiling C object libqemuutil.a.p/meson-generated_.._qapi_qapi-events-authz.c.o
[342/1665] Compiling C object libqemuutil.a.p/meson-generated_.._qapi_qapi-commands-authz.c.o
[343/1665] Compiling C object libqemuutil.a.p/meson-generated_.._qapi_qapi-visit-authz.c.o
[344/1665] Compiling C++ object subprojects/glslang/libglslang.a.p/glslang_MachineIndependent_IntermTraverse.cpp.o
[345/1665] Compiling C object libqemuutil.a.p/meson-generated_.._qapi_qapi-types-block.c.o
[346/1665] Compiling C object libqemuutil.a.p/meson-generated_.._qapi_qapi-events-block.c.o
[347/1665] Compiling C object libqemuutil.a.p/meson-generated_.._qapi_qapi-visit-block.c.o
[348/1665] Compiling C object libqemuutil.a.p/meson-generated_.._qapi_qapi-commands-block.c.o
[349/1665] Compiling C object libqemuutil.a.p/meson-generated_.._qapi_qapi-events-block-core.c.o
[350/1665] Compiling C object libqemuutil.a.p/meson-generated_.._qapi_qapi-types-block-export.c.o
[351/1665] Compiling C object libqemuutil.a.p/meson-generated_.._qapi_qapi-types-block-core.c.o
[352/1665] Compiling C object libqemuutil.a.p/meson-generated_.._qapi_qapi-events-block-export.c.o
[353/1665] Compiling C object libqemuutil.a.p/meson-generated_.._qapi_qapi-visit-block-export.c.o
[354/1665] Compiling C object libqemuutil.a.p/meson-generated_.._qapi_qapi-commands-block-export.c.o
[355/1665] Compiling C object libqemuutil.a.p/meson-generated_.._qapi_qapi-types-char.c.o
[356/1665] Compiling C object libqemuutil.a.p/meson-generated_.._qapi_qapi-events-char.c.o
[357/1665] Compiling C++ object subprojects/glslang/libglslang.a.p/glslang_MachineIndependent_attribute.cpp.o
[358/1665] Compiling C object libqemuutil.a.p/meson-generated_.._qapi_qapi-types-common.c.o
[359/1665] Compiling C object libqemuutil.a.p/meson-generated_.._qapi_qapi-commands-block-core.c.o
[360/1665] Compiling C object libqemuutil.a.p/meson-generated_.._qapi_qapi-commands-char.c.o
[361/1665] Compiling C object libqemuutil.a.p/meson-generated_.._qapi_qapi-events-common.c.o
[362/1665] Compiling C object libqemuutil.a.p/meson-generated_.._qapi_qapi-commands-common.c.o
[363/1665] Compiling C object libqemuutil.a.p/meson-generated_.._qapi_qapi-visit-common.c.o
[364/1665] Compiling C object libqemuutil.a.p/meson-generated_.._qapi_qapi-visit-char.c.o
[365/1665] Compiling C object libqemuutil.a.p/meson-generated_.._qapi_qapi-types-compat.c.o
[366/1665] Compiling C object libqemuutil.a.p/meson-generated_.._qapi_qapi-events-compat.c.o
[367/1665] Compiling C object libqemuutil.a.p/meson-generated_.._qapi_qapi-commands-compat.c.o
[368/1665] Compiling C object libqemuutil.a.p/meson-generated_.._qapi_qapi-visit-compat.c.o
[369/1665] Compiling C object libqemuutil.a.p/meson-generated_.._qapi_qapi-types-control.c.o
[370/1665] Compiling C object libqemuutil.a.p/meson-generated_.._qapi_qapi-events-control.c.o
[371/1665] Compiling C object libqemuutil.a.p/meson-generated_.._qapi_qapi-visit-control.c.o
[372/1665] Compiling C object libqemuutil.a.p/meson-generated_.._qapi_qapi-commands-control.c.o
[373/1665] Compiling C object libqemuutil.a.p/meson-generated_.._qapi_qapi-types-crypto.c.o
[374/1665] Compiling C object libqemuutil.a.p/meson-generated_.._qapi_qapi-events-crypto.c.o
[375/1665] Compiling C++ object subprojects/glslang/libglslang.a.p/glslang_CInterface_glslang_c_interface.cpp.o
[376/1665] Compiling C object libqemuutil.a.p/meson-generated_.._qapi_qapi-commands-crypto.c.o
[377/1665] Compiling C object libqemuutil.a.p/meson-generated_.._qapi_qapi-events-cxl.c.o
[378/1665] Compiling C object libqemuutil.a.p/meson-generated_.._qapi_qapi-types-cxl.c.o
[379/1665] Compiling C object libqemuutil.a.p/meson-generated_.._qapi_qapi-types-dump.c.o
[380/1665] Compiling C object libqemuutil.a.p/meson-generated_.._qapi_qapi-events-dump.c.o
[381/1665] Compiling C object libqemuutil.a.p/meson-generated_.._qapi_qapi-visit-cxl.c.o
[382/1665] Compiling C object libqemuutil.a.p/meson-generated_.._qapi_qapi-visit-dump.c.o
[383/1665] Compiling C object libqemuutil.a.p/meson-generated_.._qapi_qapi-commands-cxl.c.o
[384/1665] Compiling C object libqemuutil.a.p/meson-generated_.._qapi_qapi-visit-crypto.c.o
[385/1665] Compiling C object libqemuutil.a.p/meson-generated_.._qapi_qapi-types-ebpf.c.o
[386/1665] Compiling C object libqemuutil.a.p/meson-generated_.._qapi_qapi-visit-ebpf.c.o
[387/1665] Compiling C object libqemuutil.a.p/meson-generated_.._qapi_qapi-commands-dump.c.o
[388/1665] Compiling C object libqemuutil.a.p/meson-generated_.._qapi_qapi-events-ebpf.c.o
[389/1665] Compiling C object libqemuutil.a.p/meson-generated_.._qapi_qapi-commands-ebpf.c.o
[390/1665] Compiling C object libqemuutil.a.p/meson-generated_.._qapi_qapi-types-error.c.o
[391/1665] Compiling C object libqemuutil.a.p/meson-generated_.._qapi_qapi-events-error.c.o
[392/1665] Compiling C object libqemuutil.a.p/meson-generated_.._qapi_qapi-visit-error.c.o
[393/1665] Compiling C object libqemuutil.a.p/meson-generated_.._qapi_qapi-commands-error.c.o
[394/1665] Compiling C object libqemuutil.a.p/meson-generated_.._qapi_qapi-events-introspect.c.o
[395/1665] Compiling C object libqemuutil.a.p/meson-generated_.._qapi_qapi-types-introspect.c.o
[396/1665] Compiling C object libqemuutil.a.p/meson-generated_.._qapi_qapi-types-job.c.o
[397/1665] Compiling C object libqemuutil.a.p/meson-generated_.._qapi_qapi-commands-introspect.c.o
[398/1665] Compiling C object libqemuutil.a.p/meson-generated_.._qapi_qapi-visit-job.c.o
[399/1665] Compiling C object libqemuutil.a.p/meson-generated_.._qapi_qapi-events-job.c.o
[400/1665] Compiling C object libqemuutil.a.p/meson-generated_.._qapi_qapi-types-machine-common.c.o
[401/1665] Compiling C object libqemuutil.a.p/meson-generated_.._qapi_qapi-events-machine-common.c.o
[402/1665] Compiling C object libqemuutil.a.p/meson-generated_.._qapi_qapi-visit-machine-common.c.o
[403/1665] Compiling C object libqemuutil.a.p/meson-generated_.._qapi_qapi-visit-introspect.c.o
[404/1665] Compiling C object libqemuutil.a.p/meson-generated_.._qapi_qapi-commands-machine-common.c.o
[405/1665] Compiling C object libqemuutil.a.p/meson-generated_.._qapi_qapi-commands-job.c.o
[406/1665] Compiling C object libqemuutil.a.p/meson-generated_.._qapi_qapi-types-machine-s390x.c.o
[407/1665] Compiling C object libqemuutil.a.p/meson-generated_.._qapi_qapi-events-machine.c.o
[408/1665] Compiling C object libqemuutil.a.p/meson-generated_.._qapi_qapi-visit-machine-s390x.c.o
[409/1665] Compiling C object libqemuutil.a.p/meson-generated_.._qapi_qapi-types-machine.c.o
[410/1665] Compiling C object libqemuutil.a.p/meson-generated_.._qapi_qapi-events-machine-s390x.c.o
[411/1665] Compiling C object libqemuutil.a.p/meson-generated_.._qapi_qapi-commands-machine-s390x.c.o
[412/1665] Compiling C object libqemuutil.a.p/meson-generated_.._qapi_qapi-types-migration.c.o
[413/1665] Compiling C object libqemuutil.a.p/meson-generated_.._qapi_qapi-events-migration.c.o
[414/1665] Compiling C object libqemuutil.a.p/meson-generated_.._qapi_qapi-types-misc.c.o
[415/1665] Compiling C object libqemuutil.a.p/meson-generated_.._qapi_qapi-events-misc.c.o
[416/1665] Compiling C object libqemuutil.a.p/meson-generated_.._qapi_qapi-visit-misc.c.o
[417/1665] Compiling C object libqemuutil.a.p/meson-generated_.._qapi_qapi-commands-machine.c.o
[418/1665] Compiling C object libqemuutil.a.p/meson-generated_.._qapi_qapi-visit-block-core.c.o
[419/1665] Compiling C object libqemuutil.a.p/meson-generated_.._qapi_qapi-visit-migration.c.o
[420/1665] Compiling C object libqemuutil.a.p/meson-generated_.._qapi_qapi-commands-migration.c.o
[421/1665] Compiling C++ object subprojects/glslang/libglslang.a.p/glslang_MachineIndependent_Constant.cpp.o
[422/1665] Compiling C object libqemuutil.a.p/meson-generated_.._qapi_qapi-types-net.c.o
[423/1665] Compiling C object libqemuutil.a.p/meson-generated_.._qapi_qapi-visit-machine.c.o
[424/1665] Compiling C object libqemuutil.a.p/meson-generated_.._qapi_qapi-types-pragma.c.o
[425/1665] Compiling C object libqemuutil.a.p/meson-generated_.._qapi_qapi-visit-pragma.c.o
[426/1665] Compiling C object libqemuutil.a.p/meson-generated_.._qapi_qapi-commands-misc.c.o
[427/1665] Compiling C object libqemuutil.a.p/meson-generated_.._qapi_qapi-events-net.c.o
[428/1665] Compiling C object libqemuutil.a.p/meson-generated_.._qapi_qapi-events-pragma.c.o
[429/1665] Compiling C object libqemuutil.a.p/meson-generated_.._qapi_qapi-commands-pragma.c.o
[430/1665] Compiling C object libqemuutil.a.p/meson-generated_.._qapi_qapi-commands-net.c.o
[431/1665] Compiling C object libqemuutil.a.p/meson-generated_.._qapi_qapi-types-replay.c.o
[432/1665] Compiling C object libqemuutil.a.p/meson-generated_.._qapi_qapi-events-qom.c.o
[433/1665] Compiling C object libqemuutil.a.p/meson-generated_.._qapi_qapi-visit-replay.c.o
[434/1665] Compiling C object libqemuutil.a.p/meson-generated_.._qapi_qapi-events-replay.c.o
[435/1665] Compiling C object libqemuutil.a.p/meson-generated_.._qapi_qapi-types-qom.c.o
[436/1665] Compiling C object libqemuutil.a.p/meson-generated_.._qapi_qapi-visit-net.c.o
[437/1665] Compiling C object libqemuutil.a.p/meson-generated_.._qapi_qapi-types-run-state.c.o
[438/1665] Compiling C object libqemuutil.a.p/meson-generated_.._qapi_qapi-commands-replay.c.o
[439/1665] Compiling C object libqemuutil.a.p/meson-generated_.._qapi_qapi-commands-qom.c.o
[440/1665] Compiling C object libqemuutil.a.p/meson-generated_.._qapi_qapi-types-sockets.c.o
[441/1665] Compiling C object libqemuutil.a.p/meson-generated_.._qapi_qapi-commands-run-state.c.o
[442/1665] Compiling C object libqemuutil.a.p/meson-generated_.._qapi_qapi-events-run-state.c.o
[443/1665] Compiling C object libqemuutil.a.p/meson-generated_.._qapi_qapi-events-sockets.c.o
[444/1665] Compiling C object libqemuutil.a.p/meson-generated_.._qapi_qapi-commands-sockets.c.o
[445/1665] Compiling C object libqemuutil.a.p/meson-generated_.._qapi_qapi-visit-run-state.c.o
[446/1665] Compiling C object libqemuutil.a.p/meson-generated_.._qapi_qapi-events-stats.c.o
[447/1665] Compiling C object libqemuutil.a.p/meson-generated_.._qapi_qapi-types-stats.c.o
[448/1665] Compiling C object libqemuutil.a.p/meson-generated_.._qapi_qapi-types-trace.c.o
[449/1665] Compiling C object libqemuutil.a.p/meson-generated_.._qapi_qapi-visit-sockets.c.o
[450/1665] Compiling C object libqemuutil.a.p/meson-generated_.._qapi_qapi-commands-stats.c.o
[451/1665] Compiling C object libqemuutil.a.p/meson-generated_.._qapi_qapi-visit-trace.c.o
[452/1665] Compiling C object libqemuutil.a.p/meson-generated_.._qapi_qapi-events-trace.c.o
[453/1665] Compiling C object libqemuutil.a.p/meson-generated_.._qapi_qapi-commands-trace.c.o
[454/1665] Compiling C object libqemuutil.a.p/meson-generated_.._qapi_qapi-visit-stats.c.o
[455/1665] Compiling C object libqemuutil.a.p/meson-generated_.._qapi_qapi-types-vfio.c.o
[456/1665] Compiling C object libqemuutil.a.p/meson-generated_.._qapi_qapi-types-transaction.c.o
[457/1665] Compiling C object libqemuutil.a.p/meson-generated_.._qapi_qapi-events-transaction.c.o
[458/1665] Compiling C object libqemuutil.a.p/meson-generated_.._qapi_qapi-commands-transaction.c.o
[459/1665] Compiling C object libqemuutil.a.p/meson-generated_.._qapi_qapi-visit-qom.c.o
[460/1665] Compiling C object libqemuutil.a.p/meson-generated_.._qapi_qapi-visit-vfio.c.o
[461/1665] Compiling C object libqemuutil.a.p/meson-generated_.._qapi_qapi-events-vfio.c.o
[462/1665] Compiling C object libqemuutil.a.p/meson-generated_.._qapi_qapi-commands-vfio.c.o
[463/1665] Compiling C object libqemuutil.a.p/meson-generated_.._qapi_qapi-events-virtio.c.o
[464/1665] Compiling C object libqemuutil.a.p/meson-generated_.._qapi_qapi-types-virtio.c.o
[465/1665] Compiling C object libqemuutil.a.p/meson-generated_.._qapi_qapi-visit-transaction.c.o
[466/1665] Compiling C object libqemuutil.a.p/meson-generated_.._qapi_qapi-events-yank.c.o
[467/1665] Compiling C object libqemuutil.a.p/meson-generated_.._qapi_qapi-types-yank.c.o
[468/1665] Compiling C object libqemuutil.a.p/meson-generated_.._qapi_qapi-visit-yank.c.o
[469/1665] Compiling C object libqemuutil.a.p/meson-generated_.._qapi_qapi-types-accelerator.c.o
[470/1665] Compiling C object libqemuutil.a.p/meson-generated_.._qapi_qapi-events-accelerator.c.o
[471/1665] Compiling C object libqemuutil.a.p/meson-generated_.._qapi_qapi-commands-yank.c.o
[472/1665] Compiling C object libqemuutil.a.p/meson-generated_.._qapi_qapi-commands-virtio.c.o
[473/1665] Compiling C object libqemuutil.a.p/meson-generated_.._qapi_qapi-visit-accelerator.c.o
[474/1665] Compiling C object libqemuutil.a.p/meson-generated_.._qapi_qapi-commands-accelerator.c.o
[475/1665] Compiling C object libqemuutil.a.p/meson-generated_.._qapi_qapi-types-acpi.c.o
[476/1665] Compiling C object libqemuutil.a.p/meson-generated_.._qapi_qapi-visit-virtio.c.o
[477/1665] Compiling C object libqemuutil.a.p/meson-generated_.._qapi_qapi-types-acpi-hest.c.o
[478/1665] Compiling C object libqemuutil.a.p/meson-generated_.._qapi_qapi-events-acpi.c.o
[479/1665] Compiling C object libqemuutil.a.p/meson-generated_.._qapi_qapi-visit-acpi.c.o
[480/1665] Compiling C object libqemuutil.a.p/meson-generated_.._qapi_qapi-commands-acpi.c.o
[481/1665] Compiling C object libqemuutil.a.p/meson-generated_.._qapi_qapi-visit-acpi-hest.c.o
[482/1665] Compiling C object libqemuutil.a.p/meson-generated_.._qapi_qapi-events-acpi-hest.c.o
[483/1665] Compiling C object libqemuutil.a.p/meson-generated_.._qapi_qapi-commands-acpi-hest.c.o
[484/1665] Compiling C object libqemuutil.a.p/meson-generated_.._qapi_qapi-events-audio.c.o
[485/1665] Compiling C object libqemuutil.a.p/meson-generated_.._qapi_qapi-types-cryptodev.c.o
[486/1665] Compiling C object libqemuutil.a.p/meson-generated_.._qapi_qapi-commands-audio.c.o
[487/1665] Compiling C object libqemuutil.a.p/meson-generated_.._qapi_qapi-types-audio.c.o
[488/1665] Compiling C object libqemuutil.a.p/meson-generated_.._qapi_qapi-events-cryptodev.c.o
[489/1665] Compiling C object libqemuutil.a.p/meson-generated_.._qapi_qapi-visit-cryptodev.c.o
[490/1665] Compiling C object libqemuutil.a.p/meson-generated_.._qapi_qapi-commands-cryptodev.c.o
[491/1665] Compiling C object libqemuutil.a.p/meson-generated_.._qapi_qapi-types-qdev.c.o
[492/1665] Compiling C object libqemuutil.a.p/meson-generated_.._qapi_qapi-types-pci.c.o
[493/1665] Compiling C object libqemuutil.a.p/meson-generated_.._qapi_qapi-visit-qdev.c.o
[494/1665] Compiling C object libqemuutil.a.p/meson-generated_.._qapi_qapi-events-qdev.c.o
[495/1665] Compiling C object libqemuutil.a.p/meson-generated_.._qapi_qapi-events-pci.c.o
[496/1665] Compiling C object libqemuutil.a.p/meson-generated_.._qapi_qapi-commands-qdev.c.o
[497/1665] Compiling C object libqemuutil.a.p/meson-generated_.._qapi_qapi-commands-pci.c.o
[498/1665] Compiling C object libqemuutil.a.p/meson-generated_.._qapi_qapi-visit-audio.c.o
[499/1665] Compiling C object libqemuutil.a.p/meson-generated_.._qapi_qapi-events-rocker.c.o
[500/1665] Compiling C object libqemuutil.a.p/meson-generated_.._qapi_qapi-types-rocker.c.o
[501/1665] Compiling C object libqemuutil.a.p/meson-generated_.._qapi_qapi-visit-pci.c.o
[502/1665] Compiling C object libqemuutil.a.p/meson-generated_.._qapi_qapi-types-misc-arm.c.o
[503/1665] Compiling C object libqemuutil.a.p/meson-generated_.._qapi_qapi-commands-rocker.c.o
[504/1665] Compiling C object libqemuutil.a.p/meson-generated_.._qapi_qapi-visit-misc-arm.c.o
[505/1665] Compiling C object libqemuutil.a.p/meson-generated_.._qapi_qapi-events-misc-arm.c.o
[506/1665] Compiling C object libqemuutil.a.p/meson-generated_.._qapi_qapi-events-misc-i386.c.o
[507/1665] Compiling C object libqemuutil.a.p/meson-generated_.._qapi_qapi-commands-misc-arm.c.o
[508/1665] Compiling C object libqemuutil.a.p/meson-generated_.._qapi_qapi-types-misc-i386.c.o
[509/1665] Compiling C object libqemuutil.a.p/meson-generated_.._qapi_qapi-visit-rocker.c.o
[510/1665] Compiling C++ object subprojects/glslang/libglslang.a.p/glslang_MachineIndependent_ParseContextBase.cpp.o
[511/1665] Compiling C object libqemuutil.a.p/meson-generated_.._qapi_qapi-visit-tpm.c.o
[512/1665] Compiling C object libqemuutil.a.p/meson-generated_.._qapi_qapi-events-tpm.c.o
[513/1665] Compiling C object libqemuutil.a.p/meson-generated_.._qapi_qapi-commands-tpm.c.o
[514/1665] Compiling C object libqemuutil.a.p/meson-generated_.._qapi_qapi-types-tpm.c.o
[515/1665] Compiling C object libqemuutil.a.p/meson-generated_.._qapi_qapi-types-uefi.c.o
[516/1665] Compiling C object libqemuutil.a.p/meson-generated_.._qapi_qapi-visit-uefi.c.o
[517/1665] Compiling C object libqemuutil.a.p/meson-generated_.._qapi_qapi-events-uefi.c.o
[518/1665] Compiling C object libqemuutil.a.p/meson-generated_.._qapi_qapi-commands-uefi.c.o
[519/1665] Compiling C object libqemuutil.a.p/meson-generated_.._qapi_qapi-visit-misc-i386.c.o
[520/1665] Compiling C object libqemuutil.a.p/meson-generated_.._qapi_qapi-events-ui.c.o
[521/1665] Compiling C object libqemuutil.a.p/meson-generated_.._qapi_qapi-commands-misc-i386.c.o
[522/1665] Compiling C object libqemuutil.a.p/meson-generated_.._trace_trace-crypto.c.o
[523/1665] Compiling C object libqemuutil.a.p/meson-generated_.._trace_trace-root.c.o
[524/1665] Compiling C object libqemuutil.a.p/meson-generated_.._qapi_qapi-types-ui.c.o
[525/1665] Compiling C object libqemuutil.a.p/meson-generated_.._trace_trace-qapi.c.o
[526/1665] Compiling C object libqemuutil.a.p/meson-generated_.._trace_trace-qom.c.o
[527/1665] Compiling C object libqemuutil.a.p/meson-generated_.._trace_trace-monitor.c.o
[528/1665] Compiling C object libqemuutil.a.p/meson-generated_.._trace_trace-authz.c.o
[529/1665] Compiling C object libqemuutil.a.p/meson-generated_.._trace_trace-util.c.o
[530/1665] Compiling C object libqemuutil.a.p/meson-generated_.._trace_trace-gdbstub.c.o
[531/1665] Compiling C object libqemuutil.a.p/meson-generated_.._trace_trace-chardev.c.o
[532/1665] Compiling C object libqemuutil.a.p/meson-generated_.._qapi_qapi-commands-ui.c.o
[533/1665] Compiling C object libqemuutil.a.p/meson-generated_.._trace_trace-block.c.o
[534/1665] Compiling C object libqemuutil.a.p/meson-generated_.._trace_trace-io.c.o
[535/1665] Compiling C object libqemuutil.a.p/meson-generated_.._trace_trace-nbd.c.o
[536/1665] Compiling C object libqemuutil.a.p/meson-generated_.._trace_trace-scsi.c.o
[537/1665] Compiling C object libqemuutil.a.p/meson-generated_.._trace_trace-accel_hvf.c.o
[538/1665] Compiling C object libqemuutil.a.p/meson-generated_.._trace_trace-accel_kvm.c.o
[539/1665] Compiling C object libqemuutil.a.p/meson-generated_.._trace_trace-accel_mshv.c.o
[540/1665] Compiling C object libqemuutil.a.p/meson-generated_.._trace_trace-audio.c.o
[541/1665] Compiling C object libqemuutil.a.p/meson-generated_.._trace_trace-backends.c.o
[542/1665] Compiling C object libqemuutil.a.p/meson-generated_.._trace_trace-backends_tpm.c.o
[543/1665] Compiling C object libqemuutil.a.p/meson-generated_.._trace_trace-ebpf.c.o
[544/1665] Compiling C object libqemuutil.a.p/meson-generated_.._trace_trace-hw_alpha.c.o
[545/1665] Compiling C object libqemuutil.a.p/meson-generated_.._trace_trace-hw_adc.c.o
[546/1665] Compiling C object libqemuutil.a.p/meson-generated_.._trace_trace-hw_acpi.c.o
[547/1665] Compiling C object libqemuutil.a.p/meson-generated_.._trace_trace-hw_9pfs.c.o
[548/1665] Compiling C object libqemuutil.a.p/meson-generated_.._trace_trace-hw_audio.c.o
[549/1665] Compiling C object libqemuutil.a.p/meson-generated_.._trace_trace-hw_arm.c.o
[550/1665] Compiling C object libqemuutil.a.p/meson-generated_.._trace_trace-hw_block.c.o
[551/1665] Compiling C object libqemuutil.a.p/meson-generated_.._trace_trace-hw_char.c.o
[552/1665] Compiling C object libqemuutil.a.p/meson-generated_.._trace_trace-hw_dma.c.o
[553/1665] Compiling C object libqemuutil.a.p/meson-generated_.._qapi_qapi-visit-ui.c.o
[554/1665] Compiling C object libqemuutil.a.p/meson-generated_.._trace_trace-hw_hyperv.c.o
[555/1665] Compiling C object libqemuutil.a.p/meson-generated_.._trace_trace-hw_fsi.c.o
[556/1665] Compiling C object libqemuutil.a.p/meson-generated_.._trace_trace-hw_display.c.o
[557/1665] Compiling C object libqemuutil.a.p/meson-generated_.._trace_trace-hw_i2c.c.o
[558/1665] Compiling C object libqemuutil.a.p/meson-generated_.._trace_trace-hw_i386_xen.c.o
[559/1665] Compiling C object libqemuutil.a.p/meson-generated_.._trace_trace-hw_i386.c.o
[560/1665] Compiling C object libqemuutil.a.p/meson-generated_.._trace_trace-hw_i386_kvm.c.o
[561/1665] Compiling C object libqemuutil.a.p/meson-generated_.._trace_trace-hw_input.c.o
[562/1665] Compiling C object libqemuutil.a.p/meson-generated_.._trace_trace-hw_isa.c.o
[563/1665] Compiling C object libqemuutil.a.p/meson-generated_.._trace_trace-hw_ide.c.o
[564/1665] Compiling C object libqemuutil.a.p/meson-generated_.._trace_trace-hw_mem.c.o
[565/1665] Compiling C object libqemuutil.a.p/meson-generated_.._trace_trace-hw_mips.c.o
[566/1665] Compiling C object libqemuutil.a.p/meson-generated_.._trace_trace-hw_intc.c.o
[567/1665] Compiling C object libqemuutil.a.p/meson-generated_.._trace_trace-hw_misc_macio.c.o
[568/1665] Compiling C object libqemuutil.a.p/meson-generated_.._trace_trace-hw_misc.c.o
[569/1665] Compiling C object libqemuutil.a.p/meson-generated_.._trace_trace-hw_net_can.c.o
[570/1665] Compiling C object libqemuutil.a.p/meson-generated_.._trace_trace-hw_nubus.c.o
[571/1665] Compiling C object libqemuutil.a.p/meson-generated_.._trace_trace-hw_nvram.c.o
[572/1665] Compiling C object libqemuutil.a.p/meson-generated_.._trace_trace-hw_pci.c.o
[573/1665] Compiling C object libqemuutil.a.p/meson-generated_.._trace_trace-hw_nvme.c.o
[574/1665] Compiling C object libqemuutil.a.p/meson-generated_.._trace_trace-hw_net.c.o
[575/1665] Compiling C object libqemuutil.a.p/meson-generated_.._trace_trace-hw_pci_host.c.o
[576/1665] Compiling C object libqemuutil.a.p/meson-generated_.._trace_trace-hw_ppc.c.o
[577/1665] Compiling C object libqemuutil.a.p/meson-generated_.._trace_trace-hw_rtc.c.o
[578/1665] Compiling C object libqemuutil.a.p/meson-generated_.._trace_trace-hw_riscv.c.o
[579/1665] Compiling C object libqemuutil.a.p/meson-generated_.._trace_trace-hw_s390x.c.o
[580/1665] Compiling C object libqemuutil.a.p/meson-generated_.._trace_trace-hw_sensor.c.o
[581/1665] Compiling C object libqemuutil.a.p/meson-generated_.._trace_trace-hw_sd.c.o
[582/1665] Compiling C object libqemuutil.a.p/meson-generated_.._trace_trace-hw_sh4.c.o
[583/1665] Compiling C object libqemuutil.a.p/meson-generated_.._trace_trace-hw_sparc.c.o
[584/1665] Compiling C object libqemuutil.a.p/meson-generated_.._trace_trace-hw_scsi.c.o
[585/1665] Compiling C object libqemuutil.a.p/meson-generated_.._trace_trace-hw_sparc64.c.o
[586/1665] Compiling C object libqemuutil.a.p/meson-generated_.._trace_trace-hw_ssi.c.o
[587/1665] Compiling C object libqemuutil.a.p/meson-generated_.._trace_trace-hw_timer.c.o
[588/1665] Compiling C object libqemuutil.a.p/meson-generated_.._trace_trace-hw_tpm.c.o
[589/1665] Compiling C object libqemuutil.a.p/meson-generated_.._trace_trace-hw_uefi.c.o
[590/1665] Compiling C object libqemuutil.a.p/meson-generated_.._trace_trace-hw_ufs.c.o
[591/1665] Compiling C object libqemuutil.a.p/meson-generated_.._trace_trace-hw_vfio_user.c.o
[592/1665] Compiling C object libqemuutil.a.p/meson-generated_.._trace_trace-hw_vfio.c.o
[593/1665] Compiling C object libqemuutil.a.p/meson-generated_.._trace_trace-hw_usb.c.o
[594/1665] Compiling C object libqemuutil.a.p/meson-generated_.._trace_trace-hw_virtio.c.o
[595/1665] Compiling C object libqemuutil.a.p/meson-generated_.._trace_trace-hw_vmapple.c.o
[596/1665] Compiling C object libqemuutil.a.p/meson-generated_.._trace_trace-hw_watchdog.c.o
[597/1665] Compiling C object libqemuutil.a.p/meson-generated_.._trace_trace-hw_gpio.c.o
[598/1665] Compiling C object libqemuutil.a.p/meson-generated_.._trace_trace-hw_xen.c.o
[599/1665] Compiling C object libqemuutil.a.p/meson-generated_.._trace_trace-net.c.o
[600/1665] Compiling C object libqemuutil.a.p/meson-generated_.._trace_trace-system.c.o
[601/1665] Compiling C object libqemuutil.a.p/meson-generated_.._trace_trace-replay.c.o
[602/1665] Compiling C object libqemuutil.a.p/meson-generated_.._trace_trace-migration.c.o
[603/1665] Compiling C object libqemuutil.a.p/meson-generated_.._trace_trace-hw_remote.c.o
[604/1665] Compiling C object libqemuutil.a.p/meson-generated_.._trace_trace-ui.c.o
[605/1665] Compiling C object libqemuutil.a.p/meson-generated_.._trace_trace-hw_xbox_nv2a.c.o
[606/1665] Compiling C object libqemuutil.a.p/meson-generated_.._trace_trace-hw_xbox_mcpx_apu_dsp.c.o
[607/1665] Compiling C object libqemuutil.a.p/meson-generated_.._trace_trace-hw_xbox_mcpx_apu.c.o
[608/1665] Compiling C object libqemuutil.a.p/meson-generated_.._trace_trace-hw_xbox_mcpx_nvnet.c.o
[609/1665] Compiling C object libqemuutil.a.p/meson-generated_.._trace_trace-hw_core.c.o
[610/1665] Compiling C object libqemuutil.a.p/meson-generated_.._trace_trace-accel_tcg.c.o
[611/1665] Compiling C object libqemuutil.a.p/meson-generated_.._trace_trace-target_arm.c.o
[612/1665] Compiling C object libqemuutil.a.p/meson-generated_.._trace_trace-target_arm_hvf.c.o
[613/1665] Compiling C object libqemuutil.a.p/meson-generated_.._trace_trace-target_hppa.c.o
[614/1665] Compiling C object libqemuutil.a.p/meson-generated_.._trace_trace-target_i386.c.o
[615/1665] Compiling C object libqemuutil.a.p/meson-generated_.._trace_trace-target_i386_kvm.c.o
[616/1665] Compiling C object libqemuutil.a.p/meson-generated_.._trace_trace-target_loongarch.c.o
[617/1665] Compiling C object libqemuutil.a.p/meson-generated_.._trace_trace-target_mips_tcg.c.o
[618/1665] Compiling C object libqemuutil.a.p/meson-generated_.._trace_trace-target_riscv.c.o
[619/1665] Compiling C object libqemuutil.a.p/meson-generated_.._trace_trace-target_ppc.c.o
[620/1665] Compiling C object libqemuutil.a.p/meson-generated_.._trace_trace-target_s390x.c.o
[621/1665] Compiling C object libqemuutil.a.p/meson-generated_.._trace_trace-target_s390x_kvm.c.o
[622/1665] Compiling C object libqemuutil.a.p/meson-generated_.._trace_trace-target_sparc.c.o
[623/1665] Compiling C object libqemuutil.a.p/meson-generated_.._trace_trace-qapi_commands_block_trace_events.c.o
[624/1665] Compiling C object libqemuutil.a.p/meson-generated_.._trace_trace-qapi_commands_authz_trace_events.c.o
[625/1665] Compiling C object libqemuutil.a.p/meson-generated_.._trace_trace-qapi_commands_block_core_trace_events.c.o
[626/1665] Compiling C object libqemuutil.a.p/meson-generated_.._trace_trace-qapi_commands_block_export_trace_events.c.o
[627/1665] Compiling C object libqemuutil.a.p/meson-generated_.._trace_trace-qapi_commands_char_trace_events.c.o
[628/1665] Compiling C object libqemuutil.a.p/meson-generated_.._trace_trace-qapi_commands_common_trace_events.c.o
[629/1665] Compiling C object libqemuutil.a.p/meson-generated_.._trace_trace-qapi_commands_compat_trace_events.c.o
[630/1665] Compiling C object libqemuutil.a.p/meson-generated_.._trace_trace-qapi_commands_control_trace_events.c.o
[631/1665] Compiling C object libqemuutil.a.p/meson-generated_.._trace_trace-qapi_commands_crypto_trace_events.c.o
[632/1665] Compiling C object libqemuutil.a.p/meson-generated_.._trace_trace-qapi_commands_cxl_trace_events.c.o
[633/1665] Compiling C object libqemuutil.a.p/meson-generated_.._trace_trace-qapi_commands_ebpf_trace_events.c.o
[634/1665] Compiling C object libqemuutil.a.p/meson-generated_.._trace_trace-qapi_commands_dump_trace_events.c.o
[635/1665] Compiling C object libqemuutil.a.p/meson-generated_.._trace_trace-qapi_commands_error_trace_events.c.o
[636/1665] Compiling C object libqemuutil.a.p/meson-generated_.._trace_trace-qapi_commands_introspect_trace_events.c.o
[637/1665] Compiling C object libqemuutil.a.p/meson-generated_.._trace_trace-qapi_commands_job_trace_events.c.o
[638/1665] Compiling C object libqemuutil.a.p/meson-generated_.._trace_trace-qapi_commands_machine_common_trace_events.c.o
[639/1665] Compiling C object libqemuutil.a.p/meson-generated_.._trace_trace-qapi_commands_machine_s390x_trace_events.c.o
[640/1665] Compiling C object libqemuutil.a.p/meson-generated_.._trace_trace-qapi_commands_machine_trace_events.c.o
[641/1665] Compiling C object libqemuutil.a.p/meson-generated_.._trace_trace-qapi_commands_misc_trace_events.c.o
[642/1665] Compiling C object libqemuutil.a.p/meson-generated_.._trace_trace-qapi_commands_migration_trace_events.c.o
[643/1665] Compiling C object libqemuutil.a.p/meson-generated_.._trace_trace-qapi_commands_net_trace_events.c.o
[644/1665] Compiling C object libqemuutil.a.p/meson-generated_.._trace_trace-qapi_commands_pragma_trace_events.c.o
[645/1665] Compiling C object libqemuutil.a.p/meson-generated_.._trace_trace-qapi_commands_qom_trace_events.c.o
[646/1665] Compiling C object libqemuutil.a.p/meson-generated_.._trace_trace-qapi_commands_replay_trace_events.c.o
[647/1665] Compiling C object libqemuutil.a.p/meson-generated_.._trace_trace-qapi_commands_run_state_trace_events.c.o
[648/1665] Compiling C object libqemuutil.a.p/meson-generated_.._trace_trace-qapi_commands_sockets_trace_events.c.o
[649/1665] Compiling C object libqemuutil.a.p/meson-generated_.._trace_trace-qapi_commands_stats_trace_events.c.o
[650/1665] Compiling C object libqemuutil.a.p/meson-generated_.._trace_trace-qapi_commands_trace_trace_events.c.o
[651/1665] Compiling C object libqemuutil.a.p/meson-generated_.._trace_trace-qapi_commands_transaction_trace_events.c.o
[652/1665] Compiling C object libqemuutil.a.p/meson-generated_.._trace_trace-qapi_commands_vfio_trace_events.c.o
[653/1665] Compiling C object libqemuutil.a.p/meson-generated_.._trace_trace-qapi_commands_virtio_trace_events.c.o
[654/1665] Compiling C object libqemuutil.a.p/meson-generated_.._trace_trace-qapi_commands_accelerator_trace_events.c.o
[655/1665] Compiling C object libqemuutil.a.p/meson-generated_.._trace_trace-qapi_commands_yank_trace_events.c.o
[656/1665] Compiling C object libqemuutil.a.p/meson-generated_.._trace_trace-qapi_commands_acpi_trace_events.c.o
[657/1665] Compiling C object libqemuutil.a.p/meson-generated_.._trace_trace-qapi_commands_acpi_hest_trace_events.c.o
[658/1665] Compiling C object libqemuutil.a.p/meson-generated_.._trace_trace-qapi_commands_audio_trace_events.c.o
[659/1665] Compiling C object libqemuutil.a.p/meson-generated_.._trace_trace-qapi_commands_qdev_trace_events.c.o
[660/1665] Compiling C object libqemuutil.a.p/meson-generated_.._trace_trace-qapi_commands_cryptodev_trace_events.c.o
[661/1665] Compiling C object libqemuutil.a.p/meson-generated_.._trace_trace-qapi_commands_misc_arm_trace_events.c.o
[662/1665] Compiling C object libqemuutil.a.p/meson-generated_.._trace_trace-qapi_commands_pci_trace_events.c.o
[663/1665] Compiling C object libqemuutil.a.p/meson-generated_.._trace_trace-qapi_commands_rocker_trace_events.c.o
[664/1665] Compiling C object libqemuutil.a.p/meson-generated_.._trace_trace-qapi_commands_tpm_trace_events.c.o
[665/1665] Compiling C object libqemuutil.a.p/meson-generated_.._trace_trace-qapi_commands_misc_i386_trace_events.c.o
[666/1665] Compiling C object libqemuutil.a.p/meson-generated_.._trace_trace-qapi_commands_uefi_trace_events.c.o
[667/1665] Compiling C object libqemuutil.a.p/meson-generated_.._trace_trace-qapi_commands_ui_trace_events.c.o
[668/1665] Compiling C object libqemuutil.a.p/qapi_qapi-clone-visitor.c.o
[669/1665] Compiling C object libqemuutil.a.p/qapi_qapi-dealloc-visitor.c.o
[670/1665] Compiling C object libqemuutil.a.p/qapi_qapi-util.c.o
[671/1665] Compiling C object libqemuutil.a.p/qapi_opts-visitor.c.o
[672/1665] Compiling C object libqemuutil.a.p/qapi_qapi-forward-visitor.c.o
[673/1665] Compiling C object libqemuutil.a.p/qapi_qobject-output-visitor.c.o
[674/1665] Compiling C object libqemuutil.a.p/qapi_qapi-type-helpers.c.o
[675/1665] Compiling C object libqemuutil.a.p/qapi_string-input-visitor.c.o
[676/1665] Compiling C object libqemuutil.a.p/qapi_qmp-event.c.o
[677/1665] Compiling C object libqemuutil.a.p/qobject_qnull.c.o
[678/1665] Compiling C object libqemuutil.a.p/qapi_qapi-visit-core.c.o
[679/1665] Compiling C object libqemuutil.a.p/qapi_string-output-visitor.c.o
[680/1665] Compiling C object libqemuutil.a.p/qobject_qstring.c.o
[681/1665] Compiling C object libqemuutil.a.p/qapi_qmp-registry.c.o
[682/1665] Compiling C object libqemuutil.a.p/qapi_qmp-dispatch.c.o
[683/1665] Compiling C object libqemuutil.a.p/qapi_qobject-input-visitor.c.o
[684/1665] Compiling C object libqemuutil.a.p/qobject_qnum.c.o
[685/1665] Compiling C object libqemuutil.a.p/qobject_qbool.c.o
[686/1665] Compiling C object libqemuutil.a.p/qobject_qobject.c.o
[687/1665] Compiling C object libqemuutil.a.p/qobject_qlit.c.o
[688/1665] Compiling C object libqemuutil.a.p/qobject_qlist.c.o
[689/1665] Compiling C object libqemuutil.a.p/qobject_json-lexer.c.o
[690/1665] Compiling C object libqemuutil.a.p/qobject_json-streamer.c.o
[691/1665] Compiling C object libqemuutil.a.p/qobject_qjson.c.o
[692/1665] Compiling C object libqemuutil.a.p/qobject_qdict.c.o
[693/1665] Compiling C object libqemuutil.a.p/qobject_json-writer.c.o
[694/1665] Compiling C object libqemuutil.a.p/util_qemu-timer-common.c.o
[695/1665] Compiling C object libqemuutil.a.p/util_unicode.c.o
[696/1665] Compiling C object libqemuutil.a.p/qobject_json-parser.c.o
[697/1665] Compiling C object libqemuutil.a.p/util_thread-context.c.o
[698/1665] Compiling C object libqemuutil.a.p/util_osdep.c.o
[699/1665] Compiling C object libqemuutil.a.p/util_compatfd.c.o
[700/1665] Compiling C object libqemuutil.a.p/qobject_block-qdict.c.o
[701/1665] Compiling C object libqemuutil.a.p/util_fdmon-epoll.c.o
[702/1665] Compiling C object libqemuutil.a.p/util_fdmon-poll.c.o
[703/1665] Compiling C object libqemuutil.a.p/util_event_notifier-posix.c.o
[704/1665] Compiling C object libqemuutil.a.p/util_drm.c.o
[705/1665] Compiling C object libqemuutil.a.p/util_mmap-alloc.c.o
[706/1665] Compiling C object libqemuutil.a.p/util_defer-call.c.o
[707/1665] Compiling C object libqemuutil.a.p/util_memfd.c.o
[708/1665] Compiling C object libqemuutil.a.p/util_cutils.c.o
[709/1665] Compiling C object libqemuutil.a.p/util_aio-posix.c.o
[710/1665] Compiling C object libqemuutil.a.p/util_envlist.c.o
[711/1665] Compiling C object libqemuutil.a.p/util_path.c.o
[712/1665] Compiling C object libqemuutil.a.p/util_module.c.o
[713/1665] Compiling C object libqemuutil.a.p/util_event.c.o
[714/1665] Compiling C++ object subprojects/glslang/libglslang.a.p/glslang_MachineIndependent_iomapper.cpp.o
[715/1665] Compiling C object libqemuutil.a.p/util_qemu-thread-posix.c.o
[716/1665] Compiling C object libqemuutil.a.p/util_bitops.c.o
[717/1665] Compiling C object libqemuutil.a.p/util_host-utils.c.o
[718/1665] Compiling C object libqemuutil.a.p/util_oslib-posix.c.o
[719/1665] Compiling C object libqemuutil.a.p/util_cacheflush.c.o
[720/1665] Compiling C object libqemuutil.a.p/util_id.c.o
[721/1665] Compiling C object libqemuutil.a.p/util_fifo8.c.o
[722/1665] Compiling C object libqemuutil.a.p/util_notify.c.o
[723/1665] Compiling C object libqemuutil.a.p/util_qemu-print.c.o
[724/1665] Compiling C object libqemuutil.a.p/util_error.c.o
[725/1665] Compiling C object libqemuutil.a.p/util_qemu-progress.c.o
[726/1665] Compiling C object libqemuutil.a.p/util_bitmap.c.o
[727/1665] Compiling C object libqemuutil.a.p/util_error-report.c.o
[728/1665] Compiling C object libqemuutil.a.p/util_crc32c.c.o
[729/1665] Compiling C object libqemuutil.a.p/util_qemu-config.c.o
[730/1665] Compiling C object libqemuutil.a.p/util_getauxval.c.o
[731/1665] Compiling C object libqemuutil.a.p/util_uuid.c.o
[732/1665] Compiling C++ object subprojects/glslang/libglslang.a.p/glslang_MachineIndependent_Intermediate.cpp.o
[733/1665] Compiling C object libqemuutil.a.p/util_keyval.c.o
[734/1665] Compiling C object libqemuutil.a.p/util_rcu.c.o
[735/1665] Compiling C object libqemuutil.a.p/util_systemd.c.o
[736/1665] Compiling C object libqemuutil.a.p/util_stats64.c.o
[737/1665] Compiling C object libqemuutil.a.p/util_range.c.o
[738/1665] Compiling C object libqemuutil.a.p/util_reserved-region.c.o
[739/1665] Compiling C object libqemuutil.a.p/util_log.c.o
[740/1665] Compiling C object libqemuutil.a.p/util_fast-hash.c.o
[741/1665] Compiling C object libqemuutil.a.p/util_qdist.c.o
[742/1665] Compiling C object libqemuutil.a.p/util_transactions.c.o
[743/1665] Compiling C object libqemuutil.a.p/util_int128.c.o
[744/1665] Compiling C object libqemuutil.a.p/util_guest-random.c.o
[745/1665] Compiling C object libqemuutil.a.p/util_memalign.c.o
[746/1665] Compiling C object libqemuutil.a.p/util_qemu-option.c.o
[747/1665] Compiling C object libqemuutil.a.p/util_qsp.c.o
[748/1665] Compiling C object libqemuutil.a.p/util_crc-ccitt.c.o
[749/1665] Compiling C object libqemuutil.a.p/util_qht.c.o
[750/1665] Compiling C object libqemuutil.a.p/util_aiocb.c.o
[751/1665] Compiling C object libqemuutil.a.p/util_base64.c.o
[752/1665] Compiling C object libqemuutil.a.p/util_lockcnt.c.o
[753/1665] Compiling C object libqemuutil.a.p/util_userfaultfd.c.o
[754/1665] Compiling C object libqemuutil.a.p/util_interval-tree.c.o
[755/1665] Compiling C object libqemuutil.a.p/util_coroutine-ucontext.c.o
[756/1665] Compiling C object libqemuutil.a.p/util_qemu-coroutine-io.c.o
[757/1665] Compiling C object libqemuutil.a.p/util_main-loop.c.o
[758/1665] Compiling C object libqemuutil.a.p/util_qemu-coroutine.c.o
[759/1665] Compiling C object libqemuutil.a.p/util_aio-wait.c.o
[760/1665] Compiling C object libqemuutil.a.p/util_async.c.o
[761/1665] Compiling C object libqemuutil.a.p/util_qemu-coroutine-lock.c.o
[762/1665] Compiling C object libqemuutil.a.p/util_buffer.c.o
[763/1665] Compiling C object libqemuutil.a.p/util_thread-pool.c.o
[764/1665] Compiling C object libqemuutil.a.p/util_block-helpers.c.o
[765/1665] Compiling C object libqemuutil.a.p/util_hexdump.c.o
[766/1665] Compiling C object libqemuutil.a.p/util_qemu-timer.c.o
[767/1665] Compiling C object libqemuutil.a.p/util_nvdimm-utils.c.o
[768/1665] Compiling C object libqemuutil.a.p/util_qemu-coroutine-sleep.c.o
[769/1665] Compiling C object libqemuutil.a.p/util_iova-tree.c.o
[770/1665] Compiling C object libqemuutil.a.p/util_qemu-co-shared-resource.c.o
[771/1665] Compiling C object libqemuutil.a.p/util_qemu-co-timeout.c.o
[772/1665] Compiling C object libqemuutil.a.p/util_timed-average.c.o
[773/1665] Compiling C object libqemuutil.a.p/util_qemu-sockets.c.o
[774/1665] Compiling C object libqemuutil.a.p/util_hbitmap.c.o
[775/1665] Compiling C object libqemuutil.a.p/util_iov.c.o
[776/1665] Compiling C object libqemuutil.a.p/util_chardev_open.c.o
[777/1665] Compiling C object libqemuutil.a.p/util_readline.c.o
[778/1665] Compiling C object libqemuutil.a.p/util_filemonitor-inotify.c.o
[779/1665] Compiling C object libqemuutil.a.p/util_rc4.c.o
[780/1665] Compiling C object libqemuutil.a.p/util_vhost-user-server.c.o
[781/1665] Compiling C object libqemuutil.a.p/util_throttle.c.o
[782/1665] Compiling C object libqemuutil.a.p/util_cpuinfo-i386.c.o
[783/1665] Compiling C object libqemuutil.a.p/util_yank.c.o
[784/1665] Compiling C object libqemuutil.a.p/util_bufferiszero.c.o
[785/1665] Compiling C object libqemuutil.a.p/crypto_init.c.o
[786/1665] Compiling C object libqemuutil.a.p/util_sha1.c.o
[787/1665] Compiling C object libqemuutil.a.p/crypto_sm4.c.o
[788/1665] Compiling C object libqemuutil.a.p/util_http.c.o
[789/1665] Compiling C object libqemuutil.a.p/crypto_random-platform.c.o
[790/1665] Compiling C object libqemuutil.a.p/stubs_cpu-get-clock.c.o
[791/1665] Compiling C object libqemuutil.a.p/util_vfio-helpers.c.o
[792/1665] Compiling C object libqemuutil.a.p/trace_qmp.c.o
[793/1665] Compiling C object libqemuutil.a.p/stubs_is-daemonized.c.o
[794/1665] Compiling C object libqemuutil.a.p/stubs_iothread-lock.c.o
[795/1665] Compiling C object libqemuutil.a.p/stubs_fdset.c.o
[796/1665] Compiling C object libqemuutil.a.p/stubs_error-printf.c.o
[797/1665] Compiling C object libqemuutil.a.p/trace_control.c.o
[798/1665] Compiling C object libqemuutil.a.p/stubs_monitor-core.c.o
[799/1665] Compiling C object libqemuutil.a.p/stubs_trace-control.c.o
[800/1665] Compiling C object libqemuutil.a.p/stubs_replay-mode.c.o
[801/1665] Compiling C object libqemuutil.a.p/stubs_change-state-handler.c.o
[802/1665] Compiling C object libqemuutil.a.p/stubs_bdrv-next-monitor-owned.c.o
[803/1665] Compiling C object libqemuutil.a.p/stubs_blk-exp-close-all.c.o
[804/1665] Compiling C object libqemuutil.a.p/stubs_get-vm-name.c.o
[805/1665] Compiling C object libqemuutil.a.p/stubs_blk-commit-all.c.o
[806/1665] Compiling C object libqemuutil.a.p/stubs_blockdev-close-all-bdrv-states.c.o
[807/1665] Compiling C object libqemuutil.a.p/stubs_migr-blocker.c.o
[808/1665] Compiling C object libqemuutil.a.p/stubs_iothread-lock-block.c.o
[809/1665] Compiling C object libqemuutil.a.p/stubs_physmem.c.o
[810/1665] Compiling C object libqemuutil.a.p/stubs_runstate-check.c.o
[811/1665] Compiling C object libqemuutil.a.p/stubs_uuid.c.o
[812/1665] Compiling C object libqemuutil.a.p/stubs_ram-block.c.o
[813/1665] Compiling C object libqemuutil.a.p/stubs_cpus-virtual-clock.c.o
[814/1665] Compiling C object libqemuutil.a.p/stubs_graph-lock.c.o
[815/1665] Compiling C object libqemuutil.a.p/stubs_replay-tools.c.o
[816/1665] Compiling C object libqemuutil.a.p/stubs_icount.c.o
[817/1665] Compiling C object libqemuutil.a.p/crypto_clmul.c.o
[818/1665] Compiling C object libqemuutil.a.p/stubs_qemu-timer-notify-cb.c.o
[819/1665] Compiling C object libqemuutil.a.p/stubs_vm-stop.c.o
[820/1665] Compiling C object libqemuutil.a.p/stubs_dump.c.o
[821/1665] Compiling C object libqemuutil.a.p/stubs_qtest.c.o
[822/1665] Compiling C object libqemuutil.a.p/stubs_monitor-internal.c.o
[823/1665] Compiling C object libqemuutil.a.p/stubs_qmp-command-available.c.o
[824/1665] Compiling C object libqemuutil.a.p/stubs_vmstate.c.o
[825/1665] Compiling C object libqemuutil.a.p/stubs_qmp-quit.c.o
[826/1665] Compiling C object libqemuutil.a.p/stubs_cmos.c.o
[827/1665] Compiling C object libqemuutil.a.p/stubs_igvm.c.o
[828/1665] Compiling C object libqemuutil.a.p/stubs_target-get-monitor-def.c.o
[829/1665] Compiling C object libqemuutil.a.p/stubs_target-monitor-defs.c.o
[830/1665] Compiling C object libqemuutil.a.p/stubs_win32-kbd-hook.c.o
[831/1665] Compiling C object libqemuutil.a.p/stubs_fw_cfg.c.o
[832/1665] Compiling C object libqemuutil.a.p/stubs_monitor-arm-gic.c.o
[833/1665] Compiling C object libqemuutil.a.p/stubs_monitor-i386-rtc.c.o
[834/1665] Compiling C object libqemuutil.a.p/stubs_monitor-i386-sev.c.o
[835/1665] Compiling C object libqemuutil.a.p/stubs_monitor-i386-sgx.c.o
[836/1665] Compiling C object libqemuutil.a.p/stubs_monitor-i386-xen.c.o
[837/1665] Compiling C object libqemuutil.a.p/stubs_gdbstub.c.o
[838/1665] Compiling C object libqemuutil.a.p/stubs_monitor-cpu.c.o
[839/1665] Compiling C object libqemuutil.a.p/stubs_replay.c.o
[840/1665] Compiling C object libqemuutil.a.p/stubs_monitor-cpu-s390x-kvm.c.o
[841/1665] Compiling C object libqemuutil.a.p/stubs_xen-hw-stub.c.o
[842/1665] Compiling C object libqemuutil.a.p/crypto_aes.c.o
[843/1665] Compiling C object libqemuutil.a.p/stubs_monitor-cpu-s390x.c.o
[844/1665] Compiling C object libqemuutil.a.p/stubs_sysbus.c.o
[845/1665] Compiling C object libqemuutil.a.p/stubs_hotplug-stubs.c.o
[846/1665] Compiling C++ object subprojects/glslang/libglslang.a.p/glslang_MachineIndependent_PoolAlloc.cpp.o
[847/1665] Compiling C++ object subprojects/glslang/libglslang.a.p/glslang_MachineIndependent_Initialize.cpp.o
[848/1665] Compiling C++ object subprojects/glslang/libglslang.a.p/glslang_MachineIndependent_RemoveTree.cpp.o
[849/1665] Compiling C++ object subprojects/glslang/libglslang.a.p/glslang_MachineIndependent_limits.cpp.o
[850/1665] Compiling C++ object subprojects/glslang/libglslang.a.p/glslang_MachineIndependent_parseConst.cpp.o
[851/1665] Compiling C++ object subprojects/glslang/libglslang.a.p/glslang_MachineIndependent_intermOut.cpp.o
[852/1665] Compiling C++ object subprojects/glslang/libglslang.a.p/glslang_MachineIndependent_Scan.cpp.o
[853/1665] Compiling C++ object subprojects/glslang/libglslang.a.p/glslang_MachineIndependent_Versions.cpp.o
[854/1665] Compiling C++ object subprojects/glslang/libglslang.a.p/glslang_MachineIndependent_preprocessor_PpAtom.cpp.o
[855/1665] Compiling C++ object subprojects/glslang/libglslang.a.p/glslang_MachineIndependent_SpirvIntrinsics.cpp.o
[856/1665] Compiling C++ object subprojects/glslang/libglslang.a.p/glslang_MachineIndependent_preprocessor_PpContext.cpp.o
[857/1665] Compiling C++ object subprojects/glslang/libglslang.a.p/glslang_MachineIndependent_SymbolTable.cpp.o
[858/1665] Compiling C++ object subprojects/glslang/libglslang.a.p/glslang_MachineIndependent_reflection.cpp.o
[859/1665] Compiling C++ object subprojects/glslang/libglslang.a.p/SPIRV_Logger.cpp.o
[860/1665] Compiling C++ object subprojects/glslang/libglslang.a.p/SPIRV_InReadableOrder.cpp.o
[861/1665] Compiling C++ object subprojects/glslang/libglslang.a.p/SPIRV_SpvTools.cpp.o
[862/1665] Compiling C++ object subprojects/glslang/libglslang.a.p/glslang_MachineIndependent_preprocessor_Pp.cpp.o
[863/1665] Compiling C++ object subprojects/glslang/libglslang.a.p/glslang_MachineIndependent_preprocessor_PpTokens.cpp.o
[864/1665] Compiling C++ object subprojects/glslang/libglslang.a.p/SPIRV_CInterface_spirv_c_interface.cpp.o
[865/1665] Compiling C++ object subprojects/glslang/libMachineIndependent.a.p/glslang_stub.cpp.o
[866/1665] Compiling C++ object subprojects/glslang/libSPIRV.a.p/glslang_stub.cpp.o
[867/1665] Compiling C++ object subprojects/glslang/libglslang.a.p/glslang_MachineIndependent_propagateNoContraction.cpp.o
[868/1665] Compiling C++ object subprojects/glslang/libglslang.a.p/glslang_MachineIndependent_preprocessor_PpScanner.cpp.o
[869/1665] Compiling C object subprojects/volk/libvolk.a.p/volk.c.o
[870/1665] Compiling C++ object subprojects/glslang/libglslang.a.p/SPIRV_disassemble.cpp.o
[871/1665] Compiling C++ object subprojects/imgui/libimgui.a.p/misc_cpp_imgui_stdlib.cpp.o
[872/1665] Compiling C++ object subprojects/glslang/libglslang.a.p/glslang_MachineIndependent_ShaderLang.cpp.o
[873/1665] Compiling C++ object subprojects/glslang/libglslang.a.p/SPIRV_SpvPostProcess.cpp.o
[874/1665] Compiling C object subprojects/SPIRV-Reflect/libspirv_reflect_static.a.p/spirv_reflect.c.o
[875/1665] Compiling C++ object subprojects/glslang/libglslang.a.p/SPIRV_doc.cpp.o
[876/1665] Compiling C++ object subprojects/imgui/libimgui.a.p/backends_imgui_impl_opengl3.cpp.o
[877/1665] Compiling C++ object subprojects/imgui/libimgui.a.p/backends_imgui_impl_sdl3.cpp.o
[878/1665] Compiling C++ object subprojects/imgui/libimgui.a.p/imgui_tables.cpp.o
[879/1665] Compiling C++ object subprojects/glslang/libglslang.a.p/glslang_MachineIndependent_linkValidate.cpp.o
[880/1665] Compiling C++ object subprojects/imgui/libimgui.a.p/imgui_demo.cpp.o
[881/1665] Compiling C++ object subprojects/imgui/libimgui.a.p/imgui_draw.cpp.o
[882/1665] Compiling C object subprojects/xxHash-0.8.3/libxxhash.a.p/xxhash.c.o
[883/1665] Compiling C++ object ui/thirdparty/libfpng.a.p/fpng_fpng.cpp.o
In file included from ../ui/thirdparty/fpng/fpng.cpp:17:
../ui/thirdparty/fpng/fpng.cpp: In function ‘uint32_t fpng::pixel_deflate_dyn_3_rle(const uint8_t*, uint32_t, uint32_t, uint8_t*, uint32_t)’:
../ui/thirdparty/fpng/fpng.cpp:564:67: warning: comparison of unsigned expression in ‘>= 0’ is always true [-Wtype-limits]
  564 | #define PUT_BITS(bb, ll) do { uint32_t b = bb, l = ll; assert((l) >= 0 && (l) <= 16); assert((b) < (1ULL << (l))); bit_buf |= (((uint64_t)(b)) << bit_buf_size); bit_buf_size += (l); assert(bit_buf_size <= 64); } while(0)
      |                                                               ~~~~^~~~
../ui/thirdparty/fpng/fpng.cpp:1002:17: note: in expansion of macro ‘PUT_BITS’
 1002 |                 PUT_BITS(0x78, 8);
      |                 ^~~~~~~~
../ui/thirdparty/fpng/fpng.cpp:564:67: warning: comparison of unsigned expression in ‘>= 0’ is always true [-Wtype-limits]
  564 | #define PUT_BITS(bb, ll) do { uint32_t b = bb, l = ll; assert((l) >= 0 && (l) <= 16); assert((b) < (1ULL << (l))); bit_buf |= (((uint64_t)(b)) << bit_buf_size); bit_buf_size += (l); assert(bit_buf_size <= 64); } while(0)
      |                                                               ~~~~^~~~
../ui/thirdparty/fpng/fpng.cpp:1003:17: note: in expansion of macro ‘PUT_BITS’
 1003 |                 PUT_BITS(0x01, 8);
      |                 ^~~~~~~~
../ui/thirdparty/fpng/fpng.cpp:564:67: warning: comparison of unsigned expression in ‘>= 0’ is always true [-Wtype-limits]
  564 | #define PUT_BITS(bb, ll) do { uint32_t b = bb, l = ll; assert((l) >= 0 && (l) <= 16); assert((b) < (1ULL << (l))); bit_buf |= (((uint64_t)(b)) << bit_buf_size); bit_buf_size += (l); assert(bit_buf_size <= 64); } while(0)
      |                                                               ~~~~^~~~
../ui/thirdparty/fpng/fpng.cpp:1006:17: note: in expansion of macro ‘PUT_BITS’
 1006 |                 PUT_BITS(1, 1);
      |                 ^~~~~~~~
../ui/thirdparty/fpng/fpng.cpp:564:67: warning: comparison of unsigned expression in ‘>= 0’ is always true [-Wtype-limits]
  564 | #define PUT_BITS(bb, ll) do { uint32_t b = bb, l = ll; assert((l) >= 0 && (l) <= 16); assert((b) < (1ULL << (l))); bit_buf |= (((uint64_t)(b)) << bit_buf_size); bit_buf_size += (l); assert(bit_buf_size <= 64); } while(0)
      |                                                               ~~~~^~~~
../ui/thirdparty/fpng/fpng.cpp:1135:33: note: in expansion of macro ‘PUT_BITS’
 1135 |                                 PUT_BITS(adj_match_len & g_bitmasks[g_defl_len_extra[adj_match_len]], g_defl_len_extra[adj_match_len] + 1); // up to 6 bits, +1 for the match distance Huff code which is always 0
      |                                 ^~~~~~~~
../ui/thirdparty/fpng/fpng.cpp: In function ‘uint32_t fpng::pixel_deflate_dyn_3_rle_one_pass(const uint8_t*, uint32_t, uint32_t, uint8_t*, uint32_t)’:
../ui/thirdparty/fpng/fpng.cpp:564:67: warning: comparison of unsigned expression in ‘>= 0’ is always true [-Wtype-limits]
  564 | #define PUT_BITS(bb, ll) do { uint32_t b = bb, l = ll; assert((l) >= 0 && (l) <= 16); assert((b) < (1ULL << (l))); bit_buf |= (((uint64_t)(b)) << bit_buf_size); bit_buf_size += (l); assert(bit_buf_size <= 64); } while(0)
      |                                                               ~~~~^~~~
../ui/thirdparty/fpng/fpng.cpp:1224:41: note: in expansion of macro ‘PUT_BITS’
 1224 |                                         PUT_BITS(adj_match_len & g_bitmasks[g_defl_len_extra[adj_match_len]], g_defl_len_extra[adj_match_len] + 1); // up to 6 bits, +1 for the match distance Huff code which is always 0
      |                                         ^~~~~~~~
../ui/thirdparty/fpng/fpng.cpp: In function ‘uint32_t fpng::pixel_deflate_dyn_4_rle(const uint8_t*, uint32_t, uint32_t, uint8_t*, uint32_t)’:
../ui/thirdparty/fpng/fpng.cpp:564:67: warning: comparison of unsigned expression in ‘>= 0’ is always true [-Wtype-limits]
  564 | #define PUT_BITS(bb, ll) do { uint32_t b = bb, l = ll; assert((l) >= 0 && (l) <= 16); assert((b) < (1ULL << (l))); bit_buf |= (((uint64_t)(b)) << bit_buf_size); bit_buf_size += (l); assert(bit_buf_size <= 64); } while(0)
      |                                                               ~~~~^~~~
../ui/thirdparty/fpng/fpng.cpp:1279:17: note: in expansion of macro ‘PUT_BITS’
 1279 |                 PUT_BITS(0x78, 8);
      |                 ^~~~~~~~
../ui/thirdparty/fpng/fpng.cpp:564:67: warning: comparison of unsigned expression in ‘>= 0’ is always true [-Wtype-limits]
  564 | #define PUT_BITS(bb, ll) do { uint32_t b = bb, l = ll; assert((l) >= 0 && (l) <= 16); assert((b) < (1ULL << (l))); bit_buf |= (((uint64_t)(b)) << bit_buf_size); bit_buf_size += (l); assert(bit_buf_size <= 64); } while(0)
      |                                                               ~~~~^~~~
../ui/thirdparty/fpng/fpng.cpp:1280:17: note: in expansion of macro ‘PUT_BITS’
 1280 |                 PUT_BITS(0x01, 8);
      |                 ^~~~~~~~
../ui/thirdparty/fpng/fpng.cpp:564:67: warning: comparison of unsigned expression in ‘>= 0’ is always true [-Wtype-limits]
  564 | #define PUT_BITS(bb, ll) do { uint32_t b = bb, l = ll; assert((l) >= 0 && (l) <= 16); assert((b) < (1ULL << (l))); bit_buf |= (((uint64_t)(b)) << bit_buf_size); bit_buf_size += (l); assert(bit_buf_size <= 64); } while(0)
      |                                                               ~~~~^~~~
../ui/thirdparty/fpng/fpng.cpp:1283:17: note: in expansion of macro ‘PUT_BITS’
 1283 |                 PUT_BITS(1, 1);
      |                 ^~~~~~~~
../ui/thirdparty/fpng/fpng.cpp:564:67: warning: comparison of unsigned expression in ‘>= 0’ is always true [-Wtype-limits]
  564 | #define PUT_BITS(bb, ll) do { uint32_t b = bb, l = ll; assert((l) >= 0 && (l) <= 16); assert((b) < (1ULL << (l))); bit_buf |= (((uint64_t)(b)) << bit_buf_size); bit_buf_size += (l); assert(bit_buf_size <= 64); } while(0)
      |                                                               ~~~~^~~~
../ui/thirdparty/fpng/fpng.cpp:1422:33: note: in expansion of macro ‘PUT_BITS’
 1422 |                                 PUT_BITS(adj_match_len & g_bitmasks[g_defl_len_extra[adj_match_len]], g_defl_len_extra[adj_match_len] + 1); // up to 6 bits, +1 for the match distance Huff code which is always 0
      |                                 ^~~~~~~~
../ui/thirdparty/fpng/fpng.cpp: In function ‘uint32_t fpng::pixel_deflate_dyn_4_rle_one_pass(const uint8_t*, uint32_t, uint32_t, uint8_t*, uint32_t)’:
../ui/thirdparty/fpng/fpng.cpp:564:67: warning: comparison of unsigned expression in ‘>= 0’ is always true [-Wtype-limits]
  564 | #define PUT_BITS(bb, ll) do { uint32_t b = bb, l = ll; assert((l) >= 0 && (l) <= 16); assert((b) < (1ULL << (l))); bit_buf |= (((uint64_t)(b)) << bit_buf_size); bit_buf_size += (l); assert(bit_buf_size <= 64); } while(0)
      |                                                               ~~~~^~~~
../ui/thirdparty/fpng/fpng.cpp:1531:41: note: in expansion of macro ‘PUT_BITS’
 1531 |                                         PUT_BITS(adj_match_len & g_bitmasks[g_defl_len_extra[adj_match_len]], len_extra_bits + 1); // up to 6 bits, +1 for the match distance Huff code which is always 0
      |                                         ^~~~~~~~
[884/1665] Compiling C object ui/thirdparty/libfatx.a.p/fatx_fatx.c.o
[885/1665] Compiling C object data/libpdata.fa.p/meson-generated_.._controller_mask.png.c.o
[886/1665] Compiling C object data/libpdata.fa.p/meson-generated_.._controller_mask_s.png.c.o
[887/1665] Compiling C object data/libpdata.fa.p/meson-generated_.._xmu_mask.png.c.o
[888/1665] Compiling C object data/libpdata.fa.p/meson-generated_.._logo_sdf.png.c.o
[889/1665] Compiling C object data/libpdata.fa.p/meson-generated_.._xemu_64x64.png.c.o
[890/1665] Compiling C object data/libpdata.fa.p/meson-generated_.._abxy.ttf.c.o
[891/1665] Compiling C object data/libpdata.fa.p/meson-generated_.._Roboto-Medium.ttf.c.o
[892/1665] Compiling C object data/libpdata.fa.p/meson-generated_.._RobotoCondensed-Regular.ttf.c.o
[893/1665] Compiling C object data/libpdata.fa.p/meson-generated_.._font_awesome_6_1_1_solid.min.otf.c.o
[894/1665] Compiling C object subprojects/nv2a_vsh_cpu/libnv2a_vsh_cpu.a.p/src_nv2a_vsh_cpu.c.o
[895/1665] Compiling C object subprojects/nv2a_vsh_cpu/libnv2a_vsh_disassembler.a.p/src_nv2a_vsh_disassembler.c.o
[896/1665] Compiling C object subprojects/nv2a_vsh_cpu/libnv2a_vsh_emulator.a.p/src_nv2a_vsh_emulator.c.o
[897/1665] Compiling C object subprojects/nv2a_vsh_cpu/libnv2a_vsh_emulator.a.p/src_nv2a_vsh_emulator_execution_state.c.o
[898/1665] Compiling C++ object thirdparty/libvma.a.p/vma.cc.o
In file included from ../thirdparty/vma.cc:3:
../subprojects/VulkanMemoryAllocator/include/vk_mem_alloc.h: In member function ‘void VmaBlockMetadata::DebugLogAllocation(VkDeviceSize, VkDeviceSize, void*) const’:
../subprojects/VulkanMemoryAllocator/include/vk_mem_alloc.h:7104:21: warning: unused variable ‘name’ [-Wunused-variable]
 7104 |         const char* name = allocation->GetName();
      |                     ^~~~
[899/1665] Compiling C object hw/xbox/nv2a/pgraph/thirdparty/liblibgloffscreen.a.p/gloffscreen_common.c.o
[900/1665] Compiling C object hw/xbox/nv2a/pgraph/thirdparty/liblibgloffscreen.a.p/gloffscreen_sdl.c.o
[901/1665] Generating block/module_block.h with a custom command
[902/1665] Linking static target libqemuutil.a
[903/1665] Generating block/block-gen.c with a custom command
[904/1665] Compiling C++ object subprojects/implot/libimplot.a.p/implot.cpp.o
[905/1665] Compiling C++ object subprojects/glslang/libglslang.a.p/SPIRV_SpvBuilder.cpp.o
[906/1665] Generating i386-softmmu-gdbstub-xml.c with a custom command (wrapped by meson to capture output)
[907/1665] Generating 'libcommon.a.p/decode-insns.c.inc'
[908/1665] Linking static target subprojects/glslang/libMachineIndependent.a
[909/1665] Linking static target subprojects/glslang/libGenericCodeGen.a
[910/1665] Linking static target subprojects/glslang/libSPIRV.a
[911/1665] Linking static target subprojects/volk/libvolk.a
[912/1665] Linking static target thirdparty/libvma.a
[913/1665] Linking static target subprojects/SPIRV-Reflect/libspirv_reflect_static.a
[914/1665] Linking static target subprojects/xxHash-0.8.3/libxxhash.a
[915/1665] Linking static target ui/thirdparty/libfatx.a
[916/1665] Linking static target ui/thirdparty/libfpng.a
[917/1665] Linking static target data/libpdata.fa
[918/1665] Linking static target subprojects/nv2a_vsh_cpu/libnv2a_vsh_cpu.a
[919/1665] Linking static target subprojects/nv2a_vsh_cpu/libnv2a_vsh_disassembler.a
[920/1665] Linking static target subprojects/nv2a_vsh_cpu/libnv2a_vsh_emulator.a
[921/1665] Linking static target hw/xbox/nv2a/pgraph/thirdparty/liblibgloffscreen.a
[922/1665] Compiling C object hw/xbox/mcpx/apu/dsp/interp/libdsp_cpu_interp.a.p/debug.c.o
[923/1665] Compiling C object hw/xbox/mcpx/apu/dsp/libdsp.a.p/dsp.c.o
[924/1665] Compiling C object hw/xbox/mcpx/apu/dsp/libdsp.a.p/dsp_c.c.o
[925/1665] Compiling C object ui/thirdparty/libstb_image.a.p/stb_image_stb_image_impl.c.o
In file included from ../ui/thirdparty/stb_image/stb_image_impl.c:2:
../ui/thirdparty/stb_image/stb_image.h:4958:14: warning: no previous prototype for ‘stbi__unpremultiply_on_load_thread’ [-Wmissing-prototypes]
 4958 | STBIDEF void stbi__unpremultiply_on_load_thread(int flag_true_if_should_unpremultiply)
      |              ^~~~~~~~~~~~~~~~~~~~~~~~~~~~~~~~~~
[926/1665] Linking static target ui/thirdparty/libstb_image.a
[927/1665] Compiling C object hw/xbox/mcpx/apu/dsp/libdsp.a.p/dsp_jit.c.o
[928/1665] Compiling C object libqom.a.p/qom_container.c.o
[929/1665] Compiling C object hw/xbox/mcpx/apu/dsp/libdsp.a.p/dsp_dma.c.o
[930/1665] Compiling C object libqom.a.p/qom_qom-qobject.c.o
[931/1665] Generating block.syms with a custom command (wrapped by meson to capture output)
[932/1665] Compiling C object libqom.a.p/qom_object_interfaces.c.o
[933/1665] Compiling C object libevent-loop-base.a.p/event-loop-base.c.o
[934/1665] Generating qemu.syms with a custom command (wrapped by meson to capture output)
[935/1665] Compiling C object libauthz.a.p/authz_base.c.o
[936/1665] Compiling C object libauthz.a.p/authz_list.c.o
[937/1665] Compiling C++ object subprojects/imgui/libimgui.a.p/imgui_widgets.cpp.o
[938/1665] Compiling C object libauthz.a.p/authz_simple.c.o
[939/1665] Compiling C object libauthz.a.p/authz_listfile.c.o
[940/1665] Compiling C object libcrypto.a.p/crypto_afsplit.c.o
[941/1665] Compiling C object libcrypto.a.p/crypto_akcipher.c.o
[942/1665] Compiling C object libcrypto.a.p/crypto_block-qcow.c.o
[943/1665] Compiling C object libcrypto.a.p/crypto_cipher.c.o
[944/1665] Compiling C object libcrypto.a.p/crypto_block.c.o
[945/1665] Compiling C object libcrypto.a.p/crypto_der.c.o
[946/1665] Compiling C object libcrypto.a.p/crypto_hash.c.o
[947/1665] Compiling C object libcrypto.a.p/crypto_hmac.c.o
[948/1665] Compiling C object libqom.a.p/qom_object.c.o
[949/1665] Compiling C object libcrypto.a.p/crypto_ivgen-essiv.c.o
[950/1665] Compiling C object libcrypto.a.p/crypto_block-luks.c.o
[951/1665] Compiling C object libcrypto.a.p/crypto_ivgen-plain.c.o
[952/1665] Compiling C object libcrypto.a.p/crypto_ivgen.c.o
[953/1665] Compiling C object libcrypto.a.p/crypto_ivgen-plain64.c.o
[954/1665] Compiling C object libcrypto.a.p/crypto_pbkdf.c.o
[955/1665] Compiling C object libcrypto.a.p/crypto_secret.c.o
[956/1665] Compiling C object libcrypto.a.p/crypto_tlscredsanon.c.o
[957/1665] Compiling C object libcrypto.a.p/crypto_tlscreds.c.o
[958/1665] Compiling C object libcrypto.a.p/crypto_secret_common.c.o
[959/1665] Compiling C object libcrypto.a.p/crypto_tlscredspsk.c.o
[960/1665] Compiling C object libcrypto.a.p/crypto_tlssession.c.o
[961/1665] Compiling C object libcrypto.a.p/crypto_hash-glib.c.o
[962/1665] Compiling C object libcrypto.a.p/crypto_tlscredsx509.c.o
[963/1665] Compiling C object libcrypto.a.p/crypto_rsakey.c.o
[964/1665] Compiling C object libcrypto.a.p/crypto_hmac-glib.c.o
[965/1665] Compiling C object libcrypto.a.p/crypto_pbkdf-stub.c.o
[966/1665] Compiling C++ object subprojects/tomlplusplus/src/libtomlplusplus.a.p/toml.cpp.o
[967/1665] Compiling C++ object subprojects/imgui/libimgui.a.p/imgui.cpp.o
[968/1665] Linking static target subprojects/tomlplusplus/src/libtomlplusplus.a
[969/1665] Compiling C object libio.a.p/io_channel-buffer.c.o
[970/1665] Linking static target subprojects/imgui/libimgui.a
[971/1665] Compiling C object libio.a.p/io_channel-command.c.o
[972/1665] Compiling C object libio.a.p/io_channel-file.c.o
[973/1665] Compiling C object libio.a.p/io_channel-null.c.o
[974/1665] Compiling C object libio.a.p/io_channel-util.c.o
[975/1665] Compiling C object libio.a.p/io_channel-watch.c.o
[976/1665] Compiling C object libio.a.p/io_dns-resolver.c.o
[977/1665] Compiling C object libio.a.p/io_channel-tls.c.o
[978/1665] Compiling C object libio.a.p/io_channel-socket.c.o
[979/1665] Compiling C object libio.a.p/io_task.c.o
[980/1665] Compiling C object libio.a.p/io_channel.c.o
[981/1665] Compiling C object libmigration.a.p/migration_migration-stats.c.o
[982/1665] Compiling C object libio.a.p/io_net-listener.c.o
[983/1665] Compiling C object libmigration.a.p/migration_page_cache.c.o
[984/1665] Compiling C object libio.a.p/io_channel-websock.c.o
[985/1665] Compiling C object libmigration.a.p/migration_yank_functions.c.o
[986/1665] Compiling C object libmigration.a.p/migration_vmstate-types.c.o
[987/1665] Compiling C object libmigration.a.p/migration_vmstate.c.o
[988/1665] Compiling C object libmigration.a.p/migration_qemu-file.c.o
[989/1665] Compiling C object libmigration.a.p/migration_xbzrle.c.o
[990/1665] Compiling C object libblock.a.p/blockjob.c.o
[991/1665] Compiling C object libblock.a.p/nbd_common.c.o
[992/1665] Compiling C object libblock.a.p/nbd_client-connection.c.o
[993/1665] Compiling C object libblock.a.p/job.c.o
[994/1665] Compiling C object libblock.a.p/meson-generated_.._block_block-gen.c.o
[995/1665] Compiling C object hw/xbox/mcpx/apu/dsp/interp/libdsp_cpu_interp.a.p/dsp_cpu.c.o
[996/1665] Compiling C object libblock.a.p/scsi_utils.c.o
[997/1665] Compiling C object libblock.a.p/scsi_pr-manager.c.o
[998/1665] Compiling C object libblock.a.p/block_aio_task.c.o
[999/1665] Compiling C object libblock.a.p/nbd_client.c.o
[1000/1665] Compiling C object libblock.a.p/scsi_pr-manager-helper.c.o
[1001/1665] Compiling C object libblock.a.p/block_amend.c.o
[1002/1665] Compiling C object libblock.a.p/block_accounting.c.o
[1003/1665] Compiling C object libblock.a.p/block_backup.c.o
[1004/1665] Compiling C object libblock.a.p/qemu-io-cmds.c.o
[1005/1665] Compiling C object libblock.a.p/block_blkverify.c.o
[1006/1665] Compiling C object libblock.a.p/block_blklogwrites.c.o
[1007/1665] Compiling C object libblock.a.p/block_blkdebug.c.o
[1008/1665] Compiling C object libblock.a.p/block_commit.c.o
[1009/1665] Compiling C object libblock.a.p/block_copy-on-read.c.o
[1010/1665] Compiling C object libblock.a.p/block_create.c.o
[1011/1665] Compiling C object libblock.a.p/block_copy-before-write.c.o
[1012/1665] Compiling C object libblock.a.p/block_block-copy.c.o
[1013/1665] Compiling C object libblock.a.p/block_filter-compress.c.o
[1014/1665] Compiling C object libblock.a.p/block_graph-lock.c.o
[1015/1665] Compiling C object libblock.a.p/block_crypto.c.o
[1016/1665] Compiling C object libblock.a.p/block_dirty-bitmap.c.o
[1017/1665] Compiling C object libblock.a.p/block_null.c.o
[1018/1665] Compiling C object libblock.a.p/block_progress_meter.c.o
[1019/1665] Compiling C object libblock.a.p/block_block-backend.c.o
[1020/1665] Compiling C object libblock.a.p/block_preallocate.c.o
[1021/1665] Compiling C object libblock.a.p/block_mirror.c.o
[1022/1665] Compiling C object libblock.a.p/block.c.o
[1023/1665] Compiling C object libblock.a.p/block_qapi.c.o
[1024/1665] Compiling C object libblock.a.p/block_qcow2-cache.c.o
[1025/1665] Compiling C object libblock.a.p/block_nbd.c.o
[1026/1665] Compiling C object libblock.a.p/block_qcow2-threads.c.o
[1027/1665] Compiling C object libblock.a.p/block_qcow2-bitmap.c.o
[1028/1665] Compiling C object libblock.a.p/block_io.c.o
[1029/1665] Compiling C object libblock.a.p/block_reqlist.c.o
[1030/1665] Compiling C object libblock.a.p/block_qcow2-snapshot.c.o
[1031/1665] Compiling C object libblock.a.p/block_quorum.c.o
[1032/1665] Compiling C object libblock.a.p/block_raw-format.c.o
[1033/1665] Compiling C object libblock.a.p/block_snapshot-access.c.o
[1034/1665] Compiling C object libblock.a.p/block_throttle.c.o
[1035/1665] Compiling C object libblock.a.p/block_write-threshold.c.o
[1036/1665] Compiling C object libblock.a.p/block_snapshot.c.o
[1037/1665] Compiling C object libblock.a.p/block_throttle-groups.c.o
[1038/1665] Compiling C object libblock.a.p/block_monitor_bitmap-qmp-cmds.c.o
[1039/1665] Compiling C object libblock.a.p/block_qcow2-cluster.c.o
[1040/1665] Compiling C object libblock.a.p/block_stream.c.o
[1041/1665] Compiling C object libblock.a.p/block_qcow2.c.o
[1042/1665] Compiling C object libblock.a.p/block_qcow2-refcount.c.o
[1043/1665] Compiling C object libblockdev.a.p/block_export_export.c.o
[1044/1665] Compiling C object libblock.a.p/block_curl.c.o
[1045/1665] Compiling C object libblock.a.p/block_nvme.c.o
[1046/1665] Compiling C object libblockdev.a.p/blockdev-nbd.c.o
[1047/1665] Compiling C object libblockdev.a.p/job-qmp.c.o
[1048/1665] Compiling C object libblockdev.a.p/iothread.c.o
[1049/1665] Compiling C object libblockdev.a.p/os-posix.c.o
[1050/1665] Compiling C object libblock.a.p/block_file-posix.c.o
[1051/1665] Compiling C object libqmp.a.p/qom_qom-qmp-cmds.c.o
[1052/1665] Compiling C object libqmp.a.p/monitor_qmp-cmds-control.c.o
[1053/1665] Compiling C object libqmp.a.p/monitor_qmp.c.o
[1054/1665] Compiling C object libchardev.a.p/chardev_char-file.c.o
[1055/1665] Compiling C object libchardev.a.p/chardev_char-fe.c.o
[1056/1665] Compiling C object libchardev.a.p/chardev_char-io.c.o
[1057/1665] Compiling C object libqmp.a.p/monitor_monitor.c.o
[1058/1665] Compiling C object libchardev.a.p/chardev_char-null.c.o
[1059/1665] Compiling C object libchardev.a.p/chardev_char-pipe.c.o
[1060/1665] Compiling C object libchardev.a.p/chardev_char-hub.c.o
[1061/1665] Compiling C object libchardev.a.p/chardev_char-ringbuf.c.o
[1062/1665] Compiling C object libchardev.a.p/chardev_char-mux.c.o
[1063/1665] Compiling C object libchardev.a.p/chardev_char-serial.c.o
[1064/1665] Compiling C object libblockdev.a.p/blockdev.c.o
[1065/1665] Compiling C object libchardev.a.p/chardev_char-stdio.c.o
[1066/1665] Compiling C object libchardev.a.p/chardev_char-udp.c.o
[1067/1665] Compiling C object libchardev.a.p/chardev_char-parallel.c.o
[1068/1665] Compiling C object libchardev.a.p/chardev_char-fd.c.o
[1069/1665] Compiling C object libblockdev.a.p/nbd_server.c.o
[1070/1665] Compiling C object libchardev.a.p/chardev_char-pty.c.o
[1071/1665] Compiling C object libhwcore.a.p/hw_core_resetcontainer.c.o
[1072/1665] Compiling C object libhwcore.a.p/hw_core_bus.c.o
[1073/1665] Compiling C object libhwcore.a.p/hw_core_vmstate-if.c.o
[1074/1665] Compiling C object libhwcore.a.p/hw_core_resettable.c.o
[1075/1665] Compiling C object libchardev.a.p/chardev_char-socket.c.o
[1076/1665] Compiling C object libchardev.a.p/chardev_char.c.o
[1077/1665] Compiling C object libhwcore.a.p/hw_core_irq.c.o
[1078/1665] Compiling C object libsystem.a.p/trace_control-target.c.o
[1079/1665] Compiling C object libhwcore.a.p/hw_core_clock.c.o
[1080/1665] Compiling C object libhwcore.a.p/hw_core_qdev-clock.c.o
[1081/1665] Compiling C object libhwcore.a.p/hw_core_qdev-properties.c.o
[1082/1665] Compiling C object libhwcore.a.p/hw_core_qdev.c.o
[1083/1665] Compiling C object libsystem.a.p/trace_trace-hmp-cmds.c.o
[1084/1665] Compiling C object libsystem.a.p/ui_clipboard.c.o
[1085/1665] Compiling C object libsystem.a.p/qom_qom-hmp-cmds.c.o
[1086/1665] Compiling C object libsystem.a.p/ui_input-keymap.c.o
[1087/1665] Compiling C object libsystem.a.p/ui_dmabuf.c.o
[1088/1665] Compiling C object libsystem.a.p/ui_cursor.c.o
[1089/1665] Compiling C object libsystem.a.p/ui_input-legacy.c.o
[1090/1665] Compiling C object libsystem.a.p/ui_keymaps.c.o
[1091/1665] Compiling C object libsystem.a.p/ui_kbd-state.c.o
[1092/1665] Compiling C object libsystem.a.p/ui_qemu-pixman.c.o
[1093/1665] Compiling C object libsystem.a.p/ui_input-barrier.c.o
[1094/1665] Compiling C object libsystem.a.p/ui_input.c.o
[1095/1665] Compiling C object libsystem.a.p/ui_ui-qmp-cmds.c.o
[1096/1665] Compiling C object libsystem.a.p/ui_ui-hmp-cmds.c.o
[1097/1665] Compiling C++ object subprojects/glslang/libglslang.a.p/glslang_MachineIndependent_ParseHelper.cpp.o
[1098/1665] Compiling C object libsystem.a.p/ui_xemu-input-topology.c.o
[1099/1665] Compiling C object libsystem.a.p/ui_util.c.o
[1100/1665] Compiling C object libsystem.a.p/ui_xemu-monitor.c.o
[1101/1665] Compiling C object libsystem.a.p/ui_xemu-net.c.o
[1102/1665] Compiling C object libsystem.a.p/ui_console.c.o
[1103/1665] Compiling C object libsystem.a.p/ui_xemu-tweaks.c.o
[1104/1665] Compiling C object libsystem.a.p/ui_xemu-gpu-launch.c.o
[1105/1665] Compiling C object libsystem.a.p/ui_xemu-data.c.o
[1106/1665] Compiling C object libsystem.a.p/ui_xemu-widescreen.c.o
[1107/1665] Compiling C++ object libsystem.a.p/ui_xemu-controllers.cc.o
[1108/1665] Compiling C object libsystem.a.p/ui_xemu-gpu-info.c.o
[1109/1665] Compiling C object libsystem.a.p/ui_xemu-input.c.o
[1110/1665] Compiling C object libsystem.a.p/ui_xemu-snapshots.c.o
[1111/1665] Compiling C object libsystem.a.p/ui_xemu.c.o
[1112/1665] Compiling C++ object libsystem.a.p/ui_xemu-thumbnail.cc.o
[1113/1665] Compiling C++ object libsystem.a.p/ui_xui_animation.cc.o
[1114/1665] Compiling C++ object subprojects/glslang/libglslang.a.p/SPIRV_GlslangToSpv.cpp.o
[1115/1665] Compiling C++ object libsystem.a.p/ui_xui_font-manager.cc.o
[1116/1665] Compiling C++ object libsystem.a.p/ui_xui_compat.cc.o
[1117/1665] Compiling C++ object libsystem.a.p/ui_xemu-settings-migration.cc.o
[1118/1665] Compiling C++ object libsystem.a.p/ui_xui_debug.cc.o
[1119/1665] Compiling C++ object libsystem.a.p/ui_xui_actions.cc.o
[1120/1665] Compiling C++ object libsystem.a.p/ui_xui_gl-helpers.cc.o
[1121/1665] Compiling C++ object libsystem.a.p/ui_xui_input-manager.cc.o
[1122/1665] Compiling C++ object libsystem.a.p/ui_xui_main.cc.o
[1123/1665] Compiling C++ object libsystem.a.p/ui_xui_scene-manager.cc.o
[1124/1665] Compiling C++ object libsystem.a.p/ui_xui_monitor.cc.o
[1125/1665] Compiling C++ object libsystem.a.p/ui_xui_scene.cc.o
[1126/1665] Compiling C++ object libsystem.a.p/ui_xui_menubar.cc.o
[1127/1665] Compiling C++ object libsystem.a.p/ui_xui_notifications.cc.o
[1128/1665] Compiling C++ object libsystem.a.p/ui_xui_misc.cc.o
[1129/1665] Compiling C object libsystem.a.p/ui_xemu-os-utils-linux.c.o
[1130/1665] Compiling C object libsystem.a.p/ui_console-vc-stubs.c.o
[1131/1665] Compiling C object libsystem.a.p/ui_spice-module.c.o
[1132/1665] Compiling C object libsystem.a.p/ui_input-linux.c.o
[1133/1665] Compiling C object libsystem.a.p/ui_udmabuf.c.o
[1134/1665] Compiling C object libsystem.a.p/ui_vnc-stubs.c.o
[1135/1665] Compiling C++ object libsystem.a.p/ui_xui_scene-components.cc.o
[1136/1665] Compiling C++ object libsystem.a.p/ui_xui_snapshot-manager.cc.o
[1137/1665] Compiling C++ object libsystem.a.p/ui_xui_viewport-manager.cc.o
[1138/1665] Compiling C object libsystem.a.p/gdbstub_syscalls.c.o
[1139/1665] Compiling C object libsystem.a.p/hw_acpi_ghes-stub.c.o
[1140/1665] Compiling C++ object libsystem.a.p/ui_xemu-settings.cc.o
[1141/1665] Compiling C object libsystem.a.p/hw_acpi_acpi_interface.c.o
[1142/1665] Compiling C++ object libsystem.a.p/ui_xui_popup-menu.cc.o
[1143/1665] Compiling C object libsystem.a.p/gdbstub_system.c.o
[1144/1665] Compiling C++ object libsystem.a.p/ui_xui_welcome.cc.o
[1145/1665] Compiling C object libsystem.a.p/hw_acpi_utils.c.o
[1146/1665] Compiling C object libsystem.a.p/hw_acpi_bios-linker-loader.c.o
[1147/1665] Compiling C object libsystem.a.p/hw_acpi_core.c.o
[1148/1665] Compiling C++ object libsystem.a.p/ui_xui_main-menu.cc.o
[1149/1665] Compiling C object libsystem.a.p/hw_acpi_cpu_hotplug.c.o
[1150/1665] Compiling C object libsystem.a.p/gdbstub_gdbstub.c.o
[1151/1665] Compiling C object libsystem.a.p/hw_acpi_cpu.c.o
[1152/1665] Compiling C++ object libsystem.a.p/ui_xui_widgets.cc.o
[1153/1665] Compiling C object libsystem.a.p/hw_acpi_memory_hotplug.c.o
[1154/1665] Compiling C object libsystem.a.p/hw_acpi_cxl-stub.c.o
[1155/1665] Compiling C object libsystem.a.p/hw_acpi_hmat.c.o
[1156/1665] Compiling C object libsystem.a.p/hw_acpi_vmgenid.c.o
[1157/1665] Compiling C object libsystem.a.p/hw_acpi_nvdimm.c.o
[1158/1665] Compiling C object libsystem.a.p/hw_acpi_vmclock.c.o
[1159/1665] Compiling C object libsystem.a.p/hw_acpi_pci.c.o
[1160/1665] Compiling C object libsystem.a.p/hw_acpi_pci-bridge.c.o
[1161/1665] Compiling C object libsystem.a.p/hw_acpi_ghes_cper_stub.c.o
[1162/1665] Compiling C object libsystem.a.p/hw_acpi_ipmi-stub.c.o
[1163/1665] Compiling C object libsystem.a.p/hw_acpi_acpi-qmp-cmds.c.o
[1164/1665] Compiling C object libsystem.a.p/hw_acpi_piix4.c.o
[1165/1665] Compiling C object libsystem.a.p/hw_acpi_viot.c.o
[1166/1665] Compiling C object libsystem.a.p/hw_audio_model.c.o
[1167/1665] Compiling C object libsystem.a.p/hw_audio_pcspk.c.o
[1168/1665] Compiling C object libsystem.a.p/hw_block_cdrom.c.o
[1169/1665] Compiling C object libsystem.a.p/hw_acpi_erst.c.o
[1170/1665] Compiling C object libsystem.a.p/hw_block_hd-geometry.c.o
[1171/1665] Compiling C object libsystem.a.p/hw_acpi_aml-build.c.o
[1172/1665] Compiling C object libsystem.a.p/hw_acpi_pcihp.c.o
[1173/1665] Compiling C object libsystem.a.p/hw_block_block.c.o
[1174/1665] Compiling C object libsystem.a.p/hw_char_parallel-isa.c.o
[1175/1665] Compiling C object libsystem.a.p/hw_core_fw-path-provider.c.o
[1176/1665] Compiling C object libsystem.a.p/hw_char_serial-isa.c.o
[1177/1665] Compiling C object libsystem.a.p/hw_core_cpu-system.c.o
[1178/1665] Compiling C object libsystem.a.p/hw_core_generic-loader.c.o
[1179/1665] Compiling C object libsystem.a.p/hw_core_gpio.c.o
[1180/1665] Compiling C object libsystem.a.p/hw_audio_ac97.c.o
[1181/1665] Compiling C object libsystem.a.p/hw_core_hotplug.c.o
[1182/1665] Compiling C object libsystem.a.p/hw_char_serial.c.o
[1183/1665] Compiling C object libsystem.a.p/hw_block_pflash_cfi01.c.o
[1184/1665] Compiling C object libsystem.a.p/hw_core_nmi.c.o
[1185/1665] Compiling C object libsystem.a.p/hw_core_null-machine.c.o
[1186/1665] Compiling C object libsystem.a.p/hw_core_machine-hmp-cmds.c.o
[1187/1665] Compiling C object libsystem.a.p/hw_core_qdev-fw.c.o
[1188/1665] Compiling C object libsystem.a.p/hw_core_machine-qmp-cmds.c.o
[1189/1665] Compiling C object libsystem.a.p/hw_core_reset.c.o
[1190/1665] Compiling C object libsystem.a.p/hw_core_qdev-hotplug.c.o
[1191/1665] Compiling C object libsystem.a.p/hw_core_vm-change-state-handler.c.o
[1192/1665] Compiling C object libsystem.a.p/hw_core_clock-vmstate.c.o
[1193/1665] Compiling C object libsystem.a.p/hw_core_numa.c.o
[1194/1665] Compiling C object libsystem.a.p/hw_core_sysbus.c.o
[1195/1665] Compiling C object libsystem.a.p/hw_display_ramfb-stubs.c.o
[1196/1665] Compiling C object libsystem.a.p/hw_cpu_core.c.o
[1197/1665] Compiling C object libsystem.a.p/hw_display_edid-region.c.o
[1198/1665] Compiling C object libsystem.a.p/hw_cxl_cxl-host-stubs.c.o
[1199/1665] Compiling C object libsystem.a.p/hw_display_edid-generate.c.o
[1200/1665] Compiling C++ object libsystem.a.p/ui_xui_reporting.cc.o
[1201/1665] Compiling C object libsystem.a.p/hw_core_machine.c.o
[1202/1665] Compiling C object libsystem.a.p/hw_core_qdev-properties-system.c.o
[1203/1665] Compiling C object libsystem.a.p/hw_hyperv_hv-balloon-stub.c.o
[1204/1665] Compiling C object libsystem.a.p/hw_display_acpi-vga.c.o
[1205/1665] Compiling C object libsystem.a.p/hw_i2c_smbus_slave.c.o
[1206/1665] Compiling C object libsystem.a.p/hw_i2c_smbus_master.c.o
[1207/1665] Compiling C object libsystem.a.p/hw_dma_i8257.c.o
[1208/1665] Compiling C object libsystem.a.p/hw_display_vga-pci.c.o
[1209/1665] Compiling C object libsystem.a.p/hw_i2c_core.c.o
[1210/1665] Compiling C object libsystem.a.p/hw_core_loader.c.o
[1211/1665] Compiling C object libsystem.a.p/hw_i2c_pm_smbus.c.o
[1212/1665] Compiling C object libsystem.a.p/hw_i2c_smbus_eeprom.c.o
[1213/1665] Compiling C object libsystem.a.p/hw_ide_cf.c.o
[1214/1665] Compiling C object libsystem.a.p/hw_ide_ide-bus.c.o
[1215/1665] Compiling C object libsystem.a.p/hw_ide_ioport.c.o
[1216/1665] Compiling C object libsystem.a.p/hw_ide_ide-dev.c.o
[1217/1665] Compiling C object libsystem.a.p/hw_intc_intc.c.o
[1218/1665] Compiling C object libsystem.a.p/hw_ide_piix.c.o
[1219/1665] Compiling C object libsystem.a.p/hw_ide_pci.c.o
[1220/1665] Compiling C object libsystem.a.p/hw_input_hid.c.o
[1221/1665] Compiling C object libsystem.a.p/hw_intc_i8259_common.c.o
[1222/1665] Compiling C object libsystem.a.p/hw_input_pckbd.c.o
[1223/1665] Compiling C object libsystem.a.p/hw_ide_atapi.c.o
[1224/1665] Compiling C object libsystem.a.p/hw_intc_kvm_irqcount.c.o
[1225/1665] Compiling C object libsystem.a.p/hw_intc_ioapic_common.c.o
[1226/1665] Compiling C object libsystem.a.p/hw_intc_i8259.c.o
[1227/1665] Compiling C object libsystem.a.p/hw_mem_cxl_type3_stubs.c.o
[1228/1665] Compiling C object libsystem.a.p/hw_isa_apm.c.o
[1229/1665] Compiling C object libsystem.a.p/hw_isa_isa-bus.c.o
[1230/1665] Compiling C object libsystem.a.p/hw_input_ps2.c.o
[1231/1665] Compiling C object libsystem.a.p/hw_net_vhost_net-stub.c.o
[1232/1665] Compiling C object libsystem.a.p/hw_display_vga.c.o
[1233/1665] Compiling C object libsystem.a.p/hw_isa_piix.c.o
[1234/1665] Compiling C object libsystem.a.p/hw_mem_pc-dimm.c.o
[1235/1665] Compiling C object libsystem.a.p/hw_net_rocker_qmp-norocker.c.o
[1236/1665] Compiling C object libsystem.a.p/hw_misc_pci-testdev.c.o
[1237/1665] Compiling C object libsystem.a.p/hw_misc_ivshmem-flat.c.o
[1238/1665] Compiling C object libsystem.a.p/hw_mem_memory-device.c.o
[1239/1665] Compiling C object libsystem.a.p/hw_net_rocker_rocker-hmp-cmds.c.o
[1240/1665] Compiling C object libsystem.a.p/hw_nvram_fw_cfg-interface.c.o
[1241/1665] Compiling C object libsystem.a.p/hw_ide_core.c.o
[1242/1665] Compiling C object libsystem.a.p/hw_pci_msi.c.o
[1243/1665] Compiling C object libsystem.a.p/hw_pci_pci_host.c.o
[1244/1665] Compiling C object libsystem.a.p/hw_pci_pci-hmp-cmds.c.o
[1245/1665] Compiling C object libsystem.a.p/hw_pci_pci_bridge.c.o
[1246/1665] Compiling C object libsystem.a.p/hw_pci_pci-qmp-cmds.c.o
[1247/1665] Compiling C object libsystem.a.p/hw_pci_msix.c.o
[1248/1665] Compiling C object libsystem.a.p/hw_pci_pcie_sriov.c.o
[1249/1665] Compiling C object libsystem.a.p/hw_pci_slotid_cap.c.o
[1250/1665] Compiling C object libsystem.a.p/hw_nvram_fw_cfg.c.o
[1251/1665] Compiling C object libsystem.a.p/hw_pci-bridge_pci_expander_bridge_stubs.c.o
[1252/1665] Compiling C object libsystem.a.p/hw_pci-host_pam.c.o
[1253/1665] Compiling C object libsystem.a.p/hw_pci_shpc.c.o
[1254/1665] Compiling C object libsystem.a.p/hw_pci_pcie_doe.c.o
[1255/1665] Compiling C object libsystem.a.p/hw_scsi_emulation.c.o
[1256/1665] Compiling C object libsystem.a.p/hw_pci_pcie_aer.c.o
[1257/1665] Compiling C object libsystem.a.p/hw_smbios_smbios-stub.c.o
[1258/1665] Compiling C object libsystem.a.p/hw_pci-host_i440fx.c.o
[1259/1665] Compiling C object libsystem.a.p/hw_timer_i8254_common.c.o
[1260/1665] Compiling C object libsystem.a.p/hw_uefi_hardware-info.c.o
[1261/1665] Compiling C object libsystem.a.p/hw_pci_pcie.c.o
[1262/1665] Compiling C object libsystem.a.p/hw_timer_i8254.c.o
[1263/1665] Compiling C object libsystem.a.p/hw_rtc_mc146818rtc.c.o
[1264/1665] Compiling C object libsystem.a.p/hw_scsi_scsi-generic.c.o
[1265/1665] Compiling C object libsystem.a.p/hw_uefi_ovmf-log.c.o
[1266/1665] Compiling C object libsystem.a.p/hw_usb_combined-packet.c.o
[1267/1665] Compiling C object libsystem.a.p/hw_usb_desc-msos.c.o
[1268/1665] Compiling C object libsystem.a.p/hw_usb_libhw.c.o
[1269/1665] Compiling C object libsystem.a.p/hw_usb_pcap.c.o
[1270/1665] Compiling C object libsystem.a.p/hw_usb_bus.c.o
[1271/1665] Compiling C object libsystem.a.p/hw_pci_pci.c.o
[1272/1665] Compiling C object libsystem.a.p/hw_usb_core.c.o
[1273/1665] Compiling C object libsystem.a.p/hw_scsi_scsi-bus.c.o
[1274/1665] Compiling C object libsystem.a.p/hw_usb_desc.c.o
[1275/1665] Compiling C object libsystem.a.p/hw_usb_imx-usb-phy.c.o
[1276/1665] Compiling C object libsystem.a.p/hw_usb_hcd-ohci-pci.c.o
[1277/1665] Compiling C object libsystem.a.p/hw_scsi_scsi-disk.c.o
[1278/1665] Compiling C object libsystem.a.p/hw_usb_dev-storage-bot.c.o
[1279/1665] Compiling C object libsystem.a.p/hw_usb_dev-hid.c.o
[1280/1665] Compiling C object libsystem.a.p/hw_usb_dev-wacom.c.o
[1281/1665] Compiling C object libsystem.a.p/hw_usb_dev-hub.c.o
[1282/1665] Compiling C object libsystem.a.p/hw_usb_dev-storage-classic.c.o
[1283/1665] Compiling C object libsystem.a.p/hw_usb_dev-storage.c.o
[1284/1665] Compiling C object libsystem.a.p/hw_usb_hcd-uhci.c.o
[1285/1665] Compiling C object libsystem.a.p/hw_usb_dev-audio.c.o
[1286/1665] Compiling C object libsystem.a.p/hw_vfio_iommufd-stubs.c.o
[1287/1665] Compiling C object libsystem.a.p/hw_usb_u2f.c.o
[1288/1665] Compiling C object libsystem.a.p/hw_usb_dev-uas.c.o
[1289/1665] Compiling C object libsystem.a.p/hw_usb_dev-network.c.o
[1290/1665] Compiling C object libsystem.a.p/hw_usb_dev-serial.c.o
[1291/1665] Compiling C object libsystem.a.p/hw_virtio_virtio-stub.c.o
[1292/1665] Compiling C object libsystem.a.p/hw_usb_u2f-passthru.c.o
[1293/1665] Compiling C object libsystem.a.p/hw_virtio_vhost-stub.c.o
[1294/1665] Compiling C object libsystem.a.p/hw_usb_hcd-ohci.c.o
[1295/1665] Compiling C object libsystem.a.p/hw_virtio_virtio-acpi.c.o
[1296/1665] Compiling C object libsystem.a.p/hw_usb_dev-smartcard-reader.c.o
[1297/1665] Compiling C object libsystem.a.p/hw_watchdog_watchdog.c.o
[1298/1665] Compiling C object libsystem.a.p/hw_virtio_virtio-md-stubs.c.o
[1299/1665] Compiling C object libsystem.a.p/hw_xen_xen_stubs.c.o
[1300/1665] Compiling C object libsystem.a.p/hw_virtio_virtio-hmp-cmds.c.o
[1301/1665] Compiling C object libsystem.a.p/hw_watchdog_wdt_ib700.c.o
[1302/1665] Compiling C object libsystem.a.p/audio_noaudio.c.o
[1303/1665] Compiling C object libsystem.a.p/audio_wavaudio.c.o
[1304/1665] Compiling C object libsystem.a.p/audio_audio-hmp-cmds.c.o
[1305/1665] Compiling C object libsystem.a.p/audio_wavcapture.c.o
[1306/1665] Compiling C object libsystem.a.p/chardev_char-hmp-cmds.c.o
[1307/1665] Compiling C object libsystem.a.p/fsdev_qemu-fsdev-opts.c.o
[1308/1665] Compiling C object libsystem.a.p/chardev_testdev.c.o
[1309/1665] Compiling C object libsystem.a.p/chardev_msmouse.c.o
[1310/1665] Compiling C object libsystem.a.p/hw_usb_dev-mtp.c.o
[1311/1665] Compiling C object libsystem.a.p/fsdev_qemu-fsdev-throttle.c.o
[1312/1665] Compiling C object libsystem.a.p/fsdev_qemu-fsdev-dummy.c.o
[1313/1665] Compiling C object libsystem.a.p/chardev_wctablet.c.o
[1314/1665] Compiling C object libsystem.a.p/dump_dump-hmp-cmds.c.o
[1315/1665] Compiling C object libsystem.a.p/audio_mixeng.c.o
[1316/1665] Compiling C object libsystem.a.p/block_block-ram-registrar.c.o
[1317/1665] Compiling C object libsystem.a.p/block_blkreplay.c.o
[1318/1665] Compiling C object libsystem.a.p/cpu-target.c.o
[1319/1665] Compiling C object libsystem.a.p/block_qapi-system.c.o
[1320/1665] Compiling C object libsystem.a.p/system_balloon.c.o
[1321/1665] Compiling C object libsystem.a.p/system_datadir.c.o
[1322/1665] Compiling C object libsystem.a.p/system_cpu-timers.c.o
[1323/1665] Compiling C object libsystem.a.p/system_exit-with-parent.c.o
[1324/1665] Compiling C object libsystem.a.p/system_bootdevice.c.o
[1325/1665] Compiling C object libsystem.a.p/block_monitor_block-hmp-cmds.c.o
[1326/1665] Compiling C object libsystem.a.p/system_dma-helpers.c.o
[1327/1665] Compiling C object libsystem.a.p/system_cpus.c.o
[1328/1665] Compiling C object libsystem.a.p/system_globals.c.o
[1329/1665] Compiling C object libsystem.a.p/audio_audio.c.o
[1330/1665] Compiling C object libsystem.a.p/system_dirtylimit.c.o
[1331/1665] Compiling C object libsystem.a.p/dump_dump.c.o
[1332/1665] Compiling C object libsystem.a.p/system_memory_mapping.c.o
[1333/1665] Compiling C object libsystem.a.p/system_ram-block-attributes.c.o
[1334/1665] Compiling C object libsystem.a.p/system_ioport.c.o
[1335/1665] Compiling C object libsystem.a.p/system_runstate-action.c.o
[1336/1665] Compiling C object libsystem.a.p/system_rtc.c.o
[1337/1665] Compiling C object libsystem.a.p/system_tpm-hmp-cmds.c.o
[1338/1665] Compiling C object libsystem.a.p/system_runstate-hmp-cmds.c.o
[1339/1665] Compiling C object libsystem.a.p/system_device_tree-stub.c.o
[1340/1665] Compiling C object libsystem.a.p/system_watchpoint.c.o
[1341/1665] Compiling C object libsystem.a.p/system_async-teardown.c.o
[1342/1665] Compiling C object libsystem.a.p/target-info-qom.c.o
[1343/1665] Compiling C object libsystem.a.p/system_qdev-monitor.c.o
[1344/1665] Compiling C object libsystem.a.p/system_qtest.c.o
[1345/1665] Compiling C object libsystem.a.p/backends_cryptodev-hmp-cmds.c.o
[1346/1665] Compiling C object libsystem.a.p/system_runstate.c.o
[1347/1665] Compiling C object libsystem.a.p/backends_cryptodev-builtin.c.o
[1348/1665] Compiling C object libsystem.a.p/backends_rng-builtin.c.o
[1349/1665] Compiling C object libsystem.a.p/backends_hostmem-ram.c.o
[1350/1665] Compiling C object libsystem.a.p/backends_rng-egd.c.o
[1351/1665] Compiling C object libsystem.a.p/backends_confidential-guest-support.c.o
[1352/1665] Compiling C object libsystem.a.p/backends_rng.c.o
[1353/1665] Compiling C object libsystem.a.p/backends_cryptodev.c.o
[1354/1665] Compiling C object libsystem.a.p/backends_hostmem.c.o
[1355/1665] Compiling C object libsystem.a.p/backends_rng-random.c.o
[1356/1665] Compiling C object libsystem.a.p/backends_host_iommu_device.c.o
[1357/1665] Compiling C object libsystem.a.p/system_vl.c.o
[1358/1665] Compiling C object libsystem.a.p/backends_hostmem-shm.c.o
[1359/1665] Compiling C object libsystem.a.p/backends_hostmem-memfd.c.o
[1360/1665] Compiling C object libsystem.a.p/backends_spdm-socket.c.o
[1361/1665] Compiling C object libsystem.a.p/backends_hostmem-file.c.o
[1362/1665] Compiling C object libsystem.a.p/migration_block-active.c.o
[1363/1665] Compiling C object libsystem.a.p/disas_disas-mon.c.o
[1364/1665] Compiling C object libsystem.a.p/migration_channel.c.o
[1365/1665] Compiling C object libsystem.a.p/migration_channel-block.c.o
[1366/1665] Compiling C object libsystem.a.p/migration_cpr-transfer.c.o
[1367/1665] Compiling C object libsystem.a.p/migration_cpr-exec.c.o
[1368/1665] Compiling C object libsystem.a.p/migration_cpr.c.o
[1369/1665] Compiling C object libsystem.a.p/migration_exec.c.o
[1370/1665] Compiling C object libsystem.a.p/migration_cpu-throttle.c.o
[1371/1665] Compiling C object libsystem.a.p/migration_fd.c.o
[1372/1665] Compiling C object libsystem.a.p/migration_block-dirty-bitmap.c.o
[1373/1665] Compiling C object libsystem.a.p/migration_file.c.o
[1374/1665] Compiling C object libsystem.a.p/migration_global_state.c.o
[1375/1665] Compiling C object libsystem.a.p/migration_multifd-device-state.c.o
[1376/1665] Compiling C object libsystem.a.p/system_memory.c.o
[1377/1665] Compiling C object libsystem.a.p/migration_dirtyrate.c.o
[1378/1665] Compiling C object libsystem.a.p/migration_multifd-zero-page.c.o
[1379/1665] Compiling C object libsystem.a.p/migration_multifd-nocomp.c.o
[1380/1665] Compiling C object libsystem.a.p/migration_multifd-zlib.c.o
[1381/1665] Compiling C object libsystem.a.p/migration_migration-hmp-cmds.c.o
[1382/1665] Compiling C object libsystem.a.p/migration_threadinfo.c.o
[1383/1665] Compiling C object libsystem.a.p/migration_multifd.c.o
[1384/1665] Compiling C object libsystem.a.p/migration_socket.c.o
[1385/1665] Compiling C object libsystem.a.p/migration_tls.c.o
[1386/1665] Compiling C object libsystem.a.p/migration_colo-stubs.c.o
[1387/1665] Compiling C object libsystem.a.p/migration_options.c.o
[1388/1665] Compiling C object libsystem.a.p/migration_vfio-stub.c.o
[1389/1665] Compiling C object libsystem.a.p/monitor_hmp-cmds.c.o
[1390/1665] Compiling C object libsystem.a.p/monitor_qmp-cmds.c.o
[1391/1665] Compiling C object libsystem.a.p/monitor_fds.c.o
[1392/1665] Compiling C object libsystem.a.p/monitor_qemu-config-qmp.c.o
[1393/1665] Compiling C object libsystem.a.p/migration_postcopy-ram.c.o
[1394/1665] Compiling C object libsystem.a.p/net_announce.c.o
[1395/1665] Compiling C object libsystem.a.p/net_checksum.c.o
[1396/1665] Compiling C object libsystem.a.p/net_dump.c.o
[1397/1665] Compiling C object libsystem.a.p/migration_migration.c.o
[1398/1665] Compiling C object libsystem.a.p/net_eth.c.o
[1399/1665] Compiling C object libsystem.a.p/net_dgram.c.o
[1400/1665] Compiling C object libsystem.a.p/net_filter-buffer.c.o
[1401/1665] Compiling C object libsystem.a.p/monitor_hmp.c.o
[1402/1665] Compiling C object libsystem.a.p/system_physmem.c.o
[1403/1665] Compiling C object libsystem.a.p/net_filter-mirror.c.o
[1404/1665] Compiling C object libsystem.a.p/net_hub.c.o
[1405/1665] Compiling C object libsystem.a.p/net_filter.c.o
[1406/1665] Compiling C object libsystem.a.p/net_net-hmp-cmds.c.o
[1407/1665] Compiling C object libsystem.a.p/net_queue.c.o
[1408/1665] Compiling C object libsystem.a.p/net_util.c.o
[1409/1665] Compiling C object libsystem.a.p/net_stream.c.o
[1410/1665] Compiling C object libsystem.a.p/net_colo-stubs.c.o
[1411/1665] Compiling C object libsystem.a.p/net_stream_data.c.o
[1412/1665] Compiling C object libsystem.a.p/migration_savevm.c.o
[1413/1665] Compiling C object libsystem.a.p/net_filter-replay.c.o
[1414/1665] Compiling C object libsystem.a.p/net_socket.c.o
[1415/1665] Compiling C object libsystem.a.p/net_pcap.c.o
[1416/1665] Compiling C object libsystem.a.p/net_tap-linux.c.o
[1417/1665] Compiling C object libsystem.a.p/migration_ram.c.o
[1418/1665] Compiling C object libsystem.a.p/replay_replay.c.o
[1419/1665] Compiling C object libsystem.a.p/replay_replay-time.c.o
[1420/1665] Compiling C object libsystem.a.p/replay_replay-events.c.o
[1421/1665] Compiling C object libsystem.a.p/replay_replay-internal.c.o
[1422/1665] Compiling C object libsystem.a.p/replay_replay-input.c.o
[1423/1665] Compiling C object libsystem.a.p/replay_replay-char.c.o
[1424/1665] Compiling C object libsystem.a.p/net_slirp.c.o
[1425/1665] Compiling C object libsystem.a.p/replay_replay-net.c.o
[1426/1665] Compiling C object libsystem.a.p/semihosting_stubs-system.c.o
[1427/1665] Compiling C object libsystem.a.p/replay_replay-snapshot.c.o
[1428/1665] Compiling C object libsystem.a.p/replay_replay-random.c.o
[1429/1665] Compiling C object libsystem.a.p/net_tap.c.o
[1430/1665] Compiling C object libsystem.a.p/replay_replay-audio.c.o
[1431/1665] Compiling C object libsystem.a.p/semihosting_arm-compat-semi-stub.c.o
[1432/1665] Compiling C object libsystem.a.p/net_net.c.o
[1433/1665] Compiling C object libsystem.a.p/replay_replay-debugging.c.o
[1434/1665] Compiling C object libsystem.a.p/stats_stats-qmp-cmds.c.o
[1435/1665] Compiling C object libsystem.a.p/tcg_tcg-common.c.o
[1436/1665] Compiling C object libsystem.a.p/stats_stats-hmp-cmds.c.o
[1437/1665] Compiling C object libsystem.a.p/tcg_region.c.o
[1438/1665] Compiling C object libsystem.a.p/tcg_perf.c.o
[1439/1665] Compiling C object libsystem.a.p/accel_accel-system.c.o
[1440/1665] Compiling C object libsystem.a.p/accel_accel-blocker.c.o
[1441/1665] Compiling C object libsystem.a.p/accel_accel-qmp.c.o
[1442/1665] Compiling C object libsystem.a.p/accel_accel-irq.c.o
[1443/1665] Compiling C object libsystem.a.p/accel_tcg_cpu-exec-common.c.o
[1444/1665] Compiling C object libsystem.a.p/tcg_tcg-op-fp.c.o
[1445/1665] Compiling C object libsystem.a.p/tcg_tcg-op-vec.c.o
[1446/1665] Compiling C object libsystem.a.p/accel_tcg_tcg-all.c.o
[1447/1665] Compiling C object libsystem.a.p/accel_tcg_tb-maint.c.o
[1448/1665] Compiling C object libsystem.a.p/accel_tcg_tcg-runtime.c.o
[1449/1665] Compiling C object libsystem.a.p/accel_tcg_cpu-exec.c.o
[1450/1665] Compiling C object libsystem.a.p/tcg_tcg-op-ldst.c.o
[1451/1665] Compiling C object libsystem.a.p/accel_tcg_tcg-stats.c.o
[1452/1665] Compiling C object libsystem.a.p/accel_tcg_translate-all.c.o
[1453/1665] Compiling C object libsystem.a.p/accel_tcg_monitor.c.o
[1454/1665] Compiling C object libsystem.a.p/accel_tcg_icount-common.c.o
[1455/1665] Compiling C object libsystem.a.p/accel_tcg_tcg-accel-ops.c.o
[1456/1665] Compiling C object libsystem.a.p/tcg_optimize.c.o
[1457/1665] Compiling C object libsystem.a.p/accel_tcg_tcg-accel-ops-icount.c.o
[1458/1665] Compiling C object libsystem.a.p/accel_tcg_tcg-accel-ops-mttcg.c.o
[1459/1665] Compiling C object libsystem.a.p/accel_dummy-cpus.c.o
[1460/1665] Compiling C object libsystem.a.p/accel_tcg_watchpoint.c.o
[1461/1665] Compiling C object libsystem.a.p/accel_tcg_tcg-accel-ops-rr.c.o
[1462/1665] Compiling C object libsystem.a.p/accel_tcg_translator.c.o
[1463/1665] Compiling C object libsystem.a.p/ebpf_ebpf_rss-stub.c.o
[1464/1665] Compiling C object libcommon.a.p/page-vary-common.c.o
[1465/1665] Compiling C object libsystem.a.p/tcg_tcg-op.c.o
[1466/1665] Compiling C object libsystem.a.p/tcg_tcg-op-gvec.c.o
[1467/1665] Compiling C object libcommon.a.p/hw_core_machine-smp.c.o
[1468/1665] Compiling C object libcommon.a.p/hw_core_cpu-common.c.o
[1469/1665] Compiling C object libcommon.a.p/target-info.c.o
[1470/1665] Compiling C object libcommon.a.p/cpu-common.c.o
[1471/1665] Compiling C object libcommon.a.p/disas_disas-host.c.o
[1472/1665] Compiling C object libcommon.a.p/disas_disas-target.c.o
[1473/1665] Compiling C object libcommon.a.p/disas_objdump.c.o
[1474/1665] Compiling C object libcommon.a.p/semihosting_stubs-all.c.o
[1475/1665] Compiling C object libcommon.a.p/disas_disas-common.c.o
[1476/1665] Compiling C object libcommon.a.p/accel_accel-common.c.o
[1477/1665] Compiling C object libqemu-i386-softmmu.a.p/meson-generated_.._i386-softmmu-gdbstub-xml.c.o
[1478/1665] Compiling C object libqemu-i386-softmmu.a.p/target_i386_arch_memory_mapping.c.o
[1479/1665] Compiling C object libqemu-i386-softmmu.a.p/target_i386_arch_dump.c.o
[1480/1665] Compiling C object libqemu-i386-softmmu.a.p/target_i386_cpu-apic.c.o
[1481/1665] Compiling C object libsystem.a.p/hw_usb_host-libusb.c.o
[1482/1665] Compiling C object libqemu-i386-softmmu.a.p/target_i386_machine.c.o
[1483/1665] Compiling C object libqemu-i386-softmmu.a.p/target_i386_monitor.c.o
[1484/1665] Compiling C object libqemu-i386-softmmu.a.p/target_i386_cpu-system.c.o
[1485/1665] Compiling C object libqemu-i386-softmmu.a.p/target_i386_sev-system-stub.c.o
[1486/1665] Compiling C object libqemu-i386-softmmu.a.p/target_i386_kvm_hyperv-stub.c.o
[1487/1665] Compiling C object libqemu-i386-softmmu.a.p/target_i386_tcg_system_tcg-cpu.c.o
[1488/1665] Compiling C object libqemu-i386-softmmu.a.p/target_i386_tcg_system_fpu_helper.c.o
[1489/1665] Compiling C object libqemu-i386-softmmu.a.p/target_i386_tcg_system_excp_helper.c.o
[1490/1665] Compiling C object libqemu-i386-softmmu.a.p/hw_i386_fw_cfg.c.o
[1491/1665] Compiling C object libqemu-i386-softmmu.a.p/target_i386_tcg_system_smm_helper.c.o
[1492/1665] Compiling C object libqemu-i386-softmmu.a.p/target_i386_tcg_system_bpt_helper.c.o
[1493/1665] Compiling C object libqemu-i386-softmmu.a.p/hw_i386_e820_memory_layout.c.o
[1494/1665] Compiling C object libqemu-i386-softmmu.a.p/target_i386_tcg_system_misc_helper.c.o
[1495/1665] Compiling C object libqemu-i386-softmmu.a.p/target_i386_tcg_system_seg_helper.c.o
[1496/1665] Compiling C object libqemu-i386-softmmu.a.p/hw_i386_monitor.c.o
[1497/1665] Compiling C object libqemu-i386-softmmu.a.p/target_i386_tcg_system_svm_helper.c.o
[1498/1665] Compiling C object libsystem.a.p/accel_tcg_tcg-runtime-gvec.c.o
[1499/1665] Compiling C object libqemu-i386-softmmu.a.p/hw_i386_multiboot.c.o
[1500/1665] Compiling C object libqemu-i386-softmmu.a.p/hw_i386_x86-cpu.c.o
[1501/1665] Compiling C object libqemu-i386-softmmu.a.p/hw_i386_x86-iommu-stub.c.o
[1502/1665] Compiling C object libqemu-i386-softmmu.a.p/hw_i386_x86.c.o
[1503/1665] Compiling C object libqemu-i386-softmmu.a.p/hw_i386_amd_iommu-stub.c.o
[1504/1665] Compiling C object libqemu-i386-softmmu.a.p/hw_i386_sgx-stub.c.o
[1505/1665] Compiling C object libqemu-i386-softmmu.a.p/hw_i386_vapic.c.o
[1506/1665] Compiling C object libqemu-i386-softmmu.a.p/hw_i386_acpi-common.c.o
[1507/1665] Compiling C object libsystem.a.p/tcg_tcg.c.o
[1508/1665] Compiling C object libqemu-i386-softmmu.a.p/hw_i386_port92.c.o
[1509/1665] Compiling C object libqemu-i386-softmmu.a.p/target-info-stub.c.o
[1510/1665] Compiling C object libqemu-i386-softmmu.a.p/hw_i386_pc_sysfw.c.o
[1511/1665] Compiling C object libqemu-i386-softmmu.a.p/hw_i386_pc_sysfw_ovmf-stubs.c.o
[1512/1665] Compiling C object libsystem.a.p/accel_tcg_cputlb.c.o
[1513/1665] Compiling C object libqemu-i386-softmmu.a.p/hw_i386_x86-common.c.o
[1514/1665] Compiling C object libqemu-i386-softmmu.a.p/target_i386_gdbstub.c.o
[1515/1665] Compiling C object libqemu-i386-softmmu.a.p/target_i386_xsave_helper.c.o
[1516/1665] Compiling C object libqemu-i386-softmmu.a.p/target_i386_tcg_access.c.o
[1517/1665] Compiling C object libqemu-i386-softmmu.a.p/target_i386_cpu-dump.c.o
[1518/1665] Compiling C object libqemu-i386-softmmu.a.p/hw_i386_pc.c.o
[1519/1665] Compiling C object libqemu-i386-softmmu.a.p/target_i386_helper.c.o
[1520/1665] Compiling C object libqemu-i386-softmmu.a.p/target_i386_tcg_bpt_helper.c.o
[1521/1665] Compiling C object libqemu-i386-softmmu.a.p/target_i386_tcg_excp_helper.c.o
[1522/1665] Compiling C object libqemu-i386-softmmu.a.p/target_i386_cpu.c.o
[1523/1665] Compiling C object libqemu-i386-softmmu.a.p/target_i386_tcg_cc_helper.c.o
[1524/1665] Compiling C object libqemu-i386-softmmu.a.p/target_i386_tcg_misc_helper.c.o
[1525/1665] Compiling C object libqemu-i386-softmmu.a.p/target_i386_tcg_mem_helper.c.o
[1526/1665] Compiling C object libqemu-i386-softmmu.a.p/target_i386_tcg_int_helper.c.o
[1527/1665] Compiling C object libqemu-i386-softmmu.a.p/target_i386_tcg_tcg-cpu.c.o
[1528/1665] Compiling C object libqemu-i386-softmmu.a.p/hw_i386_kvm_xen-stubs.c.o
[1529/1665] Compiling C object libqemu-i386-softmmu.a.p/hw_nvram_fw_cfg-acpi.c.o
[1530/1665] Compiling C object libqemu-i386-softmmu.a.p/hw_intc_apic_common.c.o
[1531/1665] Compiling C object libqemu-i386-softmmu.a.p/hw_intc_ioapic.c.o
[1532/1665] Compiling C object libqemu-i386-softmmu.a.p/target_i386_tcg_mpx_helper.c.o
[1533/1665] Compiling C object libqemu-i386-softmmu.a.p/hw_xbox_acpi_xbox.c.o
[1534/1665] Compiling C object libqemu-i386-softmmu.a.p/hw_xbox_eeprom_generation.c.o
[1535/1665] Compiling C object libqemu-i386-softmmu.a.p/hw_xbox_amd_smbus.c.o
[1536/1665] Compiling C object libqemu-i386-softmmu.a.p/hw_xbox_lpc47m157.c.o
[1537/1665] Compiling C object libqemu-i386-softmmu.a.p/hw_intc_apic.c.o
[1538/1665] Compiling C object libqemu-i386-softmmu.a.p/hw_xbox_smbus_adm1032.c.o
[1539/1665] Compiling C object libqemu-i386-softmmu.a.p/hw_xbox_smbus_cx25871.c.o
[1540/1665] Compiling C object libqemu-i386-softmmu.a.p/hw_xbox_smbus_xcalibur.c.o
[1541/1665] Compiling C object libqemu-i386-softmmu.a.p/hw_xbox_smbus_fs454.c.o
[1542/1665] Compiling C object libqemu-i386-softmmu.a.p/hw_xbox_smbus_storage.c.o
[1543/1665] Compiling C object libqemu-i386-softmmu.a.p/hw_xbox_smbus_xbox_smc.c.o
[1544/1665] Compiling C object libqemu-i386-softmmu.a.p/hw_xbox_xbox.c.o
[1545/1665] Compiling C object libqemu-i386-softmmu.a.p/hw_xbox_xbox_pci.c.o
[1546/1665] Compiling C object libqemu-i386-softmmu.a.p/hw_xbox_xid.c.o
[1547/1665] Compiling C object libqemu-i386-softmmu.a.p/target_i386_tcg_fpu_helper_hard.c.o
[1548/1665] Compiling C object libqemu-i386-softmmu.a.p/hw_xbox_xblc.c.o
[1549/1665] Compiling C object libqemu-i386-softmmu.a.p/hw_xbox_xid-gamepad.c.o
[1550/1665] Compiling C object libqemu-i386-softmmu.a.p/target_i386_tcg_seg_helper.c.o
[1551/1665] Compiling C object libqemu-i386-softmmu.a.p/hw_xbox_nv2a_pbus.c.o
[1552/1665] Compiling C object libqemu-i386-softmmu.a.p/hw_xbox_nv2a_pcrtc.c.o
[1553/1665] Compiling C object libqemu-i386-softmmu.a.p/hw_xbox_nv2a_pfb.c.o
[1554/1665] Compiling C object libqemu-i386-softmmu.a.p/hw_xbox_nv2a_pmc.c.o
[1555/1665] Compiling C object libqemu-i386-softmmu.a.p/hw_xbox_nv2a_nv2a.c.o
[1556/1665] Compiling C object libqemu-i386-softmmu.a.p/hw_xbox_nv2a_pfifo.c.o
[1557/1665] Compiling C object libqemu-i386-softmmu.a.p/hw_xbox_nv2a_ptimer_core.c.o
[1558/1665] Compiling C object libqemu-i386-softmmu.a.p/hw_xbox_nv2a_prmdio.c.o
[1559/1665] Compiling C object libqemu-i386-softmmu.a.p/hw_xbox_nv2a_pramdac.c.o
[1560/1665] Compiling C object libqemu-i386-softmmu.a.p/hw_xbox_nv2a_prmcio.c.o
[1561/1665] Compiling C object libqemu-i386-softmmu.a.p/hw_xbox_nv2a_prmvio.c.o
[1562/1665] Compiling C object libqemu-i386-softmmu.a.p/hw_xbox_nv2a_pvideo.c.o
[1563/1665] Compiling C object libqemu-i386-softmmu.a.p/hw_xbox_nv2a_pgraph_renderer-switch.c.o
[1564/1665] Compiling C object libqemu-i386-softmmu.a.p/hw_xbox_nv2a_stubs.c.o
[1565/1665] Compiling C object libqemu-i386-softmmu.a.p/hw_xbox_nv2a_ptimer.c.o
[1566/1665] Compiling C object libqemu-i386-softmmu.a.p/hw_xbox_nv2a_user.c.o
[1567/1665] Compiling C object libqemu-i386-softmmu.a.p/hw_xbox_nv2a_pgraph_profile.c.o
[1568/1665] Compiling C object libqemu-i386-softmmu.a.p/hw_xbox_nv2a_pgraph_swizzle.c.o
[1569/1665] Compiling C object libqemu-i386-softmmu.a.p/hw_xbox_nv2a_pgraph_reports.c.o
[1570/1665] Compiling C object libqemu-i386-softmmu.a.p/hw_xbox_nv2a_pgraph_rdi.c.o
[1571/1665] Compiling C object libqemu-i386-softmmu.a.p/hw_xbox_nv2a_pgraph_s3tc.c.o
[1572/1665] Compiling C object libqemu-i386-softmmu.a.p/hw_xbox_nv2a_pgraph_vertex.c.o
[1573/1665] Compiling C object libqemu-i386-softmmu.a.p/hw_xbox_nv2a_pgraph_gl_debug.c.o
[1574/1665] Compiling C object libqemu-i386-softmmu.a.p/hw_xbox_nv2a_pgraph_null_renderer.c.o
[1575/1665] Compiling C object libqemu-i386-softmmu.a.p/hw_xbox_nv2a_pgraph_texture.c.o
[1576/1665] Compiling C object libqemu-i386-softmmu.a.p/hw_xbox_nv2a_pgraph_gl_blit.c.o
../hw/xbox/nv2a/pgraph/gl/blit.c: In function ‘pgraph_gl_image_blit’:
../hw/xbox/nv2a/pgraph/gl/blit.c:180:18: warning: declaration of ‘dest’ shadows a previous local [-Wshadow=compatible-local]
  180 |         uint8_t *dest =
      |                  ^~~~
../hw/xbox/nv2a/pgraph/gl/blit.c:112:14: note: shadowed declaration is here
  112 |     uint8_t *dest = (uint8_t *)nv_dma_map(d, context_surfaces->dma_image_dest,
      |              ^~~~
../hw/xbox/nv2a/pgraph/gl/blit.c:212:22: warning: declaration of ‘dest’ shadows a previous local [-Wshadow=compatible-local]
  212 |             uint8_t *dest =
      |                      ^~~~
../hw/xbox/nv2a/pgraph/gl/blit.c:112:14: note: shadowed declaration is here
  112 |     uint8_t *dest = (uint8_t *)nv_dma_map(d, context_surfaces->dma_image_dest,
      |              ^~~~
[1577/1665] Compiling C object libqemu-i386-softmmu.a.p/hw_xbox_nv2a_pgraph_gl_display.c.o
[1578/1665] Compiling C object libqemu-i386-softmmu.a.p/hw_xbox_nv2a_pgraph_gl_draw-lifecycle.c.o
[1579/1665] Compiling C object libqemu-i386-softmmu.a.p/hw_xbox_nv2a_pgraph_gl_gpuprops.c.o
[1580/1665] Compiling C object libqemu-i386-softmmu.a.p/hw_xbox_nv2a_pgraph_gl_reports.c.o
[1581/1665] Compiling C object libqemu-i386-softmmu.a.p/hw_xbox_nv2a_pgraph_gl_draw.c.o
[1582/1665] Compiling C object libqemu-i386-softmmu.a.p/hw_xbox_nv2a_pgraph_gl_renderer.c.o
[1583/1665] Compiling C object libqemu-i386-softmmu.a.p/hw_xbox_nv2a_pgraph_gl_texture-stage.c.o
[1584/1665] Compiling C object libqemu-i386-softmmu.a.p/hw_xbox_nv2a_pgraph_glsl_common.c.o
[1585/1665] Compiling C object libqemu-i386-softmmu.a.p/hw_xbox_nv2a_pgraph_gl_shaders.c.o
[1586/1665] Compiling C object libqemu-i386-softmmu.a.p/hw_xbox_nv2a_pgraph_glsl_geom.c.o
[1587/1665] Compiling C object libqemu-i386-softmmu.a.p/hw_xbox_nv2a_pgraph_gl_vertex.c.o
[1588/1665] Compiling C object libqemu-i386-softmmu.a.p/hw_xbox_nv2a_pgraph_glsl_psh-uber.c.o
[1589/1665] Compiling C object libqemu-i386-softmmu.a.p/hw_xbox_nv2a_pgraph_glsl_shaders.c.o
[1590/1665] Compiling C object libqemu-i386-softmmu.a.p/hw_xbox_nv2a_pgraph_gl_texture.c.o
[1591/1665] Compiling C object libqemu-i386-softmmu.a.p/hw_xbox_nv2a_pgraph_gl_surface.c.o
[1592/1665] Compiling C object libqemu-i386-softmmu.a.p/hw_xbox_nv2a_pgraph_vk_device-selection.c.o
[1593/1665] Compiling C object libqemu-i386-softmmu.a.p/hw_xbox_nv2a_pgraph_pgraph.c.o
[1594/1665] Compiling C object libqemu-i386-softmmu.a.p/hw_xbox_nv2a_pgraph_glsl_vsh.c.o
[1595/1665] Compiling C object libqemu-i386-softmmu.a.p/hw_xbox_nv2a_pgraph_glsl_vsh-ff.c.o
[1596/1665] Compiling C object libqemu-i386-softmmu.a.p/hw_xbox_nv2a_pgraph_glsl_vsh-prog.c.o
[1597/1665] Compiling C object libqemu-i386-softmmu.a.p/hw_xbox_nv2a_pgraph_vk_device-inventory.c.o
[1598/1665] Compiling C object libqemu-i386-softmmu.a.p/hw_xbox_nv2a_pgraph_glsl_psh.c.o
[1599/1665] Compiling C object libqemu-i386-softmmu.a.p/hw_xbox_nv2a_pgraph_vk_failpoint.c.o
[1600/1665] Compiling C object libqemu-i386-softmmu.a.p/hw_xbox_nv2a_pgraph_vk_blit.c.o
../hw/xbox/nv2a/pgraph/vk/blit.c: In function ‘pgraph_vk_image_blit’:
../hw/xbox/nv2a/pgraph/vk/blit.c:191:18: warning: declaration of ‘dest’ shadows a previous local [-Wshadow=compatible-local]
  191 |         uint8_t *dest =
      |                  ^~~~
../hw/xbox/nv2a/pgraph/vk/blit.c:117:14: note: shadowed declaration is here
  117 |     uint8_t *dest = (uint8_t *)nv_dma_map(d, context_surfaces->dma_image_dest,
      |              ^~~~
../hw/xbox/nv2a/pgraph/vk/blit.c:223:22: warning: declaration of ‘dest’ shadows a previous local [-Wshadow=compatible-local]
  223 |             uint8_t *dest =
      |                      ^~~~
../hw/xbox/nv2a/pgraph/vk/blit.c:117:14: note: shadowed declaration is here
  117 |     uint8_t *dest = (uint8_t *)nv_dma_map(d, context_surfaces->dma_image_dest,
      |              ^~~~
[1601/1665] Compiling C object libqemu-i386-softmmu.a.p/hw_xbox_nv2a_pgraph_vk_command.c.o
[1602/1665] Compiling C object libqemu-i386-softmmu.a.p/hw_xbox_nv2a_pgraph_vk_debug.c.o
[1603/1665] Compiling C object libqemu-i386-softmmu.a.p/hw_xbox_nv2a_pgraph_vk_buffer.c.o
[1604/1665] Compiling C object libqemu-i386-softmmu.a.p/target_i386_tcg_fpu_helper.c.o
[1605/1665] Compiling C object libqemu-i386-softmmu.a.p/hw_xbox_nv2a_pgraph_vk_hybrid-compiler.c.o
[1606/1665] Compiling C object libqemu-i386-softmmu.a.p/hw_xbox_nv2a_pgraph_vk_gpuprops.c.o
[1607/1665] Compiling C object libqemu-i386-softmmu.a.p/hw_xbox_nv2a_pgraph_vk_hybrid-family-history.c.o
[1608/1665] Compiling C object libqemu-i386-softmmu.a.p/hw_xbox_nv2a_pgraph_vk_glsl.c.o
[1609/1665] Compiling C object libqemu-i386-softmmu.a.p/hw_xbox_nv2a_pgraph_vk_display.c.o
[1610/1665] Compiling C object libqemu-i386-softmmu.a.p/hw_xbox_nv2a_pgraph_vk_hybrid-prewarm.c.o
[1611/1665] Compiling C object libqemu-i386-softmmu.a.p/hw_xbox_nv2a_pgraph_vk_hybrid-trace.c.o
[1612/1665] Compiling C object libqemu-i386-softmmu.a.p/hw_xbox_nv2a_pgraph_vk_hybrid-pipeline-builder.c.o
[1613/1665] Compiling C object libqemu-i386-softmmu.a.p/hw_xbox_nv2a_pgraph_vk_hybrid-policy.c.o
[1614/1665] Compiling C object libqemu-i386-softmmu.a.p/hw_xbox_nv2a_pgraph_vk_hybrid-family.c.o
[1615/1665] Compiling C object libqemu-i386-softmmu.a.p/hw_xbox_nv2a_pgraph_vk_pipeline-cache-data.c.o
[1616/1665] Compiling C object libqemu-i386-softmmu.a.p/hw_xbox_nv2a_pgraph_vk_hybrid-family-codec.c.o
[1617/1665] Compiling C object libqemu-i386-softmmu.a.p/hw_xbox_nv2a_pgraph_vk_hybrid-prewarm-runtime.c.o
[1618/1665] Compiling C object libqemu-i386-softmmu.a.p/hw_xbox_nv2a_pgraph_vk_hybrid-wake.c.o
[1619/1665] Compiling C object libqemu-i386-softmmu.a.p/hw_xbox_nv2a_pgraph_vk_image.c.o
[1620/1665] Compiling C object libcommon.a.p/fpu_softfloat.c.o
[1621/1665] Compiling C object libqemu-i386-softmmu.a.p/hw_xbox_nv2a_pgraph_vk_perf.c.o
[1622/1665] Compiling C object libqemu-i386-softmmu.a.p/hw_xbox_nv2a_pgraph_vk_spirv-prewarm.c.o
[1623/1665] Compiling C object libqemu-i386-softmmu.a.p/hw_xbox_nv2a_pgraph_vk_renderer.c.o
[1624/1665] Compiling C object libqemu-i386-softmmu.a.p/hw_xbox_nv2a_pgraph_vk_instance.c.o
[1625/1665] Compiling C object libqemu-i386-softmmu.a.p/hw_xbox_nv2a_pgraph_vk_ubershader-controls.c.o
[1626/1665] Compiling C object libqemu-i386-softmmu.a.p/hw_xbox_nv2a_pgraph_vk_reports.c.o
[1627/1665] Compiling C object libqemu-i386-softmmu.a.p/hw_xbox_mcpx_aci.c.o
[1628/1665] Compiling C object libqemu-i386-softmmu.a.p/hw_xbox_nv2a_pgraph_vk_draw.c.o
[1629/1665] Compiling C object libqemu-i386-softmmu.a.p/hw_xbox_nv2a_pgraph_vk_surface-compute.c.o
[1630/1665] Compiling C object libqemu-i386-softmmu.a.p/hw_xbox_mcpx_apu_debug.c.o
[1631/1665] Compiling C object libqemu-i386-softmmu.a.p/hw_xbox_mcpx_apu_apu.c.o
[1632/1665] Compiling C object libqemu-i386-softmmu.a.p/hw_xbox_mcpx_apu_monitor.c.o
[1633/1665] Compiling C object libqemu-i386-softmmu.a.p/hw_xbox_nv2a_pgraph_vk_vertex.c.o
[1634/1665] Compiling C object libqemu-i386-softmmu.a.p/xemu-version.c.o
[1635/1665] Compiling C object libqemu-i386-softmmu.a.p/dump_win_dump.c.o
[1636/1665] Compiling C object libqemu-i386-softmmu.a.p/system_arch_init.c.o
[1637/1665] Compiling C object libqemu-i386-softmmu.a.p/system_globals-target.c.o
[1638/1665] Compiling C object libqemu-i386-softmmu.a.p/hw_xbox_mcpx_apu_dsp_gp_ep.c.o
[1639/1665] Compiling C object libqemu-i386-softmmu.a.p/xemu-xbe.c.o
[1640/1665] Compiling C object libqemu-i386-softmmu.a.p/page-vary-target.c.o
[1641/1665] Compiling C object libqemu-i386-softmmu.a.p/hw_xbox_nv2a_pgraph_vk_surface.c.o
[1642/1665] Compiling C object libqemu-i386-softmmu.a.p/hw_xbox_mcpx_nvnet_nvnet.c.o
[1643/1665] Compiling C object libqemu-i386-softmmu.a.p/accel_stubs_xen-stub.c.o
[1644/1665] Compiling C object libqemu-i386-softmmu.a.p/accel_accel-target.c.o
[1645/1665] Compiling C object libqemu-i386-softmmu.a.p/monitor_hmp-target.c.o
[1646/1665] Compiling C object libqemu-i386-softmmu.a.p/accel_stubs_hvf-stub.c.o
[1647/1665] Compiling C object libqemu-i386-softmmu.a.p/accel_stubs_nvmm-stub.c.o
[1648/1665] Compiling C object libqemu-i386-softmmu.a.p/hw_xbox_nv2a_pgraph_vk_texture.c.o
[1649/1665] Compiling C object libqemu-i386-softmmu.a.p/accel_stubs_whpx-stub.c.o
[1650/1665] Compiling C object libqemu-i386-softmmu.a.p/hw_xbox_nv2a_pgraph_vk_shaders.c.o
[1651/1665] Compiling C object qemu-system-i386.p/system_main.c.o
[1652/1665] Compiling C object libqemu-i386-softmmu.a.p/accel_stubs_kvm-stub.c.o
[1653/1665] Compiling C object libqemu-i386-softmmu.a.p/monitor_hmp-cmds-target.c.o
[1654/1665] Compiling C object libqemu-i386-softmmu.a.p/accel_qtest_qtest.c.o
[1655/1665] Compiling C object libqemu-i386-softmmu.a.p/accel_stubs_mshv-stub.c.o
[1656/1665] Compiling C object tests/unit/test-tcg-jump-cache-probe.p/_home_codex_src_steamdeck-xemu_worktrees_research245-jump-cache_accel_tcg_jump-cache-probe.c.o
[1657/1665] Compiling C object tests/unit/test-tcg-jump-cache-probe.p/test-tcg-jump-cache-probe.c.o
[1658/1665] Linking target tests/unit/test-tcg-jump-cache-probe
[1659/1665] Compiling C object libqemu-i386-softmmu.a.p/hw_xbox_mcpx_apu_vp_vp.c.o
[1660/1665] Compiling C object libqemu-i386-softmmu.a.p/target_i386_tcg_translate.c.o
[1661/1665] Compiling C++ object subprojects/glslang/libglslang.a.p/glslang_MachineIndependent_glslang_tab.cpp.o
[1662/1665] Linking static target subprojects/glslang/libglslang.a
[1663/1665] Compiling C++ object subprojects/implot/libimplot.a.p/implot_items.cpp.o
[1664/1665] Linking static target subprojects/implot/libimplot.a
[1665/1665] Linking target qemu-system-i386
FAILED: qemu-system-i386 
c++ -m64 @qemu-system-i386.rsp
/usr/bin/ld: libsystem.a.p/accel_tcg_cpu-exec.c.o: in function `tb_lookup':
/home/codex/src/steamdeck-xemu/worktrees/research245-jump-cache/build-probe/../accel/tcg/cpu-exec.c:265:(.text+0x4b7): undefined reference to `tcg_jump_cache_probe_lookup_begin'
/usr/bin/ld: /home/codex/src/steamdeck-xemu/worktrees/research245-jump-cache/build-probe/../accel/tcg/cpu-exec.c:300:(.text+0x4dc): undefined reference to `tcg_jump_cache_probe_lookup_end'
/usr/bin/ld: /home/codex/src/steamdeck-xemu/worktrees/research245-jump-cache/build-probe/../accel/tcg/cpu-exec.c:282:(.text+0x50e): undefined reference to `tcg_jump_cache_probe_lookup_end'
/usr/bin/ld: libsystem.a.p/accel_tcg_cpu-exec.c.o: in function `tcg_jump_cache_free':
/home/codex/src/steamdeck-xemu/worktrees/research245-jump-cache/build-probe/../accel/tcg/cpu-exec.c:1159:(.text+0x52c): undefined reference to `tcg_jump_cache_probe_free'
/usr/bin/ld: libsystem.a.p/accel_tcg_cpu-exec.c.o: in function `tcg_exec_realizefn':
/home/codex/src/steamdeck-xemu/worktrees/research245-jump-cache/build-probe/../accel/tcg/cpu-exec.c:1144:(.text+0x1ae2): undefined reference to `tcg_jump_cache_probe_new'
/usr/bin/ld: libsystem.a.p/accel_tcg_tb-maint.c.o: in function `tb_jmp_cache_inval_tb':
/home/codex/src/steamdeck-xemu/worktrees/research245-jump-cache/build-probe/../accel/tcg/tb-maint.c:912:(.text+0x882): undefined reference to `tcg_jump_cache_probe_clear'
/usr/bin/ld: /home/codex/src/steamdeck-xemu/worktrees/research245-jump-cache/build-probe/../accel/tcg/tb-maint.c:927:(.text+0x9cf): undefined reference to `tcg_jump_cache_probe_targeted'
/usr/bin/ld: libsystem.a.p/accel_tcg_translate-all.c.o: in function `tb_gen_code':
/home/codex/src/steamdeck-xemu/worktrees/research245-jump-cache/build-probe/../accel/tcg/translate-all.c:514:(.text+0x57d): undefined reference to `tcg_jump_cache_probe_codegen'
/usr/bin/ld: libsystem.a.p/accel_tcg_translate-all.c.o: in function `tcg_flush_jmp_cache':
/home/codex/src/steamdeck-xemu/worktrees/research245-jump-cache/build-probe/../accel/tcg/translate-all.c:686:(.text+0x10ff): undefined reference to `tcg_jump_cache_probe_clear'
/usr/bin/ld: libsystem.a.p/accel_tcg_tcg-stats.c.o: in function `dump_exec_info':
/home/codex/src/steamdeck-xemu/worktrees/research245-jump-cache/build-probe/../accel/tcg/tcg-stats.c:215:(.text+0x3dd): undefined reference to `tcg_jump_cache_probe_format'
collect2: error: ld returned 1 exit status
ninja: build stopped: subcommand failed.
