ninja: Entering directory `build-probe'
[0/1] Regenerating build files
The Meson build system
Version: 1.9.0
Source dir: /home/codex/src/steamdeck-xemu/worktrees/research245-jump-cache
Build dir: /home/codex/src/steamdeck-xemu/worktrees/research245-jump-cache/build-probe
Build type: native build
Project name: qemu
Project version: 10.2.0
C compiler for the host machine: cc -m64 (gcc 14.2.0 "cc (Debian 14.2.0-19) 14.2.0")
C linker for the host machine: cc -m64 ld.bfd 2.44
C++ compiler for the host machine: c++ -m64 (gcc 14.2.0 "c++ (Debian 14.2.0-19) 14.2.0")
C++ linker for the host machine: c++ -m64 ld.bfd 2.44
Host machine cpu family: x86_64
Host machine cpu: x86_64
Program scripts/symlink-install-tree.py found: YES (/home/codex/src/steamdeck-xemu/worktrees/research245-jump-cache/build-probe/pyvenv/bin/python3 /home/codex/src/steamdeck-xemu/worktrees/research245-jump-cache/scripts/symlink-install-tree.py)
Program sh found: YES (/usr/bin/sh)
Program python3 found: YES (/home/codex/src/steamdeck-xemu/worktrees/research245-jump-cache/build-probe/pyvenv/bin/python3)
Compiler for language rust skipped: feature rust disabled
Program iasl found: NO
Program bzip2 found: YES (/usr/bin/bzip2)
Program scripts/xemu-version.sh found: YES (/home/codex/src/steamdeck-xemu/worktrees/research245-jump-cache/scripts/xemu-version.sh)
Compiler for C supports link arguments -Wl,-z,relro: YES (cached)
Compiler for C supports link arguments -Wl,-z,now: YES (cached)
Checking if "-fzero-call-used-regs=used-gpr" compiles: YES (cached)
Compiler for C supports arguments -ftrivial-auto-var-init=zero: YES (cached)
Compiler for C supports arguments -fzero-call-used-regs=used-gpr: YES (cached)
Compiler for C supports arguments -Wempty-body: YES (cached)
Compiler for C supports arguments -Wendif-labels: YES (cached)
Compiler for C supports arguments -Wexpansion-to-defined: YES (cached)
Compiler for C supports arguments -Wformat-security: YES (cached)
Compiler for C supports arguments -Wformat-y2k: YES (cached)
Compiler for C supports arguments -Wignored-qualifiers: YES (cached)
Compiler for C supports arguments -Wimplicit-fallthrough=2: YES (cached)
Compiler for C supports arguments -Winit-self: YES (cached)
Compiler for C supports arguments -Wmissing-format-attribute: YES (cached)
Compiler for C supports arguments -Wmissing-prototypes: YES (cached)
Compiler for C supports arguments -Wnested-externs: YES (cached)
Compiler for C supports arguments -Wold-style-declaration: YES (cached)
Compiler for C supports arguments -Wold-style-definition: YES (cached)
Compiler for C supports arguments -Wredundant-decls: YES (cached)
Compiler for C supports arguments -Wshadow=local: YES (cached)
Compiler for C supports arguments -Wstrict-prototypes: YES (cached)
Compiler for C supports arguments -Wtype-limits: YES (cached)
Compiler for C supports arguments -Wwrite-strings: YES (cached)
Compiler for C supports arguments -Wno-gnu-variable-sized-type-not-at-end: NO (cached)
Compiler for C supports arguments -Wno-initializer-overrides: NO (cached)
Compiler for C supports arguments -Wno-missing-include-dirs: YES (cached)
Compiler for C supports arguments -Wno-psabi: YES (cached)
Compiler for C supports arguments -Wno-shift-negative-value: YES (cached)
Compiler for C supports arguments -Wno-string-plus-int: NO (cached)
Compiler for C supports arguments -Wno-tautological-type-limit-compare: NO (cached)
Compiler for C supports arguments -Wno-typedef-redefinition: NO (cached)
Compiler for C++ supports arguments -Wempty-body: YES (cached)
Compiler for C++ supports arguments -Wendif-labels: YES (cached)
Compiler for C++ supports arguments -Wexpansion-to-defined: YES (cached)
Compiler for C++ supports arguments -Wformat-security: YES (cached)
Compiler for C++ supports arguments -Wformat-y2k: YES (cached)
Compiler for C++ supports arguments -Wignored-qualifiers: YES (cached)
Compiler for C++ supports arguments -Wimplicit-fallthrough=2: YES (cached)
Compiler for C++ supports arguments -Winit-self: YES (cached)
Compiler for C++ supports arguments -Wmissing-format-attribute: YES (cached)
Compiler for C++ supports arguments -Wmissing-prototypes: NO (cached)
Compiler for C++ supports arguments -Wnested-externs: NO (cached)
Compiler for C++ supports arguments -Wold-style-declaration: NO (cached)
Compiler for C++ supports arguments -Wold-style-definition: NO (cached)
Compiler for C++ supports arguments -Wredundant-decls: YES (cached)
Compiler for C++ supports arguments -Wshadow=local: YES (cached)
Compiler for C++ supports arguments -Wstrict-prototypes: NO (cached)
Compiler for C++ supports arguments -Wtype-limits: YES (cached)
Compiler for C++ supports arguments -Wwrite-strings: YES (cached)
Compiler for C++ supports arguments -Wno-gnu-variable-sized-type-not-at-end: NO (cached)
Compiler for C++ supports arguments -Wno-initializer-overrides: NO (cached)
Compiler for C++ supports arguments -Wno-missing-include-dirs: YES (cached)
Compiler for C++ supports arguments -Wno-psabi: YES (cached)
Compiler for C++ supports arguments -Wno-shift-negative-value: YES (cached)
Compiler for C++ supports arguments -Wno-string-plus-int: NO (cached)
Compiler for C++ supports arguments -Wno-tautological-type-limit-compare: NO (cached)
Compiler for C++ supports arguments -Wno-typedef-redefinition: NO (cached)
Program cgcc skipped: feature sparse disabled
Library m found: YES
Dependency threads found: YES unknown (cached)
Library util found: YES
Dependency glib-2.0 found: YES 2.84.4 (cached)
Dependency gio-2.0 skipped: feature gio disabled
Program scripts/xml-preprocess.py found: YES (/home/codex/src/steamdeck-xemu/worktrees/research245-jump-cache/build-probe/pyvenv/bin/python3 /home/codex/src/steamdeck-xemu/worktrees/research245-jump-cache/scripts/xml-preprocess.py)
Dependency pixman-1 skipped: feature pixman disabled
Dependency zlib found: YES 1.3.1 (cached)
Library aio skipped: feature linux_aio disabled
Dependency liburing skipped: feature linux_io_uring disabled
Dependency libnfs skipped: feature libnfs disabled
Dependency appleframeworks (modules: Cocoa, CoreVideo, QuartzCore) skipped: feature cocoa disabled
Dependency appleframeworks (modules: vmnet) skipped: feature vmnet disabled
Dependency libseccomp skipped: feature seccomp disabled
Library cap-ng skipped: feature cap_ng disabled
Dependency xkbcommon skipped: feature xkbcommon disabled
Dependency slirp found: YES 4.8.0 (cached)
Library vdeplug skipped: feature vde disabled
Dependency libpulse skipped: feature pa disabled
Dependency alsa skipped: feature alsa disabled
Dependency jack skipped: feature jack disabled
Dependency libpipewire-0.3 skipped: feature pipewire disabled
Dependency sndio skipped: feature sndio disabled
Dependency spice-protocol skipped: feature spice_protocol disabled
Checking for function "shm_open" : YES (cached)
Dependency libiscsi skipped: feature libiscsi disabled
Dependency libzstd skipped: feature zstd disabled
Dependency qpl skipped: feature qpl disabled
Dependency libwd skipped: feature uadk disabled
Dependency libwd_comp skipped: feature uadk disabled
Dependency qatzip skipped: feature qatzip disabled
Dependency virglrenderer skipped: feature virglrenderer disabled
Dependency rutabaga_gfx_ffi skipped: feature rutabaga_gfx disabled
Dependency blkio skipped: feature blkio disabled
Dependency libcurl found: YES 8.14.1 (cached)
Dependency libudev skipped: feature libudev disabled
Dependency igvm skipped: feature igvm disabled
Library brlapi skipped: feature brlapi disabled
Dependency sdl3 found: YES 3.2.10 (cached)
Dependency SDL3_image skipped: feature sdl_image disabled
Library rados skipped: feature rbd disabled
Library rbd skipped: feature rbd disabled
Dependency glusterfs-api skipped: feature glusterfs disabled
Dependency libssh skipped: feature libssh disabled
Library bz2 skipped: feature bzip2 disabled
Library lzfse skipped: feature lzfse disabled
Has header "dsound.h" : NO (cached)
Dependency appleframeworks (modules: CoreAudio) skipped: feature coreaudio disabled
Dependency epoxy found: YES 1.5.10 (cached)
Dependency gbm found: YES 25.0.7-2+deb13u1 (cached)
Dependency libcbor skipped: feature libcbor disabled
Dependency libgcrypt skipped: feature gcrypt disabled
Dependency nettle skipped: feature nettle disabled
Dependency capstone skipped: feature capstone disabled
Dependency gmp found: YES 6.3.0 (cached)
Library pam skipped: feature auth_pam disabled
Library snappy skipped: feature snappy disabled
Library lzo2 skipped: feature lzo disabled
Library numa skipped: feature numa disabled
Library rdmacm skipped: feature rdma disabled
Library ibverbs skipped: feature rdma disabled
Dependency libcacard skipped: feature smartcard disabled
Dependency u2f-emu skipped: feature u2f disabled
Dependency canokey-qemu skipped: feature canokey disabled
Dependency libusbredirparser-0.5 skipped: feature usb_redir disabled
Dependency libusb-1.0 found: YES 1.0.28 (cached)
Dependency libpmem skipped: feature libpmem disabled
Dependency libdaxctl skipped: feature libdaxctl disabled
Dependency libkeyutils skipped: feature libkeyutils disabled
Checking for function "gettid" : YES (cached)
Dependency libselinux skipped: feature selinux disabled
Dependency fuse3 skipped: feature fuse disabled
Dependency libbpf skipped: feature bpf disabled
Dependency libdw skipped: feature libdw disabled
Dependency vulkan found: YES 1.4.309 (cached)
Found pkg-config: YES (/usr/bin/pkg-config) 1.8.1
Dependency glslang found: NO. Unknown version, but need: ['>=15.0.0']
Found CMake: /usr/bin/cmake (3.31.6)
NOTICE: CMake reported that the package glslang was not found with the following reason:
glslang could not be found because dependency Threads could not be found.
Run-time dependency glslang found: NO (tried pkgconfig)

Executing subproject glslang method cmake 

glslang| Found CMake: /usr/bin/cmake (3.31.6)

| Configuring the build directory with CMake version 3.31.6
| Running CMake with: -G Ninja -DCMAKE_INSTALL_PREFIX=/usr/local -DENABLE_OPT=False -DENABLE_HLSL=False -DCMAKE_BUILD_TYPE=Debug
| - build directory:          /home/codex/src/steamdeck-xemu/worktrees/research245-jump-cache/build-probe/subprojects/glslang/__CMake_build
| - source directory:         /home/codex/src/steamdeck-xemu/worktrees/research245-jump-cache/subprojects/glslang
| - toolchain file:           /home/codex/src/steamdeck-xemu/worktrees/research245-jump-cache/build-probe/subprojects/glslang/__CMake_build/CMakeMesonToolchainFile.cmake
| - preload file:             /home/codex/src/steamdeck-xemu/worktrees/research245-jump-cache/build-probe/pyvenv/lib/python3.13/site-packages/mesonbuild/cmake/data/preload.cmake
| - trace args:               --trace-expand --trace-format=json-v1 --no-warn-unused-cli --trace-redirect=cmake_trace.txt
| - disabled policy warnings: [CMP0025, CMP0047, CMP0056, CMP0060, CMP0065, CMP0066, CMP0067, CMP0082, CMP0089, CMP0102]

| Put cmake in trace mode, but with variables expanded.
| Put cmake in trace mode and sets the trace output format.
| Not searching for unused variables given on the command line.
| Put cmake in trace mode and redirect trace output to a file instead of stderr.
| Trace will be written to cmake_trace.txt
| -- The C compiler identification is GNU 14.2.0
| -- The CXX compiler identification is GNU 14.2.0
| -- Detecting C compiler ABI info
| -- Detecting C compiler ABI info - done
| -- Check for working C compiler: /usr/bin/cc - skipped
| -- Detecting C compile features
| -- Detecting C compile features - done
| -- Detecting CXX compiler ABI info
| -- Detecting CXX compiler ABI info - done
| -- Check for working CXX compiler: /usr/bin/c++ - skipped
| -- Detecting CXX compile features
| -- Detecting CXX compile features - done
| -- Google Mock was not found - tests based on that will not build
| CMake Warning at /home/codex/src/steamdeck-xemu/worktrees/research245-jump-cache/build-probe/pyvenv/lib/python3.13/site-packages/mesonbuild/cmake/data/preload.cmake:18 (message):
| The function 'target_precompile_headers' is disabled in the context of
| CMake subprojects.

| This should not be an issue but may lead to compilation errors.
| Call Stack (most recent call first):
| /home/codex/src/steamdeck-xemu/worktrees/research245-jump-cache/build-probe/pyvenv/lib/python3.13/site-packages/mesonbuild/cmake/data/preload.cmake:76 (meson_ps_disabled_function)
| CMakeLists.txt:291 (target_precompile_headers)
| glslang/CMakeLists.txt:184 (glslang_pch)


| -- Performing Test CMAKE_HAVE_LIBC_PTHREAD
| -- Performing Test CMAKE_HAVE_LIBC_PTHREAD - Success
| -- Found Threads: TRUE
| -- Found Python3: /usr/bin/python3 (found version "3.13.5") found components: Interpreter
| -- Configuring done (0.4s)
| CMake Warning (dev) at SPIRV/CMakeLists.txt:76 (add_library):
| Policy CMP0156 is not set: De-duplicate libraries on link lines based on
| linker capabilities.  Run "cmake --help-policy CMP0156" for policy details.
| Use the cmake_policy command to set the policy and suppress this warning.

| Since the policy is not set, legacy libraries de-duplication strategy will
| be applied.
| This warning is for project developers.  Use -Wno-dev to suppress it.

| CMake Warning (dev) at glslang/OSDependent/Unix/CMakeLists.txt:42 (add_library):
| Policy CMP0156 is not set: De-duplicate libraries on link lines based on
| linker capabilities.  Run "cmake --help-policy CMP0156" for policy details.
| Use the cmake_policy command to set the policy and suppress this warning.

| Since the policy is not set, legacy libraries de-duplication strategy will
| be applied.
| This warning is for project developers.  Use -Wno-dev to suppress it.

| CMake Warning (dev) at glslang/CMakeLists.txt:170 (add_library):
| Policy CMP0156 is not set: De-duplicate libraries on link lines based on
| linker capabilities.  Run "cmake --help-policy CMP0156" for policy details.
| Use the cmake_policy command to set the policy and suppress this warning.

| Since the policy is not set, legacy libraries de-duplication strategy will
| be applied.
| This warning is for project developers.  Use -Wno-dev to suppress it.

| CMake Warning (dev) at glslang/CMakeLists.txt:136 (add_library):
| Policy CMP0156 is not set: De-duplicate libraries on link lines based on
| linker capabilities.  Run "cmake --help-policy CMP0156" for policy details.
| Use the cmake_policy command to set the policy and suppress this warning.

| Since the policy is not set, legacy libraries de-duplication strategy will
| be applied.
| This warning is for project developers.  Use -Wno-dev to suppress it.

| CMake Warning (dev) at glslang/CMakeLists.txt:54 (add_library):
| Policy CMP0156 is not set: De-duplicate libraries on link lines based on
| linker capabilities.  Run "cmake --help-policy CMP0156" for policy details.
| Use the cmake_policy command to set the policy and suppress this warning.

| Since the policy is not set, legacy libraries de-duplication strategy will
| be applied.
| This warning is for project developers.  Use -Wno-dev to suppress it.

| CMake Warning (dev) at glslang/CMakeLists.txt:220 (add_library):
| Policy CMP0156 is not set: De-duplicate libraries on link lines based on
| linker capabilities.  Run "cmake --help-policy CMP0156" for policy details.
| Use the cmake_policy command to set the policy and suppress this warning.

| Since the policy is not set, legacy libraries de-duplication strategy will
| be applied.
| This warning is for project developers.  Use -Wno-dev to suppress it.

| CMake Warning (dev) at StandAlone/CMakeLists.txt:50 (add_executable):
| Policy CMP0156 is not set: De-duplicate libraries on link lines based on
| linker capabilities.  Run "cmake --help-policy CMP0156" for policy details.
| Use the cmake_policy command to set the policy and suppress this warning.

| Since the policy is not set, legacy libraries de-duplication strategy will
| be applied.
| This warning is for project developers.  Use -Wno-dev to suppress it.

| -- Generating done (0.0s)
| -- Build files have been written to: /home/codex/src/steamdeck-xemu/worktrees/research245-jump-cache/build-probe/subprojects/glslang/__CMake_build

glslang| CMake configuration: SUCCEEDED
glslang| WARNING: The CMake function "target_precompile_headers" was disabled to avoid compatibility issues with Meson.
glslang| CMake project glslang  has 8 build targets.
glslang| Generated Meson AST: /home/codex/src/steamdeck-xemu/worktrees/research245-jump-cache/build-probe/subprojects/glslang/meson.build
glslang| Project name: glslang
glslang| Project version: undefined
glslang| C compiler for the host machine: cc -m64 (gcc 14.2.0 "cc (Debian 14.2.0-19) 14.2.0")
glslang| C linker for the host machine: cc -m64 ld.bfd 2.44
glslang| C++ compiler for the host machine: c++ -m64 (gcc 14.2.0 "c++ (Debian 14.2.0-19) 14.2.0")
glslang| C++ linker for the host machine: c++ -m64 ld.bfd 2.44
glslang| Build targets in project: 9
glslang| Subproject glslang finished.


Executing subproject volk method cmake 


| Configuring the build directory with CMake version 3.31.6
| Running CMake with: -G Ninja -DCMAKE_INSTALL_PREFIX=/usr/local -DVOLK_STATIC_DEFINES=VK_NO_PROTOTYPES -DCMAKE_BUILD_TYPE=Debug
| - build directory:          /home/codex/src/steamdeck-xemu/worktrees/research245-jump-cache/build-probe/subprojects/volk/__CMake_build
| - source directory:         /home/codex/src/steamdeck-xemu/worktrees/research245-jump-cache/subprojects/volk
| - toolchain file:           /home/codex/src/steamdeck-xemu/worktrees/research245-jump-cache/build-probe/subprojects/volk/__CMake_build/CMakeMesonToolchainFile.cmake
| - preload file:             /home/codex/src/steamdeck-xemu/worktrees/research245-jump-cache/build-probe/pyvenv/lib/python3.13/site-packages/mesonbuild/cmake/data/preload.cmake
| - trace args:               --trace-expand --trace-format=json-v1 --no-warn-unused-cli --trace-redirect=cmake_trace.txt
| - disabled policy warnings: [CMP0025, CMP0047, CMP0056, CMP0060, CMP0065, CMP0066, CMP0067, CMP0082, CMP0089, CMP0102]

| Put cmake in trace mode, but with variables expanded.
| Put cmake in trace mode and sets the trace output format.
| Not searching for unused variables given on the command line.
| Put cmake in trace mode and redirect trace output to a file instead of stderr.
| Trace will be written to cmake_trace.txt
| -- The C compiler identification is GNU 14.2.0
| -- Detecting C compiler ABI info
| -- Detecting C compiler ABI info - done
| -- Check for working C compiler: /usr/bin/cc - skipped
| -- Detecting C compile features
| -- Detecting C compile features - done
| volk: using Vulkan_INCLUDE_DIRS from FindVulkan module
| -- Configuring done (0.2s)
| CMake Warning (dev) at CMakeLists.txt:35 (add_library):
| Policy CMP0179 is not set: De-duplication of static libraries on link lines
| keeps first occurrence.  Run "cmake --help-policy CMP0179" for policy
| details.  Use the cmake_policy command to set the policy and suppress this
| warning.

| Since the policy is not set, static libraries de-duplication will keep the
| last occurrence of the static libraries.
| This warning is for project developers.  Use -Wno-dev to suppress it.

| -- Generating done (0.0s)
| -- Build files have been written to: /home/codex/src/steamdeck-xemu/worktrees/research245-jump-cache/build-probe/subprojects/volk/__CMake_build

volk| CMake configuration: SUCCEEDED
volk| CMake project volk 350 has 2 build targets.
volk| Generated Meson AST: /home/codex/src/steamdeck-xemu/worktrees/research245-jump-cache/build-probe/subprojects/volk/meson.build
volk| Project name: volk
volk| Project version: 350
volk| C compiler for the host machine: cc -m64 (gcc 14.2.0 "cc (Debian 14.2.0-19) 14.2.0")
volk| C linker for the host machine: cc -m64 ld.bfd 2.44
volk| Build targets in project: 10
volk| Subproject volk finished.


Executing subproject SPIRV-Reflect method cmake 


| Configuring the build directory with CMake version 3.31.6
| Running CMake with: -G Ninja -DCMAKE_INSTALL_PREFIX=/usr/local -DSPIRV_REFLECT_STATIC_LIB=ON -DCMAKE_BUILD_TYPE=Debug
| - build directory:          /home/codex/src/steamdeck-xemu/worktrees/research245-jump-cache/build-probe/subprojects/SPIRV-Reflect/__CMake_build
| - source directory:         /home/codex/src/steamdeck-xemu/worktrees/research245-jump-cache/subprojects/SPIRV-Reflect
| - toolchain file:           /home/codex/src/steamdeck-xemu/worktrees/research245-jump-cache/build-probe/subprojects/SPIRV-Reflect/__CMake_build/CMakeMesonToolchainFile.cmake
| - preload file:             /home/codex/src/steamdeck-xemu/worktrees/research245-jump-cache/build-probe/pyvenv/lib/python3.13/site-packages/mesonbuild/cmake/data/preload.cmake
| - trace args:               --trace-expand --trace-format=json-v1 --no-warn-unused-cli --trace-redirect=cmake_trace.txt
| - disabled policy warnings: [CMP0025, CMP0047, CMP0056, CMP0060, CMP0065, CMP0066, CMP0067, CMP0082, CMP0089, CMP0102]

| Put cmake in trace mode, but with variables expanded.
| Put cmake in trace mode and sets the trace output format.
| Not searching for unused variables given on the command line.
| Put cmake in trace mode and redirect trace output to a file instead of stderr.
| Trace will be written to cmake_trace.txt
| -- The C compiler identification is GNU 14.2.0
| -- The CXX compiler identification is GNU 14.2.0
| CMake Warning (dev) at /usr/share/cmake-3.31/Modules/CMakeFindBinUtils.cmake:225 (find_program):
| Policy CMP0126 is not set: set(CACHE) does not remove a normal variable of
| the same name.  Run "cmake --help-policy CMP0126" for policy details.  Use
| the cmake_policy command to set the policy and suppress this warning.

| For compatibility with older versions of CMake, normal variable
| "CMAKE_TAPI" will be removed from the current scope.
| Call Stack (most recent call first):
| /usr/share/cmake-3.31/Modules/CMakeDetermineCXXCompiler.cmake:207 (include)
| CMakeLists.txt:3 (project)
| This warning is for project developers.  Use -Wno-dev to suppress it.

| -- Detecting C compiler ABI info
| -- Detecting C compiler ABI info - done
| -- Check for working C compiler: /usr/bin/cc - skipped
| -- Detecting C compile features
| -- Detecting C compile features - done
| -- Detecting CXX compiler ABI info
| -- Detecting CXX compiler ABI info - done
| -- Check for working CXX compiler: /usr/bin/c++ - skipped
| -- Detecting CXX compile features
| -- Detecting CXX compile features - done
| -- Configuring done (0.3s)
| CMake Warning (dev) at CMakeLists.txt:27 (add_executable):
| Policy CMP0156 is not set: De-duplicate libraries on link lines based on
| linker capabilities.  Run "cmake --help-policy CMP0156" for policy details.
| Use the cmake_policy command to set the policy and suppress this warning.

| Since the policy is not set, legacy libraries de-duplication strategy will
| be applied.
| This warning is for project developers.  Use -Wno-dev to suppress it.

| CMake Warning (dev) at CMakeLists.txt:58 (add_executable):
| Policy CMP0156 is not set: De-duplicate libraries on link lines based on
| linker capabilities.  Run "cmake --help-policy CMP0156" for policy details.
| Use the cmake_policy command to set the policy and suppress this warning.

| Since the policy is not set, legacy libraries de-duplication strategy will
| be applied.
| This warning is for project developers.  Use -Wno-dev to suppress it.

| CMake Warning (dev) at CMakeLists.txt:116 (add_library):
| Policy CMP0156 is not set: De-duplicate libraries on link lines based on
| linker capabilities.  Run "cmake --help-policy CMP0156" for policy details.
| Use the cmake_policy command to set the policy and suppress this warning.

| Since the policy is not set, legacy libraries de-duplication strategy will
| be applied.
| This warning is for project developers.  Use -Wno-dev to suppress it.

| -- Generating done (0.0s)
| -- Build files have been written to: /home/codex/src/steamdeck-xemu/worktrees/research245-jump-cache/build-probe/subprojects/SPIRV-Reflect/__CMake_build

SPIRV-Reflect| CMake configuration: SUCCEEDED
SPIRV-Reflect| CMake project spirv-reflect  has 3 build targets.
SPIRV-Reflect| Generated Meson AST: /home/codex/src/steamdeck-xemu/worktrees/research245-jump-cache/build-probe/subprojects/SPIRV-Reflect/meson.build
SPIRV-Reflect| Project name: spirv-reflect
SPIRV-Reflect| Project version: undefined
SPIRV-Reflect| C compiler for the host machine: cc -m64 (gcc 14.2.0 "cc (Debian 14.2.0-19) 14.2.0")
SPIRV-Reflect| C linker for the host machine: cc -m64 ld.bfd 2.44
SPIRV-Reflect| C++ compiler for the host machine: c++ -m64 (gcc 14.2.0 "c++ (Debian 14.2.0-19) 14.2.0")
SPIRV-Reflect| C++ linker for the host machine: c++ -m64 ld.bfd 2.44
SPIRV-Reflect| Build targets in project: 13
SPIRV-Reflect| Subproject SPIRV-Reflect finished.

Dependency libpcap found: YES 1.10.5 (cached)
Dependency samplerate found: YES 0.2.2 (cached)

Executing subproject imgui 

imgui| Project name: imgui
imgui| Project version: 1.91.8
imgui| C++ compiler for the host machine: c++ -m64 (gcc 14.2.0 "c++ (Debian 14.2.0-19) 14.2.0")
imgui| C++ linker for the host machine: c++ -m64 ld.bfd 2.44
imgui| Library d3dcompiler found: NO
imgui| Library d3d9 skipped: feature dx9 disabled
imgui| Library d3d10 skipped: feature dx10 disabled
imgui| Library d3d11 skipped: feature dx11 disabled
imgui| Library d3d12 skipped: feature dx12 disabled
imgui| Dependency appleframeworks (modules: Foundation, AppKit, GameController, Metal) skipped: feature metal disabled
imgui| Dependency gl found: YES 1.2 (cached)
imgui| Library dl found: YES
imgui| Dependency sdl2 skipped: feature sdl2_renderer disabled
imgui| Dependency sdl3 skipped: feature sdl3_renderer disabled
imgui| Dependency vulkan skipped: feature vulkan disabled
imgui| Has header "webgpu/webgpu.h" skipped: feature webgpu disabled
imgui| Dependency sdl2 skipped: feature sdl2 disabled
imgui| Dependency sdl3 found: YES 3.2.10 (cached)
imgui| Dependency allegro-5 skipped: feature allegro5 disabled
imgui| Dependency allegro_primitives-5 skipped: feature allegro5 disabled
imgui| Build targets in project: 14
imgui| Subproject imgui finished.


Executing subproject implot 

implot| Project name: ImGui Plotting Library
implot| Project version: 0.16
implot| C++ compiler for the host machine: c++ -m64 (gcc 14.2.0 "c++ (Debian 14.2.0-19) 14.2.0")
implot| C++ linker for the host machine: c++ -m64 ld.bfd 2.44
implot| Build targets in project: 15
implot| Subproject implot finished.


Executing subproject genconfig 

genconfig| Project name: genconfig
genconfig| Project version: 0.1
genconfig| C compiler for the host machine: cc -m64 (gcc 14.2.0 "cc (Debian 14.2.0-19) 14.2.0")
genconfig| C linker for the host machine: cc -m64 ld.bfd 2.44
genconfig| Build targets in project: 15
genconfig| Subproject genconfig finished.


Executing subproject VulkanMemoryAllocator method cmake 


| Configuring the build directory with CMake version 3.31.6
| Running CMake with: -G Ninja -DCMAKE_INSTALL_PREFIX=/usr/local -DCMAKE_BUILD_TYPE=Debug
| - build directory:          /home/codex/src/steamdeck-xemu/worktrees/research245-jump-cache/build-probe/subprojects/VulkanMemoryAllocator/__CMake_build
| - source directory:         /home/codex/src/steamdeck-xemu/worktrees/research245-jump-cache/subprojects/VulkanMemoryAllocator
| - toolchain file:           /home/codex/src/steamdeck-xemu/worktrees/research245-jump-cache/build-probe/subprojects/VulkanMemoryAllocator/__CMake_build/CMakeMesonToolchainFile.cmake
| - preload file:             /home/codex/src/steamdeck-xemu/worktrees/research245-jump-cache/build-probe/pyvenv/lib/python3.13/site-packages/mesonbuild/cmake/data/preload.cmake
| - trace args:               --trace-expand --trace-format=json-v1 --no-warn-unused-cli --trace-redirect=cmake_trace.txt
| - disabled policy warnings: [CMP0025, CMP0047, CMP0056, CMP0060, CMP0065, CMP0066, CMP0067, CMP0082, CMP0089, CMP0102]

| Put cmake in trace mode, but with variables expanded.
| Put cmake in trace mode and sets the trace output format.
| Not searching for unused variables given on the command line.
| Put cmake in trace mode and redirect trace output to a file instead of stderr.
| Trace will be written to cmake_trace.txt
| -- The CXX compiler identification is GNU 14.2.0
| -- Detecting CXX compiler ABI info
| -- Detecting CXX compiler ABI info - done
| -- Check for working CXX compiler: /usr/bin/c++ - skipped
| -- Detecting CXX compile features
| -- Detecting CXX compile features - done
| -- Configuring done (0.2s)
| -- Generating done (0.0s)
| -- Build files have been written to: /home/codex/src/steamdeck-xemu/worktrees/research245-jump-cache/build-probe/subprojects/VulkanMemoryAllocator/__CMake_build

VulkanMemoryAllocator| CMake configuration: SUCCEEDED
VulkanMemoryAllocator| CMake project VMA 3.4.0 has 1 build targets.
VulkanMemoryAllocator| Generated Meson AST: /home/codex/src/steamdeck-xemu/worktrees/research245-jump-cache/build-probe/subprojects/VulkanMemoryAllocator/meson.build
VulkanMemoryAllocator| Project name: VMA
VulkanMemoryAllocator| Project version: 3.4.0
VulkanMemoryAllocator| Build targets in project: 15
VulkanMemoryAllocator| Subproject VulkanMemoryAllocator finished.

Header "linux/fs.h" has symbol "FIFREEZE" : YES (cached)
Header "linux/fs.h" has symbol "FITRIM" : YES (cached)
Has header "sys/epoll.h" : YES (cached)
Has header "linux/magic.h" : YES (cached)
Has header "linux/btrfs.h" : YES (cached)
Has header "libdrm/drm.h" : YES (cached)
Has header "linux/openat2.h" : YES (cached)
Has header "pty.h" : YES (cached)
Has header "sys/disk.h" : NO (cached)
Has header "sys/ioccom.h" : NO (cached)
Has header "sys/kcov.h" : NO (cached)
Checking for function "close_range" : YES (cached)
Checking for function "accept4" : YES (cached)
Checking for function "clock_adjtime" : YES (cached)
Checking for function "dup3" : YES (cached)
Checking for function "fallocate" : YES (cached)
Checking for function "posix_fallocate" : YES (cached)
Checking for function "sched_getcpu" : NO (cached)
Checking for function "posix_memalign" : YES (cached)
Checking for function "_aligned_malloc" : NO (cached)
Checking for function "valloc" : YES (cached)
Checking for function "memalign" : YES (cached)
Checking for function "ppoll" : YES (cached)
Checking for function "preadv" : YES (cached)
Checking for function "pthread_fchdir_np" : NO (cached)
Checking for function "sendfile" : YES (cached)
Checking for function "setns" : YES (cached)
Checking for function "unshare" : YES (cached)
Checking for function "syncfs" : YES (cached)
Checking for function "sync_file_range" : YES (cached)
Checking for function "timerfd_create" : YES (cached)
Checking for function "getloadavg" : YES (cached)
Checking for function "htonll" : NO (cached)
Checking for function "copy_file_range" : YES (cached)
Checking for function "getifaddrs" : YES (cached)
Checking for function "openpty" with dependency -lutil: YES (cached)
Checking for function "strchrnul" : YES (cached)
Checking for function "system" : YES (cached)
Header "sys/inotify.h" has symbol "inotify_init" : YES (cached)
Header "sys/inotify.h" has symbol "inotify_init1" : YES (cached)
Header "linux/blkzoned.h" has symbol "BLKOPENZONE" : YES (cached)
Header "sys/epoll.h" has symbol "epoll_create1" : YES (cached)
Header "linux/falloc.h" has symbol "FALLOC_FL_PUNCH_HOLE" : YES (cached)
Header "linux/falloc.h" has symbol "FALLOC_FL_KEEP_SIZE" : YES (cached)
Header "linux/falloc.h" has symbol "FALLOC_FL_ZERO_RANGE" : YES (cached)
Has header "linux/fiemap.h" : YES (cached)
Header "linux/fs.h" has symbol "FS_IOC_FIEMAP" : YES (cached)
Header "sched.h" has symbol "getcpu" : YES (cached)
Checking for function "getrandom" : YES (cached)
Header "sys/random.h" has symbol "GRND_NONBLOCK" : YES (cached)
Header "sys/prctl.h" has symbol "PR_SET_TIMERSLACK" : YES (cached)
Header "linux/rtnetlink.h" has symbol "IFLA_PROTO_DOWN" : YES (cached)
Header "sys/sysmacros.h" has symbol "makedev" : YES (cached)
Header "getopt.h" has symbol "optreset" : NO (cached)
Header "netinet/in.h" has symbol "IPPROTO_MPTCP" : YES (cached)
Header "netinet/tcp.h" has symbol "TCP_KEEPCNT" : YES (cached)
Header "netinet/tcp.h" has symbol "TCP_KEEPIDLE" : YES (cached)
Header "netinet/tcp.h" has symbol "TCP_KEEPINTVL" : YES (cached)
Checking whether type "struct sigevent" has member "sigev_notify_thread_id" : NO (cached)
Checking whether type "struct stat" has member "st_atim" : YES (cached)
Checking whether type "struct blk_zone" has member "capacity" : YES (cached)
Checking for type "struct iovec" : YES (cached)
Checking for type "struct utmpx" : YES (cached)
Header "asm/hwprobe.h" has symbol "RISCV_HWPROBE_EXT_ZBA" : NO (cached)
Header "linux/vm_sockets.h" has symbol "AF_VSOCK" : YES (cached)
Checking for size of "void *" : 8 (cached)
Program scripts/minikconf.py found: YES (/home/codex/src/steamdeck-xemu/worktrees/research245-jump-cache/build-probe/pyvenv/bin/python3 /home/codex/src/steamdeck-xemu/worktrees/research245-jump-cache/scripts/minikconf.py)
Configuring i386-softmmu-config-target.h using configuration
Configuring i386-softmmu-config-devices.mak with command
Reading depfile: /home/codex/src/steamdeck-xemu/worktrees/research245-jump-cache/build-probe/meson-private/i386-softmmu-config-devices.mak.d
Configuring i386-softmmu-config-devices.h using configuration
Program scripts/make-config-poison.sh found: YES (/home/codex/src/steamdeck-xemu/worktrees/research245-jump-cache/scripts/make-config-poison.sh)
Run-time dependency tomlplusplus found: NO (tried pkgconfig and cmake)
Looking for a fallback subproject for the dependency tomlplusplus

Executing subproject tomlplusplus 

tomlplusplus| Project name: tomlplusplus
tomlplusplus| Project version: 3.4.0
tomlplusplus| C++ compiler for the host machine: c++ -m64 (gcc 14.2.0 "c++ (Debian 14.2.0-19) 14.2.0")
tomlplusplus| C++ linker for the host machine: c++ -m64 ld.bfd 2.44
tomlplusplus| Message: target cpu_family: x86_64
tomlplusplus| Message: target cpu: x86_64
tomlplusplus| Message: target system: linux
tomlplusplus| Message: target endian: little
tomlplusplus| Compiler for C++ supports arguments -ferror-limit=5: NO (cached)
tomlplusplus| Compiler for C++ supports arguments -fmax-errors=5: YES (cached)
tomlplusplus| Compiler for C++ supports arguments -Wno-unused-command-line-argument: NO (cached)
tomlplusplus| Compiler for C++ supports arguments -Wno-reserved-macro-identifier: NO (cached)
tomlplusplus| Compiler for C++ supports arguments -Wno-init-list-lifetime: YES (cached)
tomlplusplus| Compiler for C++ supports arguments -fchar8_t: YES (cached)
tomlplusplus| Compiler for C++ supports arguments /bigobj: NO (cached)
tomlplusplus| Compiler for C++ supports arguments /Gy: NO (cached)
tomlplusplus| Compiler for C++ supports arguments /GF: NO (cached)
tomlplusplus| Compiler for C++ supports arguments /openmp-: NO (cached)
tomlplusplus| Compiler for C++ supports arguments /permissive-: NO (cached)
tomlplusplus| Compiler for C++ supports arguments /utf-8: NO (cached)
tomlplusplus| Compiler for C++ supports arguments /volatile:iso: NO (cached)
tomlplusplus| Compiler for C++ supports arguments /Zc:__cplusplus: NO (cached)
tomlplusplus| Compiler for C++ supports arguments /Zc:inline: NO (cached)
tomlplusplus| Compiler for C++ supports arguments /Zc:externConstexpr: NO (cached)
tomlplusplus| Compiler for C++ supports arguments /Zc:preprocessor: NO (cached)
tomlplusplus| Compiler for C++ supports arguments /Zc:throwingNew: NO (cached)
tomlplusplus| Compiler for C++ supports arguments -D_HAS_EXCEPTIONS=1: YES (cached)
tomlplusplus| Compiler for C++ supports arguments -Wno-c++98-compat: NO (cached)
tomlplusplus| Compiler for C++ supports arguments -Wno-c++98-compat-pedantic: NO (cached)
tomlplusplus| Compiler for C++ supports arguments -Wno-documentation: NO (cached)
tomlplusplus| Compiler for C++ supports arguments -Wno-documentation-unknown-command: NO (cached)
tomlplusplus| Compiler for C++ supports arguments -Wno-switch-enum: YES (cached)
tomlplusplus| Compiler for C++ supports arguments -Wno-covered-switch-default: NO (cached)
tomlplusplus| Compiler for C++ supports arguments -Wno-padded: YES (cached)
tomlplusplus| Compiler for C++ supports arguments -Wno-float-equal: YES (cached)
tomlplusplus| Compiler for C++ supports link arguments /OPT:REF,ICF=3: NO (cached)
tomlplusplus| Compiler for C++ supports link arguments /INCREMENTAL:NO: NO (cached)
tomlplusplus| Compiler for C++ supports arguments -DTOML_HEADER_ONLY=0: YES (cached)
tomlplusplus| Build targets in project: 18
tomlplusplus| Subproject tomlplusplus finished.

Dependency tomlplusplus found: YES 3.4.0 (overridden)
Run-time dependency libxxhash found: NO (tried pkgconfig and cmake)
Looking for a fallback subproject for the dependency libxxhash

Executing subproject xxhash 

xxhash| Project name: xxHash
xxhash| Project version: 0.8.3
xxhash| C compiler for the host machine: cc -m64 (gcc 14.2.0 "cc (Debian 14.2.0-19) 14.2.0")
xxhash| C linker for the host machine: cc -m64 ld.bfd 2.44
xxhash| Build targets in project: 20
xxhash| Subproject xxhash finished.

Dependency libxxhash found: YES 0.8.3 (overridden)
Configuring config-host.h using configuration
Program scripts/hxtool found: YES (/home/codex/src/steamdeck-xemu/worktrees/research245-jump-cache/scripts/hxtool)
Program scripts/shaderinclude.py found: YES (/home/codex/src/steamdeck-xemu/worktrees/research245-jump-cache/build-probe/pyvenv/bin/python3 /home/codex/src/steamdeck-xemu/worktrees/research245-jump-cache/scripts/shaderinclude.py)
Program scripts/qapi-gen.py found: YES (/home/codex/src/steamdeck-xemu/worktrees/research245-jump-cache/build-probe/pyvenv/bin/python3 /home/codex/src/steamdeck-xemu/worktrees/research245-jump-cache/scripts/qapi-gen.py)
Program scripts/pack-file.py found: YES (/home/codex/src/steamdeck-xemu/worktrees/research245-jump-cache/scripts/pack-file.py)
Program scripts/qemu-version.sh found: YES (/home/codex/src/steamdeck-xemu/worktrees/research245-jump-cache/scripts/qemu-version.sh)
Run-time dependency nlohmann_json found: NO (tried pkgconfig and cmake)
Looking for a fallback subproject for the dependency nlohmann_json

Executing subproject nlohmann_json 

nlohmann_json| Project name: nlohmann_json
nlohmann_json| Project version: 3.12.0
nlohmann_json| C++ compiler for the host machine: c++ -m64 (gcc 14.2.0 "c++ (Debian 14.2.0-19) 14.2.0")
nlohmann_json| C++ linker for the host machine: c++ -m64 ld.bfd 2.44
nlohmann_json| Build targets in project: 459
nlohmann_json| Subproject nlohmann_json finished.

Dependency nlohmann_json from subproject subprojects/nlohmann_json found: YES 3.12.0

Executing subproject keycodemapdb 

keycodemapdb| Project name: keycodemapdb
keycodemapdb| Project version: undefined
keycodemapdb| Program tools/keymap-gen found: YES (/home/codex/src/steamdeck-xemu/worktrees/research245-jump-cache/subprojects/keycodemapdb/tools/keymap-gen)
keycodemapdb| Build targets in project: 460
keycodemapdb| Subproject keycodemapdb finished.


Executing subproject nv2a_vsh_cpu method cmake 


| Configuring the build directory with CMake version 3.31.6
| Running CMake with: -G Ninja -DCMAKE_INSTALL_PREFIX=/usr/local -DCMAKE_OSX_ARCHITECTURES=x86_64 -Dnv2a_vsh_cpu_UNIT_TEST=OFF -DCMAKE_BUILD_TYPE=Debug
| - build directory:          /home/codex/src/steamdeck-xemu/worktrees/research245-jump-cache/build-probe/subprojects/nv2a_vsh_cpu/__CMake_build
| - source directory:         /home/codex/src/steamdeck-xemu/worktrees/research245-jump-cache/subprojects/nv2a_vsh_cpu
| - toolchain file:           /home/codex/src/steamdeck-xemu/worktrees/research245-jump-cache/build-probe/subprojects/nv2a_vsh_cpu/__CMake_build/CMakeMesonToolchainFile.cmake
| - preload file:             /home/codex/src/steamdeck-xemu/worktrees/research245-jump-cache/build-probe/pyvenv/lib/python3.13/site-packages/mesonbuild/cmake/data/preload.cmake
| - trace args:               --trace-expand --trace-format=json-v1 --no-warn-unused-cli --trace-redirect=cmake_trace.txt
| - disabled policy warnings: [CMP0025, CMP0047, CMP0056, CMP0060, CMP0065, CMP0066, CMP0067, CMP0082, CMP0089, CMP0102]

| Put cmake in trace mode, but with variables expanded.
| Put cmake in trace mode and sets the trace output format.
| Not searching for unused variables given on the command line.
| Put cmake in trace mode and redirect trace output to a file instead of stderr.
| Trace will be written to cmake_trace.txt
| -- The C compiler identification is GNU 14.2.0
| -- The CXX compiler identification is GNU 14.2.0
| CMake Warning (dev) at /usr/share/cmake-3.31/Modules/CMakeFindBinUtils.cmake:225 (find_program):
| Policy CMP0126 is not set: set(CACHE) does not remove a normal variable of
| the same name.  Run "cmake --help-policy CMP0126" for policy details.  Use
| the cmake_policy command to set the policy and suppress this warning.

| For compatibility with older versions of CMake, normal variable
| "CMAKE_TAPI" will be removed from the current scope.
| Call Stack (most recent call first):
| /usr/share/cmake-3.31/Modules/CMakeDetermineCXXCompiler.cmake:207 (include)
| CMakeLists.txt:3 (project)
| This warning is for project developers.  Use -Wno-dev to suppress it.

| -- Detecting C compiler ABI info
| -- Detecting C compiler ABI info - done
| -- Check for working C compiler: /usr/bin/cc - skipped
| -- Detecting C compile features
| -- Detecting C compile features - done
| -- Detecting CXX compiler ABI info
| -- Detecting CXX compiler ABI info - done
| -- Check for working CXX compiler: /usr/bin/c++ - skipped
| -- Detecting CXX compile features
| -- Detecting CXX compile features - done
| -- Configuring done (0.3s)
| CMake Warning (dev) at CMakeLists.txt:32 (add_library):
| Policy CMP0156 is not set: De-duplicate libraries on link lines based on
| linker capabilities.  Run "cmake --help-policy CMP0156" for policy details.
| Use the cmake_policy command to set the policy and suppress this warning.

| Since the policy is not set, legacy libraries de-duplication strategy will
| be applied.
| This warning is for project developers.  Use -Wno-dev to suppress it.

| CMake Warning (dev) at CMakeLists.txt:44 (add_library):
| Policy CMP0156 is not set: De-duplicate libraries on link lines based on
| linker capabilities.  Run "cmake --help-policy CMP0156" for policy details.
| Use the cmake_policy command to set the policy and suppress this warning.

| Since the policy is not set, legacy libraries de-duplication strategy will
| be applied.
| This warning is for project developers.  Use -Wno-dev to suppress it.

| CMake Warning (dev) at CMakeLists.txt:56 (add_library):
| Policy CMP0156 is not set: De-duplicate libraries on link lines based on
| linker capabilities.  Run "cmake --help-policy CMP0156" for policy details.
| Use the cmake_policy command to set the policy and suppress this warning.

| Since the policy is not set, legacy libraries de-duplication strategy will
| be applied.
| This warning is for project developers.  Use -Wno-dev to suppress it.

| -- Generating done (0.0s)
| -- Build files have been written to: /home/codex/src/steamdeck-xemu/worktrees/research245-jump-cache/build-probe/subprojects/nv2a_vsh_cpu/__CMake_build

nv2a_vsh_cpu| CMake configuration: SUCCEEDED
nv2a_vsh_cpu| CMake project nv2a_vsh_cpu  has 3 build targets.
nv2a_vsh_cpu| Generated Meson AST: /home/codex/src/steamdeck-xemu/worktrees/research245-jump-cache/build-probe/subprojects/nv2a_vsh_cpu/meson.build
nv2a_vsh_cpu| Project name: nv2a_vsh_cpu
nv2a_vsh_cpu| Project version: undefined
nv2a_vsh_cpu| C compiler for the host machine: cc -m64 (gcc 14.2.0 "cc (Debian 14.2.0-19) 14.2.0")
nv2a_vsh_cpu| C linker for the host machine: cc -m64 ld.bfd 2.44
nv2a_vsh_cpu| Build targets in project: 494
nv2a_vsh_cpu| Subproject nv2a_vsh_cpu finished.

Run-time dependency dsp56300-emu-ffi found: NO (tried pkgconfig and cmake)
Looking for a fallback subproject for the dependency dsp56300-emu-ffi

Executing subproject dsp56300 

dsp56300| Project name: dsp56300
dsp56300| Project version: 0.1.3
dsp56300| Build targets in project: 495
dsp56300| Subproject dsp56300 finished.

Dependency dsp56300-emu-ffi found: YES 0.1.3 (overridden)
Program scripts/decodetree.py found: YES (/home/codex/src/steamdeck-xemu/worktrees/research245-jump-cache/build-probe/pyvenv/bin/python3 /home/codex/src/steamdeck-xemu/worktrees/research245-jump-cache/scripts/decodetree.py)
Program ../scripts/modules/module_block.py found: YES (/home/codex/src/steamdeck-xemu/worktrees/research245-jump-cache/build-probe/pyvenv/bin/python3 /home/codex/src/steamdeck-xemu/worktrees/research245-jump-cache/block/../scripts/modules/module_block.py)
Program ../scripts/block-coroutine-wrapper.py found: YES (/home/codex/src/steamdeck-xemu/worktrees/research245-jump-cache/build-probe/pyvenv/bin/python3 /home/codex/src/steamdeck-xemu/worktrees/research245-jump-cache/block/../scripts/block-coroutine-wrapper.py)
Program scripts/modinfo-collect.py found: YES (/home/codex/src/steamdeck-xemu/worktrees/research245-jump-cache/build-probe/pyvenv/bin/python3 /home/codex/src/steamdeck-xemu/worktrees/research245-jump-cache/scripts/modinfo-collect.py)
Program scripts/modinfo-generate.py found: YES (/home/codex/src/steamdeck-xemu/worktrees/research245-jump-cache/build-probe/pyvenv/bin/python3 /home/codex/src/steamdeck-xemu/worktrees/research245-jump-cache/scripts/modinfo-generate.py)
Program nm found: YES
Program scripts/undefsym.py found: YES (/home/codex/src/steamdeck-xemu/worktrees/research245-jump-cache/build-probe/pyvenv/bin/python3 /home/codex/src/steamdeck-xemu/worktrees/research245-jump-cache/scripts/undefsym.py)
Program scripts/feature_to_c.py found: YES (/home/codex/src/steamdeck-xemu/worktrees/research245-jump-cache/build-probe/pyvenv/bin/python3 /home/codex/src/steamdeck-xemu/worktrees/research245-jump-cache/scripts/feature_to_c.py)
Program scripts/rust/rust_root_crate.sh found: YES (/home/codex/src/steamdeck-xemu/worktrees/research245-jump-cache/scripts/rust/rust_root_crate.sh)
Configuring 50-edk2-i386-secure.json using configuration
Configuring 50-edk2-x86_64-secure.json using configuration
Configuring 60-edk2-aarch64.json using configuration
Configuring 60-edk2-arm.json using configuration
Configuring 60-edk2-i386.json using configuration
Configuring 60-edk2-x86_64.json using configuration
Configuring 60-edk2-loongarch64.json using configuration
Configuring 60-edk2-riscv64.json using configuration
Program dtc found: NO
Program qemu-keymap found: NO
Program /home/codex/src/steamdeck-xemu/worktrees/research245-jump-cache/build-probe/pyvenv/bin/sphinx-build skipped: feature docs disabled
Program /home/codex/src/steamdeck-xemu/worktrees/research245-jump-cache/scripts/decodetree.py found: YES (/home/codex/src/steamdeck-xemu/worktrees/research245-jump-cache/build-probe/pyvenv/bin/python3 /home/codex/src/steamdeck-xemu/worktrees/research245-jump-cache/scripts/decodetree.py)

Executing subproject berkeley-softfloat-3 

berkeley-softfloat-3| Project name: berkeley-softfloat-3
berkeley-softfloat-3| Project version: undefined
berkeley-softfloat-3| C compiler for the host machine: cc -m64 (gcc 14.2.0 "cc (Debian 14.2.0-19) 14.2.0")
berkeley-softfloat-3| C linker for the host machine: cc -m64 ld.bfd 2.44
berkeley-softfloat-3| Configuring platform.h using configuration
berkeley-softfloat-3| Build targets in project: 575
berkeley-softfloat-3| Subproject berkeley-softfloat-3 finished.


Executing subproject berkeley-testfloat-3 

berkeley-testfloat-3| Project name: berkeley-testfloat-3
berkeley-testfloat-3| Project version: undefined
berkeley-testfloat-3| C compiler for the host machine: cc -m64 (gcc 14.2.0 "cc (Debian 14.2.0-19) 14.2.0")
berkeley-testfloat-3| C linker for the host machine: cc -m64 ld.bfd 2.44
berkeley-testfloat-3| Configuring platform.h using configuration
berkeley-testfloat-3| Compiler for C supports arguments -Wno-ignored-pragmas: NO (cached)
berkeley-testfloat-3| Build targets in project: 577
berkeley-testfloat-3| Subproject berkeley-testfloat-3 finished.

Compiler for C supports arguments -ffunction-sections: YES (cached)
Compiler for C supports arguments -fdata-sections: YES (cached)
Compiler for C supports link arguments -Wl,--gc-sections: YES (cached)
Compiler for C supports arguments -ffunction-sections: YES (cached)
Compiler for C supports arguments -fdata-sections: YES (cached)
Compiler for C supports link arguments -Wl,--gc-sections: YES (cached)
Program test-xemu-version.sh found: YES (/home/codex/src/steamdeck-xemu/worktrees/research245-jump-cache/tests/unit/test-xemu-version.sh)
Program cc found: YES (/usr/bin/cc)
Program diff found: YES (/usr/bin/diff)
Program dbus-daemon found: YES (/usr/bin/dbus-daemon)
Dependency sysprof-capture-4 found: YES 48.0 (cached)
Dependency glib-2.0 found: YES 2.84.4 (cached)
Program initrd-stress.sh found: YES (/home/codex/src/steamdeck-xemu/worktrees/research245-jump-cache/tests/migration-stress/initrd-stress.sh)
Build targets in project: 766

qemu 10.2.0

  Build environment
    Build directory                 : /home/codex/src/steamdeck-xemu/worktrees/research245-jump-cache/build-probe
    Source path                     : /home/codex/src/steamdeck-xemu/worktrees/research245-jump-cache
    Download dependencies           : YES

  Directories
    Build directory                 : /home/codex/src/steamdeck-xemu/worktrees/research245-jump-cache/build-probe
    Source path                     : /home/codex/src/steamdeck-xemu/worktrees/research245-jump-cache
    Download dependencies           : YES
    Install prefix                  : /usr/local
    BIOS directory                  : share/qemu
    firmware path                   : share/qemu-firmware
    binary directory                : /usr/local/bin
    library directory               : /usr/local/lib/x86_64-linux-gnu
    module directory                : lib/x86_64-linux-gnu/qemu
    libexec directory               : /usr/local/libexec
    include directory               : /usr/local/include
    config directory                : /usr/local/etc
    local state directory           : /var/local
    Manual directory                : /usr/local/share/man
    Doc directory                   : /usr/local/share/doc

  Host binaries
    python                          : /home/codex/src/steamdeck-xemu/worktrees/research245-jump-cache/build-probe/pyvenv/bin/python3 (version: 3.13)
    sphinx-build                    : NO
    gdb                             : /usr/bin/gdb
    iasl                            : NO
    genisoimage                     : 
    smbd                            : NO

  Configurable features
    Documentation                   : NO
    system-mode emulation           : YES
    user-mode emulation             : NO
    block layer                     : YES
    Install blobs                   : YES
    module support                  : NO
    fuzzing support                 : NO
    Audio drivers                   : sdl
    Trace backends                  : log
    QOM debugging                   : YES
    Relocatable install             : YES
    vhost-kernel support            : NO
    vhost-net support               : NO
    vhost-user support              : NO
    vhost-user-crypto support       : NO
    vhost-user-blk server support   : NO
    vhost-vdpa support              : NO
    build guest agent               : NO

  Compilation
    host CPU                        : x86_64
    host endianness                 : little
    C compiler                      : cc -m64
    Host C compiler                 : cc -m64
    C++ compiler                    : c++ -m64
    Objective-C compiler            : NO
    Rust support                    : NO
    CFLAGS                          : -DXBOX -g -O2
    CXXFLAGS                        : -DXBOX -DXBOX -g -O2
    LDFLAGS                         : -DXBOX
    QEMU_CFLAGS                     : -mcx16 -msse2 -D_GNU_SOURCE -D_FILE_OFFSET_BITS=64 -D_LARGEFILE_SOURCE -fno-strict-aliasing -fno-common -fwrapv -ftrivial-auto-var-init=zero -fzero-call-used-regs=used-gpr
    QEMU_CXXFLAGS                   : -mcx16 -msse2 -D_GNU_SOURCE -D_FILE_OFFSET_BITS=64 -D_LARGEFILE_SOURCE -fno-strict-aliasing -fno-common -fwrapv -ftrivial-auto-var-init=zero -fzero-call-used-regs=used-gpr -D__STDC_LIMIT_MACROS -D__STDC_CONSTANT_MACROS -D__STDC_FORMAT_MACROS
    QEMU_LDFLAGS                    : -Wl,-z,relro -Wl,-z,now
    link-time optimization (LTO)    : NO
    PIE                             : YES
    static build                    : NO
    malloc trim support             : NO
    membarrier                      : NO
    debug graph lock                : NO
    debug stack usage               : NO
    mutex debugging                 : NO
    memory allocator                : system
    avx2 optimization               : YES
    avx512bw optimization           : YES
    gcov                            : NO
    thread sanitizer                : NO
    CFI support                     : NO
    strip binaries                  : NO
    sparse                          : NO
    mingw32 support                 : NO

  Cross compilers
    i386                            : /home/codex/src/steamdeck-xemu/worktrees/research245-jump-cache/build-probe/pyvenv/bin/python3 -B /home/codex/src/steamdeck-xemu/worktrees/research245-jump-cache/tests/docker/docker.py --engine docker cc --cc i686-linux-gnu-gcc -i qemu/debian-i686-cross -s /home/codex/src/steamdeck-xemu/worktrees/research245-jump-cache --

  Targets and accelerators
    KVM support                     : NO
    HVF support                     : NO
    WHPX support                    : NO
    NVMM support                    : NO
    MSHV support                    : NO
    Xen support                     : NO
    Xen emulation                   : NO
    TCG support                     : YES
    TCG backend                     : native (x86_64)
    TCG plugins                     : NO
    TCG debug enabled               : NO
    target list                     : i386-softmmu
    default devices                 : YES
    out of process emulation        : NO
    vfio-user server                : NO

  Block layer support
    coroutine backend               : ucontext
    coroutine pool                  : YES
    Block whitelist (rw)            : 
    Block whitelist (ro)            : 
    Use block whitelist in tools    : NO
    VirtFS (9P) support             : NO
    replication support             : NO
    bochs support                   : NO
    cloop support                   : NO
    dmg support                     : NO
    qcow v1 support                 : NO
    vdi support                     : NO
    vhdx support                    : NO
    vmdk support                    : NO
    vpc support                     : NO
    vvfat support                   : NO
    qed support                     : NO
    parallels support               : NO
    FUSE exports                    : NO
    VDUSE block exports             : NO

  Crypto
    TLS priority                    : NORMAL
    GNUTLS support                  : NO
    libgcrypt                       : NO
    nettle                          : NO
    SM4 ALG support                 : NO
    SM3 ALG support                 : NO
    AF_ALG support                  : NO
    rng-none                        : NO
    Linux keyring                   : NO
    Linux keyutils                  : NO

  User interface
    D-Bus display                   : NO
    SDL support                     : YES 3.2.10
    SDL image support               : NO
    GTK support                     : NO
    pixman                          : NO
    VTE support                     : NO
    PNG support                     : NO
    VNC support                     : NO
    spice protocol support          : NO
    curses support                  : NO
    brlapi support                  : NO

  Graphics backends
    VirGL support                   : NO
    Rutabaga support                : NO

  Audio backends
    OSS support                     : NO
    sndio support                   : NO
    ALSA support                    : NO
    PulseAudio support              : NO
    PipeWire support                : NO
    JACK support                    : NO

  Network backends
    AF_XDP support                  : NO
    passt support                   : NO
    slirp support                   : YES 4.8.0
    vde support                     : NO
    netmap support                  : NO
    l2tpv3 support                  : NO

  Dependencies
    libtasn1                        : NO
    PAM                             : NO
    iconv support                   : NO
    blkio support                   : NO
    curl support                    : YES 8.14.1
    Multipath support               : NO
    Linux AIO support               : NO
    Linux io_uring support          : NO
    ATTR/XATTR support              : NO
    RDMA support                    : NO
    fdt support                     : NO
    libcap-ng support               : NO
    bpf support                     : NO
    rbd support                     : NO
    smartcard support               : NO
    U2F support                     : NO
    libusb                          : YES 1.0.28
    usb net redir                   : NO
    OpenGL support (epoxy)          : YES
    Vulkan support                  : YES 1.4.309
    GBM                             : YES 25.0.7-2+deb13u1
    libiscsi support                : NO
    libnfs support                  : NO
    seccomp support                 : NO
    GlusterFS support               : NO
    hv-balloon support              : NO
    TPM support                     : NO
    IGVM support                    : NO
    libssh support                  : NO
    lzo support                     : NO
    snappy support                  : NO
    bzip2 support                   : NO
    lzfse support                   : NO
    zstd support                    : NO
    Query Processing Library support: NO
    UADK Library support            : NO
    qatzip support                  : NO
    NUMA host support               : NO
    capstone                        : NO
    libpmem support                 : NO
    libdaxctl support               : NO
    libcbor support                 : NO
    libudev                         : NO
    FUSE lseek                      : NO
    selinux                         : NO
    vtune                           : NO
    libdw                           : NO
    valgrind                        : NO

  Subprojects
    SPIRV-Reflect                   : YES
    VulkanMemoryAllocator           : YES
    berkeley-softfloat-3            : YES
    berkeley-testfloat-3            : YES
    dsp56300                        : YES
    genconfig                       : YES
    glslang                         : YES
    imgui                           : YES
    implot                          : YES
    keycodemapdb                    : YES
    nlohmann_json                   : YES
    nv2a_vsh_cpu                    : YES
    tomlplusplus                    : YES
    volk                            : YES
    xxhash                          : YES

  User defined options
    Native files                    : /home/codex/src/steamdeck-xemu/worktrees/research245-jump-cache/build-probe/config-meson.cross
    auto_features                   : disabled
    docs                            : disabled
    gdb                             : /usr/bin/gdb
    werror                          : false
    xemu_tcg_jump_cache_probe       : false

Found ninja-1.12.1 at /usr/bin/ninja
Generating targets:   0%|          | 0/766 eta ?Generating targets:  65%|██████▌   | 500/766 eta 00:00                                                      Writing build.ninja:   0%|          | 0/3799 eta ?Writing build.ninja:  62%|██████▏   | 2360/3799 eta 00:00                                                         Cleaning... 1 files.
Running postconf script '/home/codex/src/steamdeck-xemu/worktrees/research245-jump-cache/build-probe/pyvenv/bin/python3 /home/codex/src/steamdeck-xemu/worktrees/research245-jump-cache/scripts/symlink-install-tree.py'
[1/1226] Generating qemu-version.h with a custom command (wrapped by meson to capture output)
[2/1226] Generating xemu-version-macro.h with a custom command (wrapped by meson to capture output)
[3/1226] Compiling C object libqemuutil.a.p/meson-generated_.._qapi_qapi-emit-events.c.o
[4/1226] Compiling C object libqemuutil.a.p/meson-generated_.._qapi_qapi-events-authz.c.o
[5/1226] Compiling C object libqemuutil.a.p/meson-generated_.._qapi_qapi-types-authz.c.o
[6/1226] Compiling C object libqemuutil.a.p/meson-generated_.._qapi_qapi-builtin-types.c.o
[7/1226] Compiling C object libqemuutil.a.p/meson-generated_.._qapi_qapi-visit-authz.c.o
[8/1226] Compiling C object libqemuutil.a.p/meson-generated_.._qapi_qapi-visit.c.o
[9/1226] Compiling C object libqemuutil.a.p/meson-generated_.._qapi_qapi-types.c.o
[10/1226] Compiling C object libqemuutil.a.p/meson-generated_.._qapi_qapi-events.c.o
[11/1226] Compiling C object libqemuutil.a.p/meson-generated_.._qapi_qapi-commands.c.o
[12/1226] Compiling C object libqemuutil.a.p/meson-generated_.._qapi_qapi-commands-authz.c.o
[13/1226] Compiling C object libqemuutil.a.p/meson-generated_.._qapi_qapi-builtin-visit.c.o
[14/1226] Compiling C object libqemuutil.a.p/meson-generated_.._qapi_qapi-types-block.c.o
[15/1226] Compiling C object libqemuutil.a.p/meson-generated_.._qapi_qapi-init-commands.c.o
[16/1226] Compiling C object libqemuutil.a.p/meson-generated_.._qapi_qapi-events-block.c.o
[17/1226] Compiling C object libqemuutil.a.p/meson-generated_.._qapi_qapi-visit-block.c.o
[18/1226] Compiling C object libqemuutil.a.p/meson-generated_.._qapi_qapi-types-block-export.c.o
[19/1226] Compiling C object libqemuutil.a.p/meson-generated_.._qapi_qapi-events-block-export.c.o
[20/1226] Compiling C object libqemuutil.a.p/meson-generated_.._qapi_qapi-introspect.c.o
[21/1226] Compiling C object libqemuutil.a.p/meson-generated_.._qapi_qapi-events-block-core.c.o
[22/1226] Compiling C object libqemuutil.a.p/meson-generated_.._qapi_qapi-events-char.c.o
[23/1226] Compiling C object libqemuutil.a.p/meson-generated_.._qapi_qapi-commands-block.c.o
[24/1226] Compiling C object libqemuutil.a.p/meson-generated_.._qapi_qapi-visit-block-export.c.o
[25/1226] Compiling C object libqemuutil.a.p/meson-generated_.._qapi_qapi-types-char.c.o
[26/1226] Compiling C object libqemuutil.a.p/meson-generated_.._qapi_qapi-commands-block-export.c.o
[27/1226] Compiling C object libqemuutil.a.p/meson-generated_.._qapi_qapi-types-common.c.o
[28/1226] Compiling C object libqemuutil.a.p/meson-generated_.._qapi_qapi-events-common.c.o
[29/1226] Compiling C object libqemuutil.a.p/meson-generated_.._qapi_qapi-commands-common.c.o
[30/1226] Compiling C object libqemuutil.a.p/meson-generated_.._qapi_qapi-types-compat.c.o
[31/1226] Compiling C object libqemuutil.a.p/meson-generated_.._qapi_qapi-visit-common.c.o
[32/1226] Compiling C object libqemuutil.a.p/meson-generated_.._qapi_qapi-visit-compat.c.o
[33/1226] Compiling C object libqemuutil.a.p/meson-generated_.._qapi_qapi-commands-char.c.o
[34/1226] Compiling C object libqemuutil.a.p/meson-generated_.._qapi_qapi-commands-compat.c.o
[35/1226] Compiling C object libqemuutil.a.p/meson-generated_.._qapi_qapi-events-compat.c.o
[36/1226] Compiling C object libqemuutil.a.p/meson-generated_.._qapi_qapi-types-block-core.c.o
[37/1226] Compiling C object libqemuutil.a.p/meson-generated_.._qapi_qapi-types-control.c.o
[38/1226] Compiling C object libqemuutil.a.p/meson-generated_.._qapi_qapi-events-control.c.o
[39/1226] Compiling C object libqemuutil.a.p/meson-generated_.._qapi_qapi-events-crypto.c.o
[40/1226] Compiling C object libqemuutil.a.p/meson-generated_.._qapi_qapi-commands-crypto.c.o
[41/1226] Compiling C object libqemuutil.a.p/meson-generated_.._qapi_qapi-visit-control.c.o
[42/1226] Compiling C object libqemuutil.a.p/meson-generated_.._qapi_qapi-types-crypto.c.o
[43/1226] Compiling C object libqemuutil.a.p/meson-generated_.._qapi_qapi-commands-control.c.o
[44/1226] Compiling C object libqemuutil.a.p/meson-generated_.._qapi_qapi-types-cxl.c.o
[45/1226] Compiling C object libqemuutil.a.p/meson-generated_.._qapi_qapi-events-cxl.c.o
[46/1226] Compiling C object libqemuutil.a.p/meson-generated_.._qapi_qapi-visit-char.c.o
[47/1226] Compiling C object libqemuutil.a.p/meson-generated_.._qapi_qapi-types-dump.c.o
[48/1226] Compiling C object libqemuutil.a.p/meson-generated_.._qapi_qapi-types-ebpf.c.o
[49/1226] Compiling C object libqemuutil.a.p/meson-generated_.._qapi_qapi-visit-ebpf.c.o
[50/1226] Compiling C object libqemuutil.a.p/meson-generated_.._qapi_qapi-events-dump.c.o
[51/1226] Compiling C object libqemuutil.a.p/meson-generated_.._qapi_qapi-visit-dump.c.o
[52/1226] Compiling C object libqemuutil.a.p/meson-generated_.._qapi_qapi-visit-cxl.c.o
[53/1226] Compiling C object libqemuutil.a.p/meson-generated_.._qapi_qapi-events-ebpf.c.o
[54/1226] Compiling C object libqemuutil.a.p/meson-generated_.._qapi_qapi-commands-dump.c.o
[55/1226] Compiling C object libqemuutil.a.p/meson-generated_.._qapi_qapi-commands-ebpf.c.o
[56/1226] Compiling C object libqemuutil.a.p/meson-generated_.._qapi_qapi-types-error.c.o
[57/1226] Compiling C object libqemuutil.a.p/meson-generated_.._qapi_qapi-commands-cxl.c.o
[58/1226] Compiling C object libqemuutil.a.p/meson-generated_.._qapi_qapi-events-error.c.o
[59/1226] Compiling C object libqemuutil.a.p/meson-generated_.._qapi_qapi-commands-error.c.o
[60/1226] Compiling C object libqemuutil.a.p/meson-generated_.._qapi_qapi-commands-block-core.c.o
[61/1226] Compiling C object libqemuutil.a.p/meson-generated_.._qapi_qapi-visit-error.c.o
[62/1226] Compiling C object libqemuutil.a.p/meson-generated_.._qapi_qapi-events-introspect.c.o
[63/1226] Compiling C object libqemuutil.a.p/meson-generated_.._qapi_qapi-types-introspect.c.o
[64/1226] Compiling C object libqemuutil.a.p/meson-generated_.._qapi_qapi-visit-crypto.c.o
[65/1226] Compiling C object libqemuutil.a.p/meson-generated_.._qapi_qapi-types-job.c.o
[66/1226] Compiling C object libqemuutil.a.p/meson-generated_.._qapi_qapi-commands-introspect.c.o
[67/1226] Compiling C object libqemuutil.a.p/meson-generated_.._qapi_qapi-types-machine-common.c.o
[68/1226] Compiling C object libqemuutil.a.p/meson-generated_.._qapi_qapi-events-job.c.o
[69/1226] Compiling C object libqemuutil.a.p/meson-generated_.._qapi_qapi-visit-machine-common.c.o
[70/1226] Compiling C object libqemuutil.a.p/meson-generated_.._qapi_qapi-visit-job.c.o
[71/1226] Compiling C object libqemuutil.a.p/meson-generated_.._qapi_qapi-events-machine-common.c.o
[72/1226] Compiling C object libqemuutil.a.p/meson-generated_.._qapi_qapi-commands-machine-common.c.o
[73/1226] Compiling C object libqemuutil.a.p/meson-generated_.._qapi_qapi-commands-job.c.o
[74/1226] Compiling C object libqemuutil.a.p/meson-generated_.._qapi_qapi-types-machine-s390x.c.o
[75/1226] Compiling C object libqemuutil.a.p/meson-generated_.._qapi_qapi-visit-introspect.c.o
[76/1226] Compiling C object libqemuutil.a.p/meson-generated_.._qapi_qapi-events-machine.c.o
[77/1226] Compiling C object libqemuutil.a.p/meson-generated_.._qapi_qapi-visit-machine-s390x.c.o
[78/1226] Compiling C object libqemuutil.a.p/meson-generated_.._qapi_qapi-events-machine-s390x.c.o
[79/1226] Compiling C object libqemuutil.a.p/meson-generated_.._qapi_qapi-commands-machine-s390x.c.o
[80/1226] Compiling C object libqemuutil.a.p/meson-generated_.._qapi_qapi-types-machine.c.o
[81/1226] Compiling C object libqemuutil.a.p/meson-generated_.._qapi_qapi-types-migration.c.o
[82/1226] Compiling C object libqemuutil.a.p/meson-generated_.._qapi_qapi-events-migration.c.o
[83/1226] Compiling C object libqemuutil.a.p/meson-generated_.._qapi_qapi-types-misc.c.o
[84/1226] Compiling C object libqemuutil.a.p/meson-generated_.._qapi_qapi-events-misc.c.o
[85/1226] Compiling C object libqemuutil.a.p/meson-generated_.._qapi_qapi-types-net.c.o
[86/1226] Compiling C object libqemuutil.a.p/meson-generated_.._qapi_qapi-types-pragma.c.o
[87/1226] Compiling C object libqemuutil.a.p/meson-generated_.._qapi_qapi-visit-misc.c.o
[88/1226] Compiling C object libqemuutil.a.p/meson-generated_.._qapi_qapi-events-net.c.o
[89/1226] Compiling C object libqemuutil.a.p/meson-generated_.._qapi_qapi-commands-net.c.o
[90/1226] Compiling C object libqemuutil.a.p/meson-generated_.._qapi_qapi-visit-pragma.c.o
[91/1226] Compiling C object libqemuutil.a.p/meson-generated_.._qapi_qapi-events-pragma.c.o
[92/1226] Compiling C object libqemuutil.a.p/meson-generated_.._qapi_qapi-commands-pragma.c.o
[93/1226] Compiling C object libqemuutil.a.p/meson-generated_.._qapi_qapi-commands-misc.c.o
[94/1226] Compiling C object libqemuutil.a.p/meson-generated_.._qapi_qapi-events-qom.c.o
[95/1226] Compiling C object libqemuutil.a.p/meson-generated_.._qapi_qapi-commands-migration.c.o
[96/1226] Compiling C object libqemuutil.a.p/meson-generated_.._qapi_qapi-types-replay.c.o
[97/1226] Compiling C object libqemuutil.a.p/meson-generated_.._qapi_qapi-visit-replay.c.o
[98/1226] Compiling C object libqemuutil.a.p/meson-generated_.._qapi_qapi-commands-machine.c.o
[99/1226] Compiling C object libqemuutil.a.p/meson-generated_.._qapi_qapi-visit-net.c.o
[100/1226] Compiling C object libqemuutil.a.p/meson-generated_.._qapi_qapi-types-qom.c.o
[101/1226] Compiling C object libqemuutil.a.p/meson-generated_.._qapi_qapi-visit-migration.c.o
[102/1226] Compiling C object libqemuutil.a.p/meson-generated_.._qapi_qapi-events-replay.c.o
[103/1226] Compiling C object libqemuutil.a.p/meson-generated_.._qapi_qapi-types-run-state.c.o
[104/1226] Compiling C object libqemuutil.a.p/meson-generated_.._qapi_qapi-commands-replay.c.o
[105/1226] Compiling C object libqemuutil.a.p/meson-generated_.._qapi_qapi-commands-qom.c.o
[106/1226] Compiling C object libqemuutil.a.p/meson-generated_.._qapi_qapi-events-sockets.c.o
[107/1226] Compiling C object libqemuutil.a.p/meson-generated_.._qapi_qapi-commands-run-state.c.o
[108/1226] Compiling C object libqemuutil.a.p/meson-generated_.._qapi_qapi-types-sockets.c.o
[109/1226] Compiling C object libqemuutil.a.p/meson-generated_.._qapi_qapi-commands-sockets.c.o
[110/1226] Compiling C object libqemuutil.a.p/meson-generated_.._qapi_qapi-visit-machine.c.o
[111/1226] Compiling C object libqemuutil.a.p/meson-generated_.._qapi_qapi-events-run-state.c.o
[112/1226] Compiling C object libqemuutil.a.p/meson-generated_.._qapi_qapi-visit-run-state.c.o
[113/1226] Compiling C object libqemuutil.a.p/meson-generated_.._qapi_qapi-events-stats.c.o
[114/1226] Compiling C object libqemuutil.a.p/meson-generated_.._qapi_qapi-types-stats.c.o
[115/1226] Compiling C object libqemuutil.a.p/meson-generated_.._qapi_qapi-types-trace.c.o
[116/1226] Compiling C object libqemuutil.a.p/meson-generated_.._qapi_qapi-visit-sockets.c.o
[117/1226] Compiling C object libqemuutil.a.p/meson-generated_.._qapi_qapi-events-trace.c.o
[118/1226] Compiling C object libqemuutil.a.p/meson-generated_.._qapi_qapi-commands-stats.c.o
[119/1226] Compiling C object libqemuutil.a.p/meson-generated_.._qapi_qapi-visit-trace.c.o
[120/1226] Compiling C object libqemuutil.a.p/meson-generated_.._qapi_qapi-commands-trace.c.o
[121/1226] Compiling C object libqemuutil.a.p/meson-generated_.._qapi_qapi-events-transaction.c.o
[122/1226] Compiling C object libqemuutil.a.p/meson-generated_.._qapi_qapi-types-vfio.c.o
[123/1226] Compiling C object libqemuutil.a.p/meson-generated_.._qapi_qapi-types-transaction.c.o
[124/1226] Compiling C object libqemuutil.a.p/meson-generated_.._qapi_qapi-visit-stats.c.o
[125/1226] Compiling C object libqemuutil.a.p/meson-generated_.._qapi_qapi-visit-vfio.c.o
[126/1226] Compiling C object libqemuutil.a.p/meson-generated_.._qapi_qapi-commands-vfio.c.o
[127/1226] Compiling C object libqemuutil.a.p/meson-generated_.._qapi_qapi-commands-transaction.c.o
[128/1226] Compiling C object libqemuutil.a.p/meson-generated_.._qapi_qapi-events-vfio.c.o
[129/1226] Compiling C object libqemuutil.a.p/meson-generated_.._qapi_qapi-events-virtio.c.o
[130/1226] Compiling C object libqemuutil.a.p/meson-generated_.._qapi_qapi-types-virtio.c.o
[131/1226] Compiling C object libqemuutil.a.p/meson-generated_.._qapi_qapi-types-yank.c.o
[132/1226] Compiling C object libqemuutil.a.p/meson-generated_.._qapi_qapi-visit-transaction.c.o
[133/1226] Compiling C object libqemuutil.a.p/meson-generated_.._qapi_qapi-events-yank.c.o
[134/1226] Compiling C object libqemuutil.a.p/meson-generated_.._qapi_qapi-types-accelerator.c.o
[135/1226] Compiling C object libqemuutil.a.p/meson-generated_.._qapi_qapi-visit-qom.c.o
[136/1226] Compiling C object libqemuutil.a.p/meson-generated_.._qapi_qapi-visit-yank.c.o
[137/1226] Compiling C object libqemuutil.a.p/meson-generated_.._qapi_qapi-commands-yank.c.o
[138/1226] Compiling C object libqemuutil.a.p/meson-generated_.._qapi_qapi-events-accelerator.c.o
[139/1226] Compiling C object libqemuutil.a.p/meson-generated_.._qapi_qapi-commands-virtio.c.o
[140/1226] Compiling C object libqemuutil.a.p/meson-generated_.._qapi_qapi-types-acpi.c.o
[141/1226] Compiling C object libqemuutil.a.p/meson-generated_.._qapi_qapi-visit-accelerator.c.o
[142/1226] Compiling C object libqemuutil.a.p/meson-generated_.._qapi_qapi-types-acpi-hest.c.o
[143/1226] Compiling C object libqemuutil.a.p/meson-generated_.._qapi_qapi-commands-accelerator.c.o
[144/1226] Compiling C object libqemuutil.a.p/meson-generated_.._qapi_qapi-visit-acpi-hest.c.o
[145/1226] Compiling C object libqemuutil.a.p/meson-generated_.._qapi_qapi-visit-acpi.c.o
[146/1226] Compiling C object libqemuutil.a.p/meson-generated_.._qapi_qapi-events-acpi.c.o
[147/1226] Compiling C object libqemuutil.a.p/meson-generated_.._qapi_qapi-commands-acpi.c.o
[148/1226] Compiling C object libqemuutil.a.p/meson-generated_.._qapi_qapi-events-acpi-hest.c.o
[149/1226] Compiling C object libqemuutil.a.p/meson-generated_.._qapi_qapi-commands-acpi-hest.c.o
[150/1226] Compiling C object libqemuutil.a.p/meson-generated_.._qapi_qapi-visit-virtio.c.o
[151/1226] Compiling C object libqemuutil.a.p/meson-generated_.._qapi_qapi-events-audio.c.o
[152/1226] Compiling C object libqemuutil.a.p/meson-generated_.._qapi_qapi-events-cryptodev.c.o
[153/1226] Compiling C object libqemuutil.a.p/meson-generated_.._qapi_qapi-types-cryptodev.c.o
[154/1226] Compiling C object libqemuutil.a.p/meson-generated_.._qapi_qapi-types-audio.c.o
[155/1226] Compiling C object libqemuutil.a.p/meson-generated_.._qapi_qapi-commands-audio.c.o
[156/1226] Compiling C object libqemuutil.a.p/meson-generated_.._qapi_qapi-commands-cryptodev.c.o
[157/1226] Compiling C object libqemuutil.a.p/meson-generated_.._qapi_qapi-visit-cryptodev.c.o
[158/1226] Compiling C object libqemuutil.a.p/meson-generated_.._qapi_qapi-types-qdev.c.o
[159/1226] Compiling C object libqemuutil.a.p/meson-generated_.._qapi_qapi-events-pci.c.o
[160/1226] Compiling C object libqemuutil.a.p/meson-generated_.._qapi_qapi-visit-qdev.c.o
[161/1226] Compiling C object libqemuutil.a.p/meson-generated_.._qapi_qapi-types-pci.c.o
[162/1226] Compiling C object libqemuutil.a.p/meson-generated_.._qapi_qapi-commands-pci.c.o
[163/1226] Compiling C object libqemuutil.a.p/meson-generated_.._qapi_qapi-events-qdev.c.o
[164/1226] Compiling C object libqemuutil.a.p/meson-generated_.._qapi_qapi-events-rocker.c.o
[165/1226] Compiling C object libqemuutil.a.p/meson-generated_.._qapi_qapi-types-rocker.c.o
[166/1226] Compiling C object libqemuutil.a.p/meson-generated_.._qapi_qapi-commands-qdev.c.o
[167/1226] Compiling C object libqemuutil.a.p/meson-generated_.._qapi_qapi-types-misc-arm.c.o
[168/1226] Compiling C object libqemuutil.a.p/meson-generated_.._qapi_qapi-events-misc-arm.c.o
[169/1226] Compiling C object libqemuutil.a.p/meson-generated_.._qapi_qapi-visit-pci.c.o
[170/1226] Compiling C object libqemuutil.a.p/meson-generated_.._qapi_qapi-visit-misc-arm.c.o
[171/1226] Compiling C object libqemuutil.a.p/meson-generated_.._qapi_qapi-commands-misc-arm.c.o
[172/1226] Compiling C object libqemuutil.a.p/meson-generated_.._qapi_qapi-events-misc-i386.c.o
[173/1226] Compiling C object libqemuutil.a.p/meson-generated_.._qapi_qapi-types-misc-i386.c.o
[174/1226] Compiling C object libqemuutil.a.p/meson-generated_.._qapi_qapi-visit-audio.c.o
[175/1226] Compiling C object libqemuutil.a.p/meson-generated_.._qapi_qapi-commands-rocker.c.o
[176/1226] Compiling C object libqemuutil.a.p/meson-generated_.._qapi_qapi-visit-rocker.c.o
[177/1226] Compiling C object libqemuutil.a.p/meson-generated_.._qapi_qapi-types-tpm.c.o
[178/1226] Compiling C object libqemuutil.a.p/meson-generated_.._qapi_qapi-events-tpm.c.o
[179/1226] Compiling C object libqemuutil.a.p/meson-generated_.._qapi_qapi-visit-tpm.c.o
[180/1226] Compiling C object libqemuutil.a.p/meson-generated_.._qapi_qapi-commands-tpm.c.o
[181/1226] Compiling C object libqemuutil.a.p/meson-generated_.._qapi_qapi-types-uefi.c.o
[182/1226] Compiling C object libqemuutil.a.p/meson-generated_.._qapi_qapi-events-uefi.c.o
[183/1226] Compiling C object libqemuutil.a.p/meson-generated_.._qapi_qapi-commands-uefi.c.o
[184/1226] Compiling C object libqemuutil.a.p/meson-generated_.._qapi_qapi-visit-block-core.c.o
[185/1226] Compiling C object libqemuutil.a.p/meson-generated_.._qapi_qapi-visit-uefi.c.o
[186/1226] Compiling C object libqemuutil.a.p/meson-generated_.._qapi_qapi-visit-misc-i386.c.o
[187/1226] Compiling C object libqemuutil.a.p/meson-generated_.._qapi_qapi-events-ui.c.o
[188/1226] Compiling C object libqemuutil.a.p/meson-generated_.._trace_trace-root.c.o
[189/1226] Compiling C object libqemuutil.a.p/meson-generated_.._trace_trace-qom.c.o
[190/1226] Compiling C object libqemuutil.a.p/meson-generated_.._trace_trace-crypto.c.o
[191/1226] Compiling C object libqemuutil.a.p/meson-generated_.._trace_trace-qapi.c.o
[192/1226] Compiling C object libqemuutil.a.p/meson-generated_.._trace_trace-monitor.c.o
[193/1226] Compiling C object libqemuutil.a.p/meson-generated_.._qapi_qapi-commands-misc-i386.c.o
[194/1226] Compiling C object libqemuutil.a.p/meson-generated_.._qapi_qapi-types-ui.c.o
[195/1226] Compiling C object libqemuutil.a.p/meson-generated_.._trace_trace-gdbstub.c.o
[196/1226] Compiling C object libqemuutil.a.p/meson-generated_.._trace_trace-util.c.o
[197/1226] Compiling C object libqemuutil.a.p/meson-generated_.._trace_trace-authz.c.o
[198/1226] Compiling C object libqemuutil.a.p/meson-generated_.._trace_trace-chardev.c.o
[199/1226] Compiling C object libqemuutil.a.p/meson-generated_.._trace_trace-io.c.o
[200/1226] Compiling C object libqemuutil.a.p/meson-generated_.._trace_trace-nbd.c.o
[201/1226] Compiling C object libqemuutil.a.p/meson-generated_.._trace_trace-block.c.o
[202/1226] Compiling C object libqemuutil.a.p/meson-generated_.._trace_trace-scsi.c.o
[203/1226] Compiling C object libqemuutil.a.p/meson-generated_.._trace_trace-accel_hvf.c.o
[204/1226] Compiling C object libqemuutil.a.p/meson-generated_.._trace_trace-accel_kvm.c.o
[205/1226] Compiling C object libqemuutil.a.p/meson-generated_.._qapi_qapi-commands-ui.c.o
[206/1226] Compiling C object libqemuutil.a.p/meson-generated_.._trace_trace-accel_mshv.c.o
[207/1226] Compiling C object libqemuutil.a.p/meson-generated_.._trace_trace-audio.c.o
[208/1226] Compiling C object libqemuutil.a.p/meson-generated_.._trace_trace-backends.c.o
[209/1226] Compiling C object libqemuutil.a.p/meson-generated_.._trace_trace-ebpf.c.o
[210/1226] Compiling C object libqemuutil.a.p/meson-generated_.._trace_trace-backends_tpm.c.o
[211/1226] Compiling C object libqemuutil.a.p/meson-generated_.._trace_trace-hw_adc.c.o
[212/1226] Compiling C object libqemuutil.a.p/meson-generated_.._trace_trace-hw_alpha.c.o
[213/1226] Compiling C object libqemuutil.a.p/meson-generated_.._trace_trace-hw_acpi.c.o
[214/1226] Compiling C object libqemuutil.a.p/meson-generated_.._trace_trace-hw_9pfs.c.o
[215/1226] Compiling C object libqemuutil.a.p/meson-generated_.._trace_trace-hw_arm.c.o
[216/1226] Compiling C object libqemuutil.a.p/meson-generated_.._trace_trace-hw_audio.c.o
[217/1226] Compiling C object libqemuutil.a.p/meson-generated_.._trace_trace-hw_block.c.o
[218/1226] Compiling C object libqemuutil.a.p/meson-generated_.._trace_trace-hw_char.c.o
[219/1226] Compiling C object libqemuutil.a.p/meson-generated_.._trace_trace-hw_fsi.c.o
[220/1226] Compiling C object libqemuutil.a.p/meson-generated_.._trace_trace-hw_hyperv.c.o
[221/1226] Compiling C object libqemuutil.a.p/meson-generated_.._trace_trace-hw_display.c.o
[222/1226] Compiling C object libqemuutil.a.p/meson-generated_.._trace_trace-hw_dma.c.o
[223/1226] Compiling C object libqemuutil.a.p/meson-generated_.._trace_trace-hw_i2c.c.o
[224/1226] Compiling C object libqemuutil.a.p/meson-generated_.._trace_trace-hw_i386_xen.c.o
[225/1226] Compiling C object libqemuutil.a.p/meson-generated_.._trace_trace-hw_i386_kvm.c.o
[226/1226] Compiling C object libqemuutil.a.p/meson-generated_.._trace_trace-hw_i386.c.o
[227/1226] Compiling C object libqemuutil.a.p/meson-generated_.._trace_trace-hw_ide.c.o
[228/1226] Compiling C object libqemuutil.a.p/meson-generated_.._trace_trace-hw_input.c.o
[229/1226] Compiling C object libqemuutil.a.p/meson-generated_.._trace_trace-hw_isa.c.o
[230/1226] Compiling C object libqemuutil.a.p/meson-generated_.._trace_trace-hw_mem.c.o
[231/1226] Compiling C object libqemuutil.a.p/meson-generated_.._trace_trace-hw_mips.c.o
[232/1226] Compiling C object libqemuutil.a.p/meson-generated_.._trace_trace-hw_misc_macio.c.o
[233/1226] Compiling C object libqemuutil.a.p/meson-generated_.._trace_trace-hw_net_can.c.o
[234/1226] Compiling C object libqemuutil.a.p/meson-generated_.._trace_trace-hw_nubus.c.o
[235/1226] Compiling C object libqemuutil.a.p/meson-generated_.._trace_trace-hw_intc.c.o
[236/1226] Compiling C object libqemuutil.a.p/meson-generated_.._qapi_qapi-visit-ui.c.o
[237/1226] Compiling C object libqemuutil.a.p/meson-generated_.._trace_trace-hw_misc.c.o
[238/1226] Compiling C object libqemuutil.a.p/meson-generated_.._trace_trace-hw_net.c.o
[239/1226] Compiling C object libqemuutil.a.p/meson-generated_.._trace_trace-hw_nvme.c.o
[240/1226] Compiling C object libqemuutil.a.p/meson-generated_.._trace_trace-hw_nvram.c.o
[241/1226] Compiling C object libqemuutil.a.p/meson-generated_.._trace_trace-hw_pci.c.o
[242/1226] Compiling C object libqemuutil.a.p/meson-generated_.._trace_trace-hw_pci_host.c.o
[243/1226] Compiling C object libqemuutil.a.p/meson-generated_.._trace_trace-hw_s390x.c.o
[244/1226] Compiling C object libqemuutil.a.p/meson-generated_.._trace_trace-hw_riscv.c.o
[245/1226] Compiling C object libqemuutil.a.p/meson-generated_.._trace_trace-hw_ppc.c.o
[246/1226] Compiling C object libqemuutil.a.p/meson-generated_.._trace_trace-hw_rtc.c.o
[247/1226] Compiling C object libqemuutil.a.p/meson-generated_.._trace_trace-hw_sd.c.o
[248/1226] Compiling C object libqemuutil.a.p/meson-generated_.._trace_trace-hw_sensor.c.o
[249/1226] Compiling C object libqemuutil.a.p/meson-generated_.._trace_trace-hw_scsi.c.o
[250/1226] Compiling C object libqemuutil.a.p/meson-generated_.._trace_trace-hw_sparc.c.o
[251/1226] Compiling C object libqemuutil.a.p/meson-generated_.._trace_trace-hw_sh4.c.o
[252/1226] Compiling C object libqemuutil.a.p/meson-generated_.._trace_trace-hw_sparc64.c.o
[253/1226] Compiling C object libqemuutil.a.p/meson-generated_.._trace_trace-hw_ssi.c.o
[254/1226] Compiling C object libqemuutil.a.p/meson-generated_.._trace_trace-hw_ufs.c.o
[255/1226] Compiling C object libqemuutil.a.p/meson-generated_.._trace_trace-hw_uefi.c.o
[256/1226] Compiling C object libqemuutil.a.p/meson-generated_.._trace_trace-hw_tpm.c.o
[257/1226] Compiling C object libqemuutil.a.p/meson-generated_.._trace_trace-hw_timer.c.o
[258/1226] Compiling C object libqemuutil.a.p/meson-generated_.._trace_trace-hw_vfio_user.c.o
[259/1226] Compiling C object libqemuutil.a.p/meson-generated_.._trace_trace-hw_vfio.c.o
[260/1226] Compiling C object libqemuutil.a.p/meson-generated_.._trace_trace-hw_usb.c.o
[261/1226] Compiling C object libqemuutil.a.p/meson-generated_.._trace_trace-hw_vmapple.c.o
[262/1226] Compiling C object libqemuutil.a.p/meson-generated_.._trace_trace-hw_watchdog.c.o
[263/1226] Compiling C object libqemuutil.a.p/meson-generated_.._trace_trace-hw_virtio.c.o
[264/1226] Compiling C object libqemuutil.a.p/meson-generated_.._trace_trace-hw_xen.c.o
[265/1226] Compiling C object libqemuutil.a.p/meson-generated_.._trace_trace-hw_gpio.c.o
[266/1226] Compiling C object libqemuutil.a.p/meson-generated_.._trace_trace-net.c.o
[267/1226] Compiling C object libqemuutil.a.p/meson-generated_.._trace_trace-replay.c.o
[268/1226] Compiling C object libqemuutil.a.p/meson-generated_.._trace_trace-system.c.o
[269/1226] Compiling C object libqemuutil.a.p/meson-generated_.._trace_trace-hw_remote.c.o
[270/1226] Compiling C object libqemuutil.a.p/meson-generated_.._trace_trace-migration.c.o
[271/1226] Compiling C object libqemuutil.a.p/meson-generated_.._trace_trace-hw_xbox_nv2a.c.o
[272/1226] Compiling C object libqemuutil.a.p/meson-generated_.._trace_trace-ui.c.o
[273/1226] Compiling C object libqemuutil.a.p/meson-generated_.._trace_trace-hw_xbox_mcpx_apu.c.o
[274/1226] Compiling C object libqemuutil.a.p/meson-generated_.._trace_trace-hw_xbox_mcpx_apu_dsp.c.o
[275/1226] Compiling C object libqemuutil.a.p/meson-generated_.._trace_trace-hw_xbox_mcpx_nvnet.c.o
[276/1226] Compiling C object libqemuutil.a.p/meson-generated_.._trace_trace-accel_tcg.c.o
[277/1226] Compiling C object libqemuutil.a.p/meson-generated_.._trace_trace-hw_core.c.o
[278/1226] Compiling C object libqemuutil.a.p/meson-generated_.._trace_trace-target_arm.c.o
[279/1226] Compiling C object libqemuutil.a.p/meson-generated_.._trace_trace-target_arm_hvf.c.o
[280/1226] Compiling C object libqemuutil.a.p/meson-generated_.._trace_trace-target_hppa.c.o
[281/1226] Compiling C object libqemuutil.a.p/meson-generated_.._trace_trace-target_i386.c.o
[282/1226] Compiling C object libqemuutil.a.p/meson-generated_.._trace_trace-target_i386_kvm.c.o
[283/1226] Compiling C object libqemuutil.a.p/meson-generated_.._trace_trace-target_loongarch.c.o
[284/1226] Compiling C object libqemuutil.a.p/meson-generated_.._trace_trace-target_riscv.c.o
[285/1226] Compiling C object libqemuutil.a.p/meson-generated_.._trace_trace-target_mips_tcg.c.o
[286/1226] Compiling C object libqemuutil.a.p/meson-generated_.._trace_trace-target_ppc.c.o
[287/1226] Compiling C object libqemuutil.a.p/meson-generated_.._trace_trace-target_s390x_kvm.c.o
[288/1226] Compiling C object libqemuutil.a.p/meson-generated_.._trace_trace-target_s390x.c.o
[289/1226] Compiling C object libqemuutil.a.p/meson-generated_.._trace_trace-target_sparc.c.o
[290/1226] Compiling C object libqemuutil.a.p/meson-generated_.._trace_trace-qapi_commands_authz_trace_events.c.o
[291/1226] Compiling C object libqemuutil.a.p/meson-generated_.._trace_trace-qapi_commands_block_trace_events.c.o
[292/1226] Compiling C object libqemuutil.a.p/meson-generated_.._trace_trace-qapi_commands_block_core_trace_events.c.o
[293/1226] Compiling C object libqemuutil.a.p/meson-generated_.._trace_trace-qapi_commands_crypto_trace_events.c.o
[294/1226] Compiling C object libqemuutil.a.p/meson-generated_.._trace_trace-qapi_commands_block_export_trace_events.c.o
[295/1226] Compiling C object libqemuutil.a.p/meson-generated_.._trace_trace-qapi_commands_char_trace_events.c.o
[296/1226] Compiling C object libqemuutil.a.p/meson-generated_.._trace_trace-qapi_commands_common_trace_events.c.o
[297/1226] Compiling C object libqemuutil.a.p/meson-generated_.._trace_trace-qapi_commands_compat_trace_events.c.o
[298/1226] Compiling C object libqemuutil.a.p/meson-generated_.._trace_trace-qapi_commands_control_trace_events.c.o
[299/1226] Compiling C object libqemuutil.a.p/meson-generated_.._trace_trace-qapi_commands_cxl_trace_events.c.o
[300/1226] Compiling C object libqemuutil.a.p/meson-generated_.._trace_trace-qapi_commands_dump_trace_events.c.o
[301/1226] Compiling C object libqemuutil.a.p/meson-generated_.._trace_trace-qapi_commands_ebpf_trace_events.c.o
[302/1226] Compiling C object libqemuutil.a.p/meson-generated_.._trace_trace-qapi_commands_error_trace_events.c.o
[303/1226] Compiling C object libqemuutil.a.p/meson-generated_.._trace_trace-qapi_commands_job_trace_events.c.o
[304/1226] Compiling C object libqemuutil.a.p/meson-generated_.._trace_trace-qapi_commands_introspect_trace_events.c.o
[305/1226] Compiling C object libqemuutil.a.p/meson-generated_.._trace_trace-qapi_commands_machine_common_trace_events.c.o
[306/1226] Compiling C object libqemuutil.a.p/meson-generated_.._trace_trace-qapi_commands_machine_s390x_trace_events.c.o
[307/1226] Compiling C object libqemuutil.a.p/meson-generated_.._trace_trace-qapi_commands_net_trace_events.c.o
[308/1226] Compiling C object libqemuutil.a.p/meson-generated_.._trace_trace-qapi_commands_migration_trace_events.c.o
[309/1226] Compiling C object libqemuutil.a.p/meson-generated_.._trace_trace-qapi_commands_misc_trace_events.c.o
[310/1226] Compiling C object libqemuutil.a.p/meson-generated_.._trace_trace-qapi_commands_machine_trace_events.c.o
[311/1226] Compiling C object libqemuutil.a.p/meson-generated_.._trace_trace-qapi_commands_pragma_trace_events.c.o
[312/1226] Compiling C object libqemuutil.a.p/meson-generated_.._trace_trace-qapi_commands_qom_trace_events.c.o
[313/1226] Compiling C object libqemuutil.a.p/meson-generated_.._trace_trace-qapi_commands_sockets_trace_events.c.o
[314/1226] Compiling C object libqemuutil.a.p/meson-generated_.._trace_trace-qapi_commands_replay_trace_events.c.o
[315/1226] Compiling C object libqemuutil.a.p/meson-generated_.._trace_trace-qapi_commands_run_state_trace_events.c.o
[316/1226] Compiling C object libqemuutil.a.p/meson-generated_.._trace_trace-qapi_commands_stats_trace_events.c.o
[317/1226] Compiling C object libqemuutil.a.p/meson-generated_.._trace_trace-qapi_commands_transaction_trace_events.c.o
[318/1226] Compiling C object libqemuutil.a.p/meson-generated_.._trace_trace-qapi_commands_trace_trace_events.c.o
[319/1226] Compiling C object libqemuutil.a.p/meson-generated_.._trace_trace-qapi_commands_virtio_trace_events.c.o
[320/1226] Compiling C object libqemuutil.a.p/meson-generated_.._trace_trace-qapi_commands_yank_trace_events.c.o
[321/1226] Compiling C object libqemuutil.a.p/meson-generated_.._trace_trace-qapi_commands_vfio_trace_events.c.o
[322/1226] Compiling C object libqemuutil.a.p/meson-generated_.._trace_trace-qapi_commands_accelerator_trace_events.c.o
[323/1226] Compiling C object libqemuutil.a.p/meson-generated_.._trace_trace-qapi_commands_acpi_trace_events.c.o
[324/1226] Compiling C object libqemuutil.a.p/meson-generated_.._trace_trace-qapi_commands_acpi_hest_trace_events.c.o
[325/1226] Compiling C object libqemuutil.a.p/meson-generated_.._trace_trace-qapi_commands_cryptodev_trace_events.c.o
[326/1226] Compiling C object libqemuutil.a.p/meson-generated_.._trace_trace-qapi_commands_audio_trace_events.c.o
[327/1226] Compiling C object libqemuutil.a.p/meson-generated_.._trace_trace-qapi_commands_qdev_trace_events.c.o
[328/1226] Compiling C object libqemuutil.a.p/meson-generated_.._trace_trace-qapi_commands_pci_trace_events.c.o
[329/1226] Compiling C object libqemuutil.a.p/meson-generated_.._trace_trace-qapi_commands_misc_arm_trace_events.c.o
[330/1226] Compiling C object libqemuutil.a.p/meson-generated_.._trace_trace-qapi_commands_rocker_trace_events.c.o
[331/1226] Compiling C object libqemuutil.a.p/meson-generated_.._trace_trace-qapi_commands_uefi_trace_events.c.o
[332/1226] Compiling C object libqemuutil.a.p/meson-generated_.._trace_trace-qapi_commands_ui_trace_events.c.o
[333/1226] Compiling C object libqemuutil.a.p/meson-generated_.._trace_trace-qapi_commands_misc_i386_trace_events.c.o
[334/1226] Compiling C object libqemuutil.a.p/meson-generated_.._trace_trace-qapi_commands_tpm_trace_events.c.o
[335/1226] Compiling C object libqemuutil.a.p/qapi_qapi-clone-visitor.c.o
[336/1226] Compiling C object libqemuutil.a.p/qapi_qapi-dealloc-visitor.c.o
[337/1226] Compiling C object libqemuutil.a.p/qapi_qapi-util.c.o
[338/1226] Compiling C object libqemuutil.a.p/qapi_qapi-type-helpers.c.o
[339/1226] Compiling C object libqemuutil.a.p/qapi_opts-visitor.c.o
[340/1226] Compiling C object libqemuutil.a.p/qapi_qapi-forward-visitor.c.o
[341/1226] Compiling C object libqemuutil.a.p/qapi_qmp-event.c.o
[342/1226] Compiling C object libqemuutil.a.p/qapi_qobject-output-visitor.c.o
[343/1226] Compiling C object libqemuutil.a.p/qapi_string-input-visitor.c.o
[344/1226] Compiling C object libqemuutil.a.p/qobject_qnull.c.o
[345/1226] Compiling C object libqemuutil.a.p/qapi_qmp-dispatch.c.o
[346/1226] Compiling C object libqemuutil.a.p/qapi_string-output-visitor.c.o
[347/1226] Compiling C object libqemuutil.a.p/qapi_qmp-registry.c.o
[348/1226] Compiling C object libqemuutil.a.p/qobject_qstring.c.o
[349/1226] Compiling C object libqemuutil.a.p/qobject_qnum.c.o
[350/1226] Compiling C object libqemuutil.a.p/qapi_qapi-visit-core.c.o
[351/1226] Compiling C object libqemuutil.a.p/qobject_qbool.c.o
[352/1226] Compiling C object libqemuutil.a.p/qobject_qlit.c.o
[353/1226] Compiling C object libqemuutil.a.p/qobject_qobject.c.o
[354/1226] Compiling C object libqemuutil.a.p/qobject_qlist.c.o
[355/1226] Compiling C object libqemuutil.a.p/qapi_qobject-input-visitor.c.o
[356/1226] Compiling C object libqemuutil.a.p/qobject_qjson.c.o
[357/1226] Compiling C object libqemuutil.a.p/qobject_json-streamer.c.o
[358/1226] Compiling C object libqemuutil.a.p/qobject_json-lexer.c.o
[359/1226] Compiling C object libqemuutil.a.p/qobject_qdict.c.o
[360/1226] Compiling C object libqemuutil.a.p/util_qemu-timer-common.c.o
[361/1226] Compiling C object libqemuutil.a.p/util_unicode.c.o
[362/1226] Compiling C object libqemuutil.a.p/qobject_json-writer.c.o
[363/1226] Compiling C object libqemuutil.a.p/qobject_json-parser.c.o
[364/1226] Compiling C object libqemuutil.a.p/util_compatfd.c.o
[365/1226] Compiling C object libqemuutil.a.p/util_osdep.c.o
[366/1226] Compiling C object libqemuutil.a.p/util_fdmon-epoll.c.o
[367/1226] Compiling C object libqemuutil.a.p/util_fdmon-poll.c.o
[368/1226] Compiling C object libqemuutil.a.p/qobject_block-qdict.c.o
[369/1226] Compiling C object libqemuutil.a.p/util_thread-context.c.o
[370/1226] Compiling C object libqemuutil.a.p/util_event_notifier-posix.c.o
[371/1226] Compiling C object libqemuutil.a.p/util_mmap-alloc.c.o
[372/1226] Compiling C object libqemuutil.a.p/util_drm.c.o
[373/1226] Compiling C object libqemuutil.a.p/util_defer-call.c.o
[374/1226] Compiling C object libqemuutil.a.p/util_path.c.o
[375/1226] Compiling C object libqemuutil.a.p/util_memfd.c.o
[376/1226] Compiling C object libqemuutil.a.p/util_envlist.c.o
[377/1226] Compiling C object libqemuutil.a.p/util_module.c.o
[378/1226] Compiling C object libqemuutil.a.p/util_event.c.o
[379/1226] Compiling C object libqemuutil.a.p/util_aio-posix.c.o
[380/1226] Compiling C object libqemuutil.a.p/util_cutils.c.o
[381/1226] Compiling C object libqemuutil.a.p/util_cacheflush.c.o
[382/1226] Compiling C object libqemuutil.a.p/util_bitops.c.o
[383/1226] Compiling C object libqemuutil.a.p/util_id.c.o
[384/1226] Compiling C object libqemuutil.a.p/util_qemu-thread-posix.c.o
[385/1226] Compiling C object libqemuutil.a.p/util_host-utils.c.o
[386/1226] Compiling C object libqemuutil.a.p/util_fifo8.c.o
[387/1226] Compiling C object libqemuutil.a.p/util_oslib-posix.c.o
[388/1226] Compiling C object libqemuutil.a.p/util_qemu-print.c.o
[389/1226] Compiling C object libqemuutil.a.p/util_error.c.o
[390/1226] Compiling C object libqemuutil.a.p/util_notify.c.o
[391/1226] Compiling C object libqemuutil.a.p/util_error-report.c.o
[392/1226] Compiling C object libqemuutil.a.p/util_crc32c.c.o
[393/1226] Compiling C object libqemuutil.a.p/util_qemu-progress.c.o
[394/1226] Compiling C object libqemuutil.a.p/util_getauxval.c.o
[395/1226] Compiling C object libqemuutil.a.p/util_qemu-config.c.o
[396/1226] Compiling C object libqemuutil.a.p/util_bitmap.c.o
[397/1226] Compiling C object libqemuutil.a.p/util_uuid.c.o
[398/1226] Compiling C object libqemuutil.a.p/util_stats64.c.o
[399/1226] Compiling C object libqemuutil.a.p/util_rcu.c.o
[400/1226] Compiling C object libqemuutil.a.p/util_systemd.c.o
[401/1226] Compiling C object libqemuutil.a.p/util_transactions.c.o
[402/1226] Compiling C object libqemuutil.a.p/util_keyval.c.o
[403/1226] Compiling C object libqemuutil.a.p/util_range.c.o
[404/1226] Compiling C object libqemuutil.a.p/util_reserved-region.c.o
[405/1226] Compiling C object libqemuutil.a.p/util_int128.c.o
[406/1226] Compiling C object libqemuutil.a.p/util_log.c.o
[407/1226] Compiling C object libqemuutil.a.p/util_qdist.c.o
[408/1226] Compiling C object libqemuutil.a.p/util_guest-random.c.o
[409/1226] Compiling C object libqemuutil.a.p/util_memalign.c.o
[410/1226] Compiling C object libqemuutil.a.p/util_crc-ccitt.c.o
[411/1226] Compiling C object libqemuutil.a.p/util_base64.c.o
[412/1226] Compiling C object libqemuutil.a.p/util_aiocb.c.o
[413/1226] Compiling C object libqemuutil.a.p/util_qsp.c.o
[414/1226] Compiling C object libqemuutil.a.p/util_lockcnt.c.o
[415/1226] Compiling C object libqemuutil.a.p/util_userfaultfd.c.o
[416/1226] Compiling C object libqemuutil.a.p/util_qht.c.o
[417/1226] Compiling C object libqemuutil.a.p/util_qemu-option.c.o
[418/1226] Compiling C object libqemuutil.a.p/util_interval-tree.c.o
[419/1226] Compiling C object libqemuutil.a.p/util_coroutine-ucontext.c.o
[420/1226] Compiling C object libqemuutil.a.p/util_main-loop.c.o
[421/1226] Compiling C object libqemuutil.a.p/util_qemu-coroutine-io.c.o
[422/1226] Compiling C object libqemuutil.a.p/util_qemu-coroutine.c.o
[423/1226] Compiling C object libqemuutil.a.p/util_aio-wait.c.o
[424/1226] Compiling C object libqemuutil.a.p/util_qemu-coroutine-lock.c.o
[425/1226] Compiling C object libqemuutil.a.p/util_async.c.o
[426/1226] Compiling C object libqemuutil.a.p/util_buffer.c.o
[427/1226] Compiling C object libqemuutil.a.p/util_thread-pool.c.o
[428/1226] Compiling C object libqemuutil.a.p/util_block-helpers.c.o
[429/1226] Compiling C object libqemuutil.a.p/util_hexdump.c.o
[430/1226] Compiling C object libqemuutil.a.p/util_nvdimm-utils.c.o
[431/1226] Compiling C object libqemuutil.a.p/util_qemu-coroutine-sleep.c.o
[432/1226] Compiling C object libqemuutil.a.p/util_iova-tree.c.o
[433/1226] Compiling C object libqemuutil.a.p/util_qemu-co-shared-resource.c.o
[434/1226] Compiling C object libqemuutil.a.p/util_qemu-timer.c.o
[435/1226] Compiling C object libqemuutil.a.p/util_qemu-co-timeout.c.o
[436/1226] Compiling C object libqemuutil.a.p/util_timed-average.c.o
[437/1226] Compiling C object libqemuutil.a.p/util_chardev_open.c.o
[438/1226] Compiling C object libqemuutil.a.p/util_iov.c.o
[439/1226] Compiling C object libqemuutil.a.p/util_qemu-sockets.c.o
[440/1226] Compiling C object libqemuutil.a.p/util_readline.c.o
[441/1226] Compiling C object libqemuutil.a.p/util_filemonitor-inotify.c.o
[442/1226] Compiling C object libqemuutil.a.p/util_yank.c.o
[443/1226] Compiling C object libqemuutil.a.p/util_hbitmap.c.o
[444/1226] Compiling C object libqemuutil.a.p/util_cpuinfo-i386.c.o
[445/1226] Compiling C object libqemuutil.a.p/util_vhost-user-server.c.o
[446/1226] Compiling C object libqemuutil.a.p/util_throttle.c.o
[447/1226] Compiling C object libqemuutil.a.p/util_bufferiszero.c.o
[448/1226] Compiling C object libqemuutil.a.p/util_sha1.c.o
[449/1226] Compiling C object libqemuutil.a.p/crypto_sm4.c.o
[450/1226] Compiling C object libqemuutil.a.p/crypto_init.c.o
[451/1226] Compiling C object libqemuutil.a.p/crypto_random-platform.c.o
[452/1226] Compiling C object libqemuutil.a.p/util_http.c.o
[453/1226] Compiling C object libqemuutil.a.p/stubs_cpu-get-clock.c.o
[454/1226] Compiling C object libqemuutil.a.p/trace_qmp.c.o
[455/1226] Compiling C object libqemuutil.a.p/stubs_is-daemonized.c.o
[456/1226] Compiling C object libqemuutil.a.p/stubs_iothread-lock.c.o
[457/1226] Compiling C object libqemuutil.a.p/util_vfio-helpers.c.o
[458/1226] Compiling C object libqemuutil.a.p/trace_control.c.o
[459/1226] Compiling C object libqemuutil.a.p/stubs_fdset.c.o
[460/1226] Compiling C object libqemuutil.a.p/stubs_error-printf.c.o
[461/1226] Compiling C object libqemuutil.a.p/stubs_replay-mode.c.o
[462/1226] Compiling C object libqemuutil.a.p/stubs_trace-control.c.o
[463/1226] Compiling C object libqemuutil.a.p/stubs_monitor-core.c.o
[464/1226] Compiling C object libqemuutil.a.p/stubs_change-state-handler.c.o
[465/1226] Compiling C object libqemuutil.a.p/stubs_bdrv-next-monitor-owned.c.o
[466/1226] Compiling C object libqemuutil.a.p/stubs_get-vm-name.c.o
[467/1226] Compiling C object libqemuutil.a.p/stubs_blk-exp-close-all.c.o
[468/1226] Compiling C object libqemuutil.a.p/stubs_blk-commit-all.c.o
[469/1226] Compiling C object libqemuutil.a.p/stubs_iothread-lock-block.c.o
[470/1226] Compiling C object libqemuutil.a.p/stubs_migr-blocker.c.o
[471/1226] Compiling C object libqemuutil.a.p/stubs_blockdev-close-all-bdrv-states.c.o
[472/1226] Compiling C object libqemuutil.a.p/stubs_physmem.c.o
[473/1226] Compiling C object libqemuutil.a.p/stubs_ram-block.c.o
[474/1226] Compiling C object libqemuutil.a.p/stubs_runstate-check.c.o
[475/1226] Compiling C object libqemuutil.a.p/stubs_icount.c.o
[476/1226] Compiling C object libqemuutil.a.p/stubs_uuid.c.o
[477/1226] Compiling C object libqemuutil.a.p/stubs_cpus-virtual-clock.c.o
[478/1226] Compiling C object libqemuutil.a.p/stubs_graph-lock.c.o
[479/1226] Compiling C object libqemuutil.a.p/stubs_replay-tools.c.o
[480/1226] Compiling C object libqemuutil.a.p/stubs_qemu-timer-notify-cb.c.o
[481/1226] Compiling C object libqemuutil.a.p/crypto_clmul.c.o
[482/1226] Compiling C object libqemuutil.a.p/stubs_qtest.c.o
[483/1226] Compiling C object libqemuutil.a.p/stubs_monitor-internal.c.o
[484/1226] Compiling C object libqemuutil.a.p/stubs_qmp-command-available.c.o
[485/1226] Compiling C object libqemuutil.a.p/stubs_vm-stop.c.o
[486/1226] Compiling C object libqemuutil.a.p/stubs_dump.c.o
[487/1226] Compiling C object libqemuutil.a.p/stubs_vmstate.c.o
[488/1226] Compiling C object libqemuutil.a.p/stubs_qmp-quit.c.o
[489/1226] Compiling C object libqemuutil.a.p/stubs_cmos.c.o
[490/1226] Compiling C object libqemuutil.a.p/stubs_igvm.c.o
[491/1226] Compiling C object libqemuutil.a.p/stubs_win32-kbd-hook.c.o
[492/1226] Compiling C object libqemuutil.a.p/stubs_target-get-monitor-def.c.o
[493/1226] Compiling C object libqemuutil.a.p/stubs_target-monitor-defs.c.o
[494/1226] Compiling C object libqemuutil.a.p/stubs_monitor-arm-gic.c.o
[495/1226] Compiling C object libqemuutil.a.p/stubs_monitor-i386-rtc.c.o
[496/1226] Compiling C object libqemuutil.a.p/stubs_monitor-i386-sev.c.o
[497/1226] Compiling C object libqemuutil.a.p/stubs_fw_cfg.c.o
[498/1226] Compiling C object libqemuutil.a.p/stubs_monitor-i386-sgx.c.o
[499/1226] Compiling C object libqemuutil.a.p/stubs_monitor-i386-xen.c.o
[500/1226] Compiling C object libqemuutil.a.p/stubs_monitor-cpu.c.o
[501/1226] Compiling C object libqemuutil.a.p/stubs_gdbstub.c.o
[502/1226] Compiling C object libqemuutil.a.p/stubs_monitor-cpu-s390x-kvm.c.o
[503/1226] Compiling C object libqemuutil.a.p/stubs_monitor-cpu-s390x.c.o
[504/1226] Compiling C object ui/thirdparty/libfatx.a.p/fatx_fatx.c.o
[505/1226] Compiling C object libqemuutil.a.p/stubs_replay.c.o
[506/1226] Compiling C object libqemuutil.a.p/stubs_hotplug-stubs.c.o
[507/1226] Compiling C object libqemuutil.a.p/stubs_sysbus.c.o
[508/1226] Compiling C object libqemuutil.a.p/stubs_xen-hw-stub.c.o
[509/1226] Linking static target ui/thirdparty/libfatx.a
[510/1226] Compiling C object hw/xbox/mcpx/apu/dsp/libdsp.a.p/dsp.c.o
[511/1226] Compiling C object libqemuutil.a.p/crypto_aes.c.o
[512/1226] Compiling C object libqom.a.p/qom_container.c.o
[513/1226] Compiling C object hw/xbox/mcpx/apu/dsp/libdsp.a.p/dsp_c.c.o
[514/1226] Compiling C object libqom.a.p/qom_qom-qobject.c.o
[515/1226] Compiling C object libauthz.a.p/authz_base.c.o
[516/1226] Compiling C object hw/xbox/mcpx/apu/dsp/libdsp.a.p/dsp_jit.c.o
[517/1226] Compiling C object hw/xbox/mcpx/apu/dsp/libdsp.a.p/dsp_dma.c.o
[518/1226] Compiling C object libevent-loop-base.a.p/event-loop-base.c.o
[519/1226] Linking static target libqemuutil.a
[520/1226] Compiling C object libcrypto.a.p/crypto_afsplit.c.o
[521/1226] Compiling C object libauthz.a.p/authz_simple.c.o
[522/1226] Compiling C object libcrypto.a.p/crypto_akcipher.c.o
[523/1226] Compiling C object libqom.a.p/qom_object_interfaces.c.o
[524/1226] Compiling C object libauthz.a.p/authz_list.c.o
[525/1226] Generating block.syms with a custom command (wrapped by meson to capture output)
[526/1226] Compiling C object libcrypto.a.p/crypto_block-qcow.c.o
[527/1226] Compiling C object libauthz.a.p/authz_listfile.c.o
[528/1226] Generating qemu.syms with a custom command (wrapped by meson to capture output)
[529/1226] Compiling C object libcrypto.a.p/crypto_cipher.c.o
[530/1226] Compiling C object libcrypto.a.p/crypto_hmac.c.o
[531/1226] Compiling C object libcrypto.a.p/crypto_block.c.o
[532/1226] Compiling C object libcrypto.a.p/crypto_ivgen-plain.c.o
[533/1226] Compiling C object libcrypto.a.p/crypto_ivgen-plain64.c.o
[534/1226] Compiling C object libcrypto.a.p/crypto_ivgen-essiv.c.o
[535/1226] Compiling C object libcrypto.a.p/crypto_hash.c.o
[536/1226] Compiling C object libcrypto.a.p/crypto_der.c.o
[537/1226] Compiling C object libcrypto.a.p/crypto_ivgen.c.o
[538/1226] Compiling C object libcrypto.a.p/crypto_pbkdf.c.o
[539/1226] Compiling C object libcrypto.a.p/crypto_tlssession.c.o
[540/1226] Compiling C object libcrypto.a.p/crypto_tlscreds.c.o
[541/1226] Compiling C object libcrypto.a.p/crypto_tlscredsanon.c.o
[542/1226] Compiling C object libcrypto.a.p/crypto_tlscredspsk.c.o
[543/1226] Compiling C object libcrypto.a.p/crypto_secret.c.o
[544/1226] Compiling C object libcrypto.a.p/crypto_tlscredsx509.c.o
[545/1226] Compiling C object libcrypto.a.p/crypto_rsakey.c.o
[546/1226] Compiling C object libcrypto.a.p/crypto_secret_common.c.o
[547/1226] Compiling C object libcrypto.a.p/crypto_hash-glib.c.o
[548/1226] Compiling C object libcrypto.a.p/crypto_block-luks.c.o
[549/1226] Compiling C object libcrypto.a.p/crypto_pbkdf-stub.c.o
[550/1226] Compiling C object libcrypto.a.p/crypto_hmac-glib.c.o
[551/1226] Compiling C object libio.a.p/io_channel-null.c.o
[552/1226] Compiling C object libio.a.p/io_channel-buffer.c.o
[553/1226] Compiling C object libio.a.p/io_channel-util.c.o
[554/1226] Compiling C object libio.a.p/io_channel-file.c.o
[555/1226] Compiling C object libio.a.p/io_channel-command.c.o
[556/1226] Compiling C object libio.a.p/io_channel-watch.c.o
[557/1226] Compiling C object libio.a.p/io_channel-tls.c.o
[558/1226] Compiling C object libio.a.p/io_dns-resolver.c.o
[559/1226] Compiling C object libio.a.p/io_task.c.o
[560/1226] Compiling C object libmigration.a.p/migration_migration-stats.c.o
[561/1226] Compiling C object libmigration.a.p/migration_page_cache.c.o
[562/1226] Compiling C object libio.a.p/io_channel-socket.c.o
[563/1226] Compiling C object libio.a.p/io_channel.c.o
[564/1226] Compiling C object libqom.a.p/qom_object.c.o
[565/1226] Compiling C object libio.a.p/io_net-listener.c.o
[566/1226] Compiling C object libmigration.a.p/migration_yank_functions.c.o
[567/1226] Compiling C object libio.a.p/io_channel-websock.c.o
[568/1226] Compiling C object libmigration.a.p/migration_vmstate-types.c.o
[569/1226] Compiling C object libmigration.a.p/migration_vmstate.c.o
[570/1226] Compiling C object libblock.a.p/nbd_client-connection.c.o
[571/1226] Compiling C object libblock.a.p/blockjob.c.o
[572/1226] Compiling C object libmigration.a.p/migration_qemu-file.c.o
[573/1226] Compiling C object libmigration.a.p/migration_xbzrle.c.o
[574/1226] Compiling C object libblock.a.p/nbd_common.c.o
[575/1226] Compiling C object libblock.a.p/scsi_utils.c.o
[576/1226] Compiling C object libblock.a.p/block_aio_task.c.o
[577/1226] Compiling C object libblock.a.p/scsi_pr-manager.c.o
[578/1226] Compiling C object libblock.a.p/job.c.o
[579/1226] Compiling C object libblock.a.p/scsi_pr-manager-helper.c.o
[580/1226] Compiling C object libblock.a.p/block_accounting.c.o
[581/1226] Compiling C object libblock.a.p/block_amend.c.o
[582/1226] Compiling C object libblock.a.p/nbd_client.c.o
[583/1226] Compiling C object libblock.a.p/block_blkverify.c.o
[584/1226] Compiling C object libblock.a.p/meson-generated_.._block_block-gen.c.o
[585/1226] Compiling C object libblock.a.p/block_backup.c.o
[586/1226] Compiling C object libblock.a.p/block_blklogwrites.c.o
[587/1226] Compiling C object libblock.a.p/qemu-io-cmds.c.o
[588/1226] Compiling C object libblock.a.p/block_commit.c.o
[589/1226] Compiling C object libblock.a.p/block_create.c.o
[590/1226] Compiling C object libblock.a.p/block_blkdebug.c.o
[591/1226] Compiling C object libblock.a.p/block_copy-on-read.c.o
[592/1226] Compiling C object libblock.a.p/block_copy-before-write.c.o
[593/1226] Compiling C object libblock.a.p/block_filter-compress.c.o
[594/1226] Compiling C object libblock.a.p/block_block-copy.c.o
[595/1226] Compiling C object libblock.a.p/block_graph-lock.c.o
[596/1226] Compiling C object libblock.a.p/block_crypto.c.o
[597/1226] Compiling C object libblock.a.p/block_dirty-bitmap.c.o
[598/1226] Compiling C object libblock.a.p/block_progress_meter.c.o
[599/1226] Compiling C object libblock.a.p/block_null.c.o
[600/1226] Compiling C object libblock.a.p/block_preallocate.c.o
[601/1226] Compiling C object libblock.a.p/block_qcow2-cache.c.o
[602/1226] Compiling C object libblock.a.p/block_qapi.c.o
[603/1226] Compiling C object libblock.a.p/block_block-backend.c.o
[604/1226] Compiling C object libblock.a.p/block_mirror.c.o
[605/1226] Compiling C object libblock.a.p/block_nbd.c.o
[606/1226] Compiling C object libblock.a.p/block_qcow2-threads.c.o
[607/1226] Compiling C object libblock.a.p/block_qcow2-bitmap.c.o
[608/1226] Compiling C object libblock.a.p/block_reqlist.c.o
[609/1226] Compiling C object libblock.a.p/block_raw-format.c.o
[610/1226] Compiling C object hw/xbox/mcpx/apu/dsp/interp/libdsp_cpu_interp.a.p/dsp_cpu.c.o
[611/1226] Compiling C object libblock.a.p/block_snapshot-access.c.o
[612/1226] Compiling C object libblock.a.p/block_qcow2-snapshot.c.o
[613/1226] Compiling C object libblock.a.p/block_throttle.c.o
[614/1226] Compiling C object libblock.a.p/block_quorum.c.o
[615/1226] Compiling C object libblock.a.p/block_snapshot.c.o
[616/1226] Compiling C object libblock.a.p/block_write-threshold.c.o
[617/1226] Compiling C object libblock.a.p/block_io.c.o
[618/1226] Compiling C object libblock.a.p/block.c.o
[619/1226] Compiling C object libblock.a.p/block_qcow2-cluster.c.o
[620/1226] Compiling C object libblock.a.p/block_monitor_bitmap-qmp-cmds.c.o
[621/1226] Compiling C object libblock.a.p/block_stream.c.o
[622/1226] Compiling C object libblock.a.p/block_throttle-groups.c.o
[623/1226] Compiling C object libblockdev.a.p/block_export_export.c.o
[624/1226] Compiling C object libblockdev.a.p/job-qmp.c.o
[625/1226] Compiling C object libblockdev.a.p/os-posix.c.o
[626/1226] Compiling C object libblockdev.a.p/iothread.c.o
[627/1226] Compiling C object libblockdev.a.p/blockdev-nbd.c.o
[628/1226] Compiling C object libblock.a.p/block_qcow2-refcount.c.o
[629/1226] Compiling C object libblock.a.p/block_curl.c.o
[630/1226] Compiling C object libqmp.a.p/qom_qom-qmp-cmds.c.o
[631/1226] Compiling C object libblock.a.p/block_nvme.c.o
[632/1226] Compiling C object libchardev.a.p/chardev_char-file.c.o
[633/1226] Compiling C object libchardev.a.p/chardev_char-io.c.o
[634/1226] Compiling C object libqmp.a.p/monitor_qmp-cmds-control.c.o
[635/1226] Compiling C object libblock.a.p/block_qcow2.c.o
[636/1226] Compiling C object libqmp.a.p/monitor_qmp.c.o
[637/1226] Compiling C object libchardev.a.p/chardev_char-fe.c.o
[638/1226] Compiling C object libchardev.a.p/chardev_char-null.c.o
[639/1226] Compiling C object libchardev.a.p/chardev_char-pipe.c.o
[640/1226] Compiling C object libqmp.a.p/monitor_monitor.c.o
[641/1226] Compiling C object libchardev.a.p/chardev_char-hub.c.o
[642/1226] Compiling C object libchardev.a.p/chardev_char-ringbuf.c.o
[643/1226] Compiling C object libchardev.a.p/chardev_char-stdio.c.o
[644/1226] Compiling C object libchardev.a.p/chardev_char-mux.c.o
[645/1226] Compiling C object libchardev.a.p/chardev_char-serial.c.o
[646/1226] Compiling C object libblock.a.p/block_file-posix.c.o
[647/1226] Compiling C object libchardev.a.p/chardev_char-udp.c.o
[648/1226] Compiling C object libchardev.a.p/chardev_char-parallel.c.o
[649/1226] Compiling C object libchardev.a.p/chardev_char-fd.c.o
[650/1226] Compiling C object libhwcore.a.p/hw_core_resetcontainer.c.o
[651/1226] Compiling C object libhwcore.a.p/hw_core_bus.c.o
[652/1226] Compiling C object libchardev.a.p/chardev_char-pty.c.o
[653/1226] Compiling C object libhwcore.a.p/hw_core_vmstate-if.c.o
[654/1226] Compiling C object libblockdev.a.p/blockdev.c.o
[655/1226] Compiling C object libhwcore.a.p/hw_core_resettable.c.o
[656/1226] Compiling C object libhwcore.a.p/hw_core_irq.c.o
[657/1226] Compiling C object libsystem.a.p/trace_control-target.c.o
[658/1226] Compiling C object libhwcore.a.p/hw_core_clock.c.o
[659/1226] Compiling C object libhwcore.a.p/hw_core_qdev-clock.c.o
[660/1226] Compiling C object libchardev.a.p/chardev_char-socket.c.o
[661/1226] Compiling C object libsystem.a.p/trace_trace-hmp-cmds.c.o
[662/1226] Compiling C object libchardev.a.p/chardev_char.c.o
[663/1226] Compiling C object libblockdev.a.p/nbd_server.c.o
[664/1226] Compiling C object libhwcore.a.p/hw_core_qdev-properties.c.o
[665/1226] Compiling C object libhwcore.a.p/hw_core_qdev.c.o
[666/1226] Compiling C object libsystem.a.p/ui_clipboard.c.o
[667/1226] Compiling C object libsystem.a.p/qom_qom-hmp-cmds.c.o
[668/1226] Compiling C object libsystem.a.p/ui_input-keymap.c.o
[669/1226] Compiling C object libsystem.a.p/ui_dmabuf.c.o
[670/1226] Compiling C object libsystem.a.p/ui_cursor.c.o
[671/1226] Compiling C object libsystem.a.p/ui_keymaps.c.o
[672/1226] Compiling C object libsystem.a.p/ui_input-legacy.c.o
[673/1226] Compiling C object libsystem.a.p/ui_kbd-state.c.o
[674/1226] Compiling C object libsystem.a.p/ui_qemu-pixman.c.o
[675/1226] Compiling C object libsystem.a.p/ui_ui-qmp-cmds.c.o
[676/1226] Compiling C object libsystem.a.p/ui_input-barrier.c.o
[677/1226] Compiling C object libsystem.a.p/ui_ui-hmp-cmds.c.o
[678/1226] Compiling C object libsystem.a.p/ui_xemu-input-topology.c.o
[679/1226] Compiling C object libsystem.a.p/ui_xemu-net.c.o
[680/1226] Compiling C object libsystem.a.p/ui_util.c.o
[681/1226] Compiling C object libsystem.a.p/ui_input.c.o
[682/1226] Compiling C object libsystem.a.p/ui_xemu-gpu-launch.c.o
[683/1226] Compiling C object libsystem.a.p/ui_xemu-monitor.c.o
[684/1226] Compiling C object libsystem.a.p/ui_xemu-tweaks.c.o
[685/1226] Compiling C object libsystem.a.p/ui_xemu-gpu-info.c.o
[686/1226] Compiling C object libsystem.a.p/ui_console.c.o
[687/1226] Compiling C object libsystem.a.p/ui_xemu-input.c.o
[688/1226] Compiling C object libsystem.a.p/ui_xemu-snapshots.c.o
[689/1226] Compiling C object libsystem.a.p/ui_xemu.c.o
[690/1226] Compiling C++ object libsystem.a.p/ui_xemu-thumbnail.cc.o
[691/1226] Compiling C++ object libsystem.a.p/ui_xui_animation.cc.o
[692/1226] Compiling C++ object libsystem.a.p/ui_xui_font-manager.cc.o
[693/1226] Compiling C++ object libsystem.a.p/ui_xui_compat.cc.o
[694/1226] Compiling C++ object libsystem.a.p/ui_xui_gl-helpers.cc.o
[695/1226] Compiling C++ object libsystem.a.p/ui_xui_debug.cc.o
[696/1226] Compiling C++ object libsystem.a.p/ui_xemu-settings-migration.cc.o
[697/1226] Compiling C++ object libsystem.a.p/ui_xui_actions.cc.o
[698/1226] Compiling C++ object libsystem.a.p/ui_xui_input-manager.cc.o
[699/1226] Compiling C++ object libsystem.a.p/ui_xui_main.cc.o
[700/1226] Compiling C++ object libsystem.a.p/ui_xui_monitor.cc.o
[701/1226] Compiling C++ object libsystem.a.p/ui_xui_menubar.cc.o
[702/1226] Compiling C++ object libsystem.a.p/ui_xui_notifications.cc.o
[703/1226] Compiling C object libsystem.a.p/ui_spice-module.c.o
[704/1226] Compiling C object libsystem.a.p/ui_console-vc-stubs.c.o
[705/1226] Compiling C++ object libsystem.a.p/ui_xui_viewport-manager.cc.o
[706/1226] Compiling C++ object libsystem.a.p/ui_xui_snapshot-manager.cc.o
[707/1226] Compiling C object libsystem.a.p/ui_udmabuf.c.o
[708/1226] Compiling C object libsystem.a.p/ui_input-linux.c.o
[709/1226] Compiling C object libsystem.a.p/ui_vnc-stubs.c.o
[710/1226] Compiling C++ object libsystem.a.p/ui_xui_misc.cc.o
[711/1226] Compiling C object libsystem.a.p/hw_acpi_ghes-stub.c.o
[712/1226] Compiling C++ object libsystem.a.p/ui_xui_scene-components.cc.o
[713/1226] Compiling C object libsystem.a.p/gdbstub_syscalls.c.o
[714/1226] Compiling C object libsystem.a.p/hw_acpi_acpi_interface.c.o
[715/1226] Compiling C++ object libsystem.a.p/ui_xui_welcome.cc.o
[716/1226] Compiling C object libsystem.a.p/hw_acpi_utils.c.o
[717/1226] Compiling C object libsystem.a.p/gdbstub_system.c.o
[718/1226] Compiling C object libsystem.a.p/hw_acpi_bios-linker-loader.c.o
[719/1226] Compiling C object libsystem.a.p/hw_acpi_core.c.o
[720/1226] Compiling C object libsystem.a.p/hw_acpi_cpu_hotplug.c.o
[721/1226] Compiling C object libsystem.a.p/hw_acpi_cpu.c.o
[722/1226] Compiling C object libsystem.a.p/hw_acpi_memory_hotplug.c.o
[723/1226] Compiling C object libsystem.a.p/gdbstub_gdbstub.c.o
[724/1226] Compiling C object libsystem.a.p/hw_acpi_nvdimm.c.o
[725/1226] Compiling C object libsystem.a.p/hw_acpi_pci.c.o
[726/1226] Compiling C++ object libsystem.a.p/ui_xui_main-menu.cc.o
[727/1226] Compiling C object libsystem.a.p/hw_acpi_cxl-stub.c.o
[728/1226] Compiling C object libsystem.a.p/hw_acpi_vmgenid.c.o
[729/1226] Compiling C object libsystem.a.p/hw_acpi_hmat.c.o
[730/1226] Compiling C object libsystem.a.p/hw_acpi_vmclock.c.o
[731/1226] Compiling C object libsystem.a.p/hw_acpi_pci-bridge.c.o
[732/1226] Compiling C object libsystem.a.p/hw_acpi_ipmi-stub.c.o
[733/1226] Compiling C object libsystem.a.p/hw_acpi_ghes_cper_stub.c.o
[734/1226] Compiling C object libsystem.a.p/hw_acpi_viot.c.o
[735/1226] Compiling C object libsystem.a.p/hw_acpi_piix4.c.o
[736/1226] Compiling C object libsystem.a.p/hw_acpi_acpi-qmp-cmds.c.o
[737/1226] Compiling C object libsystem.a.p/hw_audio_model.c.o
[738/1226] Compiling C object libsystem.a.p/hw_acpi_aml-build.c.o
[739/1226] Compiling C object libsystem.a.p/hw_audio_pcspk.c.o
[740/1226] Compiling C object libsystem.a.p/hw_acpi_erst.c.o
[741/1226] Compiling C object libsystem.a.p/hw_acpi_pcihp.c.o
[742/1226] Compiling C object libsystem.a.p/hw_block_cdrom.c.o
[743/1226] Compiling C object libsystem.a.p/hw_block_block.c.o
[744/1226] Compiling C++ object libsystem.a.p/ui_xemu-settings.cc.o
[745/1226] Compiling C++ object libsystem.a.p/ui_xui_widgets.cc.o
[746/1226] Compiling C object libsystem.a.p/hw_block_hd-geometry.c.o
[747/1226] Compiling C object libsystem.a.p/hw_char_parallel-isa.c.o
[748/1226] Compiling C++ object libsystem.a.p/ui_xui_popup-menu.cc.o
[749/1226] Compiling C object libsystem.a.p/hw_core_fw-path-provider.c.o
[750/1226] Compiling C object libsystem.a.p/hw_audio_ac97.c.o
[751/1226] Compiling C object libsystem.a.p/hw_core_hotplug.c.o
[752/1226] Compiling C object libsystem.a.p/hw_char_serial-isa.c.o
[753/1226] Compiling C object libsystem.a.p/hw_core_generic-loader.c.o
[754/1226] Compiling C object libsystem.a.p/hw_core_gpio.c.o
[755/1226] Compiling C object libsystem.a.p/hw_core_cpu-system.c.o
[756/1226] Compiling C object libsystem.a.p/hw_char_serial.c.o
[757/1226] Compiling C object libsystem.a.p/hw_core_nmi.c.o
[758/1226] Compiling C object libsystem.a.p/hw_core_null-machine.c.o
[759/1226] Compiling C object libsystem.a.p/hw_core_qdev-fw.c.o
[760/1226] Compiling C object libsystem.a.p/hw_core_machine-hmp-cmds.c.o
[761/1226] Compiling C object libsystem.a.p/hw_block_pflash_cfi01.c.o
[762/1226] Compiling C object libsystem.a.p/hw_core_qdev-hotplug.c.o
[763/1226] Compiling C object libsystem.a.p/hw_core_machine-qmp-cmds.c.o
[764/1226] Compiling C object libsystem.a.p/hw_core_reset.c.o
[765/1226] Compiling C object libsystem.a.p/hw_core_vm-change-state-handler.c.o
[766/1226] Compiling C object libsystem.a.p/hw_core_clock-vmstate.c.o
[767/1226] Compiling C object libsystem.a.p/hw_display_ramfb-stubs.c.o
[768/1226] Compiling C object libsystem.a.p/hw_display_edid-region.c.o
[769/1226] Compiling C object libsystem.a.p/hw_core_numa.c.o
[770/1226] Compiling C object libsystem.a.p/hw_cpu_core.c.o
[771/1226] Compiling C object libsystem.a.p/hw_cxl_cxl-host-stubs.c.o
[772/1226] Compiling C object libsystem.a.p/hw_core_sysbus.c.o
[773/1226] Compiling C object libsystem.a.p/hw_display_edid-generate.c.o
[774/1226] Compiling C object libsystem.a.p/hw_hyperv_hv-balloon-stub.c.o
[775/1226] Compiling C object libsystem.a.p/hw_i2c_smbus_slave.c.o
[776/1226] Compiling C object libsystem.a.p/hw_core_qdev-properties-system.c.o
[777/1226] Compiling C object libsystem.a.p/hw_core_machine.c.o
[778/1226] Compiling C object libsystem.a.p/hw_display_acpi-vga.c.o
[779/1226] Compiling C object libsystem.a.p/hw_display_vga-pci.c.o
[780/1226] Compiling C object libsystem.a.p/hw_i2c_smbus_master.c.o
[781/1226] Compiling C object libsystem.a.p/hw_i2c_core.c.o
[782/1226] Compiling C object libsystem.a.p/hw_dma_i8257.c.o
[783/1226] Compiling C object libsystem.a.p/hw_i2c_pm_smbus.c.o
[784/1226] Compiling C object libsystem.a.p/hw_ide_cf.c.o
[785/1226] Compiling C object libsystem.a.p/hw_ide_ide-bus.c.o
[786/1226] Compiling C object libsystem.a.p/hw_i2c_smbus_eeprom.c.o
[787/1226] Compiling C object libsystem.a.p/hw_ide_ioport.c.o
[788/1226] Compiling C object libsystem.a.p/hw_core_loader.c.o
[789/1226] Compiling C object libsystem.a.p/hw_ide_ide-dev.c.o
[790/1226] Compiling C object libsystem.a.p/hw_intc_intc.c.o
[791/1226] Compiling C object libsystem.a.p/hw_ide_piix.c.o
[792/1226] Compiling C object libsystem.a.p/hw_ide_pci.c.o
[793/1226] Compiling C object libsystem.a.p/hw_intc_i8259_common.c.o
[794/1226] Compiling C object libsystem.a.p/hw_input_hid.c.o
[795/1226] Compiling C object libsystem.a.p/hw_input_pckbd.c.o
[796/1226] Compiling C object libsystem.a.p/hw_ide_atapi.c.o
[797/1226] Compiling C object libsystem.a.p/hw_intc_kvm_irqcount.c.o
[798/1226] Compiling C object libsystem.a.p/hw_intc_i8259.c.o
[799/1226] Compiling C object libsystem.a.p/hw_intc_ioapic_common.c.o
[800/1226] Compiling C object libsystem.a.p/hw_mem_cxl_type3_stubs.c.o
[801/1226] Compiling C object libsystem.a.p/hw_isa_apm.c.o
[802/1226] Compiling C object libsystem.a.p/hw_isa_isa-bus.c.o
[803/1226] Compiling C object libsystem.a.p/hw_net_rocker_qmp-norocker.c.o
[804/1226] Compiling C object libsystem.a.p/hw_input_ps2.c.o
[805/1226] Compiling C object libsystem.a.p/hw_net_vhost_net-stub.c.o
[806/1226] Compiling C object libsystem.a.p/hw_isa_piix.c.o
[807/1226] Compiling C object libsystem.a.p/hw_misc_pci-testdev.c.o
[808/1226] Compiling C object libsystem.a.p/hw_display_vga.c.o
[809/1226] Compiling C object libsystem.a.p/hw_mem_pc-dimm.c.o
[810/1226] Compiling C object libsystem.a.p/hw_misc_ivshmem-flat.c.o
[811/1226] Compiling C object libsystem.a.p/hw_mem_memory-device.c.o
[812/1226] Compiling C object libsystem.a.p/hw_nvram_fw_cfg-interface.c.o
[813/1226] Compiling C object libsystem.a.p/hw_net_rocker_rocker-hmp-cmds.c.o
[814/1226] Compiling C++ object libsystem.a.p/ui_xui_reporting.cc.o
[815/1226] Compiling C object libsystem.a.p/hw_ide_core.c.o
[816/1226] Compiling C object libsystem.a.p/hw_pci_pci-hmp-cmds.c.o
[817/1226] Compiling C object libsystem.a.p/hw_pci_msi.c.o
[818/1226] Compiling C object libsystem.a.p/hw_pci_pci_host.c.o
[819/1226] Compiling C object libsystem.a.p/hw_pci_pci-qmp-cmds.c.o
[820/1226] Compiling C object libsystem.a.p/hw_pci_pci_bridge.c.o
[821/1226] Compiling C object libsystem.a.p/hw_pci_msix.c.o
[822/1226] Compiling C object libsystem.a.p/hw_pci_slotid_cap.c.o
[823/1226] Compiling C object libsystem.a.p/hw_pci_pcie_sriov.c.o
[824/1226] Compiling C object libsystem.a.p/hw_nvram_fw_cfg.c.o
[825/1226] Compiling C object libsystem.a.p/hw_pci-host_pam.c.o
[826/1226] Compiling C object libsystem.a.p/hw_pci-bridge_pci_expander_bridge_stubs.c.o
[827/1226] Compiling C object libsystem.a.p/hw_pci_shpc.c.o
[828/1226] Compiling C object libsystem.a.p/hw_scsi_emulation.c.o
[829/1226] Compiling C object libsystem.a.p/hw_pci_pcie_doe.c.o
[830/1226] Compiling C object libsystem.a.p/hw_smbios_smbios-stub.c.o
[831/1226] Compiling C object libsystem.a.p/hw_pci-host_i440fx.c.o
[832/1226] Compiling C object libsystem.a.p/hw_pci_pcie_aer.c.o
[833/1226] Compiling C object libsystem.a.p/hw_timer_i8254_common.c.o
[834/1226] Compiling C object libsystem.a.p/hw_uefi_hardware-info.c.o
[835/1226] Compiling C object libsystem.a.p/hw_timer_i8254.c.o
[836/1226] Compiling C object libsystem.a.p/hw_pci_pcie.c.o
[837/1226] Compiling C object libsystem.a.p/hw_uefi_ovmf-log.c.o
[838/1226] Compiling C object libsystem.a.p/hw_scsi_scsi-generic.c.o
[839/1226] Compiling C object libsystem.a.p/hw_rtc_mc146818rtc.c.o
[840/1226] Compiling C object libsystem.a.p/hw_usb_combined-packet.c.o
[841/1226] Compiling C object libsystem.a.p/hw_usb_desc-msos.c.o
[842/1226] Compiling C object libsystem.a.p/hw_usb_libhw.c.o
[843/1226] Compiling C object libsystem.a.p/hw_usb_pcap.c.o
[844/1226] Compiling C object libsystem.a.p/hw_usb_bus.c.o
[845/1226] Compiling C object libsystem.a.p/hw_usb_core.c.o
[846/1226] Compiling C object libsystem.a.p/hw_usb_imx-usb-phy.c.o
[847/1226] Compiling C object libsystem.a.p/hw_usb_hcd-ohci-pci.c.o
[848/1226] Compiling C object libsystem.a.p/hw_usb_desc.c.o
[849/1226] Compiling C object libsystem.a.p/hw_scsi_scsi-bus.c.o
[850/1226] Compiling C object libsystem.a.p/hw_pci_pci.c.o
[851/1226] Compiling C object libsystem.a.p/hw_usb_dev-storage-bot.c.o
[852/1226] Compiling C object libsystem.a.p/hw_usb_dev-hid.c.o
[853/1226] Compiling C object libsystem.a.p/hw_usb_dev-wacom.c.o
[854/1226] Compiling C object libsystem.a.p/hw_usb_dev-hub.c.o
[855/1226] Compiling C object libsystem.a.p/hw_usb_dev-storage-classic.c.o
[856/1226] Compiling C object libsystem.a.p/hw_scsi_scsi-disk.c.o
[857/1226] Compiling C object libsystem.a.p/hw_usb_dev-storage.c.o
[858/1226] Compiling C object libsystem.a.p/hw_usb_hcd-uhci.c.o
[859/1226] Compiling C object libsystem.a.p/hw_vfio_iommufd-stubs.c.o
[860/1226] Compiling C object libsystem.a.p/hw_usb_dev-audio.c.o
[861/1226] Compiling C object libsystem.a.p/hw_usb_u2f.c.o
[862/1226] Compiling C object libsystem.a.p/hw_virtio_virtio-stub.c.o
[863/1226] Compiling C object libsystem.a.p/hw_usb_dev-uas.c.o
[864/1226] Compiling C object libsystem.a.p/hw_usb_dev-serial.c.o
[865/1226] Compiling C object libsystem.a.p/hw_usb_u2f-passthru.c.o
[866/1226] Compiling C object libsystem.a.p/hw_virtio_vhost-stub.c.o
[867/1226] Compiling C object libsystem.a.p/hw_usb_dev-network.c.o
[868/1226] Compiling C object libsystem.a.p/hw_virtio_virtio-acpi.c.o
[869/1226] Compiling C object libsystem.a.p/hw_usb_hcd-ohci.c.o
[870/1226] Compiling C object libsystem.a.p/hw_watchdog_watchdog.c.o
[871/1226] Compiling C object libsystem.a.p/hw_virtio_virtio-md-stubs.c.o
[872/1226] Compiling C object libsystem.a.p/hw_xen_xen_stubs.c.o
[873/1226] Compiling C object libsystem.a.p/hw_usb_dev-smartcard-reader.c.o
[874/1226] Compiling C object libsystem.a.p/hw_watchdog_wdt_ib700.c.o
[875/1226] Compiling C object libsystem.a.p/hw_virtio_virtio-hmp-cmds.c.o
[876/1226] Compiling C object libsystem.a.p/audio_noaudio.c.o
[877/1226] Compiling C object libsystem.a.p/audio_wavaudio.c.o
[878/1226] Compiling C object libsystem.a.p/fsdev_qemu-fsdev-opts.c.o
[879/1226] Compiling C object libsystem.a.p/audio_wavcapture.c.o
[880/1226] Compiling C object libsystem.a.p/audio_audio-hmp-cmds.c.o
[881/1226] Compiling C object libsystem.a.p/chardev_testdev.c.o
[882/1226] Compiling C object libsystem.a.p/chardev_char-hmp-cmds.c.o
[883/1226] Compiling C object libsystem.a.p/fsdev_qemu-fsdev-throttle.c.o
[884/1226] Compiling C object libsystem.a.p/chardev_msmouse.c.o
[885/1226] Compiling C object libsystem.a.p/fsdev_qemu-fsdev-dummy.c.o
[886/1226] Compiling C object libsystem.a.p/chardev_wctablet.c.o
[887/1226] Compiling C object libsystem.a.p/block_block-ram-registrar.c.o
[888/1226] Compiling C object libsystem.a.p/dump_dump-hmp-cmds.c.o
[889/1226] Compiling C object libsystem.a.p/hw_usb_dev-mtp.c.o
[890/1226] Compiling C object libsystem.a.p/block_blkreplay.c.o
[891/1226] Compiling C object libsystem.a.p/cpu-target.c.o
[892/1226] Compiling C object libsystem.a.p/system_balloon.c.o
[893/1226] Compiling C object libsystem.a.p/audio_mixeng.c.o
[894/1226] Compiling C object libsystem.a.p/block_qapi-system.c.o
[895/1226] Compiling C object libsystem.a.p/system_datadir.c.o
[896/1226] Compiling C object libsystem.a.p/system_exit-with-parent.c.o
[897/1226] Compiling C object libsystem.a.p/system_cpu-timers.c.o
[898/1226] Compiling C object libsystem.a.p/system_bootdevice.c.o
[899/1226] Compiling C object libsystem.a.p/block_monitor_block-hmp-cmds.c.o
[900/1226] Compiling C object libsystem.a.p/system_globals.c.o
[901/1226] Compiling C object libsystem.a.p/system_dma-helpers.c.o
[902/1226] Compiling C object libsystem.a.p/system_cpus.c.o
[903/1226] Compiling C object libsystem.a.p/system_dirtylimit.c.o
[904/1226] Compiling C object libsystem.a.p/system_memory_mapping.c.o
[905/1226] Compiling C object libsystem.a.p/system_ioport.c.o
[906/1226] Compiling C object libsystem.a.p/system_ram-block-attributes.c.o
[907/1226] Compiling C object libsystem.a.p/dump_dump.c.o
[908/1226] Compiling C object libsystem.a.p/system_runstate-action.c.o
[909/1226] Compiling C object libsystem.a.p/audio_audio.c.o
[910/1226] Compiling C object libsystem.a.p/system_rtc.c.o
[911/1226] Compiling C object libsystem.a.p/system_device_tree-stub.c.o
[912/1226] Compiling C object libsystem.a.p/system_tpm-hmp-cmds.c.o
[913/1226] Compiling C object libsystem.a.p/system_async-teardown.c.o
[914/1226] Compiling C object libsystem.a.p/system_runstate-hmp-cmds.c.o
[915/1226] Compiling C object libsystem.a.p/system_watchpoint.c.o
[916/1226] Compiling C object libsystem.a.p/target-info-qom.c.o
[917/1226] Compiling C object libsystem.a.p/backends_cryptodev-hmp-cmds.c.o
[918/1226] Compiling C object libsystem.a.p/system_qdev-monitor.c.o
[919/1226] Compiling C object libsystem.a.p/backends_hostmem-ram.c.o
[920/1226] Compiling C object libsystem.a.p/system_runstate.c.o
[921/1226] Compiling C object libsystem.a.p/system_qtest.c.o
[922/1226] Compiling C object libsystem.a.p/backends_cryptodev-builtin.c.o
[923/1226] Compiling C object libsystem.a.p/backends_rng-builtin.c.o
[924/1226] Compiling C object libsystem.a.p/backends_confidential-guest-support.c.o
[925/1226] Compiling C object libsystem.a.p/backends_rng-egd.c.o
[926/1226] Compiling C object libsystem.a.p/backends_hostmem.c.o
[927/1226] Compiling C object libsystem.a.p/backends_rng.c.o
[928/1226] Compiling C object libsystem.a.p/backends_rng-random.c.o
[929/1226] Compiling C object libsystem.a.p/backends_cryptodev.c.o
[930/1226] Compiling C object libsystem.a.p/backends_hostmem-shm.c.o
[931/1226] Compiling C object libsystem.a.p/backends_host_iommu_device.c.o
[932/1226] Compiling C object libsystem.a.p/backends_hostmem-file.c.o
[933/1226] Compiling C object libsystem.a.p/backends_spdm-socket.c.o
[934/1226] Compiling C object libsystem.a.p/backends_hostmem-memfd.c.o
[935/1226] Compiling C object libsystem.a.p/disas_disas-mon.c.o
[936/1226] Compiling C object libsystem.a.p/migration_channel.c.o
[937/1226] Compiling C object libsystem.a.p/migration_block-active.c.o
[938/1226] Compiling C object libsystem.a.p/migration_channel-block.c.o
[939/1226] Compiling C object libsystem.a.p/migration_cpr-transfer.c.o
[940/1226] Compiling C object libsystem.a.p/system_vl.c.o
[941/1226] Compiling C object libsystem.a.p/migration_cpr-exec.c.o
[942/1226] Compiling C object libsystem.a.p/migration_cpr.c.o
[943/1226] Compiling C object libsystem.a.p/migration_cpu-throttle.c.o
[944/1226] Compiling C object libsystem.a.p/migration_exec.c.o
[945/1226] Compiling C object libsystem.a.p/migration_fd.c.o
[946/1226] Compiling C object libsystem.a.p/migration_block-dirty-bitmap.c.o
[947/1226] Compiling C object libsystem.a.p/migration_global_state.c.o
[948/1226] Compiling C object libsystem.a.p/migration_file.c.o
[949/1226] Compiling C object libsystem.a.p/migration_multifd-device-state.c.o
[950/1226] Compiling C object libsystem.a.p/migration_multifd-zero-page.c.o
[951/1226] Compiling C object libsystem.a.p/migration_multifd-nocomp.c.o
[952/1226] Compiling C object libsystem.a.p/migration_multifd-zlib.c.o
[953/1226] Compiling C object libsystem.a.p/migration_dirtyrate.c.o
[954/1226] Compiling C object libsystem.a.p/migration_migration-hmp-cmds.c.o
[955/1226] Compiling C object libsystem.a.p/system_memory.c.o
[956/1226] Compiling C object libsystem.a.p/migration_threadinfo.c.o
[957/1226] Compiling C object libsystem.a.p/migration_colo-stubs.c.o
[958/1226] Compiling C object libsystem.a.p/migration_socket.c.o
[959/1226] Compiling C object libsystem.a.p/migration_options.c.o
[960/1226] Compiling C object libsystem.a.p/migration_tls.c.o
[961/1226] Compiling C object libsystem.a.p/migration_vfio-stub.c.o
[962/1226] Compiling C object libsystem.a.p/migration_multifd.c.o
[963/1226] Compiling C object libsystem.a.p/net_checksum.c.o
[964/1226] Compiling C object libsystem.a.p/net_announce.c.o
[965/1226] Compiling C object libsystem.a.p/monitor_hmp-cmds.c.o
[966/1226] Compiling C object libsystem.a.p/monitor_qmp-cmds.c.o
[967/1226] Compiling C object libsystem.a.p/monitor_qemu-config-qmp.c.o
[968/1226] Compiling C object libsystem.a.p/monitor_fds.c.o
[969/1226] Compiling C object libsystem.a.p/migration_postcopy-ram.c.o
[970/1226] Compiling C object libsystem.a.p/net_dump.c.o
[971/1226] Compiling C object libsystem.a.p/net_filter-buffer.c.o
[972/1226] Compiling C object libsystem.a.p/net_dgram.c.o
[973/1226] Compiling C object libsystem.a.p/net_filter-mirror.c.o
[974/1226] Compiling C object libsystem.a.p/net_eth.c.o
[975/1226] Compiling C object libsystem.a.p/net_filter.c.o
[976/1226] Compiling C object libsystem.a.p/net_hub.c.o
[977/1226] Compiling C object libsystem.a.p/migration_migration.c.o
[978/1226] Compiling C object libsystem.a.p/net_net-hmp-cmds.c.o
[979/1226] Compiling C object libsystem.a.p/monitor_hmp.c.o
[980/1226] Compiling C object libsystem.a.p/net_util.c.o
[981/1226] Compiling C object libsystem.a.p/net_colo-stubs.c.o
[982/1226] Compiling C object libsystem.a.p/net_queue.c.o
[983/1226] Compiling C object libsystem.a.p/net_stream_data.c.o
[984/1226] Compiling C object libsystem.a.p/net_stream.c.o
[985/1226] Compiling C object libsystem.a.p/net_filter-replay.c.o
[986/1226] Compiling C object libsystem.a.p/net_socket.c.o
[987/1226] Compiling C object libsystem.a.p/net_pcap.c.o
[988/1226] Compiling C object libsystem.a.p/system_physmem.c.o
[989/1226] Compiling C object libsystem.a.p/net_tap-linux.c.o
[990/1226] Compiling C object libsystem.a.p/replay_replay.c.o
[991/1226] Compiling C object libsystem.a.p/replay_replay-internal.c.o
[992/1226] Compiling C object libsystem.a.p/replay_replay-time.c.o
[993/1226] Compiling C object libsystem.a.p/migration_savevm.c.o
[994/1226] Compiling C object libsystem.a.p/replay_replay-events.c.o
[995/1226] Compiling C object libsystem.a.p/replay_replay-input.c.o
[996/1226] Compiling C object libsystem.a.p/replay_replay-char.c.o
[997/1226] Compiling C object libsystem.a.p/replay_replay-snapshot.c.o
[998/1226] Compiling C object libsystem.a.p/migration_ram.c.o
[999/1226] Compiling C object libsystem.a.p/net_slirp.c.o
[1000/1226] Compiling C object libsystem.a.p/semihosting_stubs-system.c.o
[1001/1226] Compiling C object libsystem.a.p/replay_replay-net.c.o
[1002/1226] Compiling C object libsystem.a.p/replay_replay-random.c.o
[1003/1226] Compiling C object libsystem.a.p/replay_replay-audio.c.o
[1004/1226] Compiling C object libsystem.a.p/semihosting_arm-compat-semi-stub.c.o
[1005/1226] Compiling C object libsystem.a.p/net_tap.c.o
[1006/1226] Compiling C object libsystem.a.p/net_net.c.o
[1007/1226] Compiling C object libsystem.a.p/replay_replay-debugging.c.o
[1008/1226] Compiling C object libsystem.a.p/tcg_tcg-common.c.o
[1009/1226] Compiling C object libsystem.a.p/stats_stats-qmp-cmds.c.o
[1010/1226] Compiling C object libsystem.a.p/stats_stats-hmp-cmds.c.o
[1011/1226] Compiling C object libsystem.a.p/accel_accel-blocker.c.o
[1012/1226] Compiling C object libsystem.a.p/tcg_region.c.o
[1013/1226] Compiling C object libsystem.a.p/accel_accel-system.c.o
[1014/1226] Compiling C object libsystem.a.p/accel_accel-qmp.c.o
[1015/1226] Compiling C object libsystem.a.p/tcg_perf.c.o
[1016/1226] Compiling C object libsystem.a.p/accel_tcg_cpu-exec-common.c.o
[1017/1226] Compiling C object libsystem.a.p/accel_accel-irq.c.o
[1018/1226] Compiling C object libsystem.a.p/tcg_tcg-op-fp.c.o
[1019/1226] Compiling C object libsystem.a.p/accel_tcg_tcg-all.c.o
[1020/1226] Compiling C object libsystem.a.p/tcg_tcg-op-vec.c.o
[1021/1226] Compiling C object libsystem.a.p/accel_tcg_tb-maint.c.o
[1022/1226] Compiling C object libsystem.a.p/accel_tcg_tcg-stats.c.o
[1023/1226] Compiling C object libsystem.a.p/accel_tcg_tcg-runtime.c.o
[1024/1226] Compiling C object libsystem.a.p/accel_tcg_translate-all.c.o
[1025/1226] Compiling C object libsystem.a.p/accel_tcg_cpu-exec.c.o
[1026/1226] Compiling C object libsystem.a.p/accel_tcg_monitor.c.o
[1027/1226] Compiling C object libsystem.a.p/accel_tcg_icount-common.c.o
[1028/1226] Compiling C object libsystem.a.p/accel_tcg_tcg-accel-ops.c.o
[1029/1226] Compiling C object libsystem.a.p/accel_tcg_tcg-accel-ops-icount.c.o
[1030/1226] Compiling C object libsystem.a.p/accel_tcg_tcg-accel-ops-mttcg.c.o
[1031/1226] Compiling C object libsystem.a.p/tcg_tcg-op-ldst.c.o
[1032/1226] Compiling C object libsystem.a.p/accel_tcg_tcg-accel-ops-rr.c.o
[1033/1226] Compiling C object libsystem.a.p/ebpf_ebpf_rss-stub.c.o
[1034/1226] Compiling C object libsystem.a.p/accel_dummy-cpus.c.o
[1035/1226] Compiling C object libsystem.a.p/accel_tcg_watchpoint.c.o
[1036/1226] Compiling C object libcommon.a.p/page-vary-common.c.o
[1037/1226] Compiling C object libsystem.a.p/accel_tcg_translator.c.o
[1038/1226] Compiling C object libsystem.a.p/tcg_optimize.c.o
[1039/1226] Compiling C object libcommon.a.p/target-info.c.o
[1040/1226] Compiling C object libcommon.a.p/disas_disas-host.c.o
[1041/1226] Compiling C object libcommon.a.p/cpu-common.c.o
[1042/1226] Compiling C object libcommon.a.p/hw_core_machine-smp.c.o
[1043/1226] Compiling C object libcommon.a.p/hw_core_cpu-common.c.o
[1044/1226] Compiling C object libcommon.a.p/disas_disas-target.c.o
[1045/1226] Compiling C object libcommon.a.p/disas_objdump.c.o
[1046/1226] Compiling C object libcommon.a.p/semihosting_stubs-all.c.o
[1047/1226] Compiling C object libcommon.a.p/disas_disas-common.c.o
[1048/1226] Compiling C object libqemu-i386-softmmu.a.p/meson-generated_.._i386-softmmu-gdbstub-xml.c.o
[1049/1226] Compiling C object libcommon.a.p/accel_accel-common.c.o
[1050/1226] Compiling C object libqemu-i386-softmmu.a.p/target_i386_arch_memory_mapping.c.o
[1051/1226] Compiling C object libqemu-i386-softmmu.a.p/target_i386_arch_dump.c.o
[1052/1226] Compiling C object libsystem.a.p/tcg_tcg-op.c.o
[1053/1226] Compiling C object libsystem.a.p/tcg_tcg-op-gvec.c.o
[1054/1226] Compiling C object libqemu-i386-softmmu.a.p/target_i386_cpu-apic.c.o
[1055/1226] Compiling C object libsystem.a.p/hw_usb_host-libusb.c.o
[1056/1226] Compiling C object libqemu-i386-softmmu.a.p/target_i386_sev-system-stub.c.o
[1057/1226] Compiling C object libqemu-i386-softmmu.a.p/target_i386_machine.c.o
[1058/1226] Compiling C object libqemu-i386-softmmu.a.p/target_i386_cpu-system.c.o
[1059/1226] Compiling C object libqemu-i386-softmmu.a.p/target_i386_kvm_hyperv-stub.c.o
[1060/1226] Compiling C object libqemu-i386-softmmu.a.p/target_i386_monitor.c.o
[1061/1226] Compiling C object libqemu-i386-softmmu.a.p/target_i386_tcg_system_tcg-cpu.c.o
[1062/1226] Compiling C object libqemu-i386-softmmu.a.p/target_i386_tcg_system_fpu_helper.c.o
[1063/1226] Compiling C object libqemu-i386-softmmu.a.p/target_i386_tcg_system_excp_helper.c.o
[1064/1226] Compiling C object libqemu-i386-softmmu.a.p/hw_i386_e820_memory_layout.c.o
[1065/1226] Compiling C object libqemu-i386-softmmu.a.p/hw_i386_fw_cfg.c.o
[1066/1226] Compiling C object libqemu-i386-softmmu.a.p/hw_i386_monitor.c.o
[1067/1226] Compiling C object libqemu-i386-softmmu.a.p/target_i386_tcg_system_smm_helper.c.o
[1068/1226] Compiling C object libqemu-i386-softmmu.a.p/hw_i386_multiboot.c.o
[1069/1226] Compiling C object libqemu-i386-softmmu.a.p/target_i386_tcg_system_seg_helper.c.o
[1070/1226] Compiling C object libqemu-i386-softmmu.a.p/hw_i386_x86-cpu.c.o
[1071/1226] Compiling C object libqemu-i386-softmmu.a.p/target_i386_tcg_system_bpt_helper.c.o
[1072/1226] Compiling C object libqemu-i386-softmmu.a.p/target_i386_tcg_system_misc_helper.c.o
[1073/1226] Compiling C object libqemu-i386-softmmu.a.p/hw_i386_x86.c.o
[1074/1226] Compiling C object libqemu-i386-softmmu.a.p/hw_i386_x86-iommu-stub.c.o
[1075/1226] Compiling C object libqemu-i386-softmmu.a.p/target_i386_tcg_system_svm_helper.c.o
[1076/1226] Compiling C object libqemu-i386-softmmu.a.p/hw_i386_amd_iommu-stub.c.o
[1077/1226] Compiling C object libqemu-i386-softmmu.a.p/hw_i386_vapic.c.o
[1078/1226] Compiling C object libqemu-i386-softmmu.a.p/hw_i386_sgx-stub.c.o
[1079/1226] Compiling C object libqemu-i386-softmmu.a.p/hw_i386_acpi-common.c.o
[1080/1226] Compiling C object libsystem.a.p/accel_tcg_tcg-runtime-gvec.c.o
[1081/1226] Compiling C object libqemu-i386-softmmu.a.p/hw_i386_port92.c.o
[1082/1226] Compiling C object libqemu-i386-softmmu.a.p/hw_i386_pc_sysfw_ovmf-stubs.c.o
[1083/1226] Compiling C object libqemu-i386-softmmu.a.p/hw_i386_pc_sysfw.c.o
[1084/1226] Compiling C object libqemu-i386-softmmu.a.p/target-info-stub.c.o
[1085/1226] Compiling C object libqemu-i386-softmmu.a.p/hw_i386_x86-common.c.o
[1086/1226] Compiling C object libqemu-i386-softmmu.a.p/target_i386_gdbstub.c.o
[1087/1226] Compiling C object libqemu-i386-softmmu.a.p/target_i386_xsave_helper.c.o
[1088/1226] Compiling C object libqemu-i386-softmmu.a.p/target_i386_helper.c.o
[1089/1226] Compiling C object libqemu-i386-softmmu.a.p/target_i386_tcg_access.c.o
[1090/1226] Compiling C object libqemu-i386-softmmu.a.p/hw_i386_pc.c.o
[1091/1226] Compiling C object libqemu-i386-softmmu.a.p/target_i386_cpu-dump.c.o
[1092/1226] Compiling C object libsystem.a.p/tcg_tcg.c.o
[1093/1226] Compiling C object libqemu-i386-softmmu.a.p/target_i386_tcg_bpt_helper.c.o
[1094/1226] Compiling C object libsystem.a.p/accel_tcg_cputlb.c.o
[1095/1226] Compiling C object libqemu-i386-softmmu.a.p/target_i386_tcg_excp_helper.c.o
[1096/1226] Compiling C object libqemu-i386-softmmu.a.p/target_i386_cpu.c.o
[1097/1226] Compiling C object libqemu-i386-softmmu.a.p/target_i386_tcg_cc_helper.c.o
[1098/1226] Compiling C object libqemu-i386-softmmu.a.p/target_i386_tcg_tcg-cpu.c.o
[1099/1226] Compiling C object libqemu-i386-softmmu.a.p/target_i386_tcg_mem_helper.c.o
[1100/1226] Compiling C object libqemu-i386-softmmu.a.p/target_i386_tcg_misc_helper.c.o
[1101/1226] Compiling C object libqemu-i386-softmmu.a.p/target_i386_tcg_int_helper.c.o
[1102/1226] Compiling C object libqemu-i386-softmmu.a.p/hw_i386_kvm_xen-stubs.c.o
[1103/1226] Compiling C object libqemu-i386-softmmu.a.p/hw_nvram_fw_cfg-acpi.c.o
[1104/1226] Compiling C object libqemu-i386-softmmu.a.p/target_i386_tcg_mpx_helper.c.o
[1105/1226] Compiling C object libqemu-i386-softmmu.a.p/hw_intc_apic_common.c.o
[1106/1226] Compiling C object libqemu-i386-softmmu.a.p/hw_xbox_acpi_xbox.c.o
[1107/1226] Compiling C object libqemu-i386-softmmu.a.p/hw_xbox_eeprom_generation.c.o
[1108/1226] Compiling C object libqemu-i386-softmmu.a.p/hw_intc_ioapic.c.o
[1109/1226] Compiling C object libqemu-i386-softmmu.a.p/hw_xbox_amd_smbus.c.o
[1110/1226] Compiling C object libqemu-i386-softmmu.a.p/hw_xbox_smbus_adm1032.c.o
[1111/1226] Compiling C object libqemu-i386-softmmu.a.p/hw_xbox_smbus_cx25871.c.o
[1112/1226] Compiling C object libqemu-i386-softmmu.a.p/hw_xbox_smbus_fs454.c.o
[1113/1226] Compiling C object libqemu-i386-softmmu.a.p/hw_xbox_lpc47m157.c.o
[1114/1226] Compiling C object libqemu-i386-softmmu.a.p/hw_xbox_smbus_xcalibur.c.o
[1115/1226] Compiling C object libqemu-i386-softmmu.a.p/hw_intc_apic.c.o
[1116/1226] Compiling C object libqemu-i386-softmmu.a.p/hw_xbox_smbus_storage.c.o
[1117/1226] Compiling C object libqemu-i386-softmmu.a.p/hw_xbox_smbus_xbox_smc.c.o
[1118/1226] Compiling C object libqemu-i386-softmmu.a.p/hw_xbox_xblc.c.o
[1119/1226] Compiling C object libqemu-i386-softmmu.a.p/hw_xbox_xbox_pci.c.o
[1120/1226] Compiling C object libqemu-i386-softmmu.a.p/hw_xbox_xbox.c.o
[1121/1226] Compiling C object libqemu-i386-softmmu.a.p/hw_xbox_xid.c.o
[1122/1226] Compiling C object libqemu-i386-softmmu.a.p/hw_xbox_xid-gamepad.c.o
[1123/1226] Compiling C object libqemu-i386-softmmu.a.p/hw_xbox_nv2a_pbus.c.o
[1124/1226] Compiling C object libqemu-i386-softmmu.a.p/hw_xbox_nv2a_nv2a.c.o
[1125/1226] Compiling C object libqemu-i386-softmmu.a.p/hw_xbox_nv2a_pcrtc.c.o
[1126/1226] Compiling C object libqemu-i386-softmmu.a.p/hw_xbox_nv2a_pfb.c.o
[1127/1226] Compiling C object libqemu-i386-softmmu.a.p/hw_xbox_nv2a_pmc.c.o
[1128/1226] Compiling C object libqemu-i386-softmmu.a.p/hw_xbox_nv2a_pramdac.c.o
[1129/1226] Compiling C object libqemu-i386-softmmu.a.p/target_i386_tcg_fpu_helper_hard.c.o
[1130/1226] Compiling C object libqemu-i386-softmmu.a.p/hw_xbox_nv2a_pfifo.c.o
[1131/1226] Compiling C object libqemu-i386-softmmu.a.p/hw_xbox_nv2a_ptimer_core.c.o
[1132/1226] Compiling C object libqemu-i386-softmmu.a.p/hw_xbox_nv2a_prmcio.c.o
[1133/1226] Compiling C object libqemu-i386-softmmu.a.p/hw_xbox_nv2a_prmdio.c.o
[1134/1226] Compiling C object libqemu-i386-softmmu.a.p/target_i386_tcg_seg_helper.c.o
[1135/1226] Compiling C object libqemu-i386-softmmu.a.p/hw_xbox_nv2a_prmvio.c.o
[1136/1226] Compiling C object libqemu-i386-softmmu.a.p/hw_xbox_nv2a_pgraph_renderer-switch.c.o
[1137/1226] Compiling C object libqemu-i386-softmmu.a.p/hw_xbox_nv2a_pvideo.c.o
[1138/1226] Compiling C object libqemu-i386-softmmu.a.p/hw_xbox_nv2a_stubs.c.o
[1139/1226] Compiling C object libqemu-i386-softmmu.a.p/hw_xbox_nv2a_user.c.o
[1140/1226] Compiling C object libqemu-i386-softmmu.a.p/hw_xbox_nv2a_ptimer.c.o
[1141/1226] Compiling C object libqemu-i386-softmmu.a.p/hw_xbox_nv2a_pgraph_profile.c.o
[1142/1226] Compiling C object libqemu-i386-softmmu.a.p/hw_xbox_nv2a_pgraph_rdi.c.o
[1143/1226] Compiling C object libqemu-i386-softmmu.a.p/hw_xbox_nv2a_pgraph_reports.c.o
[1144/1226] Compiling C object libqemu-i386-softmmu.a.p/hw_xbox_nv2a_pgraph_s3tc.c.o
[1145/1226] Compiling C object libqemu-i386-softmmu.a.p/hw_xbox_nv2a_pgraph_null_renderer.c.o
[1146/1226] Compiling C object libqemu-i386-softmmu.a.p/hw_xbox_nv2a_pgraph_vertex.c.o
[1147/1226] Compiling C object libqemu-i386-softmmu.a.p/hw_xbox_nv2a_pgraph_gl_debug.c.o
[1148/1226] Compiling C object libqemu-i386-softmmu.a.p/hw_xbox_nv2a_pgraph_gl_blit.c.o
../hw/xbox/nv2a/pgraph/gl/blit.c: In function ‘pgraph_gl_image_blit’:
../hw/xbox/nv2a/pgraph/gl/blit.c:180:18: warning: declaration of ‘dest’ shadows a previous local [-Wshadow=compatible-local]
  180 |         uint8_t *dest =
      |                  ^~~~
../hw/xbox/nv2a/pgraph/gl/blit.c:112:14: note: shadowed declaration is here
  112 |     uint8_t *dest = (uint8_t *)nv_dma_map(d, context_surfaces->dma_image_dest,
      |              ^~~~
../hw/xbox/nv2a/pgraph/gl/blit.c:212:22: warning: declaration of ‘dest’ shadows a previous local [-Wshadow=compatible-local]
  212 |             uint8_t *dest =
      |                      ^~~~
../hw/xbox/nv2a/pgraph/gl/blit.c:112:14: note: shadowed declaration is here
  112 |     uint8_t *dest = (uint8_t *)nv_dma_map(d, context_surfaces->dma_image_dest,
      |              ^~~~
[1149/1226] Compiling C object libqemu-i386-softmmu.a.p/hw_xbox_nv2a_pgraph_texture.c.o
[1150/1226] Compiling C object libqemu-i386-softmmu.a.p/hw_xbox_nv2a_pgraph_gl_draw-lifecycle.c.o
[1151/1226] Compiling C object libqemu-i386-softmmu.a.p/hw_xbox_nv2a_pgraph_gl_display.c.o
[1152/1226] Compiling C object libqemu-i386-softmmu.a.p/hw_xbox_nv2a_pgraph_gl_draw.c.o
[1153/1226] Compiling C object libqemu-i386-softmmu.a.p/hw_xbox_nv2a_pgraph_gl_renderer.c.o
[1154/1226] Compiling C object libqemu-i386-softmmu.a.p/hw_xbox_nv2a_pgraph_gl_reports.c.o
[1155/1226] Compiling C object libqemu-i386-softmmu.a.p/hw_xbox_nv2a_pgraph_gl_gpuprops.c.o
[1156/1226] Compiling C object libqemu-i386-softmmu.a.p/hw_xbox_nv2a_pgraph_gl_texture-stage.c.o
[1157/1226] Compiling C object libqemu-i386-softmmu.a.p/hw_xbox_nv2a_pgraph_glsl_common.c.o
[1158/1226] Compiling C object libqemu-i386-softmmu.a.p/hw_xbox_nv2a_pgraph_glsl_psh-uber.c.o
[1159/1226] Compiling C object libqemu-i386-softmmu.a.p/hw_xbox_nv2a_pgraph_glsl_geom.c.o
[1160/1226] Compiling C object libqemu-i386-softmmu.a.p/hw_xbox_nv2a_pgraph_gl_shaders.c.o
[1161/1226] Compiling C object libqemu-i386-softmmu.a.p/hw_xbox_nv2a_pgraph_glsl_shaders.c.o
[1162/1226] Compiling C object libqemu-i386-softmmu.a.p/hw_xbox_nv2a_pgraph_gl_vertex.c.o
[1163/1226] Compiling C object libqemu-i386-softmmu.a.p/hw_xbox_nv2a_pgraph_gl_texture.c.o
[1164/1226] Compiling C object libqemu-i386-softmmu.a.p/hw_xbox_nv2a_pgraph_vk_device-selection.c.o
[1165/1226] Compiling C object libqemu-i386-softmmu.a.p/hw_xbox_nv2a_pgraph_glsl_vsh.c.o
[1166/1226] Compiling C object libqemu-i386-softmmu.a.p/hw_xbox_nv2a_pgraph_gl_surface.c.o
[1167/1226] Compiling C object libqemu-i386-softmmu.a.p/hw_xbox_nv2a_pgraph_glsl_vsh-ff.c.o
[1168/1226] Compiling C object libqemu-i386-softmmu.a.p/hw_xbox_nv2a_pgraph_glsl_vsh-prog.c.o
[1169/1226] Compiling C object libqemu-i386-softmmu.a.p/hw_xbox_nv2a_pgraph_vk_device-inventory.c.o
[1170/1226] Compiling C object libqemu-i386-softmmu.a.p/hw_xbox_nv2a_pgraph_vk_blit.c.o
../hw/xbox/nv2a/pgraph/vk/blit.c: In function ‘pgraph_vk_image_blit’:
../hw/xbox/nv2a/pgraph/vk/blit.c:191:18: warning: declaration of ‘dest’ shadows a previous local [-Wshadow=compatible-local]
  191 |         uint8_t *dest =
      |                  ^~~~
../hw/xbox/nv2a/pgraph/vk/blit.c:117:14: note: shadowed declaration is here
  117 |     uint8_t *dest = (uint8_t *)nv_dma_map(d, context_surfaces->dma_image_dest,
      |              ^~~~
../hw/xbox/nv2a/pgraph/vk/blit.c:223:22: warning: declaration of ‘dest’ shadows a previous local [-Wshadow=compatible-local]
  223 |             uint8_t *dest =
      |                      ^~~~
../hw/xbox/nv2a/pgraph/vk/blit.c:117:14: note: shadowed declaration is here
  117 |     uint8_t *dest = (uint8_t *)nv_dma_map(d, context_surfaces->dma_image_dest,
      |              ^~~~
[1171/1226] Compiling C object libqemu-i386-softmmu.a.p/hw_xbox_nv2a_pgraph_vk_failpoint.c.o
[1172/1226] Compiling C object libqemu-i386-softmmu.a.p/hw_xbox_nv2a_pgraph_glsl_psh.c.o
[1173/1226] Compiling C object libqemu-i386-softmmu.a.p/hw_xbox_nv2a_pgraph_vk_buffer.c.o
[1174/1226] Compiling C object libqemu-i386-softmmu.a.p/hw_xbox_nv2a_pgraph_vk_command.c.o
[1175/1226] Compiling C object libqemu-i386-softmmu.a.p/hw_xbox_nv2a_pgraph_pgraph.c.o
[1176/1226] Compiling C object libqemu-i386-softmmu.a.p/hw_xbox_nv2a_pgraph_vk_debug.c.o
[1177/1226] Compiling C object libqemu-i386-softmmu.a.p/hw_xbox_nv2a_pgraph_vk_hybrid-prewarm.c.o
[1178/1226] Compiling C object libqemu-i386-softmmu.a.p/hw_xbox_nv2a_pgraph_vk_hybrid-compiler.c.o
[1179/1226] Compiling C object libqemu-i386-softmmu.a.p/hw_xbox_nv2a_pgraph_vk_hybrid-pipeline-builder.c.o
[1180/1226] Compiling C object libqemu-i386-softmmu.a.p/hw_xbox_nv2a_pgraph_vk_hybrid-trace.c.o
[1181/1226] Compiling C object libqemu-i386-softmmu.a.p/hw_xbox_nv2a_pgraph_vk_gpuprops.c.o
[1182/1226] Compiling C object libqemu-i386-softmmu.a.p/hw_xbox_nv2a_pgraph_vk_glsl.c.o
[1183/1226] Compiling C object libqemu-i386-softmmu.a.p/hw_xbox_nv2a_pgraph_vk_display.c.o
[1184/1226] Compiling C object libqemu-i386-softmmu.a.p/hw_xbox_nv2a_pgraph_vk_hybrid-family.c.o
[1185/1226] Compiling C object libqemu-i386-softmmu.a.p/hw_xbox_nv2a_pgraph_vk_hybrid-prewarm-runtime.c.o
[1186/1226] Compiling C object libqemu-i386-softmmu.a.p/hw_xbox_nv2a_pgraph_vk_hybrid-wake.c.o
[1187/1226] Compiling C object libqemu-i386-softmmu.a.p/hw_xbox_nv2a_pgraph_vk_hybrid-family-codec.c.o
[1188/1226] Compiling C object libqemu-i386-softmmu.a.p/hw_xbox_nv2a_pgraph_vk_image.c.o
[1189/1226] Compiling C object libqemu-i386-softmmu.a.p/hw_xbox_nv2a_pgraph_vk_perf.c.o
[1190/1226] Compiling C object libqemu-i386-softmmu.a.p/hw_xbox_nv2a_pgraph_vk_instance.c.o
[1191/1226] Compiling C object libqemu-i386-softmmu.a.p/hw_xbox_nv2a_pgraph_vk_renderer.c.o
[1192/1226] Compiling C object libqemu-i386-softmmu.a.p/hw_xbox_nv2a_pgraph_vk_reports.c.o
[1193/1226] Compiling C object libqemu-i386-softmmu.a.p/target_i386_tcg_fpu_helper.c.o
[1194/1226] Compiling C object libqemu-i386-softmmu.a.p/hw_xbox_mcpx_aci.c.o
[1195/1226] Compiling C object libqemu-i386-softmmu.a.p/hw_xbox_nv2a_pgraph_vk_surface-compute.c.o
[1196/1226] Compiling C object libqemu-i386-softmmu.a.p/hw_xbox_mcpx_apu_debug.c.o
[1197/1226] Compiling C object libqemu-i386-softmmu.a.p/hw_xbox_mcpx_apu_monitor.c.o
[1198/1226] Compiling C object libqemu-i386-softmmu.a.p/hw_xbox_mcpx_apu_apu.c.o
[1199/1226] Compiling C object libqemu-i386-softmmu.a.p/hw_xbox_nv2a_pgraph_vk_draw.c.o
[1200/1226] Compiling C object libqemu-i386-softmmu.a.p/xemu-version.c.o
[1201/1226] Compiling C object libqemu-i386-softmmu.a.p/hw_xbox_nv2a_pgraph_vk_vertex.c.o
[1202/1226] Compiling C object libqemu-i386-softmmu.a.p/dump_win_dump.c.o
[1203/1226] Compiling C object libqemu-i386-softmmu.a.p/system_arch_init.c.o
[1204/1226] Compiling C object libqemu-i386-softmmu.a.p/system_globals-target.c.o
[1205/1226] Compiling C object libqemu-i386-softmmu.a.p/page-vary-target.c.o
[1206/1226] Compiling C object libqemu-i386-softmmu.a.p/xemu-xbe.c.o
[1207/1226] Compiling C object libqemu-i386-softmmu.a.p/hw_xbox_mcpx_apu_dsp_gp_ep.c.o
[1208/1226] Compiling C object libqemu-i386-softmmu.a.p/hw_xbox_nv2a_pgraph_vk_surface.c.o
[1209/1226] Compiling C object libqemu-i386-softmmu.a.p/accel_accel-target.c.o
[1210/1226] Compiling C object libqemu-i386-softmmu.a.p/accel_stubs_xen-stub.c.o
[1211/1226] Compiling C object libqemu-i386-softmmu.a.p/monitor_hmp-target.c.o
[1212/1226] Compiling C object libqemu-i386-softmmu.a.p/hw_xbox_nv2a_pgraph_vk_texture.c.o
[1213/1226] Compiling C object libqemu-i386-softmmu.a.p/hw_xbox_mcpx_nvnet_nvnet.c.o
[1214/1226] Compiling C object libqemu-i386-softmmu.a.p/accel_stubs_hvf-stub.c.o
[1215/1226] Compiling C object libqemu-i386-softmmu.a.p/accel_stubs_whpx-stub.c.o
[1216/1226] Compiling C object libqemu-i386-softmmu.a.p/accel_stubs_nvmm-stub.c.o
[1217/1226] Compiling C object libqemu-i386-softmmu.a.p/monitor_hmp-cmds-target.c.o
[1218/1226] Compiling C object libqemu-i386-softmmu.a.p/hw_xbox_nv2a_pgraph_vk_shaders.c.o
[1219/1226] Compiling C object libqemu-i386-softmmu.a.p/accel_stubs_kvm-stub.c.o
[1220/1226] Compiling C object libqemu-i386-softmmu.a.p/accel_stubs_mshv-stub.c.o
[1221/1226] Compiling C object libqemu-i386-softmmu.a.p/accel_qtest_qtest.c.o
[1222/1226] Compiling C object libcommon.a.p/fpu_softfloat.c.o
[1223/1226] Compiling C object libqemu-i386-softmmu.a.p/hw_xbox_mcpx_apu_vp_vp.c.o
[1224/1226] Compiling C object libqemu-i386-softmmu.a.p/target_i386_tcg_translate.c.o
[1225/1226] Linking target qemu-system-i386
