target_pid,submitting_tid,type,count,gpu_time_us,initialized_s,submitted_s,start_execution_s,finished_s,ane
6568,5992,Render,1,"18,408.400",27.211398600,27.211719600,27.213979900,27.232388300,1/10/1
6568,5992,Render,1,"17,760.700",29.328189700,29.328493200,29.330739100,29.348499800,1/10/1
6568,5992,Render,1,"16,981.200",27.265551300,27.268484800,27.270866100,27.287847300,1/10/1
6568,5992,Render,1,"16,370.600",37.847039300,37.847052800,37.849147300,37.865517900,1/10/1
6568,5992,Render,1,"14,396.200",33.421003400,33.421042700,33.422537700,33.436933900,1/10/1
6568,5992,Render,1,"13,632.500",25.221857600,25.221874500,25.223655700,25.237288200,1/10/1
6568,5992,Render,1,"13,574.200",33.472366200,33.472377300,33.473863500,33.487437700,1/10/1
6568,5992,Render,1,"13,551.100",35.742622300,35.742671800,35.744420900,35.757972000,1/10/1
6568,5992,Render,1,"13,546.200",40.239616100,40.239647800,40.241104100,40.254650300,1/10/1
6568,5992,Render,1,"13,510.900",37.751518400,37.751536200,37.753055200,37.766566100,1/10/1
6568,5992,Render,1,"13,422.600",40.189427800,40.189457700,40.192908700,40.206331300,1/10/1
6568,5992,Render,1,"13,375.900",37.703287000,37.703314800,37.703847900,37.717223800,1/10/1
6568,5992,Render,1,"13,371.600",27.116365200,27.116373700,27.117941100,27.131312700,1/10/1
6568,5992,Render,1,"13,360.500",31.385262900,31.385321900,31.386902900,31.400263400,1/10/1
6568,5992,Render,1,"13,343.200",29.433509600,29.433541200,29.435010900,29.448354100,1/10/1
6568,5992,Render,1,"13,338.200",40.139218800,40.139251100,40.140776600,40.154114800,1/10/1
6568,5992,Render,1,"13,163.500",29.383860400,29.383876200,29.385376700,29.398540200,1/10/1
6568,5992,Render,1,"13,159.500",33.372672300,33.372683600,33.374157500,33.387317000,1/10/1
6568,5992,Render,1,"13,124.900",35.790329000,35.790354600,35.791848400,35.804973300,1/10/1
6568,5992,Render,1,"13,087.500",27.361487200,27.361715300,27.362197500,27.375285000,1/10/1
6568,5992,Render,1,"13,078.600",36.194876900,36.195221600,36.195748800,36.208827400,1/10/1
6568,5992,Render,1,"13,036.100",31.323760000,31.323770200,31.325252100,31.338288200,1/10/1
6568,5992,Render,1,"13,032.300",35.837728700,35.837747900,35.839808400,35.852840700,1/10/1
6568,5992,Render,1,"13,028.500",23.240982900,23.241022000,23.242581700,23.255610200,1/10/1
6568,5992,Render,1,"13,003.600",24.811344200,24.811630300,24.812251700,24.825255300,1/10/1
6568,5992,Render,1,"12,995.300",22.982192000,22.982203200,22.983787400,22.996782700,1/10/1
6568,5992,Render,1,"12,961.300",38.428376100,38.428406200,38.428993400,38.441954700,1/10/1
6568,5992,Render,1,"12,917.400",39.178870600,39.179019000,39.179703200,39.192620600,1/10/1
6568,5992,Render,1,"12,911.600",24.161843600,24.162196000,24.162717400,24.175629000,1/10/1
6568,5992,Render,1,"12,830.500",37.799470500,37.799482100,37.801023800,37.813854300,1/10/1
6568,5992,Render,1,"12,823.300",34.795024800,34.795369900,34.795893700,34.808717000,1/10/1
6568,5992,Render,1,"12,768.400",33.324571200,33.324589800,33.327096300,33.339864700,1/10/1
6568,5992,Render,1,"12,741.500",23.043606800,23.043619900,23.046062500,23.058804000,1/10/1
6568,5992,Render,1,"12,735.800",25.269970200,25.269985600,25.271489200,25.284225000,1/10/1
6568,5992,Render,1,"12,673.600",30.261573600,30.261597700,30.262441500,30.275115100,1/10/1
6568,5992,Render,1,"12,655.000",23.093797700,23.093844100,23.096430900,23.109085900,1/10/1
6568,5992,Render,1,"12,619.100",41.362222800,41.362600500,41.363062600,41.375681700,1/10/1
6568,5992,Render,1,"12,618.200",33.195567900,33.195869100,33.196382700,33.209000900,1/10/1
6568,5992,Render,1,"12,599.700",23.144027900,23.144055700,23.146523000,23.159122700,1/10/1
6568,5992,Render,1,"12,546.000",23.192928000,23.192963600,23.195664200,23.208210200,1/10/1
6568,5992,Render,1,"12,477.000",26.061473300,26.061493300,26.062283100,26.074760100,1/10/1
6568,5992,Render,1,"12,476.500",25.163373300,25.163393300,25.165168700,25.177645200,1/10/1
6568,5992,Render,1,"12,469.100",25.661931100,25.662041000,25.662559600,25.675028700,1/10/1
6568,5992,Render,1,"12,440.100",35.928694700,35.928714700,35.929475700,35.941915800,1/10/1
6568,5992,Render,1,"12,426.400",37.911755900,37.911784400,37.912627200,37.925053600,1/10/1
6568,5992,Render,1,"12,411.400",32.412813400,32.412822500,32.413446700,32.425858100,1/10/1
6568,5992,Render,1,"12,385.500",38.162062200,38.162076500,38.162692900,38.175078400,1/10/1
6568,5992,Render,1,"12,277.100",33.612094100,33.612204900,33.612721100,33.624998200,1/10/1
6568,5992,Render,1,"12,148.300",28.162214900,28.162228300,28.162839900,28.174988200,1/10/1
6568,5992,Render,1,"12,044.500",23.288925400,23.288948900,23.290498500,23.302543000,1/10/1
6568,5992,Render,1,"11,992.200",40.828984800,40.828999900,40.829607200,40.841599400,1/10/1
6568,5992,Render,1,"11,990.000",22.935057300,22.935075700,22.936672900,22.948662900,1/10/1
6568,5992,Render,1,"11,797.000",27.164920000,27.164933200,27.166400000,27.178197000,1/10/1
6568,5992,Render,1,"11,769.800",40.379331400,40.379359600,40.379943500,40.391713300,1/10/1
6568,5992,Render,1,"11,745.200",31.612399200,31.612414200,31.613098600,31.624843800,1/10/1
6568,5992,Render,1,"11,644.700",25.114627300,25.114660000,25.116139500,25.127784200,1/10/1
6568,5992,Render,1,"11,603.800",27.979851600,27.979861900,27.980628800,27.992232600,1/10/1
6568,5992,Render,1,"11,601.800",31.480919000,31.480932500,31.482407900,31.494009700,1/10/1
6568,5992,Render,1,"11,412.900",29.196386500,29.196399700,29.197077700,29.208490600,1/10/1
6568,5992,Render,1,"11,410.100",29.483623300,29.483637700,29.485134400,29.496544500,1/10/1
6568,5992,Render,1,"11,229.400",31.434699100,31.434759200,31.436241900,31.447471300,1/10/1
6568,5992,Render,1,"11,185.300",40.290663100,40.290681800,40.292121900,40.303307200,1/10/1
6568,5992,Render,1,"11,066.100",36.613212300,36.613227700,36.613940200,36.625006300,1/10/1
6568,5992,Render,1,"10,979.200",30.978899600,30.978920100,30.979931000,30.990910200,1/10/1
6568,5992,Render,1,"10,978.800",27.495712600,27.495724300,27.496519800,27.507498600,1/10/1
6568,4612,Render,1,"10,960.500",41.694707900,41.695411400,41.695849800,41.706810300,1/1/1
6568,5992,Render,1,"10,957.000",36.426734700,36.426778900,36.427482600,36.438439600,1/10/1
6568,5992,Render,1,"10,928.200",31.196060000,31.196075100,31.196739600,31.207667800,1/10/1
6568,5992,Render,1,"10,903.000",39.312954400,39.312969000,39.313587200,39.324490200,1/10/1
6568,5992,Render,1,"10,809.900",40.093463500,40.093503400,40.094211400,40.105021300,1/10/1
6568,5992,Render,1,"10,802.000",34.129466300,34.129478300,34.130249800,34.141051800,1/10/1
6568,5992,Render,1,"10,684.400",25.405465700,25.405494400,25.406220900,25.416905300,1/10/1
6568,5992,Render,1,"10,659.800",24.373546900,24.373559600,24.374243600,24.384903400,1/10/1
6568,5992,Render,1,"10,595.800",26.279641800,26.279655200,26.280052600,26.290648400,1/10/1
6568,5992,Render,1,"10,409.200",35.698120200,35.698136000,35.698816500,35.709225700,1/10/1
6568,5992,Render,1,"10,365.300",26.408511500,26.408570700,26.409286500,26.419651800,1/10/1
6568,5992,Render,1,"10,206.300",27.408793400,27.408833500,27.409561200,27.419767500,1/10/1
6568,5992,Render,1,"10,200.400",41.722865200,41.722882700,41.723554800,41.733755200,1/10/1
6568,5992,Render,1,"10,160.400",39.997128600,39.997141900,39.997546600,40.007707000,1/10/1
6568,5992,Render,1,"10,148.400",23.809687600,23.809720400,23.810423100,23.820571500,1/10/1
6568,5992,Render,1,"10,133.800",35.526046500,35.526099700,35.526810500,35.536944300,1/10/1
6568,5992,Render,1,"10,108.500",39.440792900,39.440817200,39.441527400,39.451635900,1/10/1
6568,5992,Render,1,"10,100.500",32.544530400,32.544596500,32.545309300,32.555409800,1/10/1
6568,5992,Render,1,"10,075.100",32.810199900,32.810243300,32.810951600,32.821026700,1/10/1
6568,5992,Render,1,"10,073.100",23.559212400,23.559235300,23.559927200,23.570000300,1/10/1
6568,5992,Render,1,"10,048.400",26.322193700,26.322207900,26.322843800,26.332892200,1/10/1
6568,5992,Render,1,"10,047.200",22.193987600,22.194008900,22.194716500,22.204763700,1/10/1
6568,5992,Render,1,"10,011.800",40.040332100,40.040345700,40.041021300,40.051033100,1/10/1
6568,5992,Render,1,"10,011.000",31.526750500,31.526764000,31.527472900,31.537483900,1/10/1
6568,5992,Render,1,"10,002.600",24.544242200,24.544263900,24.544967400,24.554970000,1/10/1
6568,5992,Render,1,"9,990.700",31.925101900,31.925141100,31.925837400,31.935828100,1/10/1
6568,5992,Render,1,"9,987.500",35.610164000,35.610213300,35.610894800,35.620882300,1/10/1
6568,5992,Render,1,"9,985.500",29.110943700,29.110961100,29.111667700,29.121653200,1/10/1
6568,5992,Render,1,"9,969.800",35.655017600,35.655031300,35.655694800,35.665664600,1/10/1
6568,5992,Render,1,"9,952.400",40.643128200,40.643187400,40.643875700,40.653828100,1/10/1
6568,5992,Render,1,"9,945.400",26.622382600,26.622438200,26.623124800,26.633070200,1/10/1
6568,5992,Render,1,"9,945.100",32.008983100,32.009002600,32.009704800,32.019649900,1/10/1
6568,5992,Render,1,"9,943.000",41.637589700,41.637615000,41.638279300,41.648222300,1/10/1
6568,5992,Render,1,"9,939.900",25.891780200,25.891835700,25.892542700,25.902482600,1/10/1
6568,5992,Render,1,"9,939.700",41.592923000,41.592959500,41.593650100,41.603589800,1/10/1
6568,5992,Render,1,"9,931.500",25.976752800,25.976783800,25.977475600,25.987407100,1/10/1
6568,5992,Render,1,"9,926.300",24.858590700,24.858634800,24.859326900,24.869253200,1/10/1
6568,5992,Render,1,"9,923.700",24.944279700,24.944333700,24.945036200,24.954959900,1/10/1
6568,5992,Render,1,"9,918.200",22.459797600,22.459836600,22.460594700,22.470512900,1/10/1
6568,5992,Render,1,"9,917.800",25.360747100,25.360781800,25.361470400,25.371388200,1/10/1
6568,5992,Render,1,"9,911.100",31.793898700,31.793924300,31.794620000,31.804531100,1/10/1
6568,5992,Render,1,"9,906.400",26.710426200,26.710454500,26.711173500,26.721079900,1/10/1
6568,5992,Render,1,"9,905.100",21.836773700,21.836793200,21.837772100,21.847677200,1/10/1
6568,5992,Render,1,"9,891.900",40.510970200,40.511041400,40.511740800,40.521632700,1/10/1
6568,5992,Render,1,"9,891.700",39.954354100,39.954397700,39.955085900,39.964977600,1/10/1
6568,5992,Render,1,"9,889.300",26.809278700,26.809313700,26.810020900,26.819910200,1/10/1
6568,5992,Render,1,"9,882.400",32.138967100,32.138996400,32.139677200,32.149559600,1/10/1
6568,5992,Render,1,"9,879.800",32.637414400,32.637443300,32.638136900,32.648016700,1/10/1
6568,5992,Render,1,"9,879.600",26.493582100,26.493595900,26.494312600,26.504192200,1/10/1
6568,5992,Render,1,"9,879.400",33.109581100,33.109599600,33.110271800,33.120151200,1/10/1
6568,5992,Render,1,"9,879.000",21.879890800,21.879904100,21.880310200,21.890189200,1/10/1
6568,5992,Render,1,"9,874.600",29.529533200,29.529551500,29.529947900,29.539822500,1/10/1
6568,5992,Render,1,"9,871.600",41.061455300,41.061510300,41.062191200,41.072062800,1/10/1
6568,5992,Render,1,"9,866.800",32.323278400,32.323299000,32.323875000,32.333741800,1/10/1
6568,5992,Render,1,"9,864.800",32.094222300,32.094287500,32.094987900,32.104852700,1/10/1
6568,5992,Render,1,"9,863.300",24.291837600,24.291856200,24.292542000,24.302405300,1/10/1
6568,5992,Render,1,"9,855.700",22.104637900,22.104649300,22.105349300,22.115205000,1/10/1
6568,5992,Render,1,"9,849.200",27.071850100,27.071865900,27.072571700,27.082420900,1/10/1
6568,5992,Render,1,"9,848.200",32.587781100,32.587813400,32.588520600,32.598368800,1/10/1
6568,5992,Render,1,"9,846.300",36.338540400,36.338554200,36.339244800,36.349091100,1/10/1
6568,5992,Render,1,"9,843.100",37.056005300,37.056033100,37.056659500,37.066502600,1/10/1
6568,5992,Render,1,"9,835.800",22.891757600,22.891783300,22.892502500,22.902338300,1/10/1
6568,5992,Render,1,"9,831.600",24.987115800,24.987142000,24.987808700,24.997640300,1/10/1
6568,5992,Render,1,"9,830.300",29.870829200,29.870853000,29.871517200,29.881347500,1/10/1
6568,5992,Render,1,"9,829.900",22.805464300,22.805494400,22.806150900,22.815980800,1/10/1
6568,5992,Render,1,"9,827.800",27.020643500,27.020657200,27.021337100,27.031164900,1/10/1
6568,5992,Render,1,"9,827.600",38.827576500,38.827603000,38.828310400,38.838138000,1/10/1
6568,5992,Render,1,"9,823.400",35.440717900,35.440758400,35.441465200,35.451288600,1/10/1
6568,5992,Render,1,"9,818.100",37.277277500,37.277296800,37.277942500,37.287760600,1/10/1
6568,5992,Render,1,"9,817.400",31.658506000,31.658566200,31.659242100,31.669059500,1/10/1
6568,5992,Render,1,"9,815.700",41.273491500,41.273543400,41.274258900,41.284074600,1/10/1
6568,5992,Render,1,"9,811.600",37.011124500,37.011166500,37.011875500,37.021687100,1/10/1
6568,5992,Render,1,"9,810.900",32.459790900,32.459805500,32.460492300,32.470303200,1/10/1
6568,5992,Render,1,"9,806.200",31.838319900,31.838345800,31.838990900,31.848797100,1/10/1
6568,5992,Render,1,"9,805.800",35.305986900,35.306015500,35.306671900,35.316477700,1/10/1
6568,5992,Render,1,"9,804.500",30.742627800,30.742636000,30.743345400,30.753149900,1/10/1
6568,5992,Render,1,"9,802.300",24.770083700,24.770094800,24.770766400,24.780568700,1/10/1
6568,5992,Render,1,"9,800.200",26.892201200,26.892211700,26.892924300,26.902724500,1/10/1
6568,5992,Render,1,"9,799.000",23.388034500,23.388048900,23.388744300,23.398543300,1/10/1
6568,5992,Render,1,"9,791.500",32.370540600,32.370565900,32.371293700,32.381085200,1/10/1
6568,5992,Render,1,"9,786.500",37.227885800,37.227920700,37.228622700,37.238409200,1/10/1
6568,5992,Render,1,"9,782.800",37.659943600,37.659978400,37.660677600,37.670460400,1/10/1
6568,5992,Render,1,"9,782.500",25.494097400,25.494107500,25.494818200,25.504600700,1/10/1
6568,5992,Render,1,"9,778.800",41.409273900,41.409287500,41.409970500,41.419749300,1/10/1
6568,5992,Render,1,"9,776.200",30.838011700,30.838025500,30.838669300,30.848445500,1/10/1
6568,5992,Render,1,"9,773.000",38.911098100,38.911139300,38.911814200,38.921587200,1/10/1
6568,5992,Render,1,"9,772.000",22.589028500,22.589041200,22.589756900,22.599528900,1/10/1
6568,4612,Render,1,"9,766.900",38.744669200,38.745728900,38.746386200,38.756153100,1/1/1
6568,5992,Render,1,"9,766.700",41.190383300,41.190395700,41.191106300,41.200873000,1/10/1
6568,5992,Render,1,"9,765.300",37.142535900,37.142563500,37.143272300,37.153037600,1/10/1
6568,5992,Render,1,"9,762.500",37.320393600,37.320412100,37.321059200,37.330821700,1/10/1
6568,5992,Render,1,"9,761.300",26.108443300,26.108472800,26.109176300,26.118937600,1/10/1
6568,5992,Render,1,"9,756.800",35.975487800,35.975520000,35.976226900,35.985983700,1/10/1
6568,5992,Render,1,"9,751.900",29.026225100,29.026236800,29.026939100,29.036691000,1/10/1
6568,5992,Render,1,"9,747.000",23.342690000,23.342732500,23.343422500,23.353169500,1/10/1
6568,5992,Render,1,"9,745.800",40.423799900,40.423850500,40.424528000,40.434273800,1/10/1
6568,5992,Render,1,"9,744.400",26.538515900,26.538544400,26.539169100,26.548913500,1/10/1
6568,5992,Render,1,"9,742.800",24.459017100,24.459031600,24.459756700,24.469499500,1/10/1
6568,5992,Render,1,"9,741.900",22.676106900,22.676176600,22.676920000,22.686661900,1/10/1
6568,5992,Render,1,"9,741.800",24.588222000,24.588236000,24.588889300,24.598631100,1/10/1
6568,5992,Render,1,"9,738.900",26.977689300,26.977714800,26.978432100,26.988171000,1/10/1
6568,5992,Render,1,"9,738.000",24.208409100,24.208446900,24.209144500,24.218882500,1/10/1
6568,5992,Render,1,"9,729.500",25.808087200,25.808112600,25.808752500,25.818482000,1/10/1
6568,5992,Render,1,"9,724.400",32.938816600,32.938824500,32.939514200,32.949238600,1/10/1
6568,5992,Render,1,"9,720.000",30.655072900,30.655098800,30.655789700,30.665509700,1/10/1
6568,5992,Render,1,"9,716.500",40.555840300,40.555860200,40.556515800,40.566232300,1/10/1
6568,5992,Render,1,"9,709.400",27.627300700,27.627329000,27.628039900,27.637749300,1/10/1
6568,5992,Render,1,"9,705.900",28.459603500,28.459643300,28.460349200,28.470055100,1/10/1
6568,5992,Render,1,"9,703.000",30.043252900,30.043282500,30.043979900,30.053682900,1/10/1
6568,5992,Render,1,"9,700.000",25.071979400,25.072004900,25.072621600,25.082321600,1/10/1
6568,5992,Render,1,"9,692.900",35.885543200,35.885563000,35.887025800,35.896718700,1/10/1
6568,5992,Render,1,"9,692.000",22.320918600,22.320938800,22.321613100,22.331305100,1/10/1
6568,5992,Render,1,"9,690.600",35.387477700,35.387491400,35.388112300,35.397802900,1/10/1
6568,5992,Render,1,"9,687.900",28.027686100,28.027699700,28.028397000,28.038084900,1/10/1
6568,5992,Render,1,"9,684.900",32.854782400,32.854811300,32.855498300,32.865183200,1/10/1
6568,5992,Render,1,"9,684.800",28.856449700,28.856500900,28.857189900,28.866874700,1/10/1
6568,5992,Render,1,"9,684.500",24.077180000,24.077208500,24.077919800,24.087604300,1/10/1
6568,5992,Render,1,"9,683.800",29.240976600,29.240989700,29.241693400,29.251377200,1/10/1
6568,5992,Render,1,"9,682.300",39.226988600,39.227040900,39.227762100,39.237444400,1/10/1
6568,5992,Render,1,"9,680.300",23.853739300,23.853752800,23.854443100,23.864123400,1/10/1
6568,5992,Render,1,"9,679.400",28.687235000,28.687300000,28.688015200,28.697694600,1/10/1
6568,5992,Render,1,"9,676.000",22.236912800,22.236938300,22.237748300,22.247424300,1/10/1
6568,5992,Render,1,"9,673.100",36.471961600,36.472015400,36.472717700,36.482390800,1/10/1
6568,5992,Render,1,"9,667.600",30.175976100,30.176048900,30.176717200,30.186384800,1/10/1
6568,5992,Render,1,"9,666.700",38.643540900,38.643604400,38.644311900,38.653978600,1/10/1
6568,5992,Render,1,"9,662.500",31.110182900,31.110227200,31.110913100,31.120575600,1/10/1
6568,5992,Render,1,"9,653.000",40.742178100,40.742191500,40.742869600,40.752522600,1/10/1
6568,5992,Render,1,"9,652.000",36.924966000,36.925002400,36.925713000,36.935365000,1/10/1
6568,5992,Render,1,"9,650.000",27.894021500,27.894114600,27.894820800,27.904470800,1/10/1
6568,5992,Render,1,"9,649.400",35.143037900,35.143083200,35.143784100,35.153433500,1/10/1
6568,5992,Render,1,"9,644.300",32.725590400,32.725603300,32.726320300,32.735964600,1/10/1
6568,5992,Render,1,"9,644.000",36.840512500,36.840527600,36.841185900,36.850829900,1/10/1
6568,5992,Render,1,"9,638.100",36.704993500,36.705029800,36.705767400,36.715405500,1/10/1
6568,5992,Render,1,"9,635.600",23.991113100,23.991125300,23.991822400,24.001458000,1/10/1
6568,5992,Render,1,"9,633.100",33.240709800,33.240731200,33.241419400,33.251052500,1/10/1
6568,5992,Render,1,"9,629.600",29.957989100,29.958003000,29.958663800,29.968293400,1/10/1
6568,5992,Render,1,"9,620.400",34.527715700,34.527759000,34.528466500,34.538086900,1/10/1
6568,5992,Render,1,"9,614.100",23.639031300,23.639059200,23.639750500,23.649364600,1/10/1
6568,5992,Render,1,"9,613.800",22.720688900,22.720715600,22.721399200,22.731013000,1/10/1
6568,5992,Render,1,"9,607.200",28.075160900,28.075187300,28.075884200,28.085491400,1/10/1
6568,5992,Render,1,"9,598.400",28.376045900,28.376072700,28.376783200,28.386381600,1/10/1
6568,5992,Render,1,"9,597.500",38.560633200,38.560662300,38.561352700,38.570950200,1/10/1
6568,5992,Render,1,"9,596.400",41.107258500,41.107303200,41.108001500,41.117597900,1/10/1
6568,5992,Render,1,"9,593.400",38.076826100,38.076869400,38.077549300,38.087142700,1/10/1
6568,5992,Render,1,"9,585.800",33.960122000,33.960164900,33.960882000,33.970467800,1/10/1
6568,5992,Render,1,"9,584.700",29.821340000,29.821359300,29.822014900,29.831599600,1/10/1
6568,5992,Render,1,"9,579.100",32.223579500,32.223610700,32.224324200,32.233903300,1/10/1
6568,5992,Render,1,"9,568.100",34.309905900,34.309963000,34.310672700,34.320240800,1/10/1
6568,5992,Render,1,"9,557.200",21.922212900,21.922237300,21.922924100,21.932481300,1/10/1
6568,5992,Render,1,"9,554.400",36.107705400,36.107726000,36.108346800,36.117901200,1/10/1
6568,5992,Render,1,"9,546.700",23.724323400,23.724354400,23.725035200,23.734581900,1/10/1
6568,5992,Render,1,"9,546.700",38.771495600,38.771515400,38.772149700,38.781696400,1/10/1
6568,5992,Render,1,"9,543.800",38.475952100,38.475985700,38.476683700,38.486227500,1/10/1
6568,5992,Render,1,"9,536.200",39.610831500,39.610887700,39.611572400,39.621108600,1/10/1
6568,5992,Render,1,"9,530.800",29.656330500,29.656367500,29.657044200,29.666575000,1/10/1
6568,5992,Render,1,"9,527.300",33.744032300,33.744051200,33.744763700,33.754291000,1/10/1
6568,5992,Render,1,"9,524.100",40.875273200,40.875306000,40.876016800,40.885540900,1/10/1
6568,5992,Render,1,"9,523.800",24.690478600,24.690499100,24.691212700,24.700736500,1/10/1
6568,5992,Render,1,"9,520.800",27.723539200,27.723553200,27.724233400,27.733754200,1/10/1
6568,5992,Render,1,"9,515.600",37.490326600,37.490354700,37.491070100,37.500585700,1/10/1
6568,5992,Render,1,"9,514.900",38.687772100,38.687816100,38.688550800,38.698065700,1/10/1
6568,5992,Render,1,"9,509.300",30.487775900,30.487783900,30.488493000,30.498002300,1/10/1
6568,5992,Render,1,"9,501.200",39.526667000,39.526680000,39.527352700,39.536853900,1/10/1
6568,5992,Render,1,"9,500.200",33.024606800,33.024628000,33.025281800,33.034782000,1/10/1
6568,5992,Render,1,"9,494.500",39.355851900,39.355866100,39.356528200,39.366022700,1/10/1
6568,5992,Render,1,"9,479.300",39.655736400,39.655770900,39.656469000,39.665948300,1/10/1
6568,5992,Render,1,"9,474.300",30.571316900,30.571336200,30.571994600,30.581468900,1/10/1
6568,5992,Render,1,"9,470.000",30.306936300,30.306995400,30.307691100,30.317161100,1/10/1
6568,5992,Render,1,"9,469.500",37.573993200,37.574006800,37.574679100,37.584148600,1/10/1
6568,5992,Render,1,"9,467.600",33.658802200,33.658820600,33.659508600,33.668976200,1/10/1
6568,5992,Render,1,"9,462.000",34.004510100,34.004549000,34.005253500,34.014715500,1/10/1
6568,5992,Render,1,"9,457.800",34.742620500,34.742635700,34.743312900,34.752770700,1/10/1
6568,5992,Render,1,"9,454.100",28.206419900,28.206448100,28.207187900,28.216642000,1/10/1
6568,5992,Render,1,"9,452.700",38.954839800,38.954868200,38.955556000,38.965008700,1/10/1
6568,5992,Render,1,"9,450.000",35.224344200,35.224381000,35.225087300,35.234537300,1/10/1
6568,5992,Render,1,"9,446.300",39.825012100,39.825039100,39.825721900,39.835168200,1/10/1
6568,5992,Render,1,"9,443.600",38.256668300,38.256682900,38.257349700,38.266793300,1/10/1
6568,5992,Render,1,"9,438.900",39.741230200,39.741238600,39.741938600,39.751377500,1/10/1
6568,5992,Render,1,"9,410.800",34.392920200,34.392978800,34.393680000,34.403090800,1/10/1
6568,5992,Render,1,"9,404.600",33.788001600,33.788016100,33.788696700,33.798101300,1/10/1
6568,5992,Render,1,"9,403.200",34.655926500,34.655970900,34.656650300,34.666053500,1/10/1
6568,5992,Render,1,"9,396.200",41.491666600,41.491711900,41.492416600,41.501812800,1/10/1
6568,5992,Render,1,"9,392.200",28.938701100,28.938742400,28.939458500,28.948850700,1/10/1
6568,5992,Render,1,"9,374.000",34.572967700,34.572981600,34.573631800,34.583005800,1/10/1
6568,5992,Render,1,"9,373.500",28.504553200,28.504566300,28.505214900,28.514588400,1/10/1
6568,5992,Render,1,"9,372.000",26.191162200,26.191198300,26.191894900,26.201266900,1/10/1
6568,5992,Render,1,"9,371.600",23.474612500,23.474638800,23.475352600,23.484724200,1/10/1
6568,5992,Render,1,"9,369.000",31.240656300,31.240663300,31.241359600,31.250728600,1/10/1
6568,5992,Render,1,"9,358.900",22.007502700,22.007513900,22.008236100,22.017595000,1/10/1
6568,5992,Render,1,"9,349.700",33.521380600,33.521395200,33.522062600,33.531412300,1/10/1
6568,5992,Render,1,"9,330.700",36.658550900,36.658586000,36.659294700,36.668625400,1/10/1
6568,5992,Render,1,"9,306.500",29.574527800,29.574563500,29.575246600,29.584553100,1/10/1
6568,5992,Render,1,"9,294.900",33.873267200,33.873309500,33.874006200,33.883301100,1/10/1
6568,5992,Render,1,"9,273.100",36.241497300,36.241530600,36.242234800,36.251507900,1/10/1
6568,5992,Render,1,"9,268.200",37.958160300,37.958209100,37.958890200,37.968158400,1/10/1
6568,5992,Render,1,"9,258.800",31.025178600,31.025189600,31.025882000,31.035140800,1/10/1
6568,5992,Render,1,"9,254.200",25.707872000,25.707900800,25.708601300,25.717855500,1/10/1
6568,5992,Render,1,"9,244.700",28.774070700,28.774096000,28.774776200,28.784020900,1/10/1
6568,5992,Render,1,"9,233.800",27.808217600,27.808243100,27.808940200,27.818174000,1/10/1
6568,5992,Render,1,"9,215.200",30.794080900,30.794097200,30.794816600,30.804031800,1/10/1
6568,5992,Render,1,"9,214.400",22.364734000,22.364742700,22.365432700,22.374647100,1/10/1
6568,5992,Render,1,"9,197.000",30.390986400,30.391011200,30.391707700,30.400904700,1/10/1
6568,5992,Render,1,"9,158.600",28.291125100,28.291145200,28.291777600,28.300936200,1/10/1
6568,5992,Render,1,"9,150.000",36.569271200,36.569300400,36.569990500,36.579140500,1/10/1
6568,5992,Render,1,"9,146.500",28.641550200,28.641566700,28.642240300,28.651386800,1/10/1
6568,5992,Render,1,"9,124.600",39.041388600,39.041398200,39.042087400,39.051212000,1/10/1
6568,5992,Render,1,"9,117.000",34.224375900,34.224388100,34.225091200,34.234208200,1/10/1
6568,5992,Render,1,"9,113.700",30.091459600,30.091486000,30.092189400,30.101303100,1/10/1
6568,5992,Render,1,"9,092.400",35.008095500,35.008106100,35.008810500,35.017902900,1/10/1
6568,5992,Render,1,"9,085.900",40.336993100,40.337006800,40.337651100,40.346737000,1/10/1
6568,5992,Render,1,"9,080.700",27.540930000,27.540987700,27.541679000,27.550759700,1/10/1
6568,5992,Render,1,"9,080.200",29.741963000,29.741976600,29.742674900,29.751755100,1/10/1
6568,5992,Render,1,"9,070.000",34.841334900,34.841380600,34.842114400,34.851184400,1/10/1
6568,5992,Render,1,"9,063.400",24.120789100,24.120831500,24.121530800,24.130594200,1/10/1
6568,5992,Render,1,"9,059.700",22.503288100,22.503322800,22.504027300,22.513087000,1/10/1
6568,5992,Render,1,"9,055.900",27.320000400,27.320013900,27.320668300,27.329724200,1/10/1
6568,5992,Render,1,"9,051.200",26.020069900,26.020088600,26.020745700,26.029796900,1/10/1
6568,5992,Render,1,"9,030.700",38.341531900,38.341558100,38.342252400,38.351283100,1/10/1
6568,5992,Render,1,"9,018.700",25.537238000,25.537251600,25.537904000,25.546922700,1/10/1
6568,5992,Render,1,"8,950.100",38.037517800,38.037542700,38.038191700,38.047141800,1/10/1
6568,5992,Render,1,"8,925.700",34.924924700,34.924954600,34.925665600,34.934591300,1/10/1
6568,5992,Render,1,"8,865.500",33.570461900,33.570472800,33.571169400,33.580034900,1/10/1
6568,5992,Render,1,"8,863.500",27.936920400,27.936944400,27.937633500,27.946497000,1/10/1
6568,5992,Render,1,"8,861.200",37.403895400,37.403911100,37.404553500,37.413414700,1/10/1
6568,5992,Render,1,"8,836.500",34.087710600,34.087724800,34.088402800,34.097239300,1/10/1
6568,5992,Render,1,"8,802.600",41.766263700,41.766276100,41.766969900,41.775772500,1/10/1
6568,5992,Render,1,"8,744.900",40.468271400,40.468308500,40.469090100,40.477835000,1/10/1
6568,5992,Render,1,"8,717.900",31.882386900,31.882405200,31.883118900,31.891836800,1/10/1
6568,5992,Render,1,"8,695.100",26.365760900,26.365772400,26.366466800,26.375161900,1/10/1
6568,5992,Render,1,"8,687.100",41.680762400,41.680773400,41.681443000,41.690130100,1/10/1
6568,5992,Render,1,"8,681.600",22.763064300,22.763076300,22.763709400,22.772391000,1/10/1
6568,5992,Render,1,"8,678.700",37.532117600,37.532128700,37.532826500,37.541505200,1/10/1
6568,5992,Render,1,"8,677.700",25.451120900,25.451150100,25.451829300,25.460507000,1/10/1
6568,5992,Render,1,"8,677.300",40.700190000,40.700201000,40.700901300,40.709578600,1/10/1
6568,5992,Render,1,"8,675.200",23.681840300,23.681854500,23.682520100,23.691195300,1/10/1
6568,5992,Render,1,"8,665.900",39.913569700,39.913583200,39.914236200,39.922902100,1/10/1
6568,5992,Render,1,"8,664.200",32.680995100,32.681008100,32.681692000,32.690356200,1/10/1
6568,5992,Render,1,"8,657.300",23.768078900,23.768090200,23.768782500,23.777439800,1/10/1
6568,5992,Render,1,"8,655.600",22.633212000,22.633223100,22.633901600,22.642557200,1/10/1
6568,5992,Render,1,"8,650.400",40.967751300,40.967760300,40.968447400,40.977097800,1/10/1
6568,5992,Render,1,"8,649.400",22.150419700,22.150430600,22.151151900,22.159801300,1/10/1
6568,5992,Render,1,"8,645.500",24.033515000,24.033522400,24.034199600,24.042845100,1/10/1
6568,5992,Render,1,"8,636.400",32.981616900,32.981633100,32.982334500,32.990970900,1/10/1
6568,5992,Render,1,"8,619.600",41.231405400,41.231428700,41.232167600,41.240787200,1/10/1
6568,5992,Render,1,"8,615.400",40.600018500,40.600047300,40.600719400,40.609334800,1/10/1
6568,5992,Render,1,"8,614.100",31.751248500,31.751277200,31.751957600,31.760571700,1/10/1
6568,5992,Render,1,"8,611.000",41.317940200,41.317953700,41.318613600,41.327224600,1/10/1
6568,5992,Render,1,"8,603.200",23.432538900,23.432552500,23.433230800,23.441834000,1/10/1
6568,5992,Render,1,"8,587.500",25.030177600,25.030193300,25.030822500,25.039410000,1/10/1
6568,5992,Render,1,"8,587.100",35.347527600,35.347542000,35.348211800,35.356798900,1/10/1
6568,5992,Render,1,"8,583.500",22.280953600,22.280971400,22.281650800,22.290234300,1/10/1
6568,5992,Render,1,"8,579.600",36.381651300,36.381664500,36.382325500,36.390905100,1/10/1
6568,5992,Render,1,"8,576.800",26.667322000,26.667373100,26.668060100,26.676636900,1/10/1
6568,5992,Render,1,"8,575.900",24.630077200,24.630085500,24.630756100,24.639332000,1/10/1
6568,5992,Render,1,"8,571.800",22.848965400,22.848983600,22.849674000,22.858245800,1/10/1
6568,5992,Render,1,"8,571.800",32.268181400,32.268195100,32.268993800,32.277565600,1/10/1
6568,5992,Render,1,"8,569.400",22.547453900,22.547464800,22.548181700,22.556751100,1/10/1
6568,5992,Render,1,"8,568.200",28.980381900,28.980413500,28.981041900,28.989610100,1/10/1
6568,5992,Render,1,"8,566.400",36.064312900,36.064332600,36.065009900,36.073576300,1/10/1
6568,5992,Render,1,"8,562.100",21.965434400,21.965446000,21.966131000,21.974693100,1/10/1
6568,5992,Render,1,"8,561.600",32.182024000,32.182037600,32.182768900,32.191330500,1/10/1
6568,5992,Render,1,"8,560.700",30.884943300,30.884955100,30.885624400,30.894185100,1/10/1
6568,5992,Render,1,"8,555.700",29.699082100,29.699101500,29.699784400,29.708340100,1/10/1
6568,5992,Render,1,"8,553.000",24.417501400,24.417541000,24.418243100,24.426796100,1/10/1
6568,5992,Render,1,"8,551.800",22.050917900,22.050937400,22.051621600,22.060173400,1/10/1
6568,5992,Render,1,"8,550.200",41.018739100,41.018765300,41.019435100,41.027985300,1/10/1
6568,5992,Render,1,"8,543.100",33.283832400,33.283845100,33.284539800,33.293082900,1/10/1
6568,5992,Render,1,"8,538.100",30.700247500,30.700260900,30.700958400,30.709496500,1/10/1
6568,5992,Render,1,"8,537.400",26.934376400,26.934384000,26.935091600,26.943629000,1/10/1
6568,5992,Render,1,"8,529.500",26.766047600,26.766066500,26.766714500,26.775244000,1/10/1
6568,5992,Render,1,"8,526.700",37.617395200,37.617408800,37.618116200,37.626642900,1/10/1
6568,5992,Render,1,"8,522.600",36.518282900,36.518338800,36.519023400,36.527546000,1/10/1
6568,5992,Render,1,"8,514.100",23.896195800,23.896209400,23.896816100,23.905330200,1/10/1
6568,5992,Render,1,"8,509.700",32.897561100,32.897569000,32.898267000,32.906776700,1/10/1
6568,5992,Render,1,"8,506.200",37.101614800,37.101630800,37.102303500,37.110809700,1/10/1
6568,5992,Render,1,"8,506.000",36.150847100,36.150858400,36.151557100,36.160063100,1/10/1
6568,5992,Render,1,"8,479.600",30.349885600,30.349905800,30.350612100,30.359091700,1/10/1
6568,5992,Render,1,"8,472.900",36.797415600,36.797430300,36.798054600,36.806527500,1/10/1
6568,5992,Render,1,"8,470.300",27.584387700,27.584395200,27.585078800,27.593549100,1/10/1
6568,5992,Render,1,"8,468.100",26.580948600,26.580976900,26.581646200,26.590114300,1/10/1
6568,5992,Render,1,"8,466.300",36.751265600,36.751307600,36.752035000,36.760501300,1/10/1
6568,5992,Render,1,"8,438.700",39.698523900,39.698544400,39.699224300,39.707663000,1/10/1
6568,5992,Render,1,"8,432.900",39.398313300,39.398323700,39.399006700,39.407439600,1/10/1
6568,5992,Render,1,"8,420.400",37.363065300,37.363091500,37.363720000,37.372140400,1/10/1
6568,5992,Render,1,"8,420.400",38.731221500,38.731237500,38.731912800,38.740333200,1/10/1
6568,5992,Render,1,"8,416.100",39.083794900,39.083802400,39.084504400,39.092920500,1/10/1
6568,5992,Render,1,"8,408.700",30.934050900,30.934068900,30.935182400,30.943591100,1/10/1
6568,5992,Render,1,"8,401.800",28.249239100,28.249253700,28.249943900,28.258345700,1/10/1
6568,5992,Render,1,"8,398.100",37.447534400,37.447547800,37.448214900,37.456613000,1/10/1
6568,5992,Render,1,"8,396.800",34.698760200,34.698773800,34.699469900,34.707866700,1/10/1
6568,5992,Render,1,"8,395.700",25.579734200,25.579748400,25.580372100,25.588767800,1/10/1
6568,5992,Render,1,"8,394.900",30.531270400,30.531281000,30.531968400,30.540363300,1/10/1
6568,5992,Render,1,"8,394.000",31.283645000,31.283666900,31.284412900,31.292806900,1/10/1
6568,5992,Render,1,"8,391.000",27.765987900,27.766010700,27.766703000,27.775094000,1/10/1
6568,5992,Render,1,"8,383.100",29.915051800,29.915072700,29.915723300,29.924106400,1/10/1
6568,5992,Render,1,"8,381.700",38.998681000,38.998696300,38.999381200,39.007762900,1/10/1
6568,5992,Render,1,"8,374.000",25.936189700,25.936204100,25.936905000,25.945279000,1/10/1
6568,5992,Render,1,"8,372.500",31.569921800,31.569935400,31.570605000,31.578977500,1/10/1
6568,5992,Render,1,"8,354.100",34.047660600,34.047674900,34.048336500,34.056690600,1/10/1
6568,5992,Render,1,"8,341.600",29.152946000,29.152959700,29.153597800,29.161939400,1/10/1
6568,5992,Render,1,"8,336.300",34.615033400,34.615048400,34.615690400,34.624026700,1/10/1
6568,5992,Render,1,"8,334.500",28.334728900,28.334748200,28.335425100,28.343759600,1/10/1
6568,5992,Render,1,"8,333.500",28.898731000,28.898741700,28.899441900,28.907775400,1/10/1
6568,5992,Render,1,"8,330.400",30.447148000,30.447161300,30.447838100,30.456168500,1/10/1
6568,5992,Render,1,"8,326.800",33.917764900,33.917815400,33.918487700,33.926814500,1/10/1
6568,5992,Render,1,"8,323.000",36.287128900,36.287175300,36.287883800,36.296206800,1/10/1
6568,5992,Render,1,"8,299.900",23.948852900,23.948860600,23.949551000,23.957850900,1/10/1
6568,5992,Render,1,"8,289.500",28.732258900,28.732272800,28.732960100,28.741249600,1/10/1
6568,5992,Render,1,"8,278.400",30.220509600,30.220523500,30.221180600,30.229459000,1/10/1
6568,5992,Render,1,"8,276.300",30.614178900,30.614192400,30.614858300,30.623134600,1/10/1
6568,5992,Render,1,"8,262.800",27.681791900,27.681803100,27.682479200,27.690742000,1/10/1
6568,5992,Render,1,"8,257.500",33.832524200,33.832539600,33.833207300,33.841464800,1/10/1
6568,5992,Render,1,"8,252.500",26.237243700,26.237257500,26.237929300,26.246181800,1/10/1
6568,5992,Render,1,"8,252.500",28.546970600,28.546986800,28.547623100,28.555875600,1/10/1
6568,5992,Render,1,"8,236.100",31.707761900,31.707803300,31.708518000,31.716754100,1/10/1
6568,5992,Render,1,"8,234.900",22.415958700,22.415969700,22.416652500,22.424887400,1/10/1
6568,5992,Render,1,"8,232.400",39.134845600,39.134869900,39.135532500,39.143764900,1/10/1
6568,5992,Render,1,"8,231.000",38.300802000,38.300836800,38.301499400,38.309730400,1/10/1
6568,5992,Render,1,"8,210.600",38.385523300,38.385538500,38.386189600,38.394400200,1/10/1
6568,5992,Render,1,"8,198.100",34.182761300,34.182776700,34.183458500,34.191656600,1/10/1
6568,5992,Render,1,"8,164.500",39.269893100,39.269920600,39.270591200,39.278755700,1/10/1
6568,5992,Render,1,"8,163.600",25.619214700,25.619232600,25.619881300,25.628044900,1/10/1
6568,5992,Render,1,"8,127.900",28.598984400,28.598995300,28.599682200,28.607810100,1/10/1
6568,5992,Render,1,"8,116.500",34.269412500,34.269421600,34.270094100,34.278210600,1/10/1
6568,5992,Render,1,"8,071.300",25.766683800,25.766697600,25.767309100,25.775380400,1/10/1
6568,5992,Render,1,"8,069.400",41.536297800,41.536311400,41.536973100,41.545042500,1/10/1
6568,5992,Render,1,"8,067.000",34.485747500,34.485769100,34.486449900,34.494516900,1/10/1
6568,5992,Render,1,"8,052.300",26.452561700,26.452621700,26.453341800,26.461394100,1/10/1
6568,5992,Render,1,"7,984.500",33.153065400,33.153088000,33.153780800,33.161765300,1/10/1
6568,5992,Render,1,"7,888.600",32.501878500,32.501898900,32.502593800,32.510482400,1/10/1
6568,5992,Render,1,"7,879.600",37.185677400,37.185700900,37.186418700,37.194298300,1/10/1
6568,5992,Render,1,"7,850.100",29.285569300,29.285600300,29.286301100,29.294151200,1/10/1
6568,5992,Render,1,"7,806.600",38.602795200,38.602823400,38.603458900,38.611265500,1/10/1
6568,5992,Render,1,"7,769.000",38.869098400,38.869125300,38.869749400,38.877518400,1/10/1
6568,5992,Render,1,"7,764.800",35.568567500,35.568583300,35.569269300,35.577034100,1/10/1
6568,5992,Render,1,"7,730.800",23.517987700,23.518015400,23.518695900,23.526426700,1/10/1
6568,5992,Render,1,"7,706.600",34.352456400,34.352476000,34.353122200,34.360828800,1/10/1
6568,5992,Render,1,"7,702.300",27.452169600,27.452193600,27.452885200,27.460587500,1/10/1
6568,5992,Render,1,"7,690.600",38.215390000,38.215404400,38.216074700,38.223765300,1/10/1
6568,5992,Render,1,"7,688.500",28.418931200,28.418973000,28.419655200,28.427343700,1/10/1
6568,5992,Render,1,"7,670.600",36.969147900,36.969188600,36.969900700,36.977571300,1/10/1
6568,5992,Render,1,"7,664.400",36.019096300,36.019124700,36.019820900,36.027485300,1/10/1
6568,5992,Render,1,"7,661.900",32.051356100,32.051376200,32.051995500,32.059657400,1/10/1
6568,5992,Render,1,"7,658.600",39.569043400,39.569061800,39.569735000,39.577393600,1/10/1
6568,5992,Render,1,"7,658.500",24.502073900,24.502094400,24.502722400,24.510380900,1/10/1
6568,5992,Render,1,"7,657.500",35.102877000,35.102889200,35.103568300,35.111225800,1/10/1
6568,5992,Render,1,"7,639.200",31.968158300,31.968170000,31.968864700,31.976503900,1/10/1
6568,5992,Render,1,"7,627.300",38.518819200,38.518830300,38.519503800,38.527131100,1/10/1
6568,5992,Render,1,"7,616.700",31.152870100,31.152902100,31.153603200,31.161219900,1/10/1
6568,5992,Render,1,"7,614.000",39.867836200,39.867848300,39.868538200,39.876152200,1/10/1
6568,5992,Render,1,"7,521.800",38.118647000,38.118660800,38.119325100,38.126846900,1/10/1
6568,5992,Render,1,"7,490.100",33.067982800,33.067999400,33.068784100,33.076274200,1/10/1
6568,5992,Render,1,"7,481.500",40.785797800,40.785811400,40.786474900,40.793956400,1/10/1
6568,5992,Render,1,"7,477.800",29.068674800,29.068688400,29.069347200,29.076825000,1/10/1
6568,5992,Render,1,"7,466.700",24.901753400,24.901778700,24.902403400,24.909870100,1/10/1
6568,5992,Render,1,"7,448.400",34.435502400,34.435558900,34.436253400,34.443701800,1/10/1
6568,5992,Render,1,"7,442.400",32.768229900,32.768245000,32.768917600,32.776360000,1/10/1
6568,5992,Render,1,"7,403.600",24.250865400,24.250883400,24.251533600,24.258937200,1/10/1
6568,5992,Render,1,"7,402.000",30.001736300,30.001750500,30.002416000,30.009818000,1/10/1
6568,5992,Render,1,"7,395.300",28.118376600,28.118390200,28.119058600,28.126453900,1/10/1
6568,5992,Render,1,"7,393.700",26.851448500,26.851466500,26.852185600,26.859579300,1/10/1
6568,5992,Render,1,"7,361.800",25.851265200,25.851283700,25.851979100,25.859340900,1/10/1
6568,5992,Render,1,"7,361.600",35.484239200,35.484268000,35.484957300,35.492318900,1/10/1
6568,5992,Render,1,"7,359.700",25.319998500,25.320017500,25.320696700,25.328056400,1/10/1
6568,5992,Render,1,"7,342.300",41.450857700,41.450875800,41.451546900,41.458889200,1/10/1
6568,5992,Render,1,"7,332.800",30.134841400,30.134871000,30.135558000,30.142890800,1/10/1
6568,5992,Render,1,"7,327.100",27.851533900,27.851541400,27.852227100,27.859554200,1/10/1
6568,5992,Render,1,"7,320.800",34.885282800,34.885304300,34.886042600,34.893363400,1/10/1
6568,5992,Render,1,"7,272.700",40.917856900,40.917901800,40.918568900,40.925841600,1/10/1
6568,5992,Render,1,"7,263.600",31.069327200,31.069334800,31.070038100,31.077301700,1/10/1
6568,5992,Render,1,"7,210.100",29.617182800,29.617203800,29.617888200,29.625098300,1/10/1
6568,5992,Render,1,"7,181.400",35.184935400,35.184958100,35.185641400,35.192822800,1/10/1
6568,5992,Render,1,"7,153.500",39.484476500,39.484487900,39.485196100,39.492349600,1/10/1
6568,4612,Render,1,"7,141.700",27.261078900,27.261178500,27.261178500,27.268320200,1/1/1
6568,5992,Render,1,"7,133.800",35.051620600,35.051650200,35.052302900,35.059436700,1/10/1
6568,5992,Render,1,"7,132.600",33.701806700,33.701825800,33.702539400,33.709672000,1/10/1
6568,5992,Render,1,"7,128.400",34.967505900,34.967549900,34.968231400,34.975359800,1/10/1
6568,5992,Render,1,"7,104.600",39.783530000,39.783544400,39.784187300,39.791291900,1/10/1
6568,5992,Render,1,"6,933.300",26.150243800,26.150278000,26.150932700,26.157866000,1/10/1
6568,5992,Render,1,"6,876.200",24.333848200,24.333867500,24.334510900,24.341387100,1/10/1
6568,5992,Render,1,"6,831.300",28.816870600,28.816884100,28.817530000,28.824361300,1/10/1
6568,5992,Render,1,"6,712.200",35.266919500,35.266933200,35.267608600,35.274320800,1/10/1
6568,5992,Render,1,"6,618.300",41.149829100,41.149858600,41.150567700,41.157186000,1/10/1
6568,5992,Render,1,"6,503.200",29.782930400,29.782944800,29.783611600,29.790114800,1/10/1
6568,5992,Render,1,"6,493.200",24.732626300,24.732639700,24.733289700,24.739782900,1/10/1
6568,5992,Render,1,"6,459.900",36.883992900,36.884008900,36.884714600,36.891174500,1/10/1
6568,5992,Render,1,"6,421.500",37.999889900,37.999912600,38.000581300,38.007002800,1/10/1
6568,4612,Render,1,"5,068.900",39.178062500,39.179373900,39.180019100,39.185088000,1/1/1
6568,4612,Render,1,"5,061.300",24.160871600,24.162214600,24.163047900,24.168109200,1/1/1
6568,5992,Render,1,"4,464.700",23.593660900,23.593835600,23.594288400,23.598753100,1/10/1
6568,4612,Render,1,"4,379.400",32.411194400,32.412524600,32.412784400,32.417163800,1/1/1
6568,4612,Render,1,"4,358.900",28.160972600,28.161977000,28.162182300,28.166541200,1/1/1
6568,4612,Render,1,"4,308.500",22.561113100,22.561134600,22.561501400,22.565809900,1/1/1
6568,4612,Render,1,"3,571.600",27.211063900,27.213746100,27.214321000,27.217892600,1/1/1
6568,4612,Render,1,"3,481.300",35.927922000,35.928976100,35.929804000,35.933285300,1/1/1
6568,5992,Render,1,"3,478.800",40.189362100,40.189429900,40.189429900,40.192908700,1/10/1
6568,4612,Render,1,"3,476.600",29.327707900,29.330502800,29.331085800,29.334562400,1/1/1
6568,4612,Render,1,"3,474.100",38.161382400,38.162215300,38.163022100,38.166496200,1/1/1
6568,4612,Render,1,"3,473.600",33.194767600,33.195888500,33.196716700,33.200190300,1/1/1
6568,4612,Render,1,"3,466.200",25.660933100,25.662057900,25.662886200,25.666352400,1/1/1
6568,4612,Render,1,"3,430.500",26.060919300,26.061736300,26.062611500,26.066042000,1/1/1
6568,4612,Render,1,"3,429.300",37.911295000,37.912141500,37.912954600,37.916383900,1/1/1
6568,4612,Render,1,"3,422.100",41.361619400,41.362666700,41.363392500,41.366814600,1/1/1
6568,4612,Render,1,"3,415.900",33.611167600,33.612218700,33.613054800,33.616470700,1/1/1
6568,4612,Render,1,"3,414.100",24.810920800,24.812705900,24.814259000,24.817673100,1/1/1
6568,4612,Render,1,"3,412.600",34.794609400,34.796345900,34.797914000,34.801326600,1/1/1
6568,4612,Render,1,"3,408.900",36.194531000,36.196214300,36.197776700,36.201185600,1/1/1
6568,4612,Render,1,"3,405.500",27.360996500,27.362655300,27.364227000,27.367632500,1/1/1
6568,4612,Render,1,"3,025.900",27.977719400,27.979299100,27.979556200,27.982582100,1/1/1
6568,4612,Render,1,"2,817.200",37.844627300,37.846351600,37.846628600,37.849445800,1/1/1
6568,4612,Render,1,"2,804.200",31.611193400,31.612361800,31.612361800,31.615166000,1/1/1
6568,4612,Render,1,"2,744.200",40.828055400,40.828946900,40.828946900,40.831691100,1/1/1
6568,5992,Render,1,"2,733.000",23.192836800,23.192931200,23.192931200,23.195664200,1/10/1
6568,4612,Render,1,"2,728.200",40.378086800,40.379284600,40.379284600,40.382012800,1/1/1
6568,5992,Render,1,"2,615.800",23.093719300,23.093815100,23.093815100,23.096430900,1/10/1
6568,5992,Render,1,"2,527.300",33.324503600,33.324569000,33.324569000,33.327096300,1/10/1
6568,5992,Render,1,"2,487.900",23.143895800,23.144035100,23.144035100,23.146523000,1/10/1
6568,5992,Render,1,"2,478.900",23.043515900,23.043583600,23.043583600,23.046062500,1/10/1
6568,5992,Render,1,"2,463.300",27.265491300,27.268402800,27.268402800,27.270866100,1/10/1
6568,5992,Render,1,"2,314.100",27.211300500,27.211665800,27.211665800,27.213979900,1/10/1
6568,5992,Render,1,"2,313.500",29.328124300,29.328425600,29.328425600,29.330739100,1/10/1
6568,5992,Render,1,"2,142.100",35.837637000,35.837666300,35.837666300,35.839808400,1/10/1
6568,5992,Render,1,"2,128.900",37.846974700,37.847018400,37.847018400,37.849147300,1/10/1
6568,5992,Render,1,"2,120.900",25.162957600,25.163047800,25.163047800,25.165168700,1/10/1
6568,4612,BLT,1,"1,918.400",29.333186600,29.336286700,29.337958700,29.339877100,1/1/1
6568,4612,Render,1,"1,883.000",32.994416400,32.996085800,32.996900700,32.998783700,1/1/1
6568,4612,BLT,1,"1,858.800",37.847425800,37.851191400,37.852832500,37.854691300,1/1/1
6568,4612,BLT,1,"1,857.100",27.216451600,27.219615600,27.221279200,27.223136300,1/1/1
6568,4612,BLT,1,"1,854.800",27.262104500,27.272949500,27.274599000,27.276453800,1/1/1
6568,4612,Render,1,"1,824.600",22.561113100,22.565919000,22.566629800,22.568454400,1/1/1
6568,5992,Render,1,"1,812.600",25.221793000,25.221843100,25.221843100,25.223655700,1/10/1
6568,4612,Render,1,"1,797.100",30.261248000,30.262820800,30.264427900,30.266225000,1/1/1
6568,4612,Render,1,"1,792.000",38.428114800,38.431130100,38.432681500,38.434473500,1/1/1
6568,5992,Render,1,"1,775.900",35.742551100,35.742645000,35.742645000,35.744420900,1/10/1
6568,4612,Render,1,"1,742.900",25.163045400,25.163068900,25.163112200,25.164855100,1/1/1
6568,4612,Render,1,"1,708.200",37.847222400,37.847236800,37.849445800,37.851154000,1/1/1
6568,4612,BLT,1,"1,703.600",29.529438000,29.529458900,29.530277000,29.531980600,1/1/1
6568,4612,Render,1,"1,703.400",27.261836300,27.270660400,27.271211800,27.272915200,1/1/1
6568,4612,BLT,1,"1,702.700",39.997033900,39.997049300,39.997871700,39.999574400,1/1/1
6568,4612,Render,1,"1,702.500",27.216283700,27.217918600,27.219576700,27.221279200,1/1/1
6568,4612,BLT,1,"1,701.900",21.879795700,21.879810900,21.880634000,21.882335900,1/1/1
6568,4612,BLT,1,"1,701.200",30.266540700,30.267918200,30.269568600,30.271269800,1/1/1
6568,4612,BLT,1,"1,700.600",32.414165300,32.418878400,32.420512100,32.422212700,1/1/1
6568,4612,Render,1,"1,700.500",29.332967300,29.332987500,29.334562400,29.336262900,1/1/1
6568,4612,BLT,1,"1,699.100",26.279539000,26.280407800,26.282049600,26.283748700,1/1/1
6568,4612,BLT,1,"1,698.700",33.198796500,33.201843700,33.203493900,33.205192600,1/1/1
6568,4612,BLT,1,"1,698.000",31.613872600,31.616868700,31.618515700,31.620213700,1/1/1
6568,4612,Render,1,"1,697.400",31.196248200,31.196263800,31.197033000,31.198730400,1/1/1
6568,4612,BLT,1,"1,696.200",40.830353500,40.833386700,40.835038100,40.836734300,1/1/1
6568,4612,Render,1,"1,695.800",29.333025800,29.334587900,29.336262900,29.337958700,1/1/1
6568,4612,BLT,1,"1,695.000",24.165108200,24.169820600,24.171450700,24.173145700,1/1/1
6568,4612,BLT,1,"1,694.800",40.380676500,40.383739800,40.385368300,40.387063100,1/1/1
6568,4612,BLT,1,"1,693.800",35.931854900,35.934943600,35.936589500,35.938283300,1/1/1
6568,4612,BLT,1,"1,693.700",31.196550400,31.198769200,31.200385400,31.202079100,1/1/1
6568,4612,BLT,1,"1,693.700",38.434770200,38.436177100,38.437821600,38.439515300,1/1/1
6568,4612,BLT,1,"1,693.300",28.163548700,28.168242000,28.169882600,28.171575900,1/1/1
6568,4612,BLT,1,"1,693.100",39.313265400,39.315590000,39.317228000,39.318921100,1/1/1
6568,4612,Render,1,"1,692.700",38.164939000,38.166521500,38.168118700,38.169811400,1/1/1
6568,4612,BLT,1,"1,692.300",27.496249800,27.498530800,27.500164200,27.501856500,1/1/1
6568,4612,BLT,1,"1,691.800",30.979603600,30.981936400,30.983581600,30.985273400,1/1/1
6568,4612,BLT,1,"1,691.600",26.064687800,26.067742200,26.069385100,26.071076700,1/1/1
6568,4612,BLT,1,"1,690.500",36.613661000,36.615948100,36.617601100,36.619291600,1/1/1
6568,4612,BLT,1,"1,690.200",29.196766100,29.199109900,29.200737000,29.202427200,1/1/1
6568,4612,BLT,1,"1,689.700",25.664997700,25.668005800,25.669661600,25.671351300,1/1/1
6568,4612,BLT,1,"1,689.700",41.365490000,41.368522800,41.370165600,41.371855300,1/1/1
6568,4612,BLT,1,"1,689.500",27.980321400,27.984305500,27.985920800,27.987610300,1/1/1
6568,4612,BLT,1,"1,688.800",36.199824800,36.202903300,36.204542000,36.206230800,1/1/1
6568,4612,BLT,1,"1,688.500",27.366357200,27.369334200,27.370974500,27.372663000,1/1/1
6568,4612,Render,1,"1,687.900",29.196556600,29.196571000,29.197377000,29.199064900,1/1/1
6568,4612,BLT,1,"1,686.600",33.615102400,33.618163100,33.619806400,33.621493000,1/1/1
6568,4612,Render,1,"1,686.000",40.380460000,40.380475300,40.382012800,40.383698800,1/1/1
6568,4612,Render,1,"1,685.400",36.613489300,36.614273600,36.615915700,36.617601100,1/1/1
6568,4612,Render,1,"1,685.100",34.129738100,34.129753600,34.130546300,34.132231400,1/1/1
6568,4612,Render,1,"1,684.100",27.216215200,27.216238000,27.217892600,27.219576700,1/1/1
6568,4612,Render,1,"1,683.800",27.261903900,27.271240400,27.272915200,27.274599000,1/1/1
6568,4612,Render,1,"1,682.800",24.816170400,24.817696700,24.819350700,24.821033500,1/1/1
6568,4612,BLT,1,"1,682.800",34.129948600,34.132262800,34.133908600,34.135591400,1/1/1
6568,4612,Render,1,"1,682.200",25.664845200,25.666377200,25.667979400,25.669661600,1/1/1
6568,4612,Render,1,"1,681.700",39.313064600,39.313078800,39.313882100,39.315563800,1/1/1
6568,4612,Render,1,"1,681.600",30.979400900,30.979416900,30.980230100,30.981911700,1/1/1
6568,4612,BLT,1,"1,681.200",34.799997200,34.803061900,34.804657400,34.806338600,1/1/1
6568,4612,BLT,1,"1,680.700",39.182081900,39.186788500,39.188431900,39.190112600,1/1/1
6568,4612,Render,1,"1,680.300",36.199611700,36.199633800,36.201185600,36.202865900,1/1/1
6568,4612,Render,1,"1,679.500",27.496002800,27.496017700,27.496819500,27.498499000,1/1/1
6568,4612,Render,1,"1,679.400",41.365256300,41.365290300,41.366814600,41.368494000,1/1/1
6568,4612,Render,1,"1,678.800",27.980113000,27.980127600,27.982582100,27.984260900,1/1/1
6568,4612,BLT,1,"1,678.700",37.915027000,37.918089500,37.919730500,37.921409200,1/1/1
6568,4612,Render,1,"1,678.500",37.847271700,37.849476100,37.851154000,37.852832500,1/1/1
6568,4612,Render,1,"1,678.200",33.198629200,33.200220500,33.201815700,33.203493900,1/1/1
6568,4612,Render,1,"1,677.700",24.164893200,24.164912800,24.168109200,24.169786900,1/1/1
6568,4612,Render,1,"1,677.600",24.816109000,24.816126700,24.817673100,24.819350700,1/1/1
6568,4612,BLT,1,"1,677.500",24.816326600,24.819386600,24.821033500,24.822711000,1/1/1
6568,4612,Render,1,"1,677.400",35.931702400,35.933319600,35.934912100,35.936589500,1/1/1
6568,4612,Render,1,"1,677.200",34.129790400,34.130568400,34.132231400,34.133908600,1/1/1
6568,4612,Render,1,"1,676.900",32.413952000,32.413966600,32.417163800,32.418840700,1/1/1
6568,4612,Render,1,"1,676.700",31.613621900,31.613641800,31.615166000,31.616842700,1/1/1
6568,4612,Render,1,"1,676.100",36.199670600,36.201211400,36.202865900,36.204542000,1/1/1
6568,4612,Render,1,"1,676.000",36.613417200,36.613443400,36.614239700,36.615915700,1/1/1
6568,4612,Render,1,"1,675.800",40.830195400,40.831726100,40.833362300,40.835038100,1/1/1
6568,4612,Render,1,"1,675.300",39.181928100,39.185121900,39.186756600,39.188431900,1/1/1
6568,4612,Render,1,"1,675.000",30.266376100,30.266401900,30.267893600,30.269568600,1/1/1
6568,4612,Render,1,"1,674.000",27.366127500,27.366153000,27.367632500,27.369306500,1/1/1
6568,4612,Render,1,"1,673.600",26.064469500,26.064495700,26.066042000,26.067715600,1/1/1
6568,4612,Render,1,"1,673.300",28.163337800,28.163352400,28.166541200,28.168214500,1/1/1
6568,4612,Render,1,"1,673.300",37.914799000,37.914825900,37.916383900,37.918057200,1/1/1
6568,4612,Render,1,"1,673.300",37.914873900,37.916412800,37.918057200,37.919730500,1/1/1
6568,4612,BLT,1,"1,673.100",38.165100100,38.168141500,38.169811400,38.171484500,1/1/1
6568,4612,Render,1,"1,673.000",31.613691800,31.615200300,31.616842700,31.618515700,1/1/1
6568,4612,Render,1,"1,672.100",29.196607900,29.197407000,29.199064900,29.200737000,1/1/1
6568,4612,Render,1,"1,671.700",34.799833400,34.801371700,34.802985700,34.804657400,1/1/1
6568,4612,Render,1,"1,671.700",38.434613700,38.434633200,38.436149900,38.437821600,1/1/1
6568,4612,Render,1,"1,671.600",41.365325600,41.366839400,41.368494000,41.370165600,1/1/1
6568,4612,Render,1,"1,671.400",26.279390800,26.279425200,26.280378200,26.282049600,1/1/1
6568,4612,Render,1,"1,671.400",32.414010400,32.417189900,32.418840700,32.420512100,1/1/1
6568,4612,Render,1,"1,671.200",40.830136800,40.830156700,40.831691100,40.833362300,1/1/1
6568,4612,Render,1,"1,669.900",30.979448500,30.980259200,30.981911700,30.983581600,1/1/1
6568,4612,Render,1,"1,669.500",26.064527300,26.066071800,26.067715600,26.069385100,1/1/1
6568,4612,Render,1,"1,669.500",40.380518500,40.382039000,40.383698800,40.385368300,1/1/1
6568,4612,Render,1,"1,668.600",39.181870200,39.181891500,39.185088000,39.186756600,1/1/1
6568,4612,Render,1,"1,668.100",28.163395700,28.166568000,28.168214500,28.169882600,1/1/1
6568,4612,Render,1,"1,668.000",27.366187100,27.367661400,27.369306500,27.370974500,1/1/1
6568,4612,Render,1,"1,667.900",33.614889700,33.614909100,33.616470700,33.618138600,1/1/1
6568,4612,Render,1,"1,667.800",33.614948900,33.616508200,33.618138600,33.619806400,1/1/1
6568,4612,Render,1,"1,665.200",27.496057500,27.496858700,27.498499000,27.500164200,1/1/1
6568,4612,Render,1,"1,664.200",39.313110900,39.313904900,39.315563800,39.317228000,1/1/1
6568,4612,Render,1,"1,663.800",24.164952900,24.168135400,24.169786900,24.171450700,1/1/1
6568,4612,Render,1,"1,662.400",38.428114800,38.428418600,38.429358100,38.431020500,1/1/1
6568,4612,Render,1,"1,659.900",27.980167400,27.982611600,27.984260900,27.985920800,1/1/1
6568,4612,Render,1,"1,659.100",34.799751200,34.799774300,34.801326600,34.802985700,1/1/1
6568,4612,Render,1,"1,655.000",31.196320000,31.197054800,31.198730400,31.200385400,1/1/1
6568,4612,Render,1,"1,627.000",25.664787900,25.664804900,25.666352400,25.667979400,1/1/1
6568,4612,Render,1,"1,626.800",35.931644500,35.931662900,35.933285300,35.934912100,1/1/1
6568,4612,Render,1,"1,625.400",33.198569700,33.198591000,33.200190300,33.201815700,1/1/1
6568,4612,Render,1,"1,622.500",38.164873400,38.164894900,38.166496200,38.168118700,1/1/1
6568,5992,Render,1,"1,618.900",22.934984900,22.935054000,22.935054000,22.936672900,1/10/1
6568,5992,Render,1,"1,610.700",22.982127900,22.982176700,22.982176700,22.983787400,1/10/1
6568,5992,Render,1,"1,610.400",31.385197900,31.385292500,31.385292500,31.386902900,1/10/1
6568,5992,Render,1,"1,590.600",27.116297400,27.116350500,27.116350500,27.117941100,1/10/1
6568,5992,Render,1,"1,586.300",23.240917900,23.240995400,23.240995400,23.242581700,1/10/1
6568,5992,Render,1,"1,582.400",23.602354900,23.602368200,23.602734600,23.604317000,1/10/1
6568,5992,Render,1,"1,579.900",23.288852600,23.288918600,23.288918600,23.290498500,1/10/1
6568,4612,Render,1,"1,569.700",38.434551300,38.434580200,38.434580200,38.436149900,1/1/1
6568,5992,Render,1,"1,569.600",37.799404500,37.799454200,37.799454200,37.801023800,1/10/1
6568,5992,Render,1,"1,562.500",37.751430500,37.751492700,37.751492700,37.753055200,1/10/1
6568,4612,Render,1,"1,561.900",30.266308900,30.266331700,30.266331700,30.267893600,1/1/1
6568,5992,Render,1,"1,549.100",29.383768900,29.383827600,29.383827600,29.385376700,1/10/1
6568,5992,Render,1,"1,547.400",40.139151200,40.139229200,40.139229200,40.140776600,1/10/1
6568,5992,Render,1,"1,546.800",35.885450500,35.885479000,35.885479000,35.887025800,1/10/1
6568,5992,Render,1,"1,536.000",29.483542800,29.483598400,29.483598400,29.485134400,1/10/1
6568,5992,Render,1,"1,535.900",25.269905400,25.269953300,25.269953300,25.271489200,1/10/1
6568,5992,Render,1,"1,527.400",35.790256800,35.790321000,35.790321000,35.791848400,1/10/1
6568,5992,Render,1,"1,525.400",33.420907600,33.421012300,33.421012300,33.422537700,1/10/1
6568,4612,Render,1,"1,519.300",32.911495600,32.912558400,32.912818000,32.914337300,1/1/1
6568,5992,Render,1,"1,517.100",29.433417600,29.433493800,29.433493800,29.435010900,1/10/1
6568,5992,Render,1,"1,516.700",31.434621900,31.434725200,31.434725200,31.436241900,1/10/1
6568,5992,Render,1,"1,514.200",31.323657300,31.323737900,31.323737900,31.325252100,1/10/1
6568,5992,Render,1,"1,509.500",33.472297700,33.472354000,33.472354000,33.473863500,1/10/1
6568,5992,Render,1,"1,509.000",25.114556900,25.114630500,25.114630500,25.116139500,1/10/1
6568,5992,Render,1,"1,504.500",31.480851100,31.480903400,31.480903400,31.482407900,1/10/1
6568,5992,Render,1,"1,504.300",33.372580600,33.372653200,33.372653200,33.374157500,1/10/1
6568,5992,Render,1,"1,500.100",27.164855000,27.164899900,27.164899900,27.166400000,1/10/1
6568,5992,Render,1,"1,498.400",40.290594400,40.290623500,40.290623500,40.292121900,1/10/1
6568,5992,Render,1,"1,489.800",40.239536700,40.239614300,40.239614300,40.241104100,1/10/1
6568,5992,Render,1,"1,462.300",24.782358900,24.782376600,24.783147300,24.784609600,1/10/1
6568,5992,Render,1,"1,449.700",26.903890900,26.903904000,26.904391900,26.905841600,1/10/1
6568,5992,Render,1,"1,446.000",24.386454300,24.386467900,24.387007800,24.388453800,1/10/1
6568,5992,Render,1,"1,445.400",33.343623200,33.343637900,33.344193400,33.345638800,1/10/1
6568,5992,Render,1,"1,443.000",29.832953300,29.832967100,29.833363700,29.834806700,1/10/1
6568,5992,Render,1,"1,441.300",35.318040400,35.318051300,35.318595500,35.320036800,1/10/1
6568,5992,Render,1,"1,438.000",22.905329200,22.905340400,22.905789900,22.907227900,1/10/1
6568,5992,Render,1,"1,436.000",33.491178300,33.491197700,33.491831900,33.493267900,1/10/1
6568,4612,Render,1,"1,430.900",26.904167800,26.904180800,26.904715800,26.906146700,1/1/1
6568,5992,Render,1,"1,430.800",41.202228900,41.202253600,41.202647100,41.204077900,1/10/1
6568,4612,Render,1,"1,430.300",24.386832000,24.386846200,24.387332800,24.388763100,1/1/1
6568,5992,Render,1,"1,427.700",38.048598600,38.048610500,38.049266300,38.050694000,1/10/1
6568,5992,Render,1,"1,424.600",33.390999900,33.391018100,33.391722900,33.393147500,1/10/1
6568,4612,Render,1,"1,421.700",33.343924700,33.343938700,33.344529300,33.345951000,1/1/1
6568,4612,Render,1,"1,419.600",35.318420900,35.318435900,35.318920800,35.320340400,1/1/1
6568,5992,Render,1,"1,419.400",28.950320600,28.950334300,28.950805200,28.952224600,1/10/1
6568,4612,Render,1,"1,414.000",29.833181600,29.833200300,29.833695100,29.835109100,1/1/1
6568,4612,Render,1,"1,410.400",41.202356200,41.202369800,41.202972600,41.204383000,1/1/1
6568,4612,Render,1,"1,406.800",28.950574900,28.950589900,28.951128200,28.952535000,1/1/1
6568,4612,Render,1,"1,406.300",29.194616500,29.195717200,29.195970700,29.197377000,1/1/1
6568,4612,Render,1,"1,403.600",33.391440000,33.391454700,33.392061100,33.393464700,1/1/1
6568,4612,Render,1,"1,402.300",36.611460700,36.612587900,36.612837400,36.614239700,1/1/1
6568,4612,Render,1,"1,400.500",38.049034200,38.049048700,38.049593500,38.050994000,1/1/1
6568,4612,Render,1,"1,400.300",33.491602900,33.491622100,33.492173500,33.493573800,1/1/1
6568,5992,Render,1,"1,400.000",23.162459800,23.162494300,23.163046700,23.164446700,1/10/1
6568,4612,Render,1,"1,399.400",31.194591000,31.195633600,31.195633600,31.197033000,1/1/1
6568,5992,Render,1,"1,399.200",25.287852000,25.287871000,25.288536100,25.289935300,1/10/1
6568,4612,Render,1,"1,398.200",30.977759900,30.978831900,30.978831900,30.980230100,1/1/1
6568,5992,Render,1,"1,395.300",35.713124600,35.713138400,35.713879700,35.715275000,1/10/1
6568,4612,Render,1,"1,393.800",22.905473200,22.905490900,22.906141800,22.907535600,1/1/1
6568,5992,Render,1,"1,393.700",25.131760300,25.131774000,25.132467300,25.133861000,1/10/1
6568,5992,Render,1,"1,392.700",25.181775400,25.181788900,25.182461600,25.183854300,1/10/1
6568,5992,Render,1,"1,392.600",23.062646100,23.062663900,23.063179200,23.064571800,1/10/1
6568,5992,Render,1,"1,391.300",27.182161100,27.182175700,27.182707500,27.184098800,1/10/1
6568,5992,Render,1,"1,390.300",32.994682000,32.995007700,32.995202600,32.996592900,1/10/1
6568,4612,Render,1,"1,389.500",34.127917500,34.129156800,34.129156800,34.130546300,1/1/1
6568,4612,Render,1,"1,388.800",27.494335100,27.495430700,27.495430700,27.496819500,1/1/1
6568,5992,Render,1,"1,387.400",35.761962300,35.761984800,35.762407500,35.763794900,1/10/1
6568,4612,Render,1,"1,385.400",25.288254800,25.288274500,25.288874800,25.290260200,1/1/1
6568,5992,Render,1,"1,385.400",29.402216600,29.402227900,29.402867600,29.404253000,1/10/1
6568,5992,Render,1,"1,383.800",23.112778500,23.112791400,23.113322900,23.114706700,1/10/1
6568,5992,Render,1,"1,383.400",31.404235800,31.404256900,31.405187200,31.406570600,1/10/1
6568,4612,Render,1,"1,379.400",25.182205400,25.182224000,25.182791300,25.184170700,1/1/1
6568,4612,Render,1,"1,379.100",39.311335800,39.312503000,39.312503000,39.313882100,1/1/1
6568,5992,Render,1,"1,379.000",37.817387900,37.817407700,37.817928800,37.819307800,1/10/1
6568,5992,Render,1,"1,378.200",25.240988300,25.241008100,25.241640200,25.243018400,1/10/1
6568,5992,Render,1,"1,377.900",35.808852300,35.808865600,35.809453500,35.810831400,1/10/1
6568,5992,Render,1,"1,376.600",37.720662700,37.720676500,37.721232500,37.722609100,1/10/1
6568,4612,Render,1,"1,375.200",23.162790500,23.162809900,23.163386000,23.164761200,1/1/1
6568,5992,Render,1,"1,372.600",33.440792400,33.440806300,33.441494300,33.442866900,1/10/1
6568,5992,Render,1,"1,372.100",40.258199500,40.258213100,40.258957000,40.260329100,1/10/1
6568,4612,Render,1,"1,372.000",23.113021800,23.113039800,23.113658400,23.115030400,1/1/1
6568,4612,Render,1,"1,371.800",23.062874800,23.062888900,23.063517300,23.064889100,1/1/1
6568,5992,Render,1,"1,370.500",40.210213000,40.210226200,40.210942600,40.212313100,1/10/1
6568,4612,Render,1,"1,370.300",35.713562200,35.713575800,35.714218500,35.715588800,1/1/1
6568,4612,Render,1,"1,365.400",35.762117500,35.762131000,35.762746300,35.764111700,1/1/1
6568,5992,Render,1,"1,365.300",27.134172500,27.134186700,27.134853800,27.136219100,1/10/1
6568,5992,Render,1,"1,364.800",27.291085300,27.291113900,27.291803400,27.293168200,1/10/1
6568,5992,Render,1,"1,362.800",29.452087800,29.452101400,29.452798000,29.454160800,1/10/1
6568,5992,Render,1,"1,361.900",37.769953600,37.769966400,37.770565200,37.771927100,1/10/1
6568,4612,Render,1,"1,361.000",31.404996300,31.405011100,31.405522900,31.406883900,1/1/1
6568,5992,Render,1,"1,360.200",23.259432800,23.259460000,23.260023900,23.261384100,1/10/1
6568,4612,Render,1,"1,359.400",25.132171900,25.132185400,25.132816000,25.134175400,1/1/1
6568,4612,Render,1,"1,357.800",27.182389200,27.182406800,27.183049600,27.184407400,1/1/1
6568,5992,Render,1,"1,356.600",40.157830000,40.157849700,40.158538100,40.159894700,1/10/1
6568,5992,Render,1,"1,353.000",31.342054600,31.342073700,31.342928900,31.344281900,1/10/1
6568,4612,Render,1,"1,353.000",35.809151600,35.809166300,35.809791600,35.811144600,1/1/1
6568,4612,Render,1,"1,352.900",29.402630700,29.402668300,29.403207700,29.404560600,1/1/1
6568,5992,Render,1,"1,352.200",23.211145800,23.211159200,23.211813500,23.213165700,1/10/1
6568,5992,Render,1,"1,351.600",22.951819800,22.951833200,22.952390500,22.953742100,1/10/1
6568,4612,Render,1,"1,351.300",37.720966400,37.720981000,37.721569900,37.722921200,1/1/1
6568,4612,Render,1,"1,349.600",25.241376200,25.241396100,25.241982900,25.243332500,1/1/1
6568,4612,Render,1,"1,348.600",37.817674000,37.817688900,37.818272100,37.819620700,1/1/1
6568,4612,Render,1,"1,348.600",40.258647900,40.258668600,40.259298100,40.260646700,1/1/1
6568,4612,Render,1,"1,345.200",37.770287000,37.770306200,37.770898800,37.772244000,1/1/1
6568,4612,Render,1,"1,343.800",33.441208100,33.441222200,33.441831600,33.443175400,1/1/1
6568,5992,Render,1,"1,341.800",27.235973100,27.235991000,27.236580600,27.237922400,1/10/1
6568,4612,Render,1,"1,341.700",27.291506900,27.291520200,27.292144300,27.293486000,1/1/1
6568,5992,Render,1,"1,341.100",25.860992300,25.861011700,25.861340100,25.862681200,1/10/1
6568,5992,Render,1,"1,340.500",31.451105300,31.451130800,31.451731500,31.453072000,1/10/1
6568,4612,Render,1,"1,339.700",23.259748500,23.259768400,23.260361500,23.261701200,1/1/1
6568,5992,Render,1,"1,339.300",29.352418800,29.352437300,29.352986000,29.354325300,1/10/1
6568,4612,Render,1,"1,339.200",31.342681300,31.342706500,31.343265200,31.344604400,1/1/1
6568,4612,Render,1,"1,337.900",29.452491700,29.452505500,29.453135100,29.454473000,1/1/1
6568,5992,Render,1,"1,336.800",32.060994000,32.061007500,32.061312400,32.062649200,1/10/1
6568,5992,Render,1,"1,336.700",40.108925900,40.108939200,40.109642000,40.110978700,1/10/1
6568,5992,Render,1,"1,336.600",23.000610000,23.000624300,23.001071600,23.002408200,1/10/1
6568,5992,Render,1,"1,335.800",31.977986000,31.978002300,31.978338700,31.979674500,1/10/1
6568,4612,Render,1,"1,334.900",27.134595900,27.134615200,27.135194500,27.136529400,1/1/1
6568,5992,Render,1,"1,333.400",37.869431800,37.869445300,37.869932300,37.871265700,1/10/1
6568,5992,Render,1,"1,333.000",30.710951000,30.710964700,30.711302300,30.712635300,1/10/1
6568,4612,Render,1,"1,332.400",40.158271500,40.158290000,40.158878400,40.160210800,1/1/1
6568,4612,Render,1,"1,332.000",40.210634000,40.210647200,40.211284100,40.212616100,1/1/1
6568,5992,Render,1,"1,331.000",33.077978900,33.078014600,33.078298200,33.079629200,1/10/1
6568,5992,Render,1,"1,330.400",37.628084200,37.628114600,37.628442000,37.629772400,1/10/1
6568,4612,Render,1,"1,330.000",22.952068900,22.952085400,22.952730600,22.954060600,1/1/1
6568,5992,Render,1,"1,329.800",35.856553600,35.856574000,35.857069000,35.858398800,1/10/1
6568,5992,Render,1,"1,327.300",32.777995600,32.778033600,32.778344000,32.779671300,1/10/1
6568,5992,Render,1,"1,326.500",24.177388500,24.177407500,24.177721400,24.179047900,1/10/1
6568,4612,Render,1,"1,323.500",23.211509800,23.211523800,23.212151800,23.213475300,1/1/1
6568,4612,Render,1,"1,321.800",31.451567600,31.451581100,31.452063000,31.453384800,1/1/1
6568,5992,Render,1,"1,319.800",24.044262500,24.044276400,24.044623200,24.045943000,1/10/1
6568,5992,Render,1,"1,318.600",23.527510200,23.527528300,23.527862300,23.529180900,1/10/1
6568,4612,Render,1,"1,316.500",27.236297600,27.236316400,27.236918200,27.238234700,1/1/1
6568,4612,Render,1,"1,316.200",23.000731200,23.000745300,23.001401200,23.002717400,1/1/1
6568,4612,Render,1,"1,315.100",35.856795300,35.856817400,35.857397800,35.858712900,1/1/1
6568,5992,Render,1,"1,312.800",29.298248600,29.298266900,29.298820500,29.300133300,1/10/1
6568,5992,Render,1,"1,309.000",34.444695400,34.444713800,34.444990900,34.446299900,1/10/1
6568,4612,Render,1,"1,308.000",40.109335800,40.109349200,40.109980800,40.111288800,1/1/1
6568,4612,Render,1,"1,304.900",37.869617800,37.869631300,37.870270100,37.871575000,1/1/1
6568,4612,Render,1,"1,303.900",29.352722100,29.352741200,29.353332800,29.354636700,1/1/1
6568,4612,Render,1,"1,303.800",29.298655700,29.298674700,29.299145000,29.300448800,1/1/1
6568,5992,Render,1,"1,303.500",34.894538200,34.894556900,34.894856900,34.896160400,1/10/1
6568,5992,Render,1,"1,295.600",33.928025500,33.928037900,33.928374500,33.929670100,1/10/1
6568,5992,Render,1,"1,294.500",27.861172300,27.861191800,27.861516800,27.862811300,1/10/1
6568,5992,Render,1,"1,275.000",26.678106300,26.678118900,26.678746700,26.680021700,1/10/1
6568,5992,Render,1,"1,273.300",40.978477600,40.978490400,40.978932500,40.980205800,1/10/1
6568,5992,Render,1,"1,266.900",33.361482500,33.361562100,33.361562100,33.362829000,1/10/1
6568,5992,Render,1,"1,261.600",24.911522700,24.911557700,24.911985600,24.913247200,1/10/1
6568,5992,Render,1,"1,258.900",41.328802300,41.328816200,41.329081900,41.330340800,1/10/1
6568,5992,Render,1,"1,258.000",22.161209500,22.161235200,22.161836900,22.163094900,1/10/1
6568,5992,Render,1,"1,254.600",31.495055500,31.495068500,31.495848500,31.497103100,1/10/1
6568,5992,Render,1,"1,252.400",36.161718000,36.161725500,36.162329600,36.163582000,1/10/1
6568,5992,Render,1,"1,248.800",30.011626000,30.011658700,30.012153500,30.013402300,1/10/1
6568,5992,Render,1,"1,244.100",38.128381100,38.128394400,38.128967800,38.130211900,1/10/1
6568,4612,Render,1,"1,241.800",31.627719100,31.628736100,31.629316900,31.630558700,1/1/1
6568,5992,Render,1,"1,241.500",28.128019300,28.128035800,28.128703400,28.129944900,1/10/1
6568,4612,Render,1,"1,241.400",22.861180200,22.861967400,22.862578800,22.863820200,1/1/1
6568,5992,Render,1,"1,238.700",29.628218000,29.628300300,29.628568400,29.629807100,1/10/1
6568,5992,Render,1,"1,232.600",30.945298600,30.945382200,30.945674100,30.946906700,1/10/1
6568,5992,Render,1,"1,229.200",39.578989200,39.579012500,39.579359800,39.580589000,1/10/1
6568,4612,Render,1,"1,213.900",25.677758600,25.678810300,25.679368100,25.680582000,1/1/1
6568,5992,Render,1,"1,213.900",28.261939600,28.261950000,28.262314200,28.263528100,1/10/1
6568,4612,Render,1,"1,211.000",40.395042900,40.395867800,40.396355500,40.397566500,1/1/1
6568,4612,Render,1,"1,209.400",26.077673800,26.078459700,26.079045400,26.080254800,1/1/1
6568,5992,Render,1,"1,208.600",22.690304200,22.690317300,22.690859800,22.692068400,1/10/1
6568,5992,Render,1,"1,201.700",31.211375700,31.211705700,31.211970700,31.213172400,1/10/1
6568,4612,Render,1,"1,199.200",38.444963300,38.445981700,38.446459500,38.447658700,1/1/1
6568,5992,Render,1,"1,199.200",39.794870500,39.794892300,39.795563300,39.796762500,1/10/1
6568,4612,Render,1,"1,198.700",36.627986500,36.629181100,36.629712600,36.630911300,1/1/1
6568,4612,Render,1,"1,195.400",26.160947300,26.162089000,26.162509800,26.163705200,1/1/1
6568,4612,Render,1,"1,194.500",23.694177900,23.695062500,23.695622900,23.696817400,1/1/1
6568,4612,Render,1,"1,190.600",22.690649100,22.690662500,22.691183400,22.692374000,1/1/1
6568,5992,Render,1,"1,189.900",32.384627500,32.384641100,32.385196900,32.386386800,1/10/1
6568,5992,Render,1,"1,189.700",24.262597600,24.262617200,24.263099100,24.264288800,1/10/1
6568,4612,Render,1,"1,187.700",23.444700300,23.445596900,23.446068100,23.447255800,1/1/1
6568,4612,Render,1,"1,185.400",33.627961200,33.628863000,33.629358900,33.630544300,1/1/1
6568,5992,Render,1,"1,184.500",40.350072600,40.350091200,40.350708000,40.351892500,1/10/1
6568,5992,Render,1,"1,182.800",40.306825600,40.306844000,40.307388400,40.308571200,1/10/1
6568,5992,Render,1,"1,181.900",32.430293500,32.430308800,32.430849500,32.432031400,1/10/1
6568,5992,Render,1,"1,180.100",28.744695900,28.744941300,28.745230900,28.746411000,1/10/1
6568,5992,Render,1,"1,179.200",25.331392100,25.331410000,25.332004800,25.333184000,1/10/1
6568,5992,Render,1,"1,179.100",32.194741600,32.195093800,32.195342000,32.196521100,1/10/1
6568,5992,Render,1,"1,176.600",30.057043300,30.057061700,30.057582100,30.058758700,1/10/1
6568,5992,Render,1,"1,176.500",38.178551400,38.178596700,38.178852200,38.180028700,1/10/1
6568,5992,Render,1,"1,176.100",29.544731700,29.544741500,29.544966500,29.546142600,1/10/1
6568,5992,Render,1,"1,175.100",22.646065000,22.646084000,22.646542600,22.647717700,1/10/1
6568,4612,Render,1,"1,172.800",28.177862200,28.178728400,28.179214400,28.180387200,1/1/1
6568,5992,Render,1,"1,172.600",40.011372500,40.011386200,40.011755800,40.012928400,1/10/1
6568,5992,Render,1,"1,172.300",24.091263000,24.091276700,24.091825600,24.092997900,1/10/1
6568,5992,Render,1,"1,171.900",31.254077000,31.254090400,31.254708700,31.255880600,1/10/1
6568,5992,Render,1,"1,171.700",40.845169600,40.845273700,40.845522500,40.846694200,1/10/1
6568,5992,Render,1,"1,169.800",32.427661600,32.427675800,32.427978800,32.429148600,1/10/1
6568,4612,Render,1,"1,169.200",24.262873600,24.262887200,24.263423900,24.264593100,1/1/1
6568,5992,Render,1,"1,169.000",33.844478100,33.844489400,33.844880200,33.846049200,1/10/1
6568,4612,Render,1,"1,169.000",37.928225900,37.929173900,37.929746100,37.930915100,1/1/1
6568,4612,Render,1,"1,168.500",32.384969600,32.384983300,32.385521900,32.386690400,1/1/1
6568,5992,Render,1,"1,168.400",36.894722300,36.894734900,36.895131400,36.896299800,1/10/1
6568,5992,Render,1,"1,168.300",32.281453000,32.281471300,32.281996300,32.283164600,1/10/1
6568,5992,Render,1,"1,166.900",31.540890300,31.540927000,31.541267500,31.542434400,1/10/1
6568,5992,Render,1,"1,166.700",40.612720200,40.612760900,40.613091100,40.614257800,1/10/1
6568,4612,Render,1,"1,164.200",32.430691300,32.430705400,32.431173900,32.432338100,1/1/1
6568,5992,Render,1,"1,164.100",29.587796600,29.587815100,29.588432800,29.589596900,1/10/1
6568,5992,Render,1,"1,164.000",31.582389700,31.582410000,31.582756200,31.583920200,1/10/1
6568,5992,Render,1,"1,163.800",33.583389200,33.583415000,33.583952800,33.585116600,1/10/1
6568,4612,Render,1,"1,163.500",40.307178900,40.307192700,40.307712900,40.308876400,1/1/1
6568,4612,Render,1,"1,162.700",40.350532100,40.350552300,40.351034800,40.352197500,1/1/1
6568,5992,Render,1,"1,162.400",21.977569200,21.977586700,21.977943600,21.979106000,1/10/1
6568,5992,Render,1,"1,162.300",30.014408800,30.014421700,30.014928800,30.016091100,1/10/1
6568,4612,Render,1,"1,162.200",29.711066300,29.712509500,29.713494500,29.714656700,1/1/1
6568,5992,Render,1,"1,161.200",28.827895000,28.828293600,28.828544600,28.829705800,1/10/1
6568,4612,Render,1,"1,161.000",22.646321000,22.646335100,22.646863000,22.648024000,1/1/1
6568,5992,Render,1,"1,161.000",34.669392600,34.669410100,34.669948500,34.671109500,1/10/1
6568,5992,Render,1,"1,160.900",32.337502000,32.337537200,32.337887400,32.339048300,1/10/1
6568,5992,Render,1,"1,160.000",39.581639900,39.581658200,39.582161900,39.583321900,1/10/1
6568,5992,Render,1,"1,158.800",32.514476900,32.514496400,32.514929100,32.516087900,1/10/1
6568,5992,Render,1,"1,158.600",33.534736400,33.534754200,33.535306900,33.536465500,1/10/1
6568,4612,Render,1,"1,157.400",25.331832400,25.331850300,25.332330800,25.333488200,1/1/1
6568,5992,Render,1,"1,156.700",40.657453400,40.657472300,40.657796200,40.658952900,1/10/1
6568,5992,Render,1,"1,156.000",40.481579800,40.481592900,40.482227400,40.483383400,1/10/1
6568,5992,Render,1,"1,155.900",29.711620600,29.711769400,29.712030600,29.713186500,1/10/1
6568,5992,Render,1,"1,155.400",32.739367500,32.739385900,32.739744100,32.740899500,1/10/1
6568,5992,Render,1,"1,155.100",32.063814600,32.063834000,32.064166700,32.065321800,1/10/1
6568,4612,Render,1,"1,154.000",30.057424200,30.057443200,30.057905100,30.059059100,1/1/1
6568,4612,Render,1,"1,153.900",40.612915900,40.612940800,40.613401900,40.614555800,1/1/1
6568,5992,Render,1,"1,153.400",29.165581200,29.165599900,29.166052800,29.167206200,1/10/1
6568,5992,Render,1,"1,153.300",22.021272700,22.021295600,22.021374600,22.022527900,1/10/1
6568,5992,Render,1,"1,152.300",31.165097600,31.165111000,31.165668300,31.166820600,1/10/1
6568,5992,Render,1,"1,151.700",31.763865400,31.763883600,31.764321200,31.765472900,1/10/1
6568,5992,Render,1,"1,151.100",24.958369900,24.958383100,24.958932300,24.960083400,1/10/1
6568,5992,Render,1,"1,151.000",41.121170200,41.121184000,41.121773100,41.122924100,1/10/1
6568,5992,Render,1,"1,150.800",40.712473700,40.712491800,40.712880100,40.714030900,1/10/1
6568,4612,Render,1,"1,149.600",31.540960500,31.540978900,31.541589800,31.542739400,1/1/1
6568,5992,Render,1,"1,149.400",33.123793900,33.123812300,33.124310600,33.125460000,1/10/1
6568,5992,Render,1,"1,149.200",24.344502400,24.344867600,24.345119500,24.346268700,1/10/1
6568,5992,Render,1,"1,148.700",39.968432100,39.968450000,39.968896400,39.970045100,1/10/1
6568,5992,Render,1,"1,148.400",25.550274600,25.550285600,25.550675300,25.551823700,1/10/1
6568,5992,Render,1,"1,148.400",28.611120400,28.611137700,28.611829500,28.612977900,1/10/1
6568,5992,Render,1,"1,148.400",32.023291600,32.023305000,32.023813000,32.024961400,1/10/1
6568,5992,Render,1,"1,148.200",32.237504500,32.237518900,32.238064600,32.239212800,1/10/1
6568,5992,Render,1,"1,147.900",41.287377600,41.287391100,41.287843000,41.288990900,1/10/1
6568,5992,Render,1,"1,147.400",31.852883700,31.852901300,31.853017600,31.854165000,1/10/1
6568,5992,Render,1,"1,147.400",39.011220100,39.011238500,39.011576700,39.012724100,1/10/1
6568,5992,Render,1,"1,147.400",40.888673600,40.888691300,40.889245700,40.890393100,1/10/1
6568,5992,Render,1,"1,147.200",32.952607200,32.952625500,32.953146600,32.954293800,1/10/1
6568,5992,Render,1,"1,146.900",31.808079400,31.808105700,31.808514600,31.809661500,1/10/1
6568,5992,Render,1,"1,146.800",41.737096800,41.737116200,41.737690300,41.738837100,1/10/1
6568,5992,Render,1,"1,146.600",33.165395200,33.165408400,33.165856800,33.167003400,1/10/1
6568,5992,Render,1,"1,146.600",35.944784300,35.945170800,35.945437700,35.946584300,1/10/1
6568,5992,Render,1,"1,146.500",37.544848500,37.545229600,37.545481500,37.546628000,1/10/1
6568,5992,Render,1,"1,146.400",22.428641500,22.428654900,22.429145800,22.430292200,1/10/1
6568,5992,Render,1,"1,146.400",24.046972600,24.047033100,24.047339900,24.048486300,1/10/1
6568,5992,Render,1,"1,146.400",26.204936700,26.204950000,26.205349800,26.206496200,1/10/1
6568,5992,Render,1,"1,146.300",30.278616500,30.278630200,30.279291300,30.280437600,1/10/1
6568,5992,Render,1,"1,146.300",36.254709000,36.254727100,36.255318700,36.256465000,1/10/1
6568,4612,Render,1,"1,146.200",32.281809100,32.281828000,32.282322700,32.283468900,1/1/1
6568,4612,Render,1,"1,146.200",40.482005100,40.482018300,40.482554400,40.483700600,1/1/1
6568,5992,Render,1,"1,145.800",26.423455500,26.423469400,26.423851300,26.424997100,1/10/1
6568,5992,Render,1,"1,145.700",23.824032500,23.824050600,23.824517300,23.825663000,1/10/1
6568,5992,Render,1,"1,145.600",33.296432800,33.296470900,33.296797700,33.297943300,1/10/1
6568,4612,Render,1,"1,145.500",31.254493700,31.254507800,31.255035400,31.256180900,1/1/1
6568,4612,Render,1,"1,145.200",29.588261100,29.588279900,29.588757700,29.589902900,1/1/1
6568,5992,Render,1,"1,145.100",41.331358100,41.331388400,41.331719100,41.332864200,1/10/1
6568,5992,Render,1,"1,145.000",29.755260400,29.755274800,29.755652700,29.756797700,1/10/1
6568,5992,Render,1,"1,144.900",37.156460300,37.156485500,37.157004600,37.158149500,1/10/1
6568,5992,Render,1,"1,144.800",37.587578600,37.587596700,37.588239600,37.589384400,1/10/1
6568,5992,Render,1,"1,144.500",26.465002900,26.465021600,26.465467000,26.466611500,1/10/1
6568,5992,Render,1,"1,144.300",23.356805600,23.356819500,23.357279300,23.358423600,1/10/1
6568,5992,Render,1,"1,144.000",40.929479700,40.929493500,40.929884900,40.931028900,1/10/1
6568,5992,Render,1,"1,143.900",41.607073600,41.607087200,41.607654900,41.608798800,1/10/1
6568,4612,Render,1,"1,143.800",34.669779700,34.669799300,34.670271800,34.671415600,1/1/1
6568,5992,Render,1,"1,143.600",32.868195400,32.868205300,32.868606500,32.869750100,1/10/1
6568,5992,Render,1,"1,143.500",29.927595300,29.927608500,29.927962700,29.929106200,1/10/1
6568,5992,Render,1,"1,143.400",24.134299100,24.134312700,24.134794500,24.135937900,1/10/1
6568,5992,Render,1,"1,143.300",23.960710800,23.960737800,23.961115100,23.962258400,1/10/1
6568,5992,Render,1,"1,142.900",30.898146900,30.898160100,30.898653400,30.899796300,1/10/1
6568,4612,Render,1,"1,142.900",39.581984900,39.582003900,39.582482400,39.583625300,1/1/1
6568,5992,Render,1,"1,142.800",26.681129400,26.681170700,26.681488600,26.682631400,1/10/1
6568,5992,Render,1,"1,142.700",35.496378300,35.496396100,35.496484200,35.497626900,1/10/1
6568,5992,Render,1,"1,141.600",23.781091400,23.781117000,23.781445600,23.782587200,1/10/1
6568,5992,Render,1,"1,141.600",32.558795700,32.558815200,32.559449700,32.560591300,1/10/1
6568,5992,Render,1,"1,141.400",26.636904500,26.636917500,26.636986400,26.638127800,1/10/1
6568,4612,Render,1,"1,141.400",32.337655000,32.337673600,32.338211400,32.339352800,1/1/1
6568,5992,Render,1,"1,141.200",38.881595600,38.881608700,38.881706900,38.882848100,1/10/1
6568,5992,Render,1,"1,141.100",24.872646000,24.872666800,24.873152200,24.874293300,1/10/1
6568,4612,Render,1,"1,141.000",24.091606800,24.091620100,24.092150100,24.093291100,1/1/1
6568,5992,Render,1,"1,140.900",35.581197700,35.581211000,35.581302400,35.582443300,1/10/1
6568,5992,Render,1,"1,140.700",24.305828100,24.305846200,24.306395900,24.307536600,1/10/1
6568,5992,Render,1,"1,140.500",30.501527600,30.501540800,30.501917900,30.503058400,1/10/1
6568,5992,Render,1,"1,140.500",40.569674600,40.569685300,40.570060400,40.571200900,1/10/1
6568,5992,Render,1,"1,140.400",26.724474700,26.724580600,26.724870900,26.726011300,1/10/1
6568,5992,Render,1,"1,140.400",30.994411300,30.994425600,30.994783800,30.995924200,1/10/1
6568,5992,Render,1,"1,139.900",22.861985800,22.862001700,22.862248000,22.863387900,1/10/1
6568,5992,Render,1,"1,139.700",30.933972700,30.934042700,30.934042700,30.935182400,1/10/1
6568,5992,Render,1,"1,139.400",25.420650900,25.420669700,25.421112300,25.422251700,1/10/1
6568,5992,Render,1,"1,139.400",34.756541200,34.756560000,34.756905300,34.758044700,1/10/1
6568,5992,Render,1,"1,139.100",29.124645800,29.124667200,29.125133100,29.126272200,1/10/1
6568,5992,Render,1,"1,139.000",34.498050000,34.498063300,34.498543200,34.499682200,1/10/1
6568,4612,Render,1,"1,138.800",33.583800400,33.583821900,33.584283600,33.585422400,1/1/1
6568,5992,Render,1,"1,138.500",22.164294000,22.164362900,22.164682300,22.165820800,1/10/1
6568,5992,Render,1,"1,138.100",21.935381500,21.935402000,21.935772400,21.936910500,1/10/1
6568,4612,Render,1,"1,138.100",32.514758900,32.514777900,32.515253600,32.516391700,1/1/1
6568,5992,Render,1,"1,138.100",41.779210700,41.779230100,41.779833600,41.780971700,1/10/1
6568,5992,Render,1,"1,137.600",23.867672700,23.867713100,23.868041700,23.869179300,1/10/1
6568,5992,Render,1,"1,137.500",22.734402700,22.734416100,22.734952700,22.736090200,1/10/1
6568,4612,Render,1,"1,137.400",29.165872500,29.165887900,29.166375400,29.167512800,1/1/1
6568,5992,Render,1,"1,137.400",38.968516000,38.968555200,38.968880000,38.970017400,1/10/1
6568,5992,Render,1,"1,137.200",26.947150000,26.947167600,26.947604600,26.948741800,1/10/1
6568,5992,Render,1,"1,137.100",33.757983200,33.757996700,33.758332500,33.759469600,1/10/1
6568,5992,Render,1,"1,136.800",26.033797600,26.033810800,26.033891800,26.035028600,1/10/1
6568,5992,Render,1,"1,136.700",26.249546300,26.249564900,26.249958100,26.251094800,1/10/1
6568,4612,Render,1,"1,136.600",33.124144400,33.124162800,33.124636400,33.125773000,1/1/1
6568,5992,Render,1,"1,136.300",22.603272500,22.603288500,22.603652400,22.604788700,1/10/1
6568,4612,Render,1,"1,136.100",32.739468700,32.739488100,32.740070000,32.741206100,1/1/1
6568,5992,Render,1,"1,135.900",25.085780700,25.085798800,25.086253800,25.087389700,1/10/1
6568,5992,Render,1,"1,135.500",22.516194500,22.516212800,22.516858600,22.517994100,1/10/1
6568,4612,Render,1,"1,135.400",25.550353500,25.550372600,25.550998400,25.552133800,1/1/1
6568,4612,Render,1,"1,135.300",31.808347900,31.808367800,31.808839300,31.809974600,1/1/1
6568,5992,Render,1,"1,135.200",26.862797100,26.862810300,26.863216400,26.864351600,1/10/1
6568,5992,Render,1,"1,135.200",36.485666500,36.485684500,36.486327400,36.487462600,1/10/1
6568,4612,Render,1,"1,135.000",30.014755200,30.014774000,30.015254600,30.016389600,1/1/1
6568,4612,Render,1,"1,134.600",40.712688800,40.712707400,40.713204300,40.714338900,1/1/1
6568,5992,Render,1,"1,134.500",30.362538900,30.362557400,30.362890000,30.364024500,1/10/1
6568,5992,Render,1,"1,134.400",22.377693600,22.377711600,22.378091600,22.379226000,1/10/1
6568,5992,Render,1,"1,134.200",22.473400100,22.473418200,22.473949000,22.475083200,1/10/1
6568,5992,Render,1,"1,134.100",28.787634300,28.787647800,28.788249900,28.789384000,1/10/1
6568,5992,Render,1,"1,133.800",24.222283900,24.222302300,24.222867400,24.224001200,1/10/1
6568,5992,Render,1,"1,133.700",23.402074900,23.402085700,23.402626900,23.403760600,1/10/1
6568,4612,Render,1,"1,133.200",29.544343800,29.545433700,29.546450600,29.547583800,1/1/1
6568,5992,Render,1,"1,132.800",30.669079600,30.669093200,30.669491400,30.670624200,1/10/1
6568,4612,Render,1,"1,132.800",31.582562300,31.582581000,31.583085000,31.584217800,1/1/1
6568,5992,Render,1,"1,132.600",24.514179800,24.514193100,24.514655100,24.515787700,1/10/1
6568,5992,Render,1,"1,132.600",25.990939500,25.990955100,25.991294300,25.992426900,1/10/1
6568,5992,Render,1,"1,132.600",38.925324100,38.925355500,38.925355500,38.926488100,1/10/1
6568,5992,Render,1,"1,132.600",39.369290800,39.369309100,39.369834400,39.370967000,1/10/1
6568,5992,Render,1,"1,132.200",31.123844500,31.123862400,31.124485900,31.125618100,1/10/1
6568,5992,Render,1,"1,132.000",25.779049400,25.779072300,25.779420100,25.780552100,1/10/1
6568,5992,Render,1,"1,132.000",26.507819500,26.507838100,26.508259900,26.509391900,1/10/1
6568,5992,Render,1,"1,132.000",33.801376900,33.801404500,33.801754300,33.802886300,1/10/1
6568,5992,Render,1,"1,132.000",36.719193300,36.719243400,36.719586400,36.720718400,1/10/1
6568,4612,Render,1,"1,131.900",24.344155700,24.345584400,24.346577700,24.347709600,1/1/1
6568,5992,Render,1,"1,131.900",30.947840700,30.947854800,30.948361200,30.949493100,1/10/1
6568,4612,Render,1,"1,131.900",31.165491500,31.165511200,31.165992500,31.167124400,1/1/1
6568,4612,Render,1,"1,131.900",39.711622900,39.712557500,39.712815100,39.713947000,1/1/1
6568,5992,Render,1,"1,131.300",31.628370500,31.628378800,31.628986700,31.630118000,1/10/1
6568,4612,Render,1,"1,131.200",32.063977500,32.063998700,32.064496300,32.065627500,1/1/1
6568,4612,Render,1,"1,131.100",26.465259100,26.465272200,26.465792300,26.466923400,1/1/1
6568,4612,Render,1,"1,131.000",41.331538000,41.331556800,41.332036600,41.333167600,1/1/1
6568,4612,Render,1,"1,130.700",41.121575500,41.121588700,41.122100500,41.123231200,1/1/1
6568,5992,Render,1,"1,130.600",34.937954500,34.937977500,34.938345900,34.939476500,1/10/1
6568,5992,Render,1,"1,130.300",34.144507700,34.144518000,34.144895000,34.146025300,1/10/1
6568,5992,Render,1,"1,130.200",27.641014100,27.641032300,27.641549100,27.642679300,1/10/1
6568,4612,Render,1,"1,130.200",39.968733900,39.968749400,39.969218000,39.970348200,1/1/1
6568,5992,Render,1,"1,129.900",22.250671700,22.250698400,22.251109900,22.252239800,1/10/1
6568,5992,Render,1,"1,129.900",27.778528200,27.778541400,27.779186900,27.780316800,1/10/1
6568,5992,Render,1,"1,129.800",28.088944500,28.088963500,28.089399100,28.090528900,1/10/1
6568,5992,Render,1,"1,129.700",29.255042400,29.255055900,29.255601700,29.256731400,1/10/1
6568,5992,Render,1,"1,129.700",31.895465400,31.895479400,31.895944900,31.897074600,1/10/1
6568,5992,Render,1,"1,129.600",30.713810000,30.713832800,30.714272300,30.715401900,1/10/1
6568,5992,Render,1,"1,129.600",31.080638000,31.080663000,31.081174400,31.082304000,1/10/1
6568,4612,Render,1,"1,129.500",38.925010600,38.925030500,38.925663200,38.926792700,1/1/1
6568,5992,Render,1,"1,129.400",35.400913600,35.400932300,35.401578400,35.402707800,1/10/1
6568,5992,Render,1,"1,129.300",24.704457700,24.704472100,24.705010400,24.706139700,1/10/1
6568,5992,Render,1,"1,129.300",31.498622200,31.498669500,31.498669500,31.499798800,1/10/1
6568,4612,Render,1,"1,129.300",33.165625000,33.165642800,33.166181300,33.167310600,1/1/1
6568,4612,Render,1,"1,129.200",40.929673900,40.929687300,40.930209400,40.931338600,1/1/1
6568,4612,Render,1,"1,129.100",33.535154600,33.535173500,33.535633900,33.536763000,1/1/1
6568,4612,Render,1,"1,129.100",40.889070000,40.889089500,40.889571400,40.890700500,1/1/1
6568,4612,Render,1,"1,128.800",32.237886700,32.237901300,32.238391300,32.239520100,1/1/1
6568,4612,Render,1,"1,128.600",35.944530300,35.945897200,35.946893100,35.948021700,1/1/1
6568,4612,Render,1,"1,128.500",25.631604800,25.631623800,25.632236400,25.633364900,1/1/1
6568,4612,Render,1,"1,128.400",36.255153700,36.255173700,36.255642500,36.256770900,1/1/1
6568,5992,Render,1,"1,128.200",28.654249900,28.654268400,28.654857400,28.655985600,1/10/1
6568,4612,Render,1,"1,128.200",41.737523000,41.737542200,41.738016400,41.739144600,1/1/1
6568,5992,Render,1,"1,128.000",39.096157100,39.096202100,39.096536300,39.097664300,1/10/1
6568,4612,Render,1,"1,127.900",31.852661200,31.852669100,31.853342400,31.854470300,1/1/1
6568,4612,Render,1,"1,127.800",32.023598800,32.023613300,32.024139800,32.025267600,1/1/1
6568,4612,Render,1,"1,127.600",24.047171700,24.047191100,24.047656600,24.048784200,1/1/1
6568,5992,Render,1,"1,127.400",22.208163800,22.208176900,22.208744900,22.209872300,1/10/1
6568,5992,Render,1,"1,127.400",23.305807500,23.305825500,23.306358200,23.307485600,1/10/1
6568,5992,Render,1,"1,127.400",33.212584600,33.212602900,33.212944400,33.214071800,1/10/1
6568,5992,Render,1,"1,127.300",35.114541400,35.114554500,35.114935000,35.116062300,1/10/1
6568,5992,Render,1,"1,127.200",27.863752500,27.863765800,27.864218300,27.865345500,1/10/1
6568,4612,Render,1,"1,127.100",24.134589400,24.134603100,24.135118400,24.136245500,1/1/1
6568,4612,Render,1,"1,127.100",31.764124800,31.764142700,31.764647500,31.765774600,1/1/1
6568,4612,Render,1,"1,126.900",22.021050400,22.021066300,22.021706000,22.022832900,1/1/1
6568,4612,Render,1,"1,126.900",32.868432900,32.868448400,32.868925600,32.870052500,1/1/1
6568,5992,Render,1,"1,126.800",26.121848100,26.121860900,26.122314600,26.123441400,1/10/1
6568,4612,Render,1,"1,126.800",26.205136300,26.205150800,26.205674600,26.206801400,1/1/1
6568,5992,Render,1,"1,126.800",37.971633600,37.971647100,37.972089100,37.973215900,1/10/1
6568,4612,Render,1,"1,126.600",34.756639100,34.756654100,34.757227800,34.758354400,1/1/1
6568,5992,Render,1,"1,126.500",34.281404000,34.281421900,34.281932200,34.283058700,1/10/1
6568,4612,Render,1,"1,126.500",41.287631300,41.287645100,41.288168800,41.289295300,1/1/1
6568,5992,Render,1,"1,126.300",29.499972500,29.499986000,29.500513000,29.501639300,1/10/1
6568,5992,Render,1,"1,126.300",34.195059700,34.195070800,34.195290000,34.196416300,1/10/1
6568,4612,Render,1,"1,126.200",35.496183300,35.496200800,35.496807900,35.497934100,1/1/1
6568,4612,Render,1,"1,125.900",29.755333600,29.755345000,29.755975500,29.757101400,1/1/1
6568,5992,Render,1,"1,125.900",40.755414200,40.755432700,40.755912200,40.757038100,1/10/1
6568,4612,Render,1,"1,125.800",22.164635700,22.164699200,22.164995100,22.166120900,1/1/1
6568,5992,Render,1,"1,125.600",27.510942400,27.510956400,27.511302500,27.512428100,1/10/1
6568,5992,Render,1,"1,125.500",33.038081100,33.038099600,33.038588200,33.039713700,1/10/1
6568,4612,Render,1,"1,125.300",40.657614900,40.657628700,40.658130000,40.659255300,1/1/1
6568,5992,Render,1,"1,125.100",28.303791400,28.303809600,28.304377900,28.305503000,1/10/1
6568,5992,Render,1,"1,125.100",39.879869400,39.879905300,39.880262000,39.881387100,1/10/1
6568,5992,Render,1,"1,125.000",24.004366200,24.004384200,24.004940100,24.006065100,1/10/1
6568,4612,Render,1,"1,125.000",26.423627200,26.423641400,26.424176900,26.425301900,1/1/1
6568,4612,Render,1,"1,124.700",33.296611300,33.296624700,33.297123200,33.298247900,1/1/1
6568,5992,Render,1,"1,124.700",37.069901100,37.069919500,37.070469600,37.071594300,1/10/1
6568,4612,Render,1,"1,124.700",41.379385500,41.379405100,41.379966600,41.381091300,1/1/1
6568,4612,Render,1,"1,124.600",30.898430300,30.898443200,30.898977600,30.900102200,1/1/1
6568,4612,Render,1,"1,124.600",31.498298100,31.498320300,31.498978000,31.500102600,1/1/1
6568,5992,Render,1,"1,124.100",23.530285100,23.530311100,23.530842500,23.531966600,1/10/1
6568,5992,Render,1,"1,124.000",27.332988100,27.333005900,27.333523300,27.334647300,1/10/1
6568,4612,Render,1,"1,123.800",30.501630000,30.501648300,30.502237500,30.503361300,1/1/1
6568,4612,Render,1,"1,123.700",32.952981200,32.953000200,32.953472400,32.954596100,1/1/1
6568,4612,Render,1,"1,123.600",23.781206400,23.781227200,23.781768800,23.782892400,1/1/1
6568,5992,Render,1,"1,123.600",39.147543500,39.147557200,39.147920800,39.149044400,1/10/1
6568,4612,Render,1,"1,123.300",29.124969700,29.124989700,29.125454100,29.126577400,1/1/1
6568,5992,Render,1,"1,123.200",27.597274200,27.597287400,27.597686800,27.598810000,1/10/1
6568,5992,Render,1,"1,122.600",32.824600300,32.824619100,32.825031700,32.826154300,1/10/1
6568,5992,Render,1,"1,122.400",29.080506500,29.080519800,29.080956600,29.082079000,1/10/1
6568,5992,Render,1,"1,122.400",40.437497200,40.437510900,40.438206600,40.439329000,1/10/1
6568,4612,Render,1,"1,122.300",38.881363200,38.881376900,38.882031800,38.883154100,1/1/1
6568,5992,Render,1,"1,122.200",36.855025000,36.855065400,36.855065400,36.856187600,1/10/1
6568,5992,Render,1,"1,122.000",27.378846100,27.378860100,27.379224100,27.380346100,1/10/1
6568,5992,Render,1,"1,121.900",39.054445600,39.054464200,39.054854300,39.055976200,1/10/1
6568,5992,Render,1,"1,121.700",25.721032000,25.721050200,25.721423800,25.722545500,1/10/1
6568,5992,Render,1,"1,121.700",36.120791800,36.120810100,36.121420400,36.122542100,1/10/1
6568,4612,Render,1,"1,121.600",24.958774200,24.958793400,24.959262600,24.960384200,1/1/1
6568,4612,Render,1,"1,121.400",26.636700100,26.636713300,26.637311900,26.638433300,1/1/1
6568,4612,Render,1,"1,121.200",24.872992500,24.873011000,24.873477800,24.874599000,1/1/1
6568,5992,Render,1,"1,121.200",27.423059800,27.423072700,27.423621200,27.424742400,1/10/1
6568,5992,Render,1,"1,121.200",30.807440100,30.807453800,30.807917600,30.809038800,1/10/1
6568,4612,Render,1,"1,121.100",26.681215900,26.681235400,26.681814800,26.682935900,1/1/1
6568,5992,Render,1,"1,121.100",28.701315700,28.701329600,28.701860000,28.702981100,1/10/1
6568,5992,Render,1,"1,121.100",34.406651100,34.406664800,34.407178500,34.408299600,1/10/1
6568,5992,Render,1,"1,120.800",40.054355700,40.054369300,40.054898200,40.056019000,1/10/1
6568,5992,Render,1,"1,120.800",41.651394900,41.651412700,41.652000900,41.653121700,1/10/1
6568,4612,Render,1,"1,120.600",22.428936800,22.428950400,22.429475000,22.430595600,1/1/1
6568,5992,Render,1,"1,120.600",35.454801400,35.454820200,35.455489800,35.456610400,1/10/1
6568,4612,Render,1,"1,120.400",25.420901000,25.420914000,25.421436300,25.422556700,1/1/1
6568,4612,Render,1,"1,120.400",26.033585600,26.033599000,26.034216900,26.035337300,1/1/1
6568,5992,Render,1,"1,120.300",36.299965200,36.299979200,36.300471300,36.301591600,1/10/1
6568,5992,Render,1,"1,120.100",25.464081600,25.464094900,25.464677700,25.465797800,1/10/1
6568,4612,Render,1,"1,119.900",30.669272600,30.669286000,30.669814000,30.670933900,1/1/1
6568,5992,Render,1,"1,119.900",34.586419800,34.586447100,34.586877700,34.587997600,1/10/1
6568,4612,Render,1,"1,119.800",29.627645100,29.629024600,29.630115200,29.631235000,1/1/1
6568,5992,Render,1,"1,119.700",26.823432300,26.823479900,26.823816400,26.824936100,1/10/1
6568,5992,Render,1,"1,119.600",32.108348400,32.108362900,32.108875000,32.109994600,1/10/1
6568,5992,Render,1,"1,119.600",38.701392100,38.701406500,38.701945400,38.703065000,1/10/1
6568,4612,Render,1,"1,119.500",37.588067400,37.588086700,37.588567500,37.589687000,1/1/1
6568,5992,Render,1,"1,119.400",38.398759200,38.398826300,38.398826300,38.399945700,1/10/1
6568,4612,Render,1,"1,119.300",24.306191100,24.306199700,24.306721000,24.307840300,1/1/1
6568,5992,Render,1,"1,119.100",28.518079000,28.518092400,28.518632800,28.519751900,1/10/1
6568,4612,Render,1,"1,119.100",30.279060500,30.279073700,30.279620500,30.280739600,1/1/1
6568,5992,Render,1,"1,119.100",40.981419600,40.981438600,40.981824600,40.982943700,1/10/1
6568,5992,Render,1,"1,119.000",41.505228800,41.505242000,41.505777200,41.506896200,1/10/1
6568,5992,Render,1,"1,118.900",31.980675900,31.980690000,31.981098200,31.982217100,1/10/1
6568,4612,Render,1,"1,118.800",23.824315900,23.824333600,23.824847300,23.825966100,1/1/1
6568,5992,Render,1,"1,118.700",34.541718600,34.541732500,34.542225600,34.543344300,1/10/1
6568,5992,Render,1,"1,118.700",37.417142600,37.417160400,37.417695500,37.418814200,1/10/1
6568,5992,Render,1,"1,118.700",41.548701600,41.548720700,41.549261000,41.550379700,1/10/1
6568,4612,Render,1,"1,118.100",35.580994800,35.581008300,35.581628900,35.582747000,1/1/1
6568,4612,Render,1,"1,118.000",27.641388800,27.641407600,27.641867000,27.642985000,1/1/1
6568,5992,Render,1,"1,117.900",25.374768100,25.374787000,25.375475600,25.376593500,1/10/1
6568,4612,Render,1,"1,117.900",32.559298500,32.559325500,32.559786000,32.560903900,1/1/1
6568,4612,Render,1,"1,117.900",40.569828800,40.569845000,40.570389900,40.571507800,1/1/1
6568,5992,Render,1,"1,117.800",36.164719600,36.164738000,36.165293100,36.166410900,1/10/1
6568,5992,Render,1,"1,117.700",34.237621900,34.237640400,34.238142100,34.239259800,1/10/1
6568,5992,Render,1,"1,117.700",34.812534500,34.812551800,34.812895300,34.814013000,1/10/1
6568,4612,Render,1,"1,117.700",36.854720700,36.854735200,36.855375600,36.856493300,1/1/1
6568,5992,Render,1,"1,117.700",41.031829600,41.031844100,41.032214900,41.033332600,1/10/1
6568,5992,Render,1,"1,117.500",31.720173400,31.720191800,31.720541700,31.721659200,1/10/1
6568,4612,Render,1,"1,117.400",26.508047200,26.508061800,26.508581900,26.509699300,1/1/1
6568,4612,Render,1,"1,117.400",41.607433100,41.607446300,41.607981500,41.609098900,1/1/1
6568,5992,Render,1,"1,117.200",21.850683100,21.850701600,21.851110500,21.852227700,1/10/1
6568,5992,Render,1,"1,117.200",26.336546300,26.336560300,26.336991500,26.338108700,1/10/1
6568,5992,Render,1,"1,117.200",37.503732700,37.503755100,37.504122000,37.505239200,1/10/1
6568,4612,Render,1,"1,117.000",22.516651900,22.516670000,22.517182800,22.518299800,1/1/1
6568,4612,Render,1,"1,117.000",28.827628400,28.829000000,28.830015200,28.831132200,1/1/1
6568,5992,Render,1,"1,116.700",22.063495600,22.063520100,22.063886300,22.065003000,1/10/1
6568,5992,Render,1,"1,116.700",28.870143300,28.870156600,28.870692000,28.871808700,1/10/1
6568,5992,Render,1,"1,116.700",31.939225300,31.939243800,31.939716700,31.940833400,1/10/1
6568,5992,Render,1,"1,116.600",32.152416200,32.152434200,32.152972500,32.154089100,1/10/1
6568,5992,Render,1,"1,116.600",41.423155000,41.423190600,41.423634700,41.424751300,1/10/1
6568,4612,Render,1,"1,116.500",21.935605500,21.935625000,21.936100500,21.937217000,1/1/1
6568,4612,Render,1,"1,116.400",38.177887800,38.179326700,38.180332000,38.181448400,1/1/1
6568,5992,Render,1,"1,116.400",38.489593900,38.489612500,38.490187700,38.491304100,1/10/1
6568,5992,Render,1,"1,116.400",40.525231200,40.525244600,40.525804500,40.526920900,1/10/1
6568,5992,Render,1,"1,116.300",35.062969500,35.062995400,35.063334700,35.064451000,1/10/1
6568,4612,Render,1,"1,116.000",23.402448400,23.402463000,23.402951200,23.404067200,1/1/1
6568,5992,Render,1,"1,115.900",22.334453100,22.334476000,22.334998500,22.336114400,1/10/1
6568,5992,Render,1,"1,115.800",37.197763700,37.197783200,37.198324700,37.199440500,1/10/1
6568,5992,Render,1,"1,115.700",35.624480800,35.624494300,35.624889800,35.626005500,1/10/1
6568,5992,Render,1,"1,115.500",24.430326700,24.430339800,24.430852300,24.431967800,1/10/1
6568,4612,Render,1,"1,115.500",25.779183800,25.779198100,25.779740200,25.780855700,1/1/1
6568,4612,Render,1,"1,115.500",36.486225800,36.486242000,36.486649000,36.487764500,1/1/1
6568,5992,Render,1,"1,115.400",22.819249000,22.819260400,22.819961500,22.821076900,1/10/1
6568,5992,Render,1,"1,115.400",24.180161700,24.180176300,24.180529500,24.181644900,1/10/1
6568,4612,Render,1,"1,115.400",28.788032000,28.788043300,28.788574900,28.789690300,1/1/1
6568,5992,Render,1,"1,115.400",30.146172500,30.146186200,30.146605100,30.147720500,1/10/1
6568,5992,Render,1,"1,115.000",41.075381800,41.075400200,41.076060200,41.077175200,1/10/1
6568,4612,Render,1,"1,114.700",23.357113100,23.357127500,23.357609100,23.358723800,1/1/1
6568,5992,Render,1,"1,114.600",24.472879800,24.472897900,24.473435800,24.474550400,1/10/1
6568,5992,Render,1,"1,114.500",29.212140800,29.212157900,29.212667000,29.213781500,1/10/1
6568,5992,Render,1,"1,114.500",31.672416100,31.672436600,31.672868100,31.673982600,1/10/1
6568,5992,Render,1,"1,114.400",24.914193400,24.914212500,24.914695800,24.915810200,1/10/1
6568,5992,Render,1,"1,114.400",36.531303500,36.531322100,36.531953900,36.533068300,1/10/1
6568,5992,Render,1,"1,114.300",33.080651800,33.080669900,33.081063400,33.082177700,1/10/1
6568,5992,Render,1,"1,114.300",38.785397900,38.785411700,38.785969800,38.787084100,1/10/1
6568,5992,Render,1,"1,114.300",40.797568200,40.797581300,40.798012600,40.799126900,1/10/1
6568,4612,Render,1,"1,114.200",24.222692000,24.222710600,24.223193800,24.224308000,1/1/1
6568,5992,Render,1,"1,114.000",30.189662600,30.189681100,30.190289700,30.191403700,1/10/1
6568,4612,Render,1,"1,114.000",30.948174000,30.948188200,30.948686500,30.949800500,1/1/1
6568,4612,Render,1,"1,114.000",38.398462900,38.398472700,38.399128600,38.400242600,1/1/1
6568,4612,Render,1,"1,113.900",22.734738200,22.734751400,22.735280900,22.736394800,1/1/1
6568,4612,Render,1,"1,113.900",26.863032900,26.863053500,26.863539300,26.864653200,1/1/1
6568,5992,Render,1,"1,113.800",41.379652100,41.379671600,41.379671600,41.380785400,1/10/1
6568,5992,Render,1,"1,113.500",25.507882700,25.507908900,25.508555800,25.509669300,1/10/1
6568,4612,Render,1,"1,113.400",22.250909700,22.250922700,22.251435900,22.252549300,1/1/1
6568,5992,Render,1,"1,113.400",37.114050300,37.114069000,37.114526300,37.115639700,1/10/1
6568,4612,Render,1,"1,113.400",39.879943000,39.879956800,39.880578400,39.881691800,1/1/1
6568,4612,Render,1,"1,113.300",24.514427300,24.514445400,24.514980000,24.516093300,1/1/1
6568,4612,Render,1,"1,113.300",36.672415100,36.672434100,36.673044500,36.674157800,1/1/1
6568,5992,Render,1,"1,112.900",23.488173100,23.488213200,23.488539000,23.489651900,1/10/1
6568,5992,Render,1,"1,112.900",37.673471400,37.673490400,37.674059500,37.675172400,1/10/1
6568,4612,Render,1,"1,112.700",25.086086900,25.086106000,25.086580100,25.087692800,1/1/1
6568,4612,Render,1,"1,112.700",26.947445700,26.947464500,26.947931200,26.949043900,1/1/1
6568,4612,Render,1,"1,112.600",24.004758000,24.004776900,24.005257200,24.006369800,1/1/1
6568,5992,Render,1,"1,112.200",23.737768900,23.737795900,23.738264100,23.739376300,1/10/1
6568,4612,Render,1,"1,112.200",37.544551400,37.545954000,37.546930500,37.548042700,1/1/1
6568,4612,Render,1,"1,111.900",22.603367700,22.603384500,22.603975100,22.605087000,1/1/1
6568,4612,Render,1,"1,111.900",31.080999200,31.081019100,31.081498500,31.082610400,1/1/1
6568,4612,Render,1,"1,111.800",27.423460900,27.423476500,27.423936200,27.425048000,1/1/1
6568,4612,Render,1,"1,111.700",24.704795800,24.704808800,24.705334800,24.706446500,1/1/1
6568,5992,Render,1,"1,111.700",35.156341000,35.156358700,35.156875000,35.157986700,1/10/1
6568,4612,Render,1,"1,111.500",25.991102200,25.991115900,25.991618300,25.992729800,1/1/1
6568,4612,Render,1,"1,111.500",33.758077700,33.758092000,33.758662900,33.759774400,1/1/1
6568,5992,Render,1,"1,111.400",36.582826300,36.582840000,36.583472600,36.584584000,1/10/1
6568,5992,Render,1,"1,111.300",27.085901000,27.085919000,27.086448700,27.087560000,1/10/1
6568,4612,Render,1,"1,111.300",34.498317900,34.498331800,34.498873900,34.499985200,1/1/1
6568,5992,Render,1,"1,111.000",34.018257900,34.018290100,34.018629600,34.019740600,1/10/1
6568,5992,Render,1,"1,110.900",22.118687500,22.118701500,22.119138600,22.120249500,1/10/1
6568,5992,Render,1,"1,110.900",36.212094100,36.212112100,36.212677000,36.213787900,1/10/1
6568,4612,Render,1,"1,110.800",39.147633700,39.147647100,39.148243000,39.149353800,1/1/1
6568,5992,Render,1,"1,110.500",24.558315900,24.558333900,24.558990300,24.560100800,1/10/1
6568,5992,Render,1,"1,110.500",30.232647300,30.232665500,30.233308800,30.234419300,1/10/1
6568,4612,Render,1,"1,110.400",28.089231600,28.089250600,28.089721400,28.090831800,1/1/1
6568,4612,Render,1,"1,110.300",26.249789000,26.249803200,26.250281500,26.251391800,1/1/1
6568,5992,Render,1,"1,110.200",25.905905800,25.905919400,25.906347500,25.907457700,1/10/1
6568,5992,Render,1,"1,110.200",25.948793000,25.948811600,25.949173700,25.950283900,1/10/1
6568,5992,Render,1,"1,110.200",34.447485500,34.447513300,34.447919600,34.449029800,1/10/1
6568,5992,Render,1,"1,110.100",35.900452900,35.900466800,35.900868400,35.901978500,1/10/1
6568,5992,Render,1,"1,110.100",37.025291800,37.025305900,37.025892000,37.027002100,1/10/1
6568,4612,Render,1,"1,109.900",31.211077300,31.212427900,31.213481000,31.214590900,1/1/1
6568,5992,Render,1,"1,109.900",36.672728700,36.672746100,36.672746100,36.673856000,1/10/1
6568,5992,Render,1,"1,109.900",37.631055200,37.631080000,37.631544100,37.632654000,1/10/1
6568,4612,Render,1,"1,109.900",38.968585200,38.968603400,38.969212100,38.970322000,1/1/1
6568,4612,Render,1,"1,109.500",33.038440700,33.038452600,33.038913200,33.040022700,1/1/1
6568,5992,Render,1,"1,109.500",33.973976700,33.974003100,33.974392900,33.975502400,1/10/1
6568,4612,Render,1,"1,109.400",23.867835200,23.867849400,23.868367200,23.869476600,1/1/1
6568,4612,Render,1,"1,109.400",33.801484800,33.801497000,33.802076300,33.803185700,1/1/1
6568,4612,Render,1,"1,109.300",22.473773200,22.473791500,22.474275500,22.475384800,1/1/1
6568,5992,Render,1,"1,109.300",29.884753200,29.884766900,29.885295400,29.886404700,1/10/1
6568,5992,Render,1,"1,109.200",25.001027000,25.001045100,25.001460600,25.002569800,1/10/1
6568,4612,Render,1,"1,109.200",34.938091400,34.938121300,34.938660200,34.939769400,1/1/1
6568,4612,Render,1,"1,109.100",36.719283600,36.719309300,36.719907400,36.721016500,1/1/1
6568,4612,Render,1,"1,109.000",31.124325000,31.124344500,31.124812700,31.125921700,1/1/1
6568,4612,Render,1,"1,108.700",26.724743700,26.724772800,26.725200000,26.726308700,1/1/1
6568,4612,Render,1,"1,108.700",33.080900500,33.080919100,33.081380100,33.082488800,1/1/1
6568,5992,Render,1,"1,108.600",30.851815400,30.851833900,30.852373200,30.853481800,1/10/1
6568,4612,Render,1,"1,108.600",37.971878700,37.971896500,37.972413700,37.973522300,1/1/1
6568,4612,Render,1,"1,108.500",35.114737000,35.114755200,35.115260000,35.116368500,1/1/1
6568,4612,Render,1,"1,108.200",37.070295300,37.070314300,37.070793600,37.071901800,1/1/1
6568,5992,Render,1,"1,108.200",38.312948900,38.312966400,38.313319200,38.314427400,1/10/1
6568,4612,Render,1,"1,108.100",22.208688600,22.208709100,22.209068600,22.210176700,1/1/1
6568,5992,Render,1,"1,108.100",38.614850100,38.614863800,38.615356600,38.616464700,1/10/1
6568,5992,Render,1,"1,108.000",36.352598600,36.352615700,36.353212900,36.354320900,1/10/1
6568,5992,Render,1,"1,107.800",25.631926300,25.631940000,25.631940000,25.633047800,1/10/1
6568,4612,Render,1,"1,107.700",28.701680500,28.701696200,28.702177700,28.703285400,1/1/1
6568,5992,Render,1,"1,107.500",32.781057500,32.781091000,32.781091000,32.782198500,1/10/1
6568,5992,Render,1,"1,107.500",39.195983200,39.195997500,39.196370200,39.197477700,1/10/1
6568,4612,Render,1,"1,107.400",41.779638000,41.779651400,41.780160200,41.781267600,1/1/1
6568,5992,Render,1,"1,107.300",24.601521900,24.601540400,24.602112400,24.603219700,1/10/1
6568,5992,Render,1,"1,106.900",32.602105900,32.602136200,32.602136200,32.603243100,1/10/1
6568,5992,Render,1,"1,106.800",26.553061600,26.553085400,26.553085400,26.554192200,1/10/1
6568,5992,Render,1,"1,106.700",26.991853200,26.991880000,26.992273700,26.993380400,1/10/1
6568,5992,Render,1,"1,106.400",35.989471500,35.989488400,35.989943100,35.991049500,1/10/1
6568,4612,Render,1,"1,106.200",31.895718200,31.895731700,31.896274900,31.897381100,1/1/1
6568,4612,Render,1,"1,106.000",27.863988500,27.864001800,27.864541300,27.865647300,1/1/1
6568,4612,Render,1,"1,106.000",35.401399300,35.401410500,35.401905600,35.403011600,1/1/1
6568,4612,Render,1,"1,105.800",29.255397800,29.255411800,29.255933000,29.257038800,1/1/1
6568,5992,Render,1,"1,105.800",36.441881800,36.441893600,36.442523100,36.443628900,1/10/1
6568,4612,Render,1,"1,105.800",39.096371600,39.096389300,39.096859500,39.097965300,1/1/1
6568,5992,Render,1,"1,105.600",26.378624300,26.378651000,26.379242200,26.380347800,1/10/1
6568,4612,Render,1,"1,105.600",29.080740600,29.080759700,29.081281800,29.082387400,1/1/1
6568,4612,Render,1,"1,105.600",31.720276000,31.720296600,31.720866700,31.721972300,1/1/1
6568,4612,Render,1,"1,105.500",27.597466900,27.597483400,27.598008700,27.599114200,1/1/1
6568,5992,Render,1,"1,105.300",30.584737800,30.584755200,30.585175400,30.586280700,1/10/1
6568,4612,Render,1,"1,105.200",32.601823600,32.601844100,32.602438600,32.603543800,1/1/1
6568,5992,Render,1,"1,105.200",33.713095500,33.713109700,33.713458300,33.714563500,1/10/1
6568,4612,Render,1,"1,105.000",35.624719500,35.624735200,35.625206400,35.626311400,1/1/1
6568,4612,Render,1,"1,105.000",40.755755800,40.755774600,40.756237800,40.757342800,1/1/1
6568,4612,Render,1,"1,104.900",37.156841000,37.156861400,37.157339100,37.158444000,1/1/1
6568,5992,Render,1,"1,104.800",27.034023300,27.034041100,27.034599700,27.035704500,1/10/1
6568,4612,Render,1,"1,104.700",34.237990900,34.238002000,34.238467200,34.239571900,1/1/1
6568,5992,Render,1,"1,104.600",30.104406600,30.104424600,30.105060500,30.106165100,1/10/1
6568,4612,Render,1,"1,104.500",27.778959500,27.778977600,27.779514400,27.780618900,1/1/1
6568,4612,Render,1,"1,104.400",38.490033900,38.490050800,38.490502700,38.491607100,1/1/1
6568,4612,Render,1,"1,104.300",41.505552000,41.505565400,41.506103400,41.507207700,1/1/1
6568,4612,Render,1,"1,103.900",28.654687600,28.654706000,28.655184100,28.656288000,1/1/1
6568,5992,Render,1,"1,103.900",29.971623100,29.971641800,29.972240900,29.973344800,1/10/1
6568,5992,Render,1,"1,103.900",37.291520000,37.291533800,37.292037100,37.293141000,1/10/1
6568,5992,Render,1,"1,103.800",28.430576600,28.430594800,28.431125600,28.432229400,1/10/1
6568,4612,Render,1,"1,103.800",29.500308900,29.500323600,29.500838200,29.501942000,1/1/1
6568,4612,Render,1,"1,103.800",34.281757000,34.281774100,34.282259500,34.283363300,1/1/1
6568,5992,Render,1,"1,103.700",27.821668500,27.821686600,27.822218800,27.823322500,1/10/1
6568,5992,Render,1,"1,103.500",39.282170800,39.282184400,39.282719700,39.283823200,1/10/1
6568,5992,Render,1,"1,103.400",25.678468000,25.678784700,25.679041800,25.680145200,1/10/1
6568,5992,Render,1,"1,103.400",31.295587400,31.295598900,31.296176100,31.297279500,1/10/1
6568,4612,Render,1,"1,103.400",40.054678700,40.054692000,40.055224000,40.056327400,1/1/1
6568,4612,Render,1,"1,103.300",40.437999300,40.438012700,40.438529100,40.439632400,1/1/1
6568,4612,Render,1,"1,102.900",31.939559200,31.939579000,31.940034100,31.941137000,1/1/1
6568,4612,Render,1,"1,102.800",30.714110000,30.714137200,30.714602400,30.715705200,1/1/1
6568,5992,Render,1,"1,102.600",28.130869800,28.130883800,28.131329700,28.132432300,1/10/1
6568,4612,Render,1,"1,102.600",30.362679600,30.362699200,30.363222400,30.364325000,1/1/1
6568,4612,Render,1,"1,102.500",23.530652000,23.530670500,23.531168200,23.532270700,1/1/1
6568,4612,Render,1,"1,102.500",24.180312400,24.180333900,24.180845300,24.181947800,1/1/1
6568,5992,Render,1,"1,102.500",38.841190800,38.841209500,38.841858800,38.842961300,1/10/1
6568,5992,Render,1,"1,102.400",26.778818300,26.778850900,26.779236900,26.780339300,1/10/1
6568,4612,Render,1,"1,102.000",30.146397000,30.146415000,30.146928200,30.148030200,1/1/1
6568,4612,Render,1,"1,102.000",41.549037600,41.549051000,41.549586400,41.550688400,1/1/1
6568,4612,Render,1,"1,101.900",32.780758400,32.780778100,32.781401400,32.782503300,1/1/1
6568,5992,Render,1,"1,101.800",27.554126700,27.554139900,27.554640100,27.555741900,1/10/1
6568,4612,Render,1,"1,101.500",28.518416700,28.518430600,28.518955200,28.520056700,1/1/1
6568,5992,Render,1,"1,101.500",30.756589100,30.756606800,30.757026700,30.758128200,1/10/1
6568,5992,Render,1,"1,101.300",28.390062200,28.390073700,28.390422400,28.391523700,1/10/1
6568,5992,Render,1,"1,101.300",28.473565900,28.473578800,28.474058300,28.475159600,1/10/1
6568,5992,Render,1,"1,101.200",24.828808600,24.828861000,24.829210700,24.830311900,1/10/1
6568,4612,Render,1,"1,101.200",36.300259300,36.300272800,36.300794600,36.301895800,1/1/1
6568,5992,Render,1,"1,101.200",39.495850600,39.495864600,39.496350800,39.497452000,1/10/1
6568,4612,Render,1,"1,101.100",35.156693000,35.156718100,35.157187700,35.158288800,1/1/1
6568,5992,Render,1,"1,100.600",38.574309100,38.574326800,38.574872600,38.575973200,1/10/1
6568,4612,Render,1,"1,100.500",22.118910000,22.118923100,22.119464000,22.120564500,1/1/1
6568,5992,Render,1,"1,100.500",38.445576500,38.445914100,38.446125400,38.447225900,1/10/1
6568,4612,Render,1,"1,100.400",28.870480000,28.870493600,28.871018000,28.872118400,1/1/1
6568,5992,Render,1,"1,100.300",28.347573300,28.347586600,28.348004800,28.349105100,1/10/1
6568,4612,Render,1,"1,100.300",41.651847900,41.651866400,41.652329200,41.653429500,1/1/1
6568,5992,Render,1,"1,100.200",30.320506700,30.320521200,30.321021100,30.322121300,1/10/1
6568,4612,Render,1,"1,100.200",39.054694200,39.054714400,39.055179900,39.056280100,1/1/1
6568,5992,Render,1,"1,100.000",35.238286900,35.238307500,35.238773200,35.239873200,1/10/1
6568,5992,Render,1,"1,100.000",39.454607900,39.454626500,39.455216100,39.456316100,1/10/1
6568,4612,Render,1,"1,099.600",25.464461400,25.464475600,25.465001400,25.466101000,1/1/1
6568,5992,Render,1,"1,099.500",26.078274400,26.078292200,26.078718700,26.079818200,1/10/1
6568,4612,Render,1,"1,099.400",32.108660400,32.108673600,32.109200800,32.110300200,1/1/1
6568,5992,Render,1,"1,099.400",39.624271100,39.624289400,39.624948300,39.626047700,1/10/1
6568,4612,Render,1,"1,099.300",34.018392900,34.018406600,34.018952800,34.020052100,1/1/1
6568,5992,Render,1,"1,099.200",39.240755600,39.240774500,39.241353800,39.242453000,1/10/1
6568,4612,Render,1,"1,099.200",41.031995100,41.032008700,41.032537000,41.033636200,1/1/1
6568,4612,Render,1,"1,099.000",25.721264600,25.721283400,25.721751400,25.722850400,1/1/1
6568,5992,Render,1,"1,099.000",28.041376900,28.041390300,28.041937200,28.043036200,1/10/1
6568,4612,Render,1,"1,099.000",34.406989500,34.407002900,34.407502800,34.408601800,1/1/1
6568,4612,Render,1,"1,098.800",23.488392000,23.488413900,23.488862900,23.489961700,1/1/1
6568,4612,Render,1,"1,098.800",35.455325900,35.455345300,35.455815000,35.456913800,1/1/1
6568,4612,Render,1,"1,098.800",37.417509200,37.417527300,37.418021200,37.419120000,1/1/1
6568,5992,Render,1,"1,098.700",28.220020700,28.220034000,28.220527800,28.221626500,1/10/1
6568,5992,Render,1,"1,098.500",39.540472800,39.540500700,39.540924900,39.542023400,1/10/1
6568,5992,Render,1,"1,098.200",27.737057500,27.737075400,27.737570200,27.738668400,1/10/1
6568,5992,Render,1,"1,098.200",31.038911000,31.038936400,31.039375600,31.040473800,1/10/1
6568,4612,Render,1,"1,098.200",39.369675300,39.369690800,39.370165900,39.371264100,1/1/1
6568,4612,Render,1,"1,098.100",38.701777200,38.701796300,38.702271300,38.703369400,1/1/1
6568,5992,Render,1,"1,098.000",38.530855200,38.530869100,38.531327500,38.532425500,1/10/1
6568,4612,Render,1,"1,097.900",34.542019100,34.542032300,34.542550100,34.543648000,1/1/1
6568,4612,Render,1,"1,097.800",34.812647300,34.812660800,34.813217100,34.814314900,1/1/1
6568,5992,Render,1,"1,097.700",39.669480100,39.669507600,39.670060000,39.671157700,1/10/1
6568,4612,Render,1,"1,097.400",27.086225200,27.086233100,27.086773000,27.087870400,1/1/1
6568,5992,Render,1,"1,097.200",27.995908500,27.995923900,27.996454200,27.997551400,1/10/1
6568,5992,Render,1,"1,097.200",40.395458500,40.395801200,40.396025300,40.397122500,1/10/1
6568,4612,Render,1,"1,097.000",32.824800800,32.824819000,32.825356800,32.826453800,1/1/1
6568,5992,Render,1,"1,097.000",37.334175100,37.334197100,37.334647500,37.335744500,1/10/1
6568,5992,Render,1,"1,096.900",35.021467700,35.021481000,35.021850400,35.022947300,1/10/1
6568,4612,Render,1,"1,096.800",26.336784400,26.336798100,26.337316800,26.338413600,1/1/1
6568,4612,Render,1,"1,096.700",35.063135000,35.063148000,35.063657200,35.064753900,1/1/1
6568,4612,Render,1,"1,096.600",27.378953900,27.378967400,27.379553400,27.380650000,1/1/1
6568,4612,Render,1,"1,096.600",40.981645900,40.981659200,40.982153300,40.983249900,1/1/1
6568,4612,Render,1,"1,096.500",25.948980500,25.948996100,25.949497300,25.950593800,1/1/1
6568,5992,Render,1,"1,096.500",27.950083300,27.950096500,27.950602700,27.951699200,1/10/1
6568,4612,Render,1,"1,096.500",30.807718300,30.807732200,30.808244900,30.809341400,1/1/1
6568,5992,Render,1,"1,096.500",37.241797600,37.241815600,37.242266500,37.243363000,1/10/1
6568,5992,Render,1,"1,096.200",38.354547200,38.354583900,38.354919500,38.356015700,1/10/1
6568,5992,Render,1,"1,096.100",27.907612800,27.907631200,27.908240000,27.909336100,1/10/1
6568,4612,Render,1,"1,096.100",40.525591200,40.525602300,40.526131900,40.527228000,1/1/1
6568,4612,Render,1,"1,095.800",35.669386200,35.669406500,35.669982900,35.671078700,1/1/1
6568,4612,Render,1,"1,095.600",30.852194100,30.852212800,30.852690300,30.853785900,1/1/1
6568,4612,Render,1,"1,095.400",24.914527200,24.914546000,24.915020900,24.916116300,1/1/1
6568,4612,Render,1,"1,095.300",36.121257400,36.121277500,36.121745400,36.122840700,1/1/1
6568,4612,Render,1,"1,095.300",38.574764700,38.574781700,38.575197200,38.576292500,1/1/1
6568,4612,Render,1,"1,095.200",31.980886200,31.980899200,31.981424500,31.982519700,1/1/1
6568,4612,Render,1,"1,095.200",34.586661200,34.586675600,34.587206600,34.588301800,1/1/1
6568,5992,Render,1,"1,095.000",29.040230200,29.040258400,29.040630600,29.041725600,1/10/1
6568,4612,Render,1,"1,095.000",36.165123700,36.165146600,36.165619300,36.166714300,1/1/1
6568,4612,Render,1,"1,094.900",26.992134000,26.992165700,26.992588700,26.993683600,1/1/1
6568,4612,Render,1,"1,094.900",41.463088300,41.463109400,41.463672900,41.464767800,1/1/1
6568,5992,Render,1,"1,094.800",34.323010300,34.323028000,34.323583100,34.324677900,1/10/1
6568,5992,Render,1,"1,094.800",38.657785400,38.657799200,38.658297900,38.659392700,1/10/1
6568,4612,Render,1,"1,094.500",33.212691000,33.212708400,33.213280800,33.214375300,1/1/1
6568,4612,Render,1,"1,094.500",38.785834900,38.785848100,38.786290300,38.787384800,1/1/1
6568,5992,Render,1,"1,094.400",33.628466000,33.628799500,33.629027100,33.630121500,1/10/1
6568,4612,Render,1,"1,094.400",33.974237800,33.974262600,33.974710800,33.975805200,1/1/1
6568,4612,Render,1,"1,094.300",32.152789700,32.152808800,32.153300800,32.154395100,1/1/1
6568,4612,Render,1,"1,094.200",25.375337200,25.375359400,25.375805200,25.376899400,1/1/1
6568,4612,Render,1,"1,094.200",37.114378700,37.114404500,37.114850400,37.115944600,1/1/1
6568,5992,Render,1,"1,094.100",33.886243600,33.886261500,33.886696400,33.887790500,1/10/1
6568,4612,Render,1,"1,094.000",37.198151300,37.198169900,37.198651200,37.199745200,1/1/1
6568,4612,Render,1,"1,093.900",26.552752200,26.552772100,26.553394400,26.554488300,1/1/1
6568,4612,Render,1,"1,093.800",22.334826100,22.334836800,22.335322700,22.336416500,1/1/1
6568,4612,Render,1,"1,093.800",24.430673200,24.430690600,24.431179500,24.432273300,1/1/1
6568,4612,Render,1,"1,093.800",36.583281200,36.583294700,36.583795700,36.584889500,1/1/1
6568,4612,Render,1,"1,093.600",41.423500400,41.423520900,41.423961600,41.425055200,1/1/1
6568,4612,Render,1,"1,093.500",33.713177800,33.713191900,33.713777300,33.714870800,1/1/1
6568,4612,Render,1,"1,093.400",29.212503400,29.212519400,29.212989900,29.214083300,1/1/1
6568,4612,Render,1,"1,093.400",37.503993100,37.504010100,37.504444700,37.505538100,1/1/1
6568,4612,Render,1,"1,093.200",40.797808100,40.797822000,40.798338200,40.799431400,1/1/1
6568,4612,Render,1,"1,092.900",34.447765100,34.447799700,34.448240600,34.449333500,1/1/1
6568,4612,Render,1,"1,092.900",41.075893400,41.075912100,41.076386500,41.077479400,1/1/1
6568,4612,Render,1,"1,092.700",36.212487500,36.212503000,36.213002000,36.214094700,1/1/1
6568,4612,Render,1,"1,092.300",23.306192200,23.306219200,23.306694100,23.307786400,1/1/1
6568,4612,Render,1,"1,092.200",30.233147300,30.233167700,30.233633800,30.234726000,1/1/1
6568,4612,Render,1,"1,092.000",27.822071500,27.822086700,27.822526900,27.823618900,1/1/1
6568,5992,Render,1,"1,091.800",34.364616400,34.364634800,34.365018400,34.366110200,1/10/1
6568,4612,Render,1,"1,091.100",24.558815500,24.558834200,24.559315800,24.560406900,1/1/1
6568,4612,Render,1,"1,091.100",37.673910000,37.673928900,37.674386000,37.675477100,1/1/1
6568,5992,Render,1,"1,090.900",34.978948500,34.978968100,34.979464400,34.980555300,1/10/1
6568,4612,Render,1,"1,090.900",38.531097700,38.531115500,38.531650700,38.532741600,1/1/1
6568,4612,Render,1,"1,090.800",31.672703100,31.672721800,31.673194600,31.674285400,1/1/1
6568,5992,Render,1,"1,090.700",27.464312500,27.464331100,27.464807200,27.465897900,1/10/1
6568,4612,Render,1,"1,090.600",25.508391700,25.508410800,25.508881500,25.509972100,1/1/1
6568,4612,Render,1,"1,090.500",21.850964100,21.850983300,21.851437700,21.852528200,1/1/1
6568,4612,Render,1,"1,090.400",24.828947600,24.828961000,24.829526900,24.830617300,1/1/1
6568,4612,Render,1,"1,090.200",24.473270500,24.473286100,24.473760600,24.474850800,1/1/1
6568,4612,Render,1,"1,090.200",25.906121900,25.906135100,25.906670600,25.907760800,1/1/1
6568,4612,Render,1,"1,090.100",22.063706500,22.063721400,22.064216000,22.065306100,1/1/1
6568,4612,Render,1,"1,090.100",25.001279400,25.001294900,25.001783700,25.002873800,1/1/1
6568,4612,Render,1,"1,089.500",30.190131500,30.190146900,30.190614800,30.191704300,1/1/1
6568,4612,Render,1,"1,089.000",27.737403200,27.737418800,27.737881700,27.738970700,1/1/1
6568,4612,Render,1,"1,088.400",22.819797200,22.819810500,22.820287000,22.821375400,1/1/1
6568,4612,Render,1,"1,088.400",30.104887700,30.104907400,30.105381300,30.106469700,1/1/1
6568,4612,Render,1,"1,088.100",36.442396400,36.442417600,36.442845200,36.443933300,1/1/1
6568,5992,Render,1,"1,087.600",26.161563200,26.161602800,26.162180000,26.163267600,1/10/1
6568,5992,Render,1,"1,087.500",33.672226100,33.672243900,33.672863600,33.673951100,1/10/1
6568,4612,Render,1,"1,087.500",36.531786900,36.531805800,36.532285200,36.533372700,1/1/1
6568,4612,Render,1,"1,087.500",37.025695200,37.025708400,37.026219500,37.027307000,1/1/1
6568,4612,Render,1,"1,087.100",39.282563300,39.282582200,39.283046100,39.284133200,1/1/1
6568,4612,Render,1,"1,086.800",23.738106700,23.738129400,23.738593300,23.739680100,1/1/1
6568,4612,Render,1,"1,086.800",27.333355900,27.333371800,27.333854400,27.334941200,1/1/1
6568,4612,Render,1,"1,086.700",39.669917600,39.669936700,39.670381100,39.671467800,1/1/1
6568,5992,Render,1,"1,086.600",23.694738400,23.694751300,23.695294000,23.696380600,1/10/1
6568,4612,Render,1,"1,086.500",28.304222400,28.304239600,28.304707500,28.305794000,1/1/1
6568,4612,Render,1,"1,086.500",38.615187400,38.615202100,38.615681400,38.616767900,1/1/1
6568,4612,Render,1,"1,086.200",26.379029200,26.379050000,26.379567100,26.380653300,1/1/1
6568,4612,Render,1,"1,086.200",35.900655100,35.900667000,35.901198000,35.902284200,1/1/1
6568,4612,Render,1,"1,085.700",28.131115000,28.131128200,28.131653600,28.132739300,1/1/1
6568,4612,Render,1,"1,085.700",39.196135400,39.196148600,39.196694800,39.197780500,1/1/1
6568,4612,Render,1,"1,085.500",28.390391900,28.390433600,28.390744800,28.391830300,1/1/1
6568,4612,Render,1,"1,085.400",28.347801800,28.347815000,28.348332900,28.349418300,1/1/1
6568,4612,Render,1,"1,085.200",29.885144100,29.885158500,29.885621100,29.886706300,1/1/1
6568,5992,Render,1,"1,084.800",35.196613300,35.196627000,35.196953700,35.198038500,1/10/1
6568,4612,Render,1,"1,084.700",30.584997100,30.585012500,30.585501100,30.586585800,1/1/1
6568,4612,Render,1,"1,084.600",35.238573800,35.238588000,35.239095600,35.240180200,1/1/1
6568,4612,Render,1,"1,084.300",35.989716500,35.989730000,35.990270300,35.991354600,1/1/1
6568,4612,Render,1,"1,084.000",37.334488100,37.334502400,37.334964000,37.336048000,1/1/1
6568,4612,Render,1,"1,083.400",26.779045100,26.779078900,26.779559600,26.780643000,1/1/1
6568,4612,Render,1,"1,083.200",38.313068600,38.313086900,38.313646900,38.314730100,1/1/1
6568,4612,Render,1,"1,083.200",38.658091500,38.658105300,38.658622400,38.659705600,1/1/1
6568,5992,Render,1,"1,083.100",36.628938400,36.628959800,36.629396100,36.630479200,1/10/1
6568,4612,Render,1,"1,082.700",27.554469900,27.554489100,27.554964600,27.556047300,1/1/1
6568,4612,Render,1,"1,082.700",36.353045400,36.353060200,36.353539500,36.354622200,1/1/1
6568,4612,Render,1,"1,082.100",26.823653600,26.823668500,26.824151300,26.825233400,1/1/1
6568,4612,Render,1,"1,082.100",27.034447200,27.034481400,27.034921200,27.036003300,1/1/1
6568,4612,Render,1,"1,082.100",31.296012500,31.296027800,31.296500500,31.297582600,1/1/1
6568,4612,Render,1,"1,081.800",27.908053800,27.908073000,27.908559100,27.909640900,1/1/1
6568,4612,Render,1,"1,081.700",35.021637900,35.021651000,35.022173800,35.023255500,1/1/1
6568,4612,Render,1,"1,081.700",37.631384300,37.631403400,37.631873300,37.632955000,1/1/1
6568,4612,Render,1,"1,081.600",29.972083300,29.972102300,29.972564100,29.973645700,1/1/1
6568,4612,Render,1,"1,081.500",37.291834300,37.291849900,37.292364500,37.293446000,1/1/1
6568,4612,Render,1,"1,081.400",28.473891300,28.473906500,28.474382300,28.475463700,1/1/1
6568,4612,Render,1,"1,081.400",30.756866300,30.756886100,30.757353700,30.758435100,1/1/1
6568,4612,Render,1,"1,080.900",39.496169800,39.496184100,39.496674600,39.497755500,1/1/1
6568,5992,Render,1,"1,080.800",23.445261700,23.445524500,23.445740000,23.446820800,1/10/1
6568,4612,Render,1,"1,079.600",34.323425400,34.323445400,34.323908100,34.324987700,1/1/1
6568,4612,Render,1,"1,079.100",37.242125900,37.242147800,37.242586600,37.243665700,1/1/1
6568,4612,Render,1,"1,078.800",27.996234900,27.996248700,27.996778700,27.997857500,1/1/1
6568,4612,Render,1,"1,078.700",28.220309900,28.220322800,28.220851100,28.221929800,1/1/1
6568,4612,Render,1,"1,078.500",39.241187300,39.241202600,39.241676300,39.242754800,1/1/1
6568,4612,Render,1,"1,078.500",39.455043900,39.455062200,39.455540900,39.456619400,1/1/1
6568,4612,Render,1,"1,077.900",38.354744900,38.354764200,38.355244600,38.356322500,1/1/1
6568,4612,Render,1,"1,077.800",39.540777500,39.540794500,39.541250400,39.542328200,1/1/1
6568,4612,Render,1,"1,076.700",39.624801700,39.624820300,39.625275200,39.626351900,1/1/1
6568,4612,Render,1,"1,076.500",26.122143000,26.122161700,26.122659800,26.123736300,1/1/1
6568,5992,Render,1,"1,075.800",28.178340300,28.178655000,28.178883300,28.179959100,1/10/1
6568,4612,Render,1,"1,074.800",29.040484400,29.040495900,29.040954200,29.042029000,1/1/1
6568,4612,Render,1,"1,074.600",28.430951300,28.430970100,28.431457600,28.432532200,1/1/1
6568,4612,Render,1,"1,074.000",28.041774800,28.041789000,28.042266500,28.043340500,1/1/1
6568,4612,Render,1,"1,073.900",27.950384000,27.950396600,27.950932900,27.952006800,1/1/1
6568,4612,Render,1,"1,073.700",38.841703900,38.841729100,38.842183100,38.843256800,1/1/1
6568,4612,Render,1,"1,073.300",31.039220400,31.039240300,31.039703500,31.040776800,1/1/1
6568,4612,Render,1,"1,072.700",35.196648900,35.196662800,35.197274700,35.198347400,1/1/1
6568,4612,Render,1,"1,071.900",27.464647700,27.464666500,27.465132400,27.466204300,1/1/1
6568,4612,Render,1,"1,071.800",24.601940400,24.601966200,24.602442900,24.603514700,1/1/1
6568,4612,Render,1,"1,071.600",33.886526500,33.886545600,33.887029400,33.888101000,1/1/1
6568,4612,Render,1,"1,071.200",30.320835300,30.320849000,30.321347000,30.322418200,1/1/1
6568,4612,Render,1,"1,069.900",34.364840900,34.364859700,34.365342600,34.366412500,1/1/1
6568,4612,Render,1,"1,068.400",34.979225700,34.979240200,34.979792400,34.980860800,1/1/1
6568,4612,Render,1,"1,064.800",33.672712000,33.672727100,33.673190100,33.674254900,1/1/1
6568,5992,Render,1,"1,061.500",37.928807200,37.929137500,37.929422300,37.930483800,1/10/1
6568,5992,Render,1,"1,055.900",35.669684100,35.669715300,35.669715300,35.670771200,1/10/1
6568,5992,Render,1,"1,035.400",28.994520900,28.994635200,28.994779600,28.995815000,1/10/1
6568,5992,Render,1,"1,033.600",30.978828300,30.978897400,30.978897400,30.979931000,1/10/1
6568,5992,Render,1,"1,032.600",23.065057100,23.065075500,23.065473900,23.066506500,1/10/1
6568,5992,Render,1,"1,016.900",24.782075700,24.782130400,24.782130400,24.783147300,1/10/1
6568,5992,Render,1,"1,011.800",21.836701600,21.836760300,21.836760300,21.837772100,1/10/1
6568,5992,Render,1,"1,000.400",25.291281900,25.291301100,25.291301100,25.292301500,1/10/1
6568,5992,Render,1,992.500,31.404175100,31.404194700,31.404194700,31.405187200,1/10/1
6568,5992,Render,1,992.200,33.346132400,33.346145400,33.346553100,33.347545300,1/10/1
6568,5992,Render,1,986.300,32.695328500,32.695343400,32.695679100,32.696665400,1/10/1
6568,5992,Render,1,981.900,31.344793900,31.344807100,31.345310400,31.346292300,1/10/1
6568,4612,Render,1,968.100,26.279342700,26.279410100,26.279410100,26.280378200,1/1/1
6568,5992,Render,1,966.900,40.261638800,40.261653900,40.261653900,40.262620800,1/10/1
6568,4612,Render,1,959.000,28.262822700,28.262872400,28.262872400,28.263831400,1/1/1
6568,5992,Render,1,953.100,41.463463800,41.463509900,41.463509900,41.464463000,1/10/1
6568,4612,Render,1,939.000,38.228358100,38.229169600,38.229625600,38.230564600,1/1/1
6568,4612,Render,1,938.000,29.529279500,29.529308100,29.529339000,29.530277000,1/1/1
6568,4612,Render,1,936.900,21.879646300,21.879655100,21.879697100,21.880634000,1/1/1
6568,4612,Render,1,935.500,39.996884400,39.996892200,39.996936200,39.997871700,1/1/1
6568,5992,Render,1,928.300,26.595035300,26.595046000,26.595375300,26.596303600,1/10/1
6568,4612,Render,1,925.300,31.403767300,31.403828100,31.403828100,31.404753400,1/1/1
6568,5992,Render,1,920.500,30.545208500,30.545231300,30.545539900,30.546460400,1/10/1
6568,5992,Render,1,920.200,31.341988000,31.342008700,31.342008700,31.342928900,1/10/1
6568,5992,Render,1,913.400,41.245462300,41.245475900,41.245798300,41.246711700,1/10/1
6568,4612,Render,1,906.100,30.261248000,30.261389800,30.261856900,30.262763000,1/1/1
6568,5992,Render,1,901.300,39.178726200,39.178801900,39.178801900,39.179703200,1/10/1
6568,5992,Render,1,897.800,30.261480100,30.261543700,30.261543700,30.262441500,1/10/1
6568,5992,Render,1,892.100,23.078056900,23.078137200,23.078137200,23.079029300,1/10/1
6568,4612,Render,1,890.600,36.811583600,36.812508500,36.812955500,36.813846100,1/1/1
6568,5992,Render,1,889.700,32.912686800,32.912700400,32.913149100,32.914038800,1/10/1
6568,4612,Render,1,887.800,36.394769900,36.396007100,36.396535000,36.397422800,1/1/1
6568,5992,Render,1,887.800,37.911692200,37.911739400,37.911739400,37.912627200,1/10/1
6568,5992,Render,1,884.500,39.412151300,39.412163000,39.412505100,39.413389600,1/10/1
6568,4612,Render,1,880.000,34.544860400,34.545247400,34.545778000,34.546658000,1/1/1
6568,4612,Render,1,872.600,33.345775400,33.345791900,33.346167700,33.347040300,1/1/1
6568,5992,Render,1,869.400,23.608466000,23.608479200,23.608927700,23.609797100,1/10/1
6568,4612,BLT,1,866.100,22.864110200,22.864135900,22.864633800,22.865499900,1/1/1
6568,5992,Render,1,864.900,31.630920900,31.630955000,31.630983800,31.631848700,1/10/1
6568,4612,Render,1,863.200,35.278461400,35.279153800,35.279592400,35.280455600,1/1/1
6568,5992,Render,1,853.500,23.060440500,23.060459700,23.060819700,23.061673200,1/10/1
6568,5992,Render,1,850.000,33.461161800,33.461301700,33.461301700,33.462151700,1/10/1
6568,4612,Render,1,849.700,31.344421900,31.344439200,31.344941800,31.345791500,1/1/1
6568,5992,Render,1,849.500,35.764414300,35.764447400,35.764870900,35.765720400,1/10/1
6568,4612,Render,1,849.300,23.064704100,23.064718300,23.065109500,23.065958800,1/1/1
6568,5992,Render,1,848.700,22.864182600,22.864200300,22.864319400,22.865168100,1/10/1
6568,5992,Render,1,846.900,23.160208300,23.160227800,23.160616300,23.161463200,1/10/1
6568,5992,Render,1,846.400,23.164983100,23.164996900,23.165519200,23.166365600,1/10/1
6568,4612,Render,1,846.300,31.630705400,31.630730100,31.631306400,31.632152700,1/1/1
6568,5992,Render,1,842.500,33.846508900,33.846522200,33.847119900,33.847962400,1/10/1
6568,5992,Render,1,841.200,26.061397100,26.061441900,26.061441900,26.062283100,1/10/1
6568,5992,Render,1,840.300,23.213769900,23.213788800,23.214243800,23.215084100,1/10/1
6568,5992,Render,1,839.300,38.228734100,38.229108400,38.229291300,38.230130600,1/10/1
6568,5992,Render,1,838.600,31.494994700,31.495009900,31.495009900,31.495848500,1/10/1
6568,5992,Render,1,838.100,38.180544100,38.180563200,38.181147000,38.181985100,1/10/1
6568,5992,Render,1,838.000,23.115253900,23.115263500,23.115794700,23.116632700,1/10/1
6568,5992,Render,1,837.500,23.261991800,23.262006400,23.262459700,23.263297200,1/10/1
6568,5992,Render,1,835.600,29.794844400,29.794862100,29.795280800,29.796116400,1/10/1
6568,5992,Render,1,835.200,23.110420500,23.110443900,23.110991500,23.111826700,1/10/1
6568,4612,Render,1,834.600,23.608706100,23.608723400,23.609262100,23.610096700,1/1/1
6568,4612,BLT,1,834.500,25.163226400,25.163252000,25.164855100,25.165689600,1/1/1
6568,5992,Render,1,833.800,30.461108900,30.461149300,30.461476800,30.462310600,1/10/1
6568,5992,Render,1,833.200,22.236846600,22.236915100,22.236915100,22.237748300,1/10/1
6568,5992,Render,1,832.000,41.362091900,41.362230600,41.362230600,41.363062600,1/10/1
6568,4612,Render,1,831.000,38.180879700,38.180905900,38.181448400,38.182279400,1/1/1
6568,5992,Render,1,830.000,32.268115000,32.268163800,32.268163800,32.268993800,1/10/1
6568,5992,Render,1,826.900,35.811506100,35.811553700,35.812006600,35.812833500,1/10/1
6568,5992,Render,1,825.100,22.903441200,22.903454100,22.903495000,22.904320100,1/10/1
6568,4612,Render,1,824.600,28.261480000,28.261929800,28.261929800,28.262754400,1/1/1
6568,4612,Render,1,824.500,32.474124100,32.474219200,32.474219200,32.475043700,1/1/1
6568,4612,Render,1,823.100,32.694987700,32.695319000,32.695319000,32.696142100,1/1/1
6568,5992,Render,1,822.600,33.067890600,33.067961500,33.067961500,33.068784100,1/10/1
6568,5992,Render,1,821.400,39.013300400,39.013320900,39.013811800,39.014633200,1/10/1
6568,5992,Render,1,821.000,40.261687200,40.261700400,40.262620800,40.263441800,1/10/1
6568,5992,Render,1,819.900,35.710910300,35.711010300,35.711362300,35.712182200,1/10/1
6568,5992,Render,1,819.300,35.759423400,35.759441400,35.759853700,35.760673000,1/10/1
6568,5992,Render,1,818.900,24.960743900,24.960761600,24.961101900,24.961920800,1/10/1
6568,5992,Render,1,818.800,27.495644100,27.495701000,27.495701000,27.496519800,1/10/1
6568,4612,Render,1,818.800,39.411813400,39.412143800,39.412143800,39.412962600,1/1/1
6568,4612,Render,1,817.800,41.245133200,41.245441400,41.245441400,41.246259200,1/1/1
6568,5992,Render,1,817.200,22.998272500,22.998286000,22.998680100,22.999497300,1/10/1
6568,4612,Render,1,817.100,33.846943700,33.846957000,33.847445600,33.848262700,1/1/1
6568,5992,Render,1,816.900,27.179768700,27.179787900,27.180192700,27.181009600,1/10/1
6568,4612,Render,1,815.700,23.214046900,23.214065100,23.214575800,23.215391500,1/1/1
6568,5992,Render,1,815.500,35.361074600,35.361088200,35.361409900,35.362225400,1/10/1
6568,5992,Render,1,815.300,40.468169300,40.468274800,40.468274800,40.469090100,1/10/1
6568,5992,Render,1,814.600,35.928605200,35.928661100,35.928661100,35.929475700,1/10/1
6568,5992,Render,1,812.600,25.179617900,25.179632200,25.180035400,25.180848000,1/10/1
6568,4612,Render,1,811.000,23.262202500,23.262215000,23.262797300,23.263608300,1/1/1
6568,4612,Render,1,810.300,29.714115300,29.714132600,29.714656700,29.715467000,1/1/1
6568,5992,Render,1,810.200,25.510774800,25.510792100,25.511162200,25.511972400,1/10/1
6568,4612,Render,1,809.900,23.165253700,23.165266500,23.165862600,23.166672500,1/1/1
6568,5992,Render,1,809.600,22.950018700,22.950055000,22.950127300,22.950936900,1/10/1
6568,5992,Render,1,808.400,23.209241100,23.209259800,23.209342300,23.210150700,1/10/1
6568,5992,Render,1,807.600,21.894690400,21.894754500,21.895006600,21.895814200,1/10/1
6568,4612,Render,1,807.300,26.594739500,26.595021900,26.595021900,26.595829200,1/1/1
6568,5992,Render,1,807.200,27.132324200,27.132337300,27.132440000,27.133247200,1/10/1
6568,5992,Render,1,807.000,37.478279800,37.478354400,37.478354400,37.479161400,1/10/1
6568,5992,Render,1,805.900,37.718450400,37.718464600,37.718864100,37.719670000,1/10/1
6568,5992,Render,1,805.000,34.129392900,34.129444800,34.129444800,34.130249800,1/10/1
6568,5992,Render,1,804.900,25.129401200,25.129419500,25.129819600,25.130624500,1/10/1
6568,5992,Render,1,804.900,29.713778400,29.713790200,29.714360500,29.715165400,1/10/1
6568,4612,Render,1,804.100,23.115534200,23.115547700,23.116132100,23.116936200,1/1/1
6568,4612,Render,1,803.400,35.764612000,35.764630600,35.765214000,35.766017400,1/1/1
6568,5992,Render,1,803.000,33.341193900,33.341207700,33.341604600,33.342407600,1/10/1
6568,5992,Render,1,802.500,33.388814700,33.388829400,33.389234300,33.390036800,1/10/1
6568,5992,Render,1,802.400,27.233807700,27.233821700,27.234210800,27.235013200,1/10/1
6568,4612,Render,1,802.400,30.544844600,30.545186400,30.545186400,30.545988800,1/1/1
6568,4612,Render,1,802.000,24.385801400,24.385854600,24.385854600,24.386656600,1/1/1
6568,5992,Render,1,801.700,37.815133800,37.815147900,37.815543300,37.816345000,1/10/1
6568,5992,Render,1,801.600,23.257152400,23.257170600,23.257567100,23.258368700,1/10/1
6568,5992,Render,1,801.200,22.294820400,22.294884600,22.295120800,22.295922000,1/10/1
6568,5992,Render,1,801.000,33.438457200,33.438475600,33.438870500,33.439671500,1/10/1
6568,5992,Render,1,799.700,33.488947700,33.488961700,33.489359000,33.490158700,1/10/1
6568,5992,Render,1,799.600,24.744508000,24.744674500,24.744869600,24.745669200,1/10/1
6568,5992,Render,1,799.000,29.294594700,29.294661300,29.294661300,29.295460300,1/10/1
6568,5992,Render,1,798.300,25.238758200,25.238772500,25.239168300,25.239966600,1/10/1
6568,5992,Render,1,798.100,24.644477200,24.644800800,24.644987800,24.645785900,1/10/1
6568,5992,Render,1,797.900,29.449850100,29.449868300,29.450245500,29.451043400,1/10/1
6568,4612,Render,1,797.600,35.811634000,35.811651400,35.812342200,35.813139800,1/1/1
6568,5992,Render,1,797.300,29.350052700,29.350066900,29.350465600,29.351262900,1/10/1
6568,5992,Render,1,797.300,34.061527900,34.061860900,34.062082200,34.062879500,1/10/1
6568,5992,Render,1,796.800,41.694967900,41.695317000,41.695486600,41.696283400,1/10/1
6568,5992,Render,1,796.700,34.728044600,34.728156500,34.728156500,34.728953200,1/10/1
6568,4612,Render,1,796.600,39.013666100,39.013685300,39.014136900,39.014933500,1/1/1
6568,5992,Render,1,796.300,38.744931700,38.745086600,38.745283200,38.746079500,1/10/1
6568,5992,Render,1,795.800,21.979736400,21.979749900,21.980195500,21.980991300,1/10/1
6568,5992,Render,1,795.700,23.447648600,23.447662000,23.447729100,23.448524800,1/10/1
6568,5992,Render,1,795.700,30.627854000,30.627870400,30.628096900,30.628892600,1/10/1
6568,5992,Render,1,795.700,31.448771300,31.448790100,31.449204300,31.450000000,1/10/1
6568,5992,Render,1,794.700,29.400029400,29.400044800,29.400476900,29.401271600,1/10/1
6568,5992,Render,1,794.100,22.459698400,22.459800600,22.459800600,22.460594700,1/10/1
6568,5992,Render,1,793.800,27.289191000,27.289209500,27.289293800,27.290087600,1/10/1
6568,5992,Render,1,793.200,26.164089300,26.164107900,26.164181000,26.164974200,1/10/1
6568,5992,Render,1,792.400,37.767777400,37.767798100,37.768186400,37.768978800,1/10/1
6568,5992,Render,1,792.100,35.854278300,35.854298700,35.854694300,35.855486400,1/10/1
6568,5992,Render,1,791.200,27.979787500,27.979837600,27.979837600,27.980628800,1/10/1
6568,5992,Render,1,791.200,31.339894100,31.339913300,31.340313200,31.341104400,1/10/1
6568,5992,Render,1,790.500,25.178079800,25.178116300,25.178116300,25.178906800,1/10/1
6568,5992,Render,1,789.700,35.713074500,35.713090000,35.713090000,35.713879700,1/10/1
6568,5992,Render,1,789.600,40.397922300,40.397941300,40.398029100,40.398818700,1/10/1
6568,5992,Render,1,789.000,36.812118800,36.812438900,36.812625300,36.813414300,1/10/1
6568,5992,Render,1,789.000,40.155558100,40.155572000,40.155973600,40.156762600,1/10/1
6568,5992,Render,1,788.700,35.806722100,35.806746000,35.807094900,35.807883600,1/10/1
6568,5992,Render,1,787.500,40.013523400,40.013537300,40.014024600,40.014812100,1/10/1
6568,5992,Render,1,787.400,37.867252400,37.867275000,37.867634700,37.868422100,1/10/1
6568,5992,Render,1,787.300,40.258152500,40.258169700,40.258169700,40.258957000,1/10/1
6568,5992,Render,1,787.100,40.207846700,40.207882500,40.208472800,40.209259900,1/10/1
6568,5992,Render,1,786.600,26.295406900,26.295431700,26.295431700,26.296218300,1/10/1
6568,5992,Render,1,786.500,33.630898200,33.630916500,33.630995500,33.631782000,1/10/1
6568,5992,Render,1,786.200,26.080600900,26.080624900,26.080676300,26.081462500,1/10/1
6568,5992,Render,1,786.100,34.885182900,34.885256500,34.885256500,34.886042600,1/10/1
6568,5992,Render,1,785.400,22.676024100,22.676134600,22.676134600,22.676920000,1/10/1
6568,5992,Render,1,784.900,40.256077600,40.256096700,40.256505300,40.257290200,1/10/1
6568,5992,Render,1,783.100,40.106735500,40.106760600,40.107143300,40.107926400,1/10/1
6568,5992,Render,1,782.400,27.512925800,27.512943800,27.513506800,27.514289200,1/10/1
6568,5992,Render,1,782.400,28.761291600,28.761310200,28.761310200,28.762092600,1/10/1
6568,5992,Render,1,782.200,29.011280600,29.011323900,29.011323900,29.012106100,1/10/1
6568,5992,Render,1,781.700,36.078280400,36.078298000,36.078945700,36.079727400,1/10/1
6568,5992,Render,1,781.600,25.285701500,25.285736300,25.286079800,25.286861400,1/10/1
6568,5992,Render,1,781.600,28.912747400,28.912760600,28.913076600,28.913858200,1/10/1
6568,5992,Render,1,780.800,22.380010200,22.380023900,22.380525500,22.381306300,1/10/1
6568,5992,Render,1,780.000,31.401858800,31.401880100,31.402272700,31.403052700,1/10/1
6568,5992,Render,1,780.000,39.328660100,39.328687500,39.328687500,39.329467500,1/10/1
6568,5992,Render,1,779.900,34.146527000,34.146540200,34.147093100,34.147873000,1/10/1
6568,5992,Render,1,779.200,26.295456800,26.295472700,26.296218300,26.296997500,1/10/1
6568,5992,Render,1,778.900,35.278759300,35.279070700,35.279250600,35.280029500,1/10/1
6568,5992,Render,1,778.600,24.361181200,24.361260100,24.361260100,24.362038700,1/10/1
6568,5992,Render,1,778.200,34.544963600,34.544976400,34.545454200,34.546232400,1/10/1
6568,5992,Render,1,776.300,40.528352000,40.528366700,40.528963900,40.529740200,1/10/1
6568,5992,Render,1,776.200,29.929604900,29.929619600,29.930189600,29.930965800,1/10/1
6568,5992,Render,1,776.200,34.628849300,34.628875100,34.629433100,34.630209300,1/10/1
6568,5992,Render,1,775.700,34.712379800,34.712400200,34.712400200,34.713175900,1/10/1
6568,4612,Render,1,774.900,29.547021100,29.547035200,29.547583800,29.548358700,1/1/1
6568,5992,Render,1,774.600,31.283573700,31.283638300,31.283638300,31.284412900,1/10/1
6568,4612,Render,1,774.400,21.980010700,21.980024600,21.980522100,21.981296500,1/1/1
6568,5992,Render,1,774.400,41.231338500,41.231393200,41.231393200,41.232167600,1/10/1
6568,4612,Render,1,774.100,29.630687500,29.630706300,29.631235000,29.632009100,1/1/1
6568,4612,Render,1,773.400,39.713392900,39.713408500,39.713947000,39.714720400,1/1/1
6568,4612,Render,1,773.100,26.163840500,26.163858900,26.164507300,26.165280400,1/1/1
6568,4612,Render,1,772.900,24.347150700,24.347165300,24.347709600,24.348482500,1/1/1
6568,5992,Render,1,771.500,28.206328800,28.206416400,28.206416400,28.207187900,1/10/1
6568,5992,Render,1,771.200,36.704877700,36.704996200,36.704996200,36.705767400,1/10/1
6568,4612,Render,1,771.100,37.547510800,37.547525200,37.548042700,37.548813800,1/1/1
6568,5992,Render,1,770.900,39.328726600,39.328740800,39.329467500,39.330238400,1/10/1
6568,5992,Render,1,770.700,38.011406400,38.011424400,38.011702700,38.012473400,1/10/1
6568,4612,Render,1,770.000,31.214051800,31.214070300,31.214590900,31.215360900,1/1/1
6568,5992,Render,1,769.700,38.687687800,38.687781100,38.687781100,38.688550800,1/10/1
6568,5992,Render,1,769.400,34.712425000,34.712438600,34.713175900,34.713945300,1/10/1
6568,5992,Render,1,769.300,36.395735600,36.395954300,36.396214900,36.396984200,1/10/1
6568,5992,Render,1,769.000,29.630312400,29.630325800,29.630937000,29.631706000,1/10/1
6568,4612,Render,1,768.500,23.447412000,23.447426900,23.448060200,23.448828700,1/1/1
6568,5992,Render,1,767.800,34.841257200,34.841346600,34.841346600,34.842114400,1/10/1
6568,5992,Render,1,767.700,40.157745600,40.157770400,40.157770400,40.158538100,1/10/1
6568,4612,Render,1,767.300,26.080394000,26.080412200,26.080997600,26.081764900,1/1/1
6568,5992,Render,1,767.000,29.546937000,29.546962500,29.547285500,29.548052500,1/10/1
6568,5992,Render,1,766.900,24.347027100,24.347040600,24.347411100,24.348178000,1/10/1
6568,5992,Render,1,766.200,39.713028300,39.713041600,39.713649700,39.714415900,1/10/1
6568,4612,Render,1,766.000,27.290586800,27.290606900,27.290606900,27.291372900,1/1/1
6568,5992,Render,1,764.800,37.461396900,37.461428900,37.461751500,37.462516300,1/10/1
6568,5992,Render,1,764.200,33.861444600,33.861513200,33.861513200,33.862277400,1/10/1
6568,4612,Render,1,764.200,40.397686700,40.397722200,40.398351800,40.399116000,1/1/1
6568,5992,Render,1,763.300,32.181959000,32.182005600,32.182005600,32.182768900,1/10/1
6568,5992,Render,1,763.300,38.394883800,38.394969000,38.394969000,38.395732300,1/10/1
6568,5992,Render,1,763.300,40.210163900,40.210179300,40.210179300,40.210942600,1/10/1
6568,5992,Render,1,763.100,37.547233800,37.547247700,37.547746300,37.548509400,1/10/1
6568,4612,Render,1,762.900,40.013885500,40.013900100,40.014349600,40.015112500,1/1/1
6568,4612,Render,1,762.600,33.630667900,33.630706900,33.631328600,33.632091200,1/1/1
6568,5992,Render,1,762.400,32.997173300,32.997192100,32.997730200,32.998492600,1/10/1
6568,4612,Render,1,762.200,29.930076800,29.930092300,29.930504400,29.931266600,1/1/1
6568,5992,Render,1,762.100,30.894666400,30.894726200,30.894726200,30.895488300,1/10/1
6568,4612,Render,1,761.600,35.947462800,35.947477600,35.948021700,35.948783300,1/1/1
6568,4612,Render,1,760.700,28.830594200,28.830608600,28.831132200,28.831892900,1/1/1
6568,5992,Render,1,760.600,31.213767800,31.213786600,31.214296000,31.215056600,1/10/1
6568,4612,Render,1,759.800,26.296082100,26.296100500,26.296543100,26.297302900,1/1/1
6568,5992,Render,1,757.800,26.452490900,26.452584000,26.452584000,26.453341800,1/10/1
6568,5992,Render,1,757.400,27.408719300,27.408803800,27.408803800,27.409561200,1/10/1
6568,4612,Render,1,757.100,34.146897100,34.146910400,34.147419100,34.148176200,1/1/1
6568,5992,Render,1,756.900,35.947079400,35.947093100,35.947725000,35.948481900,1/10/1
6568,4612,Render,1,755.600,28.912855800,28.912869100,28.913400800,28.914156400,1/1/1
6568,5992,Render,1,755.500,33.024487300,33.024526300,33.024526300,33.025281800,1/10/1
6568,5992,Render,1,755.100,30.793963900,30.794061500,30.794061500,30.794816600,1/10/1
6568,5992,Render,1,754.900,28.830285300,28.830299800,28.830836500,28.831591400,1/10/1
6568,4612,Render,1,754.700,27.513390700,27.513410200,27.513835600,27.514590300,1/1/1
6568,4612,Render,1,754.400,22.380349100,22.380363000,22.380850700,22.381605100,1/1/1
6568,5992,Render,1,754.400,23.387966700,23.387989900,23.387989900,23.388744300,1/10/1
6568,4612,Render,1,753.600,31.345838000,31.345852500,31.345852500,31.346606100,1/1/1
6568,5992,Render,1,753.300,36.426628300,36.426729300,36.426729300,36.427482600,1/10/1
6568,5992,Render,1,753.000,36.751190600,36.751282000,36.751282000,36.752035000,1/10/1
6568,5992,Render,1,752.700,39.226913100,39.227009400,39.227009400,39.227762100,1/10/1
6568,5992,Render,1,752.400,24.458923900,24.459004300,24.459004300,24.459756700,1/10/1
6568,5992,Render,1,752.400,25.405390700,25.405468500,25.405468500,25.406220900,1/10/1
6568,5992,Render,1,752.200,22.562418500,22.565893300,22.566312900,22.567065100,1/10/1
6568,5992,Render,1,751.800,33.960051100,33.960130200,33.960130200,33.960882000,1/10/1
6568,5992,Render,1,751.600,22.891654400,22.891750900,22.891750900,22.892502500,1/10/1
6568,5992,Render,1,751.600,41.273416500,41.273507300,41.273507300,41.274258900,1/10/1
6568,5992,Render,1,751.500,33.390948900,33.390971400,33.390971400,33.391722900,1/10/1
6568,5992,Render,1,751.200,36.287023500,36.287132600,36.287132600,36.287883800,1/10/1
6568,5992,Render,1,750.900,31.427731600,31.427802600,31.427802600,31.428553500,1/10/1
6568,5992,Render,1,750.900,32.370474700,32.370542800,32.370542800,32.371293700,1/10/1
6568,5992,Render,1,750.700,32.278068200,32.278179300,32.278179300,32.278930000,1/10/1
6568,4612,Render,1,750.700,34.629314300,34.629334800,34.629758700,34.630509400,1/1/1
6568,4612,Render,1,750.700,37.894620900,37.894701000,37.894701000,37.895451700,1/1/1
6568,4612,Render,1,750.700,39.329278700,39.329291600,39.329788500,39.330539200,1/1/1
6568,5992,Render,1,750.200,32.223491400,32.223574000,32.223574000,32.224324200,1/10/1
6568,5992,Render,1,749.600,40.875175000,40.875267200,40.875267200,40.876016800,1/10/1
6568,5992,Render,1,749.300,40.108877000,40.108892700,40.108892700,40.109642000,1/10/1
6568,5992,Render,1,749.000,36.969038800,36.969151700,36.969151700,36.969900700,1/10/1
6568,5992,Render,1,748.700,22.007436700,22.007487400,22.007487400,22.008236100,1/10/1
6568,5992,Render,1,748.100,26.408422400,26.408538400,26.408538400,26.409286500,1/10/1
6568,5992,Render,1,748.100,26.851377100,26.851437500,26.851437500,26.852185600,1/10/1
6568,4612,Render,1,748.100,33.347094700,33.347111400,33.347111400,33.347859500,1/1/1
6568,5992,Render,1,748.000,38.037410800,38.037443700,38.037443700,38.038191700,1/10/1
6568,5992,Render,1,747.600,33.743935300,33.744016100,33.744016100,33.744763700,1/10/1
6568,5992,Render,1,747.300,28.687157300,28.687267900,28.687267900,28.688015200,1/10/1
6568,5992,Render,1,747.200,34.004435000,34.004506300,34.004506300,34.005253500,1/10/1
6568,5992,Render,1,747.000,38.643459500,38.643564900,38.643564900,38.644311900,1/10/1
6568,5992,Render,1,746.400,36.613116600,36.613193800,36.613193800,36.613940200,1/10/1
6568,5992,Render,1,746.000,29.821239200,29.821268900,29.821268900,29.822014900,1/10/1
6568,5992,Render,1,745.600,27.291029600,27.291057800,27.291057800,27.291803400,1/10/1
6568,5992,Render,1,745.400,33.832405100,33.832461900,33.832461900,33.833207300,1/10/1
6568,4612,Render,1,745.300,23.066036300,23.066072200,23.066072200,23.066817500,1/1/1
6568,5992,Render,1,745.000,26.710349000,26.710428500,26.710428500,26.711173500,1/10/1
6568,5992,Render,1,744.600,22.150349400,22.150407300,22.150407300,22.151151900,1/10/1
6568,5992,Render,1,744.600,26.977604100,26.977687500,26.977687500,26.978432100,1/10/1
6568,5992,Render,1,744.500,22.547389000,22.547437200,22.547437200,22.548181700,1/10/1
6568,5992,Render,1,744.300,26.809183000,26.809276600,26.809276600,26.810020900,1/10/1
6568,5992,Render,1,744.100,27.808108600,27.808196100,27.808196100,27.808940200,1/10/1
6568,5992,Render,1,744.000,24.291770700,24.291798000,24.291798000,24.292542000,1/10/1
6568,5992,Render,1,743.900,28.938627400,28.938714600,28.938714600,28.939458500,1/10/1
6568,5992,Render,1,743.900,35.440613700,35.440721300,35.440721300,35.441465200,1/10/1
6568,5992,Render,1,743.700,26.493514100,26.493568900,26.493568900,26.494312600,1/10/1
6568,5992,Render,1,743.600,40.437446700,40.437463000,40.437463000,40.438206600,1/10/1
6568,5992,Render,1,743.500,36.338448400,36.338501300,36.338501300,36.339244800,1/10/1
6568,5992,Render,1,743.100,32.725524900,32.725577200,32.725577200,32.726320300,1/10/1
6568,5992,Render,1,743.000,29.452039400,29.452055000,29.452055000,29.452798000,1/10/1
6568,4612,Render,1,743.000,34.713049800,34.713068700,34.713504100,34.714247100,1/1/1
6568,5992,Render,1,742.900,32.544432600,32.544566400,32.544566400,32.545309300,1/10/1
6568,5992,Render,1,742.300,31.707695700,31.707775700,31.707775700,31.708518000,1/10/1
6568,5992,Render,1,741.800,22.588964300,22.589015100,22.589015100,22.589756900,1/10/1
6568,5992,Render,1,741.700,34.309829000,34.309931000,34.309931000,34.310672700,1/10/1
6568,5992,Render,1,740.600,33.701714200,33.701798800,33.701798800,33.702539400,1/10/1
6568,5992,Render,1,740.600,35.525976200,35.526069900,35.526069900,35.526810500,1/10/1
6568,5992,Render,1,740.500,41.491575800,41.491676100,41.491676100,41.492416600,1/10/1
6568,5992,Render,1,740.300,27.071744800,27.071831400,27.071831400,27.072571700,1/10/1
6568,5992,Render,1,740.300,36.658474500,36.658554400,36.658554400,36.659294700,1/10/1
6568,5992,Render,1,739.900,28.928109100,28.928164600,28.928164600,28.928904500,1/10/1
6568,5992,Render,1,739.500,25.131712200,25.131727800,25.131727800,25.132467300,1/10/1
6568,5992,Render,1,739.300,37.185611300,37.185679400,37.185679400,37.186418700,1/10/1
6568,5992,Render,1,739.300,40.093396000,40.093472100,40.093472100,40.094211400,1/10/1
6568,5992,Render,1,739.200,25.851174300,25.851239900,25.851239900,25.851979100,1/10/1
6568,5992,Render,1,739.000,36.924889200,36.924974000,36.924974000,36.925713000,1/10/1
6568,5992,Render,1,738.900,29.240884700,29.240954500,29.240954500,29.241693400,1/10/1
6568,5992,Render,1,738.800,40.510885200,40.511002000,40.511002000,40.511740800,1/10/1
6568,5992,Render,1,738.600,28.611071600,28.611090900,28.611090900,28.611829500,1/10/1
6568,5992,Render,1,738.600,31.882324200,31.882380300,31.882380300,31.883118900,1/10/1
6568,5992,Render,1,738.600,33.787937200,33.787958100,33.787958100,33.788696700,1/10/1
6568,5992,Render,1,738.300,27.765897700,27.765964700,27.765964700,27.766703000,1/10/1
6568,5992,Render,1,738.300,33.440739400,33.440756000,33.440756000,33.441494300,1/10/1
6568,5992,Render,1,738.200,34.742547800,34.742574700,34.742574700,34.743312900,1/10/1
6568,5992,Render,1,738.100,28.773969700,28.774038100,28.774038100,28.774776200,1/10/1
6568,5992,Render,1,738.100,39.440712200,39.440789300,39.440789300,39.441527400,1/10/1
6568,5992,Render,1,738.000,30.349812100,30.349874100,30.349874100,30.350612100,1/10/1
6568,5992,Render,1,737.700,34.392845200,34.392942300,34.392942300,34.393680000,1/10/1
6568,5992,Render,1,737.500,24.077111100,24.077182300,24.077182300,24.077919800,1/10/1
6568,5992,Render,1,737.000,22.503220100,22.503290300,22.503290300,22.504027300,1/10/1
6568,4612,Render,1,737.000,23.000648800,23.000664200,23.000664200,23.001401200,1/1/1
6568,5992,Render,1,737.000,27.627228500,27.627302900,27.627302900,27.628039900,1/10/1
6568,5992,Render,1,736.900,25.891704600,25.891805800,25.891805800,25.892542700,1/10/1
6568,5992,Render,1,736.900,29.355503300,29.355524900,29.355524900,29.356261800,1/10/1
6568,5992,Render,1,736.800,28.459523600,28.459612400,28.459612400,28.460349200,1/10/1
6568,5992,Render,1,736.500,25.374717900,25.374739100,25.374739100,25.375475600,1/10/1
6568,5992,Render,1,736.500,26.892112800,26.892187800,26.892187800,26.892924300,1/10/1
6568,5992,Render,1,736.500,35.142937700,35.143047600,35.143047600,35.143784100,1/10/1
6568,5992,Render,1,736.400,37.490260500,37.490333700,37.490333700,37.491070100,1/10/1
6568,5992,Render,1,736.000,31.526681700,31.526736900,31.526736900,31.527472900,1/10/1
6568,5992,Render,1,736.000,34.527569700,34.527730500,34.527730500,34.528466500,1/10/1
6568,5992,Render,1,735.800,41.190318500,41.190370500,41.190370500,41.191106300,1/10/1
6568,5992,Render,1,735.600,24.690401000,24.690477100,24.690477100,24.691212700,1/10/1
6568,4612,Render,1,735.600,35.811588700,35.811606600,35.811606600,35.812342200,1/1/1
6568,5992,Render,1,735.500,38.827506200,38.827574900,38.827574900,38.828310400,1/10/1
6568,5992,Render,1,735.000,32.810122100,32.810216600,32.810216600,32.810951600,1/10/1
6568,5992,Render,1,734.900,28.375978400,28.376048300,28.376048300,28.376783200,1/10/1
6568,5992,Render,1,734.900,30.306859900,30.306956200,30.306956200,30.307691100,1/10/1
6568,5992,Render,1,734.400,23.474544700,23.474618200,23.474618200,23.475352600,1/10/1
6568,4612,Render,1,734.400,24.094632100,24.094650700,24.094815400,24.095549800,1/1/1
6568,5992,Render,1,734.300,34.087647500,34.087668500,34.087668500,34.088402800,1/10/1
6568,5992,Render,1,734.300,37.142466100,37.142538000,37.142538000,37.143272300,1/10/1
6568,5992,Render,1,734.000,29.285500900,29.285567100,29.285567100,29.286301100,1/10/1
6568,5992,Render,1,734.000,39.484413700,39.484462100,39.484462100,39.485196100,1/10/1
6568,5992,Render,1,733.900,27.893953400,27.894086900,27.894086900,27.894820800,1/10/1
6568,5992,Render,1,733.600,37.617333100,37.617382600,37.617382600,37.618116200,1/10/1
6568,5992,Render,1,733.200,25.493981000,25.494085000,25.494085000,25.494818200,1/10/1
6568,5992,Render,1,733.000,34.924856500,34.924932600,34.924932600,34.925665600,1/10/1
6568,5992,Render,1,733.000,36.471885700,36.471984700,36.471984700,36.472717700,1/10/1
6568,5992,Render,1,732.700,37.011051300,37.011142800,37.011142800,37.011875500,1/10/1
6568,5992,Render,1,732.600,30.742560800,30.742612800,30.742612800,30.743345400,1/10/1
6568,5992,Render,1,732.500,30.487708600,30.487760500,30.487760500,30.488493000,1/10/1
6568,5992,Render,1,732.500,32.587717600,32.587788100,32.587788100,32.588520600,1/10/1
6568,5992,Render,1,732.500,33.283741300,33.283807300,33.283807300,33.284539800,1/10/1
6568,5992,Render,1,732.500,35.975423000,35.975494400,35.975494400,35.976226900,1/10/1
6568,5992,Render,1,732.400,25.287781800,25.287803700,25.287803700,25.288536100,1/10/1
6568,5992,Render,1,732.400,26.150130300,26.150200300,26.150200300,26.150932700,1/10/1
6568,5992,Render,1,732.400,40.040268300,40.040288900,40.040288900,40.041021300,1/10/1
6568,5992,Render,1,732.300,29.698964500,29.699052100,29.699052100,29.699784400,1/10/1
6568,5992,Render,1,732.200,31.925007200,31.925105200,31.925105200,31.925837400,1/10/1
6568,5992,Render,1,732.200,34.485650700,34.485717700,34.485717700,34.486449900,1/10/1
6568,5992,Render,1,732.000,24.944204000,24.944304200,24.944304200,24.945036200,1/10/1
6568,5992,Render,1,731.600,35.224280000,35.224355700,35.224355700,35.225087300,1/10/1
6568,5992,Render,1,731.100,24.544148300,24.544236300,24.544236300,24.544967400,1/10/1
6568,5992,Render,1,731.100,41.149764000,41.149836600,41.149836600,41.150567700,1/10/1
6568,5992,Render,1,731.000,26.934309100,26.934360600,26.934360600,26.935091600,1/10/1
6568,5992,Render,1,730.900,31.152803300,31.152872300,31.152872300,31.153603200,1/10/1
6568,5992,Render,1,730.900,39.568978600,39.569004100,39.569004100,39.569735000,1/10/1
6568,5992,Render,1,730.800,26.108374600,26.108445500,26.108445500,26.109176300,1/10/1
6568,5992,Render,1,730.800,36.241432200,36.241504000,36.241504000,36.242234800,1/10/1
6568,5992,Render,1,730.600,34.435419600,34.435522800,34.435522800,34.436253400,1/10/1
6568,5992,Render,1,730.300,28.504465400,28.504484600,28.504484600,28.505214900,1/10/1
6568,5992,Render,1,730.300,36.883919800,36.883984300,36.883984300,36.884714600,1/10/1
6568,5992,Render,1,730.100,22.050827400,22.050891500,22.050891500,22.051621600,1/10/1
6568,5992,Render,1,730.100,34.224309200,34.224361100,34.224361100,34.225091200,1/10/1
6568,5992,Render,1,729.800,26.191069100,26.191165100,26.191165100,26.191894900,1/10/1
6568,5992,Render,1,729.700,24.417432700,24.417513400,24.417513400,24.418243100,1/10/1
6568,5992,Render,1,729.700,37.227818300,37.227893000,37.227893000,37.228622700,1/10/1
6568,5992,Render,1,729.600,26.538410400,26.538439500,26.538439500,26.539169100,1/10/1
6568,5992,Render,1,729.600,29.026156800,29.026209500,29.026209500,29.026939100,1/10/1
6568,5992,Render,1,729.500,31.569857700,31.569875500,31.569875500,31.570605000,1/10/1
6568,5992,Render,1,729.500,36.569191800,36.569261000,36.569261000,36.569990500,1/10/1
6568,5992,Render,1,729.200,23.342589500,23.342693300,23.342693300,23.343422500,1/10/1
6568,5992,Render,1,728.900,23.809620700,23.809694200,23.809694200,23.810423100,1/10/1
6568,5992,Render,1,728.900,24.501965400,24.501993500,24.501993500,24.502722400,1/10/1
6568,5992,Render,1,728.800,29.741895700,29.741946100,29.741946100,29.742674900,1/10/1
6568,5992,Render,1,728.700,32.008913200,32.008976100,32.008976100,32.009704800,1/10/1
6568,5992,Render,1,728.700,32.094138400,32.094259200,32.094259200,32.094987900,1/10/1
6568,5992,Render,1,728.600,35.305918200,35.305943300,35.305943300,35.306671900,1/10/1
6568,5992,Render,1,728.600,37.573929800,37.573950500,37.573950500,37.574679100,1/10/1
6568,5992,Render,1,728.500,25.976671100,25.976747100,25.976747100,25.977475600,1/10/1
6568,5992,Render,1,728.300,35.008030100,35.008082200,35.008082200,35.008810500,1/10/1
6568,5992,Render,1,728.100,23.853647700,23.853715000,23.853715000,23.854443100,1/10/1
6568,5992,Render,1,728.100,37.277185800,37.277214400,37.277214400,37.277942500,1/10/1
6568,5992,Render,1,727.900,33.109471400,33.109543900,33.109543900,33.110271800,1/10/1
6568,5992,Render,1,727.900,41.107181100,41.107273600,41.107273600,41.108001500,1/10/1
6568,5992,Render,1,727.800,41.409186300,41.409242700,41.409242700,41.409970500,1/10/1
6568,5992,Render,1,727.500,30.091390700,30.091461900,30.091461900,30.092189400,1/10/1
6568,5992,Render,1,727.500,34.698694900,34.698742400,34.698742400,34.699469900,1/10/1
6568,5992,Render,1,727.400,24.987023200,24.987081300,24.987081300,24.987808700,1/10/1
6568,5992,Render,1,727.400,25.936084100,25.936177600,25.936177600,25.936905000,1/10/1
6568,5992,Render,1,727.400,32.981551800,32.981607100,32.981607100,32.982334500,1/10/1
6568,5992,Render,1,727.300,24.120719600,24.120803500,24.120803500,24.121530800,1/10/1
6568,5992,Render,1,727.300,39.083725500,39.083777100,39.083777100,39.084504400,1/10/1
6568,5992,Render,1,727.100,22.819201400,22.819234400,22.819234400,22.819961500,1/10/1
6568,5992,Render,1,727.000,25.707805800,25.707874300,25.707874300,25.708601300,1/10/1
6568,5992,Render,1,726.600,40.700124800,40.700174700,40.700174700,40.700901300,1/10/1
6568,5992,Render,1,726.500,22.193881600,22.193990000,22.193990000,22.194716500,1/10/1
6568,5992,Render,1,726.500,27.540858200,27.540952500,27.540952500,27.541679000,1/10/1
6568,5992,Render,1,726.200,32.768125400,32.768191400,32.768191400,32.768917600,1/10/1
6568,5992,Render,1,726.200,33.521315100,33.521336400,33.521336400,33.522062600,1/10/1
6568,5992,Render,1,726.200,37.659875000,37.659951400,37.659951400,37.660677600,1/10/1
6568,5992,Render,1,726.000,31.069264200,31.069312100,31.069312100,31.070038100,1/10/1
6568,5992,Render,1,725.800,22.104572100,22.104623500,22.104623500,22.105349300,1/10/1
6568,5992,Render,1,725.600,29.110876500,29.110942100,29.110942100,29.111667700,1/10/1
6568,5992,Render,1,725.500,29.782866200,29.782886100,29.782886100,29.783611600,1/10/1
6568,5992,Render,1,725.500,36.150782600,36.150831600,36.150831600,36.151557100,1/10/1
6568,5992,Render,1,725.400,24.373426200,24.373518200,24.373518200,24.374243600,1/10/1
6568,5992,Render,1,725.300,39.741160500,39.741213300,39.741213300,39.741938600,1/10/1
6568,5992,Render,1,725.000,37.532052700,37.532101500,37.532101500,37.532826500,1/10/1
6568,5992,Render,1,724.800,28.075075400,28.075159400,28.075159400,28.075884200,1/10/1
6568,5992,Render,1,724.700,26.237155500,26.237204600,26.237204600,26.237929300,1/10/1
6568,5992,Render,1,724.200,25.377710200,25.377741500,25.377741500,25.378465700,1/10/1
6568,5992,Render,1,724.100,30.043152900,30.043255800,30.043255800,30.043979900,1/10/1
6568,5992,Render,1,724.100,31.968051900,31.968140600,31.968140600,31.968864700,1/10/1
6568,5992,Render,1,724.000,40.643057500,40.643151700,40.643151700,40.643875700,1/10/1
6568,5992,Render,1,724.000,41.592825000,41.592926100,41.592926100,41.593650100,1/10/1
6568,5992,Render,1,723.900,39.134747200,39.134808600,39.134808600,39.135532500,1/10/1
6568,5992,Render,1,723.800,28.027571200,28.027673200,28.027673200,28.028397000,1/10/1
6568,5992,Render,1,723.800,30.700165400,30.700234600,30.700234600,30.700958400,1/10/1
6568,5992,Render,1,723.800,38.256570400,38.256625900,38.256625900,38.257349700,1/10/1
6568,5992,Render,1,723.800,38.475879400,38.475959900,38.475959900,38.476683700,1/10/1
6568,5992,Render,1,723.700,35.654952800,35.654971100,35.654971100,35.655694800,1/10/1
6568,5992,Render,1,723.600,24.333759400,24.333787300,24.333787300,24.334510900,1/10/1
6568,5992,Render,1,723.600,33.570397200,33.570445800,33.570445800,33.571169400,1/10/1
6568,5992,Render,1,723.500,28.291032500,28.291054100,28.291054100,28.291777600,1/10/1
6568,5992,Render,1,723.300,33.873198400,33.873282900,33.873282900,33.874006200,1/10/1
6568,5992,Render,1,723.300,39.794820200,39.794840000,39.794840000,39.795563300,1/10/1
6568,5992,Render,1,723.300,40.785733700,40.785751600,40.785751600,40.786474900,1/10/1
6568,5992,Render,1,723.100,32.501805400,32.501870700,32.501870700,32.502593800,1/10/1
6568,5992,Render,1,722.900,31.793830100,31.793897100,31.793897100,31.794620000,1/10/1
6568,5992,Render,1,722.900,38.300709600,38.300776500,38.300776500,38.301499400,1/10/1
6568,5992,Render,1,722.800,28.127965100,28.127980600,28.127980600,28.128703400,1/10/1
6568,5992,Render,1,722.400,30.001672000,30.001693600,30.001693600,30.002416000,1/10/1
6568,5992,Render,1,722.400,30.220439400,30.220458200,30.220458200,30.221180600,1/10/1
6568,5992,Render,1,722.400,30.571253700,30.571272200,30.571272200,30.571994600,1/10/1
6568,5992,Render,1,722.300,36.019030300,36.019098600,36.019098600,36.019820900,1/10/1
6568,5992,Render,1,722.200,26.622314100,26.622402600,26.622402600,26.623124800,1/10/1
6568,5992,Render,1,722.200,38.954731000,38.954833800,38.954833800,38.955556000,1/10/1
6568,5992,Render,1,721.800,32.323075000,32.323153200,32.323153200,32.323875000,1/10/1
6568,5992,Render,1,721.700,32.897495700,32.897545300,32.897545300,32.898267000,1/10/1
6568,5992,Render,1,721.500,30.654982000,30.655068200,30.655068200,30.655789700,1/10/1
6568,5992,Render,1,721.300,28.856376600,28.856468600,28.856468600,28.857189900,1/10/1
6568,5992,Render,1,721.200,23.768013400,23.768061300,23.768061300,23.768782500,1/10/1
6568,5992,Render,1,721.100,39.698458900,39.698503200,39.698503200,39.699224300,1/10/1
6568,5992,Render,1,721.000,31.110113600,31.110192100,31.110192100,31.110913100,1/10/1
6568,5992,Render,1,721.000,39.041310700,39.041366400,39.041366400,39.042087400,1/10/1
6568,5992,Render,1,720.900,26.365692800,26.365745900,26.365745900,26.366466800,1/10/1
6568,5992,Render,1,720.900,28.898667300,28.898721000,28.898721000,28.899441900,1/10/1
6568,5992,Render,1,720.800,24.858487600,24.858606100,24.858606100,24.859326900,1/10/1
6568,5992,Render,1,720.700,22.848901900,22.848953300,22.848953300,22.849674000,1/10/1
6568,5992,Render,1,720.600,28.418841500,28.418934600,28.418934600,28.419655200,1/10/1
6568,5992,Render,1,720.000,22.805372100,22.805430900,22.805430900,22.806150900,1/10/1
6568,5992,Render,1,720.000,27.452104400,27.452165200,27.452165200,27.452885200,1/10/1
6568,5992,Render,1,720.000,28.334638100,28.334705100,28.334705100,28.335425100,1/10/1
6568,5992,Render,1,719.900,25.071875000,25.071901700,25.071901700,25.072621600,1/10/1
6568,5992,Render,1,719.900,25.181727000,25.181741700,25.181741700,25.182461600,1/10/1
6568,5992,Render,1,719.800,35.698048500,35.698096700,35.698096700,35.698816500,1/10/1
6568,5992,Render,1,719.800,39.655670700,39.655749200,39.655749200,39.656469000,1/10/1
6568,5992,Render,1,719.500,24.208343900,24.208425000,24.208425000,24.209144500,1/10/1
6568,5992,Render,1,719.400,32.938723600,32.938794800,32.938794800,32.939514200,1/10/1
6568,5992,Render,1,719.400,40.555774600,40.555796400,40.555796400,40.556515800,1/10/1
6568,5992,Render,1,719.100,30.390919600,30.390988600,30.390988600,30.391707700,1/10/1
6568,5992,Render,1,719.100,33.240630800,33.240700300,33.240700300,33.241419400,1/10/1
6568,5992,Render,1,718.900,28.732193100,28.732241200,28.732241200,28.732960100,1/10/1
6568,5992,Render,1,718.800,23.432445000,23.432512000,23.432512000,23.433230800,1/10/1
6568,5992,Render,1,718.800,38.910910400,38.911095400,38.911095400,38.911814200,1/10/1
6568,5992,Render,1,718.700,29.068609800,29.068628500,29.068628500,29.069347200,1/10/1
6568,5992,Render,1,718.700,36.840436300,36.840467200,36.840467200,36.841185900,1/10/1
6568,5992,Render,1,718.700,39.355789100,39.355809500,39.355809500,39.356528200,1/10/1
6568,5992,Render,1,718.600,31.240589600,31.240641000,31.240641000,31.241359600,1/10/1
6568,5992,Render,1,718.500,41.450777600,41.450828400,41.450828400,41.451546900,1/10/1
6568,4612,Render,1,718.300,38.924932800,38.924944900,38.924944900,38.925663200,1/1/1
6568,5992,Render,1,718.100,38.341463900,38.341534300,38.341534300,38.342252400,1/10/1
6568,5992,Render,1,717.900,29.870703900,29.870799300,29.870799300,29.871517200,1/10/1
6568,5992,Render,1,717.800,37.999787700,37.999863500,37.999863500,38.000581300,1/10/1
6568,5992,Render,1,717.600,29.957922400,29.957946200,29.957946200,29.958663800,1/10/1
6568,5992,Render,1,717.600,35.454750000,35.454772200,35.454772200,35.455489800,1/10/1
6568,5992,Render,1,717.600,38.944950000,38.945016600,38.945016600,38.945734200,1/10/1
6568,5992,Render,1,717.500,26.667247200,26.667342600,26.667342600,26.668060100,1/10/1
6568,5992,Render,1,717.400,23.948788200,23.948833600,23.948833600,23.949551000,1/10/1
6568,5992,Render,1,717.400,39.954285500,39.954368500,39.954368500,39.955085900,1/10/1
6568,5992,Render,1,717.300,31.612324000,31.612381300,31.612381300,31.613098600,1/10/1
6568,5992,Render,1,717.200,26.020000500,26.020028500,26.020028500,26.020745700,1/10/1
6568,5992,Render,1,717.200,38.560544300,38.560635500,38.560635500,38.561352700,1/10/1
6568,5992,Render,1,717.000,23.638967600,23.639033500,23.639033500,23.639750500,1/10/1
6568,5992,Render,1,716.900,23.991048700,23.991105500,23.991105500,23.991822400,1/10/1
6568,5992,Render,1,716.800,32.637350200,32.637420100,32.637420100,32.638136900,1/10/1
6568,5992,Render,1,716.700,28.249165000,28.249227200,28.249227200,28.249943900,1/10/1
6568,5992,Render,1,716.700,31.025104000,31.025165300,31.025165300,31.025882000,1/10/1
6568,5992,Render,1,716.700,31.751174000,31.751240900,31.751240900,31.751957600,1/10/1
6568,5992,Render,1,716.600,33.658703100,33.658792000,33.658792000,33.659508600,1/10/1
6568,5992,Render,1,716.500,22.415862200,22.415936000,22.415936000,22.416652500,1/10/1
6568,5992,Render,1,716.500,29.574450200,29.574530100,29.574530100,29.575246600,1/10/1
6568,5992,Render,1,716.400,35.568483800,35.568552900,35.568552900,35.569269300,1/10/1
6568,5992,Render,1,716.400,39.610750000,39.610856000,39.610856000,39.611572400,1/10/1
6568,5992,Render,1,715.600,35.102786000,35.102852700,35.102852700,35.103568300,1/10/1
6568,5992,Render,1,715.600,41.766199200,41.766254300,41.766254300,41.766969900,1/10/1
6568,5992,Render,1,715.400,23.517918700,23.517980500,23.517980500,23.518695900,1/10/1
6568,5992,Render,1,715.200,32.459721100,32.459777100,32.459777100,32.460492300,1/10/1
6568,5992,Render,1,715.200,35.610083300,35.610179600,35.610179600,35.610894800,1/10/1
6568,5992,Render,1,715.200,36.518196500,36.518308200,36.518308200,36.519023400,1/10/1
6568,5992,Render,1,715.100,39.867773500,39.867823100,39.867823100,39.868538200,1/10/1
6568,5992,Render,1,714.900,41.061367000,41.061476300,41.061476300,41.062191200,1/10/1
6568,4612,Render,1,714.700,31.498211200,31.498263300,31.498263300,31.498978000,1/1/1
6568,5992,Render,1,714.600,35.184825000,35.184926800,35.184926800,35.185641400,1/10/1
6568,4612,Render,1,714.500,22.905408300,22.905427300,22.905427300,22.906141800,1/1/1
6568,5992,Render,1,714.400,24.901666000,24.901689000,24.901689000,24.902403400,1/10/1
6568,5992,Render,1,714.400,30.134774700,30.134843600,30.134843600,30.135558000,1/10/1
6568,5992,Render,1,714.100,28.598921400,28.598968100,28.598968100,28.599682200,1/10/1
6568,5992,Render,1,714.000,29.617114500,29.617174200,29.617174200,29.617888200,1/10/1
6568,5992,Render,1,713.900,22.364668500,22.364718800,22.364718800,22.365432700,1/10/1
6568,5992,Render,1,713.800,21.965365100,21.965417200,21.965417200,21.966131000,1/10/1
6568,5992,Render,1,713.600,34.182696900,34.182744900,34.182744900,34.183458500,1/10/1
6568,5992,Render,1,713.400,32.854717100,32.854784900,32.854784900,32.855498300,1/10/1
6568,5992,Render,1,713.300,33.152998900,33.153067500,33.153067500,33.153780800,1/10/1
6568,5992,Render,1,713.100,27.319937200,27.319955200,27.319955200,27.320668300,1/10/1
6568,5992,Render,1,713.100,30.175903000,30.176004100,30.176004100,30.176717200,1/10/1
6568,5992,Render,1,712.900,36.107583200,36.107633900,36.107633900,36.108346800,1/10/1
6568,5992,Render,1,712.800,25.360648800,25.360757600,25.360757600,25.361470400,1/10/1
6568,5992,Render,1,712.700,31.838254600,31.838278200,31.838278200,31.838990900,1/10/1
6568,4612,Render,1,712.600,22.952002800,22.952018000,22.952018000,22.952730600,1/1/1
6568,5992,Render,1,712.500,23.559145500,23.559214700,23.559214700,23.559927200,1/10/1
6568,5992,Render,1,712.500,31.658420700,31.658529600,31.658529600,31.659242100,1/10/1
6568,5992,Render,1,712.400,38.731139900,38.731200400,38.731200400,38.731912800,1/10/1
6568,5992,Render,1,712.100,38.771372700,38.771437600,38.771437600,38.772149700,1/10/1
6568,5992,Render,1,711.900,40.967685200,40.967735500,40.967735500,40.968447400,1/10/1
6568,5992,Render,1,711.800,29.196321200,29.196365900,29.196365900,29.197077700,1/10/1
6568,5992,Render,1,711.500,35.484174000,35.484245800,35.484245800,35.484957300,1/10/1
6568,5992,Render,1,711.200,24.588158400,24.588178100,24.588178100,24.588889300,1/10/1
6568,5992,Render,1,711.100,30.278565000,30.278580200,30.278580200,30.279291300,1/10/1
6568,5992,Render,1,711.100,30.531206600,30.531257300,30.531257300,30.531968400,1/10/1
6568,5992,Render,1,711.000,25.537173500,25.537193000,25.537193000,25.537904000,1/10/1
6568,5992,Render,1,710.900,27.936854200,27.936922600,27.936922600,27.937633500,1/10/1
6568,5992,Render,1,710.600,27.134124200,27.134143200,27.134143200,27.134853800,1/10/1
6568,5992,Render,1,710.100,37.958086700,37.958180100,37.958180100,37.958890200,1/10/1
6568,5992,Render,1,709.900,37.378195700,37.378203900,37.378203900,37.378913800,1/10/1
6568,5992,Render,1,709.800,38.998616000,38.998671400,38.998671400,38.999381200,1/10/1
6568,4612,Render,1,709.500,26.595883700,26.595902400,26.595902400,26.596611900,1/1/1
6568,4612,Render,1,709.500,38.881298400,38.881322300,38.881322300,38.882031800,1/1/1
6568,5992,Render,1,709.500,39.398248800,39.398297200,39.398297200,39.399006700,1/10/1
6568,5992,Render,1,709.400,24.250802300,24.250824200,24.250824200,24.251533600,1/10/1
6568,5992,Render,1,709.200,34.572901400,34.572922600,34.572922600,34.573631800,1/10/1
6568,5992,Render,1,709.000,21.922142300,21.922215100,21.922215100,21.922924100,1/10/1
6568,5992,Render,1,709.000,30.837939700,30.837960300,30.837960300,30.838669300,1/10/1
6568,5992,Render,1,709.000,32.051258800,32.051286500,32.051286500,32.051995500,1/10/1
6568,5992,Render,1,708.900,27.851470800,27.851518200,27.851518200,27.852227100,1/10/1
6568,5992,Render,1,708.900,29.914957600,29.915014400,29.915014400,29.915723300,1/10/1
6568,5992,Render,1,708.900,37.320326600,37.320350300,37.320350300,37.321059200,1/10/1
6568,5992,Render,1,708.800,40.423733300,40.423819200,40.423819200,40.424528000,1/10/1
6568,5992,Render,1,708.700,37.101524800,37.101594800,37.101594800,37.102303500,1/10/1
6568,5992,Render,1,708.600,40.599946000,40.600010800,40.600010800,40.600719400,1/10/1
6568,5992,Render,1,708.400,23.681758500,23.681811700,23.681811700,23.682520100,1/10/1
6568,5992,Render,1,708.200,22.720621600,22.720691000,22.720691000,22.721399200,1/10/1
6568,4612,Render,1,708.100,27.182323200,27.182341500,27.182341500,27.183049600,1/1/1
6568,5992,Render,1,708.100,38.076751600,38.076841200,38.076841200,38.077549300,1/10/1
6568,5992,Render,1,708.000,32.138900600,32.138969200,32.138969200,32.139677200,1/10/1
6568,5992,Render,1,707.800,25.619151200,25.619173500,25.619173500,25.619881300,1/10/1
6568,5992,Render,1,707.800,27.584305900,27.584371000,27.584371000,27.585078800,1/10/1
6568,5992,Render,1,707.800,32.680931400,32.680984200,32.680984200,32.681692000,1/10/1
6568,5992,Render,1,707.800,34.655850800,34.655942500,34.655942500,34.656650300,1/10/1
6568,5992,Render,1,707.600,35.347450500,35.347504200,35.347504200,35.348211800,1/10/1
6568,5992,Render,1,707.500,22.777709200,22.777764200,22.777764200,22.778471700,1/10/1
6568,5992,Render,1,707.500,39.824946700,39.825014400,39.825014400,39.825721900,1/10/1
6568,4612,Render,1,707.400,32.780682500,32.780694000,32.780694000,32.781401400,1/1/1
6568,5992,Render,1,707.400,41.075331700,41.075352800,41.075352800,41.076060200,1/10/1
6568,5992,Render,1,707.300,34.967442000,34.967524100,34.967524100,34.968231400,1/10/1
6568,5992,Render,1,707.100,26.580872200,26.580939100,26.580939100,26.581646200,1/10/1
6568,5992,Render,1,707.100,39.624219700,39.624241200,39.624241200,39.624948300,1/10/1
6568,5992,Render,1,707.000,37.403823800,37.403846500,37.403846500,37.404553500,1/10/1
6568,5992,Render,1,706.800,41.722771500,41.722848000,41.722848000,41.723554800,1/10/1
6568,5992,Render,1,706.700,30.447070000,30.447131400,30.447131400,30.447838100,1/10/1
6568,5992,Render,1,706.700,35.266856300,35.266901900,35.266901900,35.267608600,1/10/1
6568,4612,Render,1,706.400,35.713497500,35.713512100,35.713512100,35.714218500,1/1/1
6568,5992,Render,1,706.200,25.319927100,25.319990500,25.319990500,25.320696700,1/10/1
6568,5992,Render,1,706.100,30.884844200,30.884918300,30.884918300,30.885624400,1/10/1
6568,5992,Render,1,706.100,35.051531300,35.051596800,35.051596800,35.052302900,1/10/1
6568,5992,Render,1,705.900,34.614935900,34.614984500,34.614984500,34.615690400,1/10/1
6568,5992,Render,1,705.800,23.724258400,23.724329400,23.724329400,23.725035200,1/10/1
6568,5992,Render,1,705.800,25.808021400,25.808046700,25.808046700,25.808752500,1/10/1
6568,5992,Render,1,705.800,27.020579300,27.020631300,27.020631300,27.021337100,1/10/1
6568,5992,Render,1,705.800,31.161645300,31.161668400,31.161668400,31.162374200,1/10/1
6568,5992,Render,1,705.700,22.280883300,22.280945100,22.280945100,22.281650800,1/10/1
6568,4612,Render,1,705.600,24.410968800,24.411052500,24.411052500,24.411758100,1/1/1
6568,5992,Render,1,705.500,40.742108400,40.742164100,40.742164100,40.742869600,1/10/1
6568,5992,Render,1,704.700,33.917691500,33.917783000,33.917783000,33.918487700,1/10/1
6568,5992,Render,1,704.300,26.322118000,26.322139500,26.322139500,26.322843800,1/10/1
6568,5992,Render,1,704.200,22.633141300,22.633197400,22.633197400,22.633901600,1/10/1
6568,5992,Render,1,704.100,34.352393100,34.352418100,34.352418100,34.353122200,1/10/1
6568,5992,Render,1,704.000,23.211091500,23.211109500,23.211109500,23.211813500,1/10/1
6568,5992,Render,1,704.000,27.681727100,27.681775200,27.681775200,27.682479200,1/10/1
6568,5992,Render,1,703.900,24.732541000,24.732585800,24.732585800,24.733289700,1/10/1
6568,5992,Render,1,703.900,38.869017800,38.869045500,38.869045500,38.869749400,1/10/1
6568,5992,Render,1,703.800,24.558265500,24.558286500,24.558286500,24.558990300,1/10/1
6568,5992,Render,1,703.800,25.507832700,25.507852000,25.507852000,25.508555800,1/10/1
6568,5992,Render,1,703.300,25.240914700,25.240936900,25.240936900,25.241640200,1/10/1
6568,5992,Render,1,703.300,26.765948700,26.766011200,26.766011200,26.766714500,1/10/1
6568,5992,Render,1,703.100,28.816807600,28.816826900,28.816826900,28.817530000,1/10/1
6568,5992,Render,1,703.000,22.320845400,22.320910100,22.320910100,22.321613100,1/10/1
6568,5992,Render,1,703.000,24.033449900,24.033496600,24.033496600,24.034199600,1/10/1
6568,5992,Render,1,702.500,33.491107000,33.491129400,33.491129400,33.491831900,1/10/1
6568,5992,Render,1,702.500,34.047578500,34.047634000,34.047634000,34.048336500,1/10/1
6568,5992,Render,1,702.300,38.602731200,38.602756600,38.602756600,38.603458900,1/10/1
6568,5992,Render,1,702.000,40.336929200,40.336949100,40.336949100,40.337651100,1/10/1
6568,5992,Render,1,701.900,37.055929900,37.055957600,37.055957600,37.056659500,1/10/1
6568,5992,Render,1,701.700,25.451054900,25.451127600,25.451127600,25.451829300,1/10/1
6568,5992,Render,1,701.700,32.558725900,32.558748000,32.558748000,32.559449700,1/10/1
6568,5992,Render,1,701.600,38.215325500,38.215373100,38.215373100,38.216074700,1/10/1
6568,5992,Render,1,701.400,27.723466500,27.723532000,27.723532000,27.724233400,1/10/1
6568,5992,Render,1,701.300,39.269813500,39.269889900,39.269889900,39.270591200,1/10/1
6568,5992,Render,1,701.000,41.018667800,41.018734100,41.018734100,41.019435100,1/10/1
6568,4612,Render,1,700.300,40.210569100,40.210583800,40.210583800,40.211284100,1/1/1
6568,5992,Render,1,700.100,36.064232100,36.064309800,36.064309800,36.065009900,1/10/1
6568,5992,Render,1,699.600,39.783466700,39.783487700,39.783487700,39.784187300,1/10/1
6568,5992,Render,1,699.500,37.447470100,37.447515400,37.447515400,37.448214900,1/10/1
6568,5992,Render,1,699.500,38.518754500,38.518804300,38.518804300,38.519503800,1/10/1
6568,5992,Render,1,699.200,39.526600600,39.526653500,39.526653500,39.527352700,1/10/1
6568,5992,Render,1,698.600,27.711381300,27.711407100,27.711407100,27.712105700,1/10/1
6568,5992,Render,1,698.300,40.917787500,40.917870600,40.917870600,40.918568900,1/10/1
6568,5992,Render,1,698.100,24.770019800,24.770068300,24.770068300,24.770766400,1/10/1
6568,5992,Render,1,698.100,25.030073700,25.030124400,25.030124400,25.030822500,1/10/1
6568,5992,Render,1,697.600,30.614113200,30.614160700,30.614160700,30.614858300,1/10/1
6568,5992,Render,1,697.600,34.269346400,34.269396500,34.269396500,34.270094100,1/10/1
6568,5992,Render,1,697.200,28.118282900,28.118361400,28.118361400,28.119058600,1/10/1
6568,5992,Render,1,697.100,28.641455000,28.641543200,28.641543200,28.642240300,1/10/1
6568,5992,Render,1,697.100,41.536230000,41.536276000,41.536276000,41.536973100,1/10/1
6568,5992,Render,1,696.600,29.152881200,29.152901200,29.152901200,29.153597800,1/10/1
6568,5992,Render,1,696.600,38.841141900,38.841162200,38.841162200,38.841858800,1/10/1
6568,5992,Render,1,696.500,31.195993700,31.196043100,31.196043100,31.196739600,1/10/1
6568,5992,Render,1,696.400,41.680694000,41.680746600,41.680746600,41.681443000,1/10/1
6568,5992,Render,1,696.300,38.118584300,38.118628800,38.118628800,38.119325100,1/10/1
6568,5992,Render,1,696.100,29.656265600,29.656348100,29.656348100,29.657044200,1/10/1
6568,5992,Render,1,695.500,24.630009200,24.630060600,24.630060600,24.630756100,1/10/1
6568,5992,Render,1,695.500,41.637492000,41.637583800,41.637583800,41.638279300,1/10/1
6568,4612,Render,1,695.300,40.109271100,40.109285500,40.109285500,40.109980800,1/1/1
6568,4612,Render,1,695.000,25.132106300,25.132121000,25.132121000,25.132816000,1/1/1
6568,4612,Render,1,695.000,30.546051000,30.546069000,30.546069000,30.546764000,1/1/1
6568,4612,Render,1,694.900,28.244342900,28.244374600,28.244374600,28.245069500,1/1/1
6568,5992,Render,1,694.500,36.381587000,36.381631000,36.381631000,36.382325500,1/10/1
6568,5992,Render,1,694.400,35.387398500,35.387417900,35.387417900,35.388112300,1/10/1
6568,5992,Render,1,694.400,36.078230100,36.078251300,36.078251300,36.078945700,1/10/1
6568,5992,Render,1,693.900,38.385447500,38.385495700,38.385495700,38.386189600,1/10/1
6568,4612,Render,1,693.800,31.341731800,31.341799300,31.341799300,31.342493100,1/1/1
6568,5992,Render,1,693.600,27.778477600,27.778493300,27.778493300,27.779186900,1/10/1
6568,5992,Render,1,693.200,35.400863900,35.400885200,35.400885200,35.401578400,1/10/1
6568,5992,Render,1,692.600,41.317874900,41.317921000,41.317921000,41.318613600,1/10/1
6568,5992,Render,1,692.500,22.516146500,22.516166100,22.516166100,22.516858600,1/10/1
6568,4612,Render,1,691.700,40.157350900,40.157421900,40.157421900,40.158113600,1/1/1
6568,5992,Render,1,691.600,26.994446100,26.994459900,26.994459900,26.995151500,1/10/1
6568,4612,Render,1,691.000,23.211442500,23.211460800,23.211460800,23.212151800,1/1/1
6568,4612,Render,1,690.700,33.494901900,33.496184200,33.496434500,33.497125200,1/1/1
6568,5992,Render,1,690.300,30.232597900,30.232618500,30.232618500,30.233308800,1/10/1
6568,4612,Render,1,690.200,31.852601600,31.852652200,31.852652200,31.853342400,1/1/1
6568,5992,Render,1,690.200,36.531243500,36.531263700,36.531263700,36.531953900,1/10/1
6568,5992,Render,1,690.100,26.678041400,26.678056600,26.678056600,26.678746700,1/10/1
6568,5992,Render,1,690.100,36.485616300,36.485637300,36.485637300,36.486327400,1/10/1
6568,5992,Render,1,689.400,37.587529800,37.587550200,37.587550200,37.588239600,1/10/1
6568,4612,Render,1,689.200,23.447345700,23.447371000,23.447371000,23.448060200,1/1/1
6568,4612,Render,1,689.100,23.210581900,23.210686900,23.210686900,23.211376000,1/1/1
6568,5992,Render,1,688.300,32.928265500,32.928316300,32.928316300,32.929004600,1/10/1
6568,4612,Render,1,687.700,39.879882500,39.879890700,39.879890700,39.880578400,1/1/1
6568,4612,Render,1,687.000,23.529786000,23.529808200,23.529808200,23.530495200,1/1/1
6568,4612,Render,1,687.000,26.163775500,26.163820300,26.163820300,26.164507300,1/1/1
6568,4612,Render,1,687.000,35.762045500,35.762059300,35.762059300,35.762746300,1/1/1
6568,4612,Render,1,686.900,36.719207000,36.719220500,36.719220500,36.719907400,1/1/1
6568,5992,Render,1,686.500,38.048519400,38.048579800,38.048579800,38.049266300,1/10/1
6568,4612,Render,1,686.000,23.112953900,23.112972400,23.112972400,23.113658400,1/1/1
6568,5992,Render,1,685.800,39.913504000,39.913550400,39.913550400,39.914236200,1/10/1
6568,4612,Render,1,685.300,33.343039600,33.343096700,33.343096700,33.343782000,1/1/1
6568,4612,Render,1,685.100,26.033517800,26.033531800,26.033531800,26.034216900,1/1/1
6568,4612,Render,1,685.100,35.580929700,35.580943800,35.580943800,35.581628900,1/1/1
6568,5992,Render,1,684.700,36.582772100,36.582787900,36.582787900,36.583472600,1/10/1
6568,5992,Render,1,684.100,31.451008900,31.451047400,31.451047400,31.451731500,1/10/1
6568,5992,Render,1,683.400,40.481528800,40.481544000,40.481544000,40.482227400,1/10/1
6568,5992,Render,1,683.300,30.104357800,30.104377200,30.104377200,30.105060500,1/10/1
6568,5992,Render,1,683.200,32.908297100,32.908310200,32.908615200,32.909298400,1/10/1
6568,5992,Render,1,682.800,23.821922100,23.821935500,23.822269800,23.822952600,1/10/1
6568,4612,Render,1,681.200,24.782136700,24.782170400,24.782170400,24.782851600,1/1/1
6568,5992,Render,1,680.800,35.578858000,35.578889400,35.579175300,35.579856100,1/10/1
6568,4612,Render,1,680.800,37.869548000,37.869589300,37.869589300,37.870270100,1/1/1
6568,4612,Render,1,680.700,36.672342200,36.672363800,36.672363800,36.673044500,1/1/1
6568,5992,Render,1,680.500,35.667082500,35.667096100,35.667435300,35.668115800,1/10/1
6568,5992,Render,1,680.500,36.352507800,36.352532400,36.352532400,36.353212900,1/10/1
6568,4612,Render,1,680.000,38.398387000,38.398448600,38.398448600,38.399128600,1/1/1
6568,4612,Render,1,679.900,35.196579300,35.196594800,35.196594800,35.197274700,1/1/1
6568,4612,Render,1,679.800,35.496108600,35.496128100,35.496128100,35.496807900,1/1/1
6568,4612,Render,1,679.600,36.854643800,36.854696000,36.854696000,36.855375600,1/1/1
6568,5992,Render,1,679.500,35.947029300,35.947045500,35.947045500,35.947725000,1/10/1
6568,5992,Render,1,678.200,22.161143900,22.161158700,22.161158700,22.161836900,1/10/1
6568,5992,Render,1,677.800,31.805968500,31.805987500,31.806298700,31.806976500,1/10/1
6568,5992,Render,1,677.300,31.761887800,31.761901200,31.762243200,31.762920500,1/10/1
6568,5992,Render,1,677.200,29.402157700,29.402190400,29.402190400,29.402867600,1/10/1
6568,4612,Render,1,677.000,29.884252600,29.884272100,29.884272100,29.884949100,1/1/1
6568,5992,Render,1,677.000,35.622490700,35.622506000,35.622840100,35.623517100,1/10/1
6568,4612,Render,1,676.700,35.761235100,35.761294500,35.761294500,35.761971200,1/1/1
6568,4612,Render,1,676.600,23.259663900,23.259684900,23.259684900,23.260361500,1/1/1
6568,4612,Render,1,676.200,38.968524900,38.968535900,38.968535900,38.969212100,1/1/1
6568,5992,Render,1,675.900,24.811282000,24.811575800,24.811575800,24.812251700,1/10/1
6568,5992,Render,1,675.700,36.762352600,36.762377600,36.762713400,36.763389100,1/10/1
6568,4612,Render,1,673.600,28.762566000,28.762668900,28.762668900,28.763342500,1/1/1
6568,5992,Render,1,673.300,23.778940100,23.778958000,23.779294400,23.779967700,1/10/1
6568,4612,Render,1,673.000,40.258584500,40.258625100,40.258625100,40.259298100,1/1/1
6568,4612,Render,1,672.500,33.391372200,33.391388600,33.391388600,33.392061100,1/1/1
6568,5992,Render,1,671.900,22.018829100,22.018842600,22.019181200,22.019853100,1/10/1
6568,4612,Render,1,671.600,37.720882600,37.720898300,37.720898300,37.721569900,1/1/1
6568,5992,Render,1,671.500,23.735808900,23.735826800,23.736165700,23.736837200,1/10/1
6568,5992,Render,1,671.300,25.988830600,25.988849500,25.989187800,25.989859100,1/10/1
6568,5992,Render,1,670.900,35.452817200,35.452831000,35.453179100,35.453850000,1/10/1
6568,5992,Render,1,670.600,37.671420300,37.671434200,37.671774500,37.672445100,1/10/1
6568,5992,Render,1,670.000,25.946758200,25.946782000,25.947116100,25.947786100,1/10/1
6568,5992,Render,1,669.700,39.996833400,39.996876900,39.996876900,39.997546600,1/10/1
6568,5992,Render,1,669.500,31.123796300,31.123816400,31.123816400,31.124485900,1/10/1
6568,4612,Render,1,669.400,26.552675900,26.552725000,26.552725000,26.553394400,1/1/1
6568,5992,Render,1,669.300,21.879602500,21.879640900,21.879640900,21.880310200,1/10/1
6568,5992,Render,1,669.300,35.493947200,35.493961100,35.494307300,35.494976600,1/10/1
6568,5992,Render,1,669.200,21.933404500,21.933422700,21.933756200,21.934425400,1/10/1
6568,5992,Render,1,669.200,21.975650900,21.975664300,21.976002400,21.976671600,1/10/1
6568,5992,Render,1,668.900,37.028123600,37.028138200,37.028138200,37.028807100,1/10/1
6568,4612,Render,1,668.900,40.158188900,40.158209500,40.158209500,40.158878400,1/1/1
6568,4612,Render,1,668.700,32.696244700,32.696302500,32.696302500,32.696971200,1/1/1
6568,4612,Render,1,668.600,23.062808600,23.062848700,23.062848700,23.063517300,1/1/1
6568,5992,Render,1,668.000,37.362988300,37.363052000,37.363052000,37.363720000,1/10/1
6568,5992,Render,1,667.700,36.626421400,36.626436000,36.626791500,36.627459200,1/10/1
6568,5992,Render,1,667.600,30.378204200,30.378267700,30.378267700,30.378935300,1/10/1
6568,5992,Render,1,667.500,23.650313500,23.650327400,23.650659900,23.651327400,1/10/1
6568,5992,Render,1,667.300,37.673370500,37.673392200,37.673392200,37.674059500,1/10/1
6568,5992,Render,1,667.100,23.692825900,23.692839000,23.693164800,23.693831900,1/10/1
6568,5992,Render,1,667.000,26.462830100,26.462848200,26.463191300,26.463858300,1/10/1
6568,5992,Render,1,667.000,26.505731400,26.505749500,26.506079900,26.506746900,1/10/1
6568,5992,Render,1,666.900,26.376622100,26.376635400,26.376969700,26.377636600,1/10/1
6568,4612,Render,1,666.700,22.020988200,22.021039300,22.021039300,22.021706000,1/1/1
6568,5992,Render,1,666.700,26.076256700,26.076271200,26.076612900,26.077279600,1/10/1
6568,5992,Render,1,666.600,26.591814800,26.591835600,26.592149200,26.592815800,1/10/1
6568,5992,Render,1,666.200,36.441830000,36.441856900,36.441856900,36.442523100,1/10/1
6568,5992,Render,1,666.200,36.716906600,36.716919500,36.717240500,36.717906700,1/10/1
6568,5992,Render,1,666.100,36.580738400,36.580764200,36.581094000,36.581760100,1/10/1
6568,5992,Render,1,665.900,26.119873900,26.119887000,26.120226300,26.120892200,1/10/1
6568,5992,Render,1,665.900,26.722492100,26.722505500,26.722841100,26.723507000,1/10/1
6568,4612,Render,1,665.800,29.452425800,29.452469300,29.452469300,29.453135100,1/1/1
6568,5992,Render,1,665.500,33.672177600,33.672198100,33.672198100,33.672863600,1/10/1
6568,5992,Render,1,665.100,29.078553100,29.078569600,29.078898500,29.079563600,1/10/1
6568,5992,Render,1,665.100,30.189603100,30.189624600,30.189624600,30.190289700,1/10/1
6568,5992,Render,1,665.000,29.587747400,29.587767800,29.587767800,29.588432800,1/10/1
6568,5992,Render,1,664.800,26.247553300,26.247566300,26.247891400,26.248556200,1/10/1
6568,5992,Render,1,664.600,26.202976500,26.202997600,26.203314500,26.203979100,1/10/1
6568,5992,Render,1,664.600,40.207788100,40.207808200,40.207808200,40.208472800,1/10/1
6568,5992,Render,1,664.400,28.980311500,28.980377500,28.980377500,28.981041900,1/10/1
6568,5992,Render,1,664.400,40.350024100,40.350043600,40.350043600,40.350708000,1/10/1
6568,5992,Render,1,664.100,26.334314800,26.334333200,26.334668800,26.335332900,1/10/1
6568,5992,Render,1,664.100,29.630257000,29.630272900,29.630272900,29.630937000,1/10/1
6568,5992,Render,1,664.000,25.903944900,25.903960200,25.904280600,25.904944600,1/10/1
6568,4612,Render,1,663.600,35.809084000,35.809128000,35.809128000,35.809791600,1/1/1
6568,4612,Render,1,663.200,26.636635000,26.636648700,26.636648700,26.637311900,1/1/1
6568,4612,Render,1,662.800,26.681141300,26.681152000,26.681152000,26.681814800,1/1/1
6568,5992,Render,1,662.800,28.546902700,28.546960300,28.546960300,28.547623100,1/10/1
6568,5992,Render,1,662.400,36.161652300,36.161667200,36.161667200,36.162329600,1/10/1
6568,5992,Render,1,662.000,36.670030900,36.670056900,36.670396100,36.671058100,1/10/1
6568,4612,Render,1,661.700,25.631519900,25.631574700,25.631574700,25.632236400,1/1/1
6568,5992,Render,1,661.500,33.294315600,33.294335500,33.294670300,33.295331800,1/10/1
6568,5992,Render,1,661.400,26.031432100,26.031457600,26.031790200,26.032451600,1/10/1
6568,5992,Render,1,661.400,26.634523700,26.634552900,26.634873500,26.635534900,1/10/1
6568,5992,Render,1,661.300,40.393365700,40.393388100,40.393701000,40.394362300,1/10/1
6568,4612,Render,1,661.300,40.528236200,40.528252600,40.528643200,40.529304500,1/1/1
6568,5992,Render,1,661.100,36.892638400,36.892651700,36.892984900,36.893646000,1/10/1
6568,5992,Render,1,661.100,40.009343400,40.009369400,40.009652100,40.010313200,1/10/1
6568,5992,Render,1,660.900,36.797344900,36.797393700,36.797393700,36.798054600,1/10/1
6568,5992,Render,1,660.900,40.348157100,40.348170500,40.348510500,40.349171400,1/10/1
6568,5992,Render,1,660.800,32.691799400,32.691818300,32.692118900,32.692779700,1/10/1
6568,5992,Render,1,660.500,29.529228100,29.529287400,29.529287400,29.529947900,1/10/1
6568,4612,Render,1,660.500,39.147568300,39.147582500,39.147582500,39.148243000,1/1/1
6568,5992,Render,1,660.300,27.993760900,27.993778900,27.994096500,27.994756800,1/10/1
6568,5992,Render,1,660.100,23.377508600,23.377553700,23.377553700,23.378213800,1/10/1
6568,5992,Render,1,660.100,41.777326800,41.777340500,41.777679200,41.778339300,1/10/1
6568,5992,Render,1,660.000,32.822609400,32.822623300,32.822988600,32.823648600,1/10/1
6568,5992,Render,1,659.900,29.210154800,29.210174200,29.210489500,29.211149400,1/10/1
6568,5992,Render,1,659.700,31.254028300,31.254049000,31.254049000,31.254708700,1/10/1
6568,5992,Render,1,659.500,26.279317900,26.279393100,26.279393100,26.280052600,1/10/1
6568,5992,Render,1,659.300,40.655220200,40.655238100,40.655579800,40.656239100,1/10/1
6568,5992,Render,1,659.200,40.795620900,40.795634200,40.795968400,40.796627600,1/10/1
6568,5992,Render,1,659.100,37.415144300,37.415158400,37.415432000,37.416091100,1/10/1
6568,5992,Render,1,659.000,30.624620300,30.624636900,30.624941200,30.625600200,1/10/1
6568,5992,Render,1,658.900,40.927534500,40.927560700,40.927889200,40.928548100,1/10/1
6568,5992,Render,1,658.800,32.649652800,32.649672200,32.649999900,32.650658700,1/10/1
6568,5992,Render,1,658.700,24.089042700,24.089060700,24.089398700,24.090057400,1/10/1
6568,5992,Render,1,658.600,39.754326300,39.754343300,39.754641000,39.755299600,1/10/1
6568,5992,Render,1,658.500,38.411741100,38.411789500,38.411789500,38.412448000,1/10/1
6568,5992,Render,1,658.300,36.852482100,36.852498900,36.852823500,36.853481800,1/10/1
6568,5992,Render,1,658.200,32.471560500,32.471573700,32.471896600,32.472554800,1/10/1
6568,5992,Render,1,658.200,35.357751500,35.357765200,35.358105200,35.358763400,1/10/1
6568,5992,Render,1,658.100,32.599683900,32.599697100,32.600030500,32.600688600,1/10/1
6568,5992,Render,1,657.900,26.378557700,26.378584300,26.378584300,26.379242200,1/10/1
6568,5992,Render,1,657.900,40.523254900,40.523269100,40.523609700,40.524267600,1/10/1
6568,5992,Render,1,657.700,22.762972600,22.763051700,22.763051700,22.763709400,1/10/1
6568,5992,Render,1,657.400,29.296292300,29.296309400,29.296664600,29.297322000,1/10/1
6568,5992,Render,1,657.200,25.661843500,25.661902400,25.661902400,25.662559600,1/10/1
6568,5992,Render,1,657.100,26.159542700,26.159566800,26.159887100,26.160544200,1/10/1
6568,5992,Render,1,657.000,32.279480900,32.279494800,32.279832400,32.280489400,1/10/1
6568,5992,Render,1,656.800,23.443140100,23.443158500,23.443494800,23.444151600,1/10/1
6568,5992,Render,1,656.800,36.120744200,36.120763600,36.120763600,36.121420400,1/10/1
6568,5992,Render,1,656.400,32.382422300,32.382440400,32.382786300,32.383442700,1/10/1
6568,5992,Render,1,656.300,31.580392400,31.580406100,31.580750200,31.581406500,1/10/1
6568,4612,BLT,1,656.100,24.782280200,24.782300400,24.782851600,24.783507700,1/1/1
6568,5992,Render,1,656.100,25.579670700,25.579716000,25.579716000,25.580372100,1/10/1
6568,5992,Render,1,656.100,39.877837300,39.877864700,39.878175200,39.878831300,1/10/1
6568,5992,Render,1,656.000,27.907562900,27.907584000,27.907584000,27.908240000,1/10/1
6568,5992,Render,1,656.000,29.163599500,29.163613400,29.163945800,29.164601800,1/10/1
6568,5992,Render,1,655.900,39.712976900,39.712993800,39.712993800,39.713649700,1/10/1
6568,5992,Render,1,655.900,40.610568300,40.610582200,40.610919000,40.611574900,1/10/1
6568,5992,Render,1,655.800,35.538365200,35.538378100,35.538713400,35.539369200,1/10/1
6568,4612,Render,1,655.700,25.182115400,25.182135600,25.182135600,25.182791300,1/1/1
6568,5992,Render,1,655.400,32.412747200,32.412791300,32.412791300,32.413446700,1/10/1
6568,5992,Render,1,655.400,40.479616700,40.479639900,40.480002500,40.480657900,1/10/1
6568,5992,Render,1,655.300,31.670491300,31.670505300,31.670835700,31.671491000,1/10/1
6568,4612,Render,1,655.100,33.440374900,33.440403800,33.440403800,33.441058900,1/1/1
6568,5992,Render,1,655.000,40.567620600,40.567633800,40.568004000,40.568659000,1/10/1
6568,5992,Render,1,654.900,32.512269000,32.512286200,32.512733800,32.513388700,1/10/1
6568,5992,Render,1,654.900,33.121651700,33.121665500,33.122001600,33.122656500,1/10/1
6568,5992,Render,1,654.900,41.735174200,41.735187900,41.735514000,41.736168900,1/10/1
6568,5992,Render,1,654.800,40.710483700,40.710497000,40.710827200,40.711482000,1/10/1
6568,5992,Render,1,654.700,31.850501800,31.850525200,31.850845700,31.851500400,1/10/1
6568,5992,Render,1,654.200,41.377135000,41.377153100,41.377498600,41.378152800,1/10/1
6568,5992,Render,1,654.000,32.335359300,32.335377400,32.335708900,32.336362900,1/10/1
6568,4612,Render,1,654.000,33.441132600,33.441177600,33.441177600,33.441831600,1/1/1
6568,5992,Render,1,654.000,41.546778700,41.546800800,41.547126000,41.547780000,1/10/1
6568,5992,Render,1,653.900,39.924383600,39.924401300,39.924742200,39.925396100,1/10/1
6568,5992,Render,1,653.900,40.886759200,40.886772600,40.887107000,40.887760900,1/10/1
6568,5992,Render,1,653.800,32.150523800,32.150536800,32.150846500,32.151500300,1/10/1
6568,4612,Render,1,653.700,33.713114300,33.713123600,33.713123600,33.713777300,1/1/1
6568,5992,Render,1,653.700,41.242191300,41.242211400,41.242542800,41.243196500,1/10/1
6568,5992,Render,1,653.600,41.421058600,41.421076400,41.421413800,41.422067400,1/10/1
6568,5992,Render,1,653.500,41.029814000,41.029831800,41.030202200,41.030855700,1/10/1
6568,5992,Render,1,653.500,41.118986400,41.119004900,41.119311100,41.119964600,1/10/1
6568,5992,Render,1,653.300,23.896107800,23.896162800,23.896162800,23.896816100,1/10/1
6568,5992,Render,1,653.300,31.538803600,31.538821300,31.539163700,31.539817000,1/10/1
6568,5992,Render,1,653.300,32.192826100,32.192839600,32.193180600,32.193833900,1/10/1
6568,5992,Render,1,653.200,32.021323100,32.021342900,32.021680000,32.022333200,1/10/1
6568,5992,Render,1,653.100,40.753477900,40.753491700,40.753822200,40.754475300,1/10/1
6568,5992,Render,1,653.000,22.332539400,22.332552600,22.332890000,22.333543000,1/10/1
6568,4612,Render,1,653.000,23.162707000,23.162733000,23.162733000,23.163386000,1/1/1
6568,4612,Render,1,653.000,29.755272000,29.755322500,29.755322500,29.755975500,1/1/1
6568,5992,Render,1,653.000,31.718148200,31.718161500,31.718498300,31.719151300,1/10/1
6568,5992,Render,1,652.900,31.937295300,31.937309000,31.937648800,31.938301700,1/10/1
6568,5992,Render,1,652.900,32.737303100,32.737316600,32.737650600,32.738303500,1/10/1
6568,5992,Render,1,652.900,33.036138600,33.036152100,33.036486500,33.037139400,1/10/1
6568,4612,Render,1,652.700,25.550290500,25.550345700,25.550345700,25.550998400,1/1/1
6568,5992,Render,1,652.700,26.161512700,26.161527300,26.161527300,26.162180000,1/10/1
6568,5992,Render,1,652.700,40.435611900,40.435629800,40.435966500,40.436619200,1/10/1
6568,5992,Render,1,652.600,26.550452200,26.550465800,26.550849400,26.551502000,1/10/1
6568,5992,Render,1,652.500,33.163402100,33.163415700,33.163770400,33.164422900,1/10/1
6568,5992,Render,1,652.500,39.312888400,39.312934700,39.312934700,39.313587200,1/10/1
6568,5992,Render,1,652.400,32.235415700,32.235434400,32.235773200,32.236425600,1/10/1
6568,5992,Render,1,652.300,41.649447800,41.649461400,41.649801900,41.650454200,1/10/1
6568,5992,Render,1,652.200,24.428324600,24.428338400,24.428692600,24.429344800,1/10/1
6568,5992,Render,1,652.200,28.991065800,28.991084100,28.991423000,28.992075200,1/10/1
6568,5992,Render,1,652.200,31.626240200,31.626268600,31.626581500,31.627233700,1/10/1
6568,5992,Render,1,652.100,23.227450400,23.227528500,23.227528500,23.228180600,1/10/1
6568,5992,Render,1,652.100,29.122601000,29.122614500,29.122956700,29.123608800,1/10/1
6568,4612,Render,1,652.100,33.343842000,33.343877200,33.343877200,33.344529300,1/1/1
6568,5992,Render,1,652.100,40.304865700,40.304879400,40.305221000,40.305873100,1/10/1
6568,4612,Render,1,652.000,31.342592700,31.342613200,31.342613200,31.343265200,1/1/1
6568,5992,Render,1,652.000,32.866293400,32.866312400,32.866631100,32.867283100,1/10/1
6568,5992,Render,1,652.000,39.836777900,39.836791900,39.837132100,39.837784100,1/10/1
6568,5992,Render,1,651.900,27.639131000,27.639144600,27.639482500,27.640134400,1/10/1
6568,5992,Render,1,651.900,39.966426700,39.966444400,39.966782500,39.967434400,1/10/1
6568,5992,Render,1,651.900,41.073481000,41.073494400,41.073824800,41.074476700,1/10/1
6568,5992,Render,1,651.700,28.787582300,28.787598200,28.787598200,28.788249900,1/10/1
6568,5992,Render,1,651.700,41.503291100,41.503312800,41.503617100,41.504268800,1/10/1
6568,4612,Render,1,651.600,29.794550000,29.794563300,29.794957500,29.795609100,1/1/1
6568,5992,Render,1,651.600,32.950665900,32.950679100,32.951017400,32.951669000,1/10/1
6568,4612,Render,1,651.600,41.246346200,41.246366600,41.246366600,41.247018200,1/1/1
6568,5992,Render,1,651.600,41.779160300,41.779182000,41.779182000,41.779833600,1/10/1
6568,5992,Render,1,651.500,32.556828500,32.556842600,32.557201900,32.557853400,1/10/1
6568,5992,Render,1,651.400,38.161993200,38.162041500,38.162041500,38.162692900,1/10/1
6568,5992,Render,1,651.400,41.605151200,41.605178100,41.605494500,41.606145900,1/10/1
6568,5992,Render,1,651.100,32.992681500,32.992704000,32.993024000,32.993675100,1/10/1
6568,5992,Render,1,650.800,22.426416300,22.426436400,22.426764300,22.427415100,1/10/1
6568,5992,Render,1,650.800,31.893521500,31.893564600,31.893858900,31.894509700,1/10/1
6568,5992,Render,1,650.800,40.052442100,40.052471800,40.052774800,40.053425600,1/10/1
6568,5992,Render,1,650.700,22.248519400,22.248544000,22.248874500,22.249525200,1/10/1
6568,5992,Render,1,650.700,22.471433200,22.471446100,22.471776500,22.472427200,1/10/1
6568,4612,Render,1,650.700,26.080327500,26.080346900,26.080346900,26.080997600,1/1/1
6568,5992,Render,1,650.700,36.807966800,36.807981100,36.808349600,36.809000300,1/10/1
6568,5992,Render,1,650.600,23.958803500,23.958816900,23.959151600,23.959802200,1/10/1
6568,5992,Render,1,650.500,25.719092500,25.719105600,25.719445300,25.720095800,1/10/1
6568,5992,Render,1,650.500,39.792797400,39.792811500,39.793156200,39.793806700,1/10/1
6568,5992,Render,1,650.300,30.276484200,30.276501700,30.276833500,30.277483800,1/10/1
6568,4612,Render,1,650.200,36.077981800,36.078082400,36.078625200,36.079275400,1/1/1
6568,5992,Render,1,650.100,22.375571100,22.375584400,22.375920400,22.376570500,1/10/1
6568,5992,Render,1,650.000,36.978933200,36.978946200,36.979288300,36.979938300,1/10/1
6568,5992,Render,1,650.000,40.528299400,40.528313900,40.528313900,40.528963900,1/10/1
6568,5992,Render,1,649.900,39.708669800,39.708683300,39.709026800,39.709676700,1/10/1
6568,5992,Render,1,649.800,24.002419300,24.002432800,24.002764800,24.003414600,1/10/1
6568,5992,Render,1,649.800,41.158946800,41.158965800,41.159284200,41.159934000,1/10/1
6568,5992,Render,1,649.700,25.777086600,25.777100200,25.777432300,25.778082000,1/10/1
6568,5992,Render,1,649.400,22.291148400,22.291166600,22.291510300,22.292159700,1/10/1
6568,5992,Render,1,649.400,24.512058700,24.512085300,24.512518000,24.513167400,1/10/1
6568,5992,Render,1,649.400,25.548226000,25.548239300,25.548589300,25.549238700,1/10/1
6568,5992,Render,1,649.100,22.061580300,22.061593900,22.061926300,22.062575400,1/10/1
6568,5992,Render,1,649.100,35.399038900,35.399052100,35.399393300,35.400042400,1/10/1
6568,5992,Render,1,648.900,37.585688200,37.585702200,37.586034900,37.586683800,1/10/1
6568,4612,Render,1,648.400,40.397621300,40.397703400,40.397703400,40.398351800,1/1/1
6568,5992,Render,1,648.300,35.942862100,35.942875700,35.943213300,35.943861600,1/10/1
6568,5992,Render,1,648.200,41.285409900,41.285423600,41.285793900,41.286442100,1/10/1
6568,5992,Render,1,648.000,26.945238800,26.945254600,26.945573100,26.946221100,1/10/1
6568,5992,Render,1,648.000,32.106389800,32.106413400,32.106740600,32.107388600,1/10/1
6568,5992,Render,1,648.000,40.843205400,40.843238800,40.843546500,40.844194500,1/10/1
6568,5992,Render,1,647.900,28.162148700,28.162192000,28.162192000,28.162839900,1/10/1
6568,5992,Render,1,647.800,29.038028400,29.038046400,29.038393200,29.039041000,1/10/1
6568,5992,Render,1,647.700,24.702226000,24.702243800,24.702587100,24.703234800,1/10/1
6568,5992,Render,1,647.700,29.253079100,29.253105000,29.253422300,29.254070000,1/10/1
6568,4612,Render,1,647.600,23.258868500,23.258936700,23.258936700,23.259584300,1/1/1
6568,4612,Render,1,647.400,31.540899700,31.540942400,31.540942400,31.541589800,1/1/1
6568,5992,Render,1,647.200,25.329456400,25.329469600,25.329843100,25.330490300,1/10/1
6568,5992,Render,1,647.200,36.439907400,36.439921200,36.440268000,36.440915200,1/10/1
6568,5992,Render,1,647.000,30.402377600,30.402391800,30.402716300,30.403363300,1/10/1
6568,5992,Render,1,647.000,33.612029600,33.612074100,33.612074100,33.612721100,1/10/1
6568,5992,Render,1,647.000,35.898401200,35.898420500,35.898748900,35.899395900,1/10/1
6568,4612,Render,1,646.900,29.451699400,29.451720000,29.451720000,29.452366900,1/1/1
6568,5992,Render,1,646.800,24.556383500,24.556397100,24.556737600,24.557384400,1/10/1
6568,5992,Render,1,646.600,37.195855300,37.195869300,37.196206300,37.196852900,1/10/1
6568,5992,Render,1,646.600,41.691592000,41.691606100,41.691952700,41.692599300,1/10/1
6568,5992,Render,1,646.500,24.470941600,24.470955100,24.471290400,24.471936900,1/10/1
6568,5992,Render,1,646.500,29.971573600,29.971594400,29.971594400,29.972240900,1/10/1
6568,5992,Render,1,646.300,36.391858100,36.391870800,36.392202500,36.392848800,1/10/1
6568,5992,Render,1,646.200,36.297822400,36.297836100,36.298177500,36.298823700,1/10/1
6568,5992,Render,1,646.000,23.486032900,23.486046200,23.486422800,23.487068800,1/10/1
6568,4612,Render,1,646.000,25.288173900,25.288228800,25.288228800,25.288874800,1/1/1
6568,5992,Render,1,646.000,33.846458700,33.846473900,33.846473900,33.847119900,1/10/1
6568,5992,Render,1,645.900,21.848800700,21.848819200,21.849118300,21.849764200,1/10/1
6568,4612,Render,1,645.900,27.712595000,27.712685800,27.712685800,27.713331700,1/1/1
6568,5992,Render,1,645.900,33.252528400,33.252547600,33.252902600,33.253548500,1/10/1
6568,5992,Render,1,645.800,24.260317900,24.260335800,24.260675000,24.261320800,1/10/1
6568,5992,Render,1,645.400,31.293704900,31.293717500,31.294050300,31.294695700,1/10/1
6568,5992,Render,1,645.400,36.483766300,36.483784500,36.484105200,36.484750600,1/10/1
6568,5992,Render,1,645.300,27.032120000,27.032133300,27.032469400,27.033114700,1/10/1
6568,5992,Render,1,645.200,22.116637100,22.116656700,22.116985200,22.117630400,1/10/1
6568,5992,Render,1,645.200,36.075085600,36.075098900,36.075413600,36.076058800,1/10/1
6568,5992,Render,1,645.100,22.644028500,22.644048900,22.644395500,22.645040600,1/10/1
6568,5992,Render,1,644.900,35.987366400,35.987383600,35.987723200,35.988368100,1/10/1
6568,5992,Render,1,644.800,23.399967300,23.399981000,23.400322000,23.400966800,1/10/1
6568,5992,Render,1,644.700,24.220312400,24.220326700,24.220679000,24.221323700,1/10/1
6568,5992,Render,1,644.600,25.372875800,25.372889000,25.373215100,25.373859700,1/10/1
6568,5992,Render,1,644.600,26.776660900,26.776679200,26.776994300,26.777638900,1/10/1
6568,5992,Render,1,644.600,37.067957500,37.067971300,37.068307000,37.068951600,1/10/1
6568,5992,Render,1,644.600,37.239719400,37.239732900,37.240068100,37.240712700,1/10/1
6568,5992,Render,1,644.500,22.206316400,22.206334600,22.206620900,22.207265400,1/10/1
6568,5992,Render,1,644.500,26.989813900,26.989833500,26.990152700,26.990797200,1/10/1
6568,4612,Render,1,644.500,27.236218500,27.236273700,27.236273700,27.236918200,1/1/1
6568,5992,Render,1,644.500,34.016337000,34.016359000,34.016667000,34.017311500,1/10/1
6568,5992,Render,1,644.500,37.542936800,37.542951000,37.543291000,37.543935500,1/10/1
6568,5992,Render,1,644.300,23.303903400,23.303917200,23.304254700,23.304899000,1/10/1
6568,5992,Render,1,644.300,36.252735700,36.252749100,36.253088100,36.253732400,1/10/1
6568,5992,Render,1,644.200,38.228603300,38.228647100,38.228647100,38.229291300,1/10/1
6568,5992,Render,1,644.100,22.732497100,22.732522200,22.732838900,22.733483000,1/10/1
6568,5992,Render,1,644.100,31.628321300,31.628342600,31.628342600,31.628986700,1/10/1
6568,5992,Render,1,644.100,37.373553700,37.373572000,37.373907000,37.374551100,1/10/1
6568,5992,Render,1,643.800,25.418611600,25.418631500,25.418896000,25.419539800,1/10/1
6568,5992,Render,1,643.800,25.506029800,25.506048600,25.506387900,25.507031700,1/10/1
6568,5992,Render,1,643.800,36.210177400,36.210191600,36.210519800,36.211163600,1/10/1
6568,5992,Render,1,643.800,36.936852600,36.936870800,36.937203700,36.937847500,1/10/1
6568,5992,Render,1,643.700,24.599588400,24.599601500,24.599943400,24.600587100,1/10/1
6568,5992,Render,1,643.700,25.462199900,25.462226500,25.462529800,25.463173500,1/10/1
6568,5992,Render,1,643.600,25.766620200,25.766665500,25.766665500,25.767309100,1/10/1
6568,5992,Render,1,643.500,22.514249000,22.514266700,22.514664100,22.515307600,1/10/1
6568,5992,Render,1,643.500,36.529292500,36.529307000,36.529743400,36.530386900,1/10/1
6568,5992,Render,1,643.400,22.558157200,22.558170700,22.558516700,22.559160100,1/10/1
6568,5992,Render,1,643.400,24.342606600,24.342620400,24.342956800,24.343600200,1/10/1
6568,5992,Render,1,643.400,24.870676800,24.870690600,24.871029600,24.871673000,1/10/1
6568,5992,Render,1,643.400,36.350622700,36.350640700,36.350964500,36.351607900,1/10/1
6568,5992,Render,1,643.300,26.860872300,26.860890000,26.861230100,26.861873400,1/10/1
6568,5992,Render,1,643.200,22.817420700,22.817434900,22.817769000,22.818412200,1/10/1
6568,5992,Render,1,643.200,37.023369500,37.023389700,37.023720000,37.024363200,1/10/1
6568,5992,Render,1,643.100,25.590237900,25.590251700,25.590593900,25.591237000,1/10/1
6568,5992,Render,1,643.000,21.891101500,21.891115000,21.891447000,21.892090000,1/10/1
6568,5992,Render,1,643.000,25.083834400,25.083847900,25.084178200,25.084821200,1/10/1
6568,4612,Render,1,643.000,38.011364800,38.011386100,38.011386100,38.012029100,1/1/1
6568,5992,Render,1,642.900,37.154444000,37.154457300,37.154800100,37.155443000,1/10/1
6568,5992,Render,1,642.800,37.112053000,37.112066400,37.112396300,37.113039100,1/10/1
6568,5992,Render,1,642.700,25.820195300,25.820214000,25.820521400,25.821164100,1/10/1
6568,5992,Render,1,642.600,25.040870700,25.040884200,25.041217500,25.041860100,1/10/1
6568,5992,Render,1,642.400,37.501559000,37.501576800,37.501913400,37.502555800,1/10/1
6568,5992,Render,1,642.300,31.252140800,31.252161600,31.252503500,31.253145800,1/10/1
6568,5992,Render,1,642.300,40.379249400,40.379301200,40.379301200,40.379943500,1/10/1
6568,4612,Render,1,642.100,23.165206500,23.165220500,23.165220500,23.165862600,1/1/1
6568,4612,Render,1,642.100,27.291433800,27.291502200,27.291502200,27.292144300,1/1/1
6568,5992,Render,1,642.000,24.956474900,24.956488500,24.956822500,24.957464500,1/10/1
6568,5992,Render,1,641.900,24.741247500,24.741268700,24.741585900,24.742227800,1/10/1
6568,5992,Render,1,641.900,41.460653500,41.460675500,41.461020100,41.461662000,1/10/1
6568,5992,Render,1,641.800,22.600908100,22.600926300,22.601259300,22.601901100,1/10/1
6568,5992,Render,1,641.800,24.641030000,24.641056100,24.641355000,24.641996800,1/10/1
6568,5992,Render,1,641.700,22.859809900,22.859823400,22.860118200,22.860759900,1/10/1
6568,5992,Render,1,641.700,25.464020800,25.464036000,25.464036000,25.464677700,1/10/1
6568,5992,Render,1,641.700,36.033466800,36.033475700,36.033847500,36.034489200,1/10/1
6568,4612,Render,1,641.500,22.863959500,22.863992300,22.863992300,22.864633800,1/1/1
6568,5992,Render,1,641.500,24.303900500,24.303919300,24.304253800,24.304895300,1/10/1
6568,5992,Render,1,641.500,40.828917100,40.828965700,40.828965700,40.829607200,1/10/1
6568,5992,Render,1,641.300,25.331343700,25.331363500,25.331363500,25.332004800,1/10/1
6568,5992,Render,1,641.300,27.376720100,27.376736200,27.377061900,27.377703200,1/10/1
6568,5992,Render,1,641.200,37.458096600,37.458110800,37.458449500,37.459090700,1/10/1
6568,5992,Render,1,641.100,23.865576000,23.865602200,23.865952100,23.866593200,1/10/1
6568,5992,Render,1,641.100,27.083988000,27.084001600,27.084347600,27.084988700,1/10/1
6568,5992,Render,1,640.800,30.896251800,30.896273500,30.896591400,30.897232200,1/10/1
6568,5992,Render,1,640.800,37.332057100,37.332070600,37.332403100,37.333043900,1/10/1
6568,4612,Render,1,640.800,41.463015800,41.463032100,41.463032100,41.463672900,1/1/1
6568,5992,Render,1,640.500,30.144199700,30.144217600,30.144540100,30.145180600,1/10/1
6568,5992,Render,1,640.500,36.118873900,36.118892600,36.119227400,36.119867900,1/10/1
6568,4612,Render,1,640.300,34.937998800,34.938019900,34.938019900,34.938660200,1/1/1
6568,5992,Render,1,640.200,22.773834700,22.773859300,22.774216400,22.774856600,1/10/1
6568,5992,Render,1,640.200,23.906754800,23.906773800,23.907079900,23.907720100,1/10/1
6568,4612,Render,1,640.100,33.630604300,33.630688500,33.630688500,33.631328600,1/1/1
6568,5992,Render,1,640.000,23.127461400,23.127542000,23.127542000,23.128182000,1/10/1
6568,5992,Render,1,639.900,24.999001800,24.999015200,24.999345900,24.999985800,1/10/1
6568,5992,Render,1,639.800,24.132066700,24.132086400,24.132435200,24.133075000,1/10/1
6568,5992,Render,1,639.200,26.821497500,26.821520200,26.821855600,26.822494800,1/10/1
6568,5992,Render,1,639.100,26.421286200,26.421304100,26.421632900,26.422272000,1/10/1
6568,5992,Render,1,639.000,30.230820300,30.230833100,30.231158600,30.231797600,1/10/1
6568,5992,Render,1,638.600,23.162388100,23.162408100,23.162408100,23.163046700,1/10/1
6568,5992,Render,1,638.600,31.078712800,31.078726300,31.079064700,31.079703300,1/10/1
6568,5992,Render,1,638.500,31.121909400,31.121923000,31.122258500,31.122897000,1/10/1
6568,5992,Render,1,638.400,30.187799500,30.187813100,30.188151600,30.188790000,1/10/1
6568,5992,Render,1,638.400,35.808800100,35.808815100,35.808815100,35.809453500,1/10/1
6568,5992,Render,1,638.000,36.254659400,36.254680700,36.254680700,36.255318700,1/10/1
6568,5992,Render,1,637.900,25.629446900,25.629460100,25.629821300,25.630459200,1/10/1
6568,5992,Render,1,637.800,38.180494100,38.180509200,38.180509200,38.181147000,1/10/1
6568,5992,Render,1,637.700,39.454558800,39.454578400,39.454578400,39.455216100,1/10/1
6568,5992,Render,1,637.600,31.163043400,31.163060100,31.163543600,31.164181200,1/10/1
6568,5992,Render,1,637.500,23.777728100,23.777765300,23.777765300,23.778402800,1/10/1
6568,5992,Render,1,637.500,30.457662600,30.457686900,30.458018800,30.458656300,1/10/1
6568,5992,Render,1,637.500,31.209272700,31.209291600,31.209600600,31.210238100,1/10/1
6568,5992,Render,1,637.500,38.528888400,38.528908000,38.529206700,38.529844200,1/10/1
6568,5992,Render,1,637.400,22.688344600,22.688363200,22.688702300,22.689339700,1/10/1
6568,5992,Render,1,637.300,27.235923600,27.235943300,27.235943300,27.236580600,1/10/1
6568,5992,Render,1,637.000,24.826842700,24.826869600,24.827190100,24.827827100,1/10/1
6568,5992,Render,1,636.900,23.354863100,23.354891900,23.355199400,23.355836300,1/10/1
6568,5992,Render,1,636.900,29.668039300,29.668063100,29.668403100,29.669040000,1/10/1
6568,4612,Render,1,636.800,29.352640400,29.352696000,29.352696000,29.353332800,1/1/1
6568,5992,Render,1,636.800,30.992530800,30.992548400,30.992876600,30.993513400,1/10/1
6568,4612,Render,1,636.800,40.257829600,40.257882800,40.257882800,40.258519600,1/1/1
6568,5992,Render,1,636.700,23.177430800,23.177519700,23.177519700,23.178156400,1/10/1
6568,4612,Render,1,636.600,25.241292800,25.241346300,25.241346300,25.241982900,1/1/1
6568,5992,Render,1,636.400,30.849937600,30.849951000,30.850289500,30.850925900,1/10/1
6568,5992,Render,1,636.400,38.128314500,38.128331400,38.128331400,38.128967800,1/10/1
6568,5992,Render,1,636.100,29.969721000,29.969734600,29.970070400,29.970706500,1/10/1
6568,5992,Render,1,636.100,38.428281500,38.428357300,38.428357300,38.428993400,1/10/1
6568,4612,Render,1,636.100,41.202295600,41.202336500,41.202336500,41.202972600,1/1/1
6568,5992,Render,1,635.900,25.676405800,25.676419800,25.676761100,25.677397000,1/10/1
6568,5992,Render,1,635.900,29.753168100,29.753186100,29.753510900,29.754146800,1/10/1
6568,5992,Render,1,635.800,29.585937400,29.585952500,29.586272800,29.586908600,1/10/1
6568,5992,Render,1,635.700,28.654201100,28.654221700,28.654221700,28.654857400,1/10/1
6568,5992,Render,1,635.700,38.612928800,38.612950300,38.613257200,38.613892900,1/10/1
6568,5992,Render,1,635.600,41.121121300,41.121137500,41.121137500,41.121773100,1/10/1
6568,5992,Render,1,635.400,30.102538100,30.102551500,30.102890600,30.103526000,1/10/1
6568,4612,Render,1,635.400,36.582433000,36.582485500,36.582485500,36.583120900,1/1/1
6568,5992,Render,1,635.300,37.289278900,37.289297200,37.289645800,37.290281100,1/10/1
6568,5992,Render,1,635.300,37.769902600,37.769929900,37.769929900,37.770565200,1/10/1
6568,5992,Render,1,635.300,41.651346000,41.651365600,41.651365600,41.652000900,1/10/1
6568,5992,Render,1,635.200,26.292083200,26.292104900,26.292442800,26.293078000,1/10/1
6568,5992,Render,1,635.200,37.025238000,37.025256800,37.025256800,37.025892000,1/10/1
6568,5992,Render,1,635.100,33.972058200,33.972077700,33.972391500,33.973026600,1/10/1
6568,5992,Render,1,634.900,29.882692300,29.882717200,29.883056100,29.883691000,1/10/1
6568,5992,Render,1,634.800,30.541699800,30.541718300,30.542057300,30.542692100,1/10/1
6568,5992,Render,1,634.800,30.754584400,30.754598000,30.754931200,30.755566000,1/10/1
6568,5992,Render,1,634.700,23.277499100,23.277538500,23.277538500,23.278173200,1/10/1
6568,4612,Render,1,634.600,31.995426600,31.995514800,31.995514800,31.996149400,1/1/1
6568,5992,Render,1,634.300,27.595256500,27.595273700,27.595586700,27.596221000,1/10/1
6568,5992,Render,1,634.300,29.542806200,29.542825200,29.543116000,29.543750300,1/10/1
6568,5992,Render,1,634.200,31.036825900,31.036840000,31.037149000,31.037783200,1/10/1
6568,4612,Render,1,634.100,40.209824700,40.209870900,40.209870900,40.210505000,1/1/1
6568,5992,Render,1,633.900,28.428634400,28.428647800,28.428977200,28.429611100,1/10/1
6568,5992,Render,1,633.700,29.626287400,29.626308700,29.626631400,29.627265100,1/10/1
6568,5992,Render,1,633.700,30.582843300,30.582856400,30.583180600,30.583814300,1/10/1
6568,5992,Render,1,633.500,39.408897600,39.408910700,39.409221800,39.409855300,1/10/1
6568,5992,Render,1,633.400,30.054999500,30.055012600,30.055337200,30.055970600,1/10/1
6568,5992,Render,1,633.400,41.737036300,41.737056900,41.737056900,41.737690300,1/10/1
6568,5992,Render,1,633.200,29.791556900,29.791581800,29.791926500,29.792559700,1/10/1
6568,5992,Render,1,633.100,30.499375400,30.499393400,30.499753400,30.500386500,1/10/1
6568,4612,Render,1,633.000,22.603296000,22.603342100,22.603342100,22.603975100,1/1/1
6568,5992,Render,1,632.900,30.805493600,30.805505000,30.805854000,30.806486900,1/10/1
6568,4612,Render,1,632.800,32.601737300,32.601805800,32.601805800,32.602438600,1/1/1
6568,4612,Render,1,632.600,27.378874700,27.378920800,27.378920800,27.379553400,1/1/1
6568,5992,Render,1,632.600,29.709511400,29.709530600,29.709863100,29.710495700,1/10/1
6568,5992,Render,1,632.400,30.318463400,30.318481000,30.318835700,30.319468100,1/10/1
6568,5992,Render,1,632.300,39.669405100,39.669427700,39.669427700,39.670060000,1/10/1
6568,5992,Render,1,631.900,30.667173500,30.667197000,30.667516500,30.668148400,1/10/1
6568,4612,Render,1,631.900,33.212630100,33.212648900,33.212648900,33.213280800,1/1/1
6568,5992,Render,1,631.800,23.259359900,23.259392100,23.259392100,23.260023900,1/10/1
6568,5992,Render,1,631.800,39.280290600,39.280306900,39.280600800,39.281232600,1/10/1
6568,4612,Render,1,631.700,23.115485900,23.115500400,23.115500400,23.116132100,1/1/1
6568,5992,Render,1,631.600,29.925729600,29.925755700,29.926075000,29.926706600,1/10/1
6568,4612,Render,1,631.500,36.879543900,36.879564000,36.879564000,36.880195500,1/1/1
6568,5992,Render,1,631.300,28.868040600,28.868060600,28.868388400,28.869019700,1/10/1
6568,5992,Render,1,631.300,38.572397700,38.572410500,38.572735800,38.573367100,1/10/1
6568,5992,Render,1,631.300,41.028358900,41.028371800,41.028371800,41.029003100,1/10/1
6568,5992,Render,1,631.100,39.493907900,39.493921600,39.494266000,39.494897100,1/10/1
6568,5992,Render,1,630.800,23.110330600,23.110360700,23.110360700,23.110991500,1/10/1
6568,5992,Render,1,630.800,38.741692700,38.741706900,38.742050700,38.742681500,1/10/1
6568,5992,Render,1,630.700,38.879168600,38.879202700,38.879664600,38.880295300,1/10/1
6568,5992,Render,1,630.200,28.742548600,28.742562300,28.742894500,28.743524700,1/10/1
6568,5992,Render,1,630.200,28.826046400,28.826065800,28.826354300,28.826984500,1/10/1
6568,5992,Render,1,630.000,38.396320700,38.396334700,38.396671400,38.397301400,1/10/1
6568,4612,Render,1,629.900,23.161904700,23.161967100,23.161967100,23.162597000,1/1/1
6568,4612,Render,1,629.900,30.501547400,30.501607600,30.501607600,30.502237500,1/1/1
6568,5992,Render,1,629.900,34.628776000,34.628803200,34.628803200,34.629433100,1/10/1
6568,5992,Render,1,629.900,39.622437800,39.622451500,39.622783300,39.623413200,1/10/1
6568,5992,Render,1,629.800,35.061024800,35.061042600,35.061377900,35.062007700,1/10/1
6568,5992,Render,1,629.700,28.652327800,28.652341200,28.652679400,28.653309100,1/10/1
6568,5992,Render,1,629.600,28.909001600,28.909014700,28.909353600,28.909983200,1/10/1
6568,5992,Render,1,629.500,33.343544500,33.343563900,33.343563900,33.344193400,1/10/1
6568,5992,Render,1,629.500,38.310968300,38.310981700,38.311324100,38.311953600,1/10/1
6568,5992,Render,1,629.500,39.052544400,39.052557400,39.052892700,39.053522200,1/10/1
6568,5992,Render,1,629.500,39.094236500,39.094249500,39.094577400,39.095206900,1/10/1
6568,5992,Render,1,629.300,33.444400800,33.444417300,33.444417300,33.445046600,1/10/1
6568,5992,Render,1,629.200,27.421111900,27.421129900,27.421472700,27.422101900,1/10/1
6568,5992,Render,1,629.200,28.345367000,28.345386300,28.345712600,28.346341800,1/10/1
6568,5992,Render,1,629.000,28.259949400,28.259967400,28.260257800,28.260886800,1/10/1
6568,5992,Render,1,628.900,28.011397300,28.011419400,28.011419400,28.012048300,1/10/1
6568,5992,Render,1,628.900,28.557288600,28.557302600,28.557614300,28.558243200,1/10/1
6568,4612,Render,1,628.800,25.512917300,25.512937600,25.512937600,25.513566400,1/1/1
6568,5992,Render,1,628.800,27.692149500,27.692163300,27.692504500,27.693133300,1/10/1
6568,5992,Render,1,628.800,28.516056700,28.516074600,28.516419900,28.517048700,1/10/1
6568,5992,Render,1,628.700,38.966450500,38.966464000,38.966841600,38.967470300,1/10/1
6568,5992,Render,1,628.600,38.176504500,38.176518200,38.176855800,38.177484400,1/10/1
6568,4612,Render,1,628.500,24.828890600,24.828898400,24.828898400,24.829526900,1/1/1
6568,5992,Render,1,628.500,28.301893600,28.301911500,28.302242900,28.302871400,1/10/1
6568,4612,Render,1,628.400,30.245521100,30.245544400,30.245544400,30.246172800,1/1/1
6568,5992,Render,1,628.300,38.699469500,38.699482900,38.699815700,38.700444000,1/10/1
6568,5992,Render,1,628.200,27.462203400,27.462221700,27.462689100,27.463317300,1/10/1
6568,5992,Render,1,628.200,39.538237600,39.538251100,39.538585800,39.539214000,1/10/1
6568,5992,Render,1,628.000,27.776616100,27.776636000,27.776936800,27.777564800,1/10/1
6568,4612,Render,1,628.000,32.739393100,32.739442000,32.739442000,32.740070000,1/1/1
6568,5992,Render,1,628.000,34.976864100,34.976877800,34.977212100,34.977840100,1/10/1
6568,5992,Render,1,627.900,38.487650800,38.487664200,38.488006100,38.488634000,1/10/1
6568,4612,Render,1,627.800,23.781119600,23.781141000,23.781141000,23.781768800,1/1/1
6568,5992,Render,1,627.700,38.225281800,38.225295300,38.225630400,38.226258100,1/10/1
6568,5992,Render,1,627.600,29.498041500,29.498060300,29.498391900,29.499019500,1/10/1
6568,5992,Render,1,627.500,28.039466600,28.039480500,28.039820500,28.040448000,1/10/1
6568,5992,Render,1,627.500,34.709098800,34.709116900,34.709460100,34.710087600,1/10/1
6568,4612,Render,1,627.500,37.816832500,37.816860700,37.816860700,37.817488200,1/1/1
6568,5992,Render,1,627.400,38.655636000,38.655656800,38.655981700,38.656609100,1/10/1
6568,5992,Render,1,627.400,39.325417100,39.325431100,39.325761400,39.326388800,1/10/1
6568,4612,Render,1,627.300,23.262156500,23.262170000,23.262170000,23.262797300,1/1/1
6568,5992,Render,1,627.300,27.905704000,27.905717500,27.906051200,27.906678500,1/10/1
6568,5992,Render,1,627.300,28.218045400,28.218071800,28.218408800,28.219036100,1/10/1
6568,5992,Render,1,627.200,39.452649000,39.452662300,39.452979700,39.453606900,1/10/1
6568,5992,Render,1,627.100,28.086940700,28.086954700,28.087291000,28.087918100,1/10/1
6568,5992,Render,1,626.900,39.009203400,39.009217200,39.009559400,39.010186300,1/10/1
6568,4612,Render,1,626.800,29.979550000,29.979566400,29.979566400,29.980193200,1/1/1
6568,5992,Render,1,626.800,37.926727500,37.926741300,37.927086100,37.927712900,1/10/1
6568,5992,Render,1,626.800,37.969712200,37.969731400,37.970058400,37.970685200,1/10/1
6568,5992,Render,1,626.800,39.238867700,39.238882200,39.239219800,39.239846600,1/10/1
6568,5992,Render,1,626.700,28.471512900,28.471526200,28.471857600,28.472484300,1/10/1
6568,5992,Render,1,626.600,27.948160500,27.948174600,27.948515000,27.949141600,1/10/1
6568,5992,Render,1,626.600,28.609223400,28.609237400,28.609577800,28.610204400,1/10/1
6568,4612,Render,1,626.400,25.131387800,25.131416200,25.131416200,25.132042600,1/1/1
6568,5992,Render,1,626.400,30.360442500,30.360456100,30.360822000,30.361448400,1/10/1
6568,5992,Render,1,626.200,28.785690800,28.785710200,28.786046000,28.786672200,1/10/1
6568,5992,Render,1,626.100,27.331000200,27.331013400,27.331387700,27.332013800,1/10/1
6568,5992,Render,1,626.100,27.735188000,27.735202100,27.735535500,27.736161600,1/10/1
6568,5992,Render,1,626.100,38.268023400,38.268036900,38.268368400,38.268994500,1/10/1
6568,5992,Render,1,626.100,38.783229400,38.783247500,38.783583800,38.784209900,1/10/1
6568,5992,Render,1,626.100,38.922865500,38.922879400,38.923219400,38.923845500,1/10/1
6568,5992,Render,1,625.900,38.007923700,38.007942300,38.008285500,38.008911400,1/10/1
6568,5992,Render,1,625.800,27.509042400,27.509067000,27.509402100,27.510027900,1/10/1
6568,5992,Render,1,625.800,39.240703700,39.240728000,39.240728000,39.241353800,1/10/1
6568,4612,Render,1,625.700,35.764565600,35.764588300,35.764588300,35.765214000,1/1/1
6568,5992,Render,1,625.300,38.088424900,38.088444200,38.088790300,38.089415600,1/10/1
6568,5992,Render,1,625.200,34.098683500,34.098702600,34.099021800,34.099647000,1/10/1
6568,5992,Render,1,625.200,34.496058800,34.496074300,34.496398500,34.497023700,1/10/1
6568,5992,Render,1,624.900,27.819765200,27.819778900,27.820112300,27.820737200,1/10/1
6568,5992,Render,1,624.800,38.352630900,38.352649900,38.352985400,38.353610200,1/10/1
6568,5992,Render,1,624.600,28.176299100,28.176325300,28.176663200,28.177287800,1/10/1
6568,4612,Render,1,624.600,35.856710900,35.856773200,35.856773200,35.857397800,1/1/1
6568,5992,Render,1,624.500,28.699384200,28.699397900,28.699735000,28.700359500,1/10/1
6568,4612,Render,1,624.400,38.313003600,38.313022500,38.313022500,38.313646900,1/1/1
6568,5992,Render,1,624.300,39.667477900,39.667496200,39.667799300,39.668423600,1/10/1
6568,5992,Render,1,623.900,39.145449500,39.145469500,39.145782600,39.146406500,1/10/1
6568,4612,Render,1,623.500,33.491493200,33.491550000,33.491550000,33.492173500,1/1/1
6568,5992,Render,1,623.500,39.367382000,39.367395500,39.367728600,39.368352100,1/10/1
6568,4612,Render,1,623.000,31.450634800,31.450660800,31.450660800,31.451283800,1/1/1
6568,5992,Render,1,622.800,34.279465500,34.279483800,34.279847700,34.280470500,1/10/1
6568,4612,Render,1,622.700,36.779692300,36.779772600,36.779772600,36.780395300,1/1/1
6568,5992,Render,1,622.500,34.754198700,34.754211600,34.754523900,34.755146400,1/10/1
6568,4612,Render,1,622.300,34.756557400,34.756605500,34.756605500,34.757227800,1/1/1
6568,5992,Render,1,622.200,38.489544600,38.489565500,38.489565500,38.490187700,1/10/1
6568,4612,Render,1,622.000,35.669301000,35.669360900,35.669360900,35.669982900,1/1/1
6568,5992,Render,1,621.900,33.210515600,33.210540600,33.210904000,33.211525900,1/10/1
6568,5992,Render,1,621.700,35.112562900,35.112580700,35.112917300,35.113539000,1/10/1
6568,5992,Render,1,621.600,34.362527100,34.362547100,34.362994800,34.363616400,1/10/1
6568,5992,Render,1,621.600,35.275529700,35.275543000,35.275881600,35.276503200,1/10/1
6568,5992,Render,1,621.500,34.584202800,34.584220800,34.584566500,34.585188000,1/10/1
6568,4612,Render,1,621.400,27.134515000,27.134573100,27.134573100,27.135194500,1/1/1
6568,5992,Render,1,621.400,34.404407500,34.404425500,34.404760100,34.405381500,1/10/1
6568,4612,Render,1,621.300,40.108533300,40.108580700,40.108580700,40.109202000,1/1/1
6568,5992,Render,1,621.100,24.601471500,24.601491300,24.601491300,24.602112400,1/10/1
6568,5992,Render,1,621.000,34.235706600,34.235720700,34.236066900,34.236687900,1/10/1
6568,5992,Render,1,620.600,32.237426600,32.237444000,32.237444000,32.238064600,1/10/1
6568,5992,Render,1,620.600,35.194535700,35.194557000,35.194834500,35.195455100,1/10/1
6568,5992,Render,1,620.500,27.552242900,27.552264600,27.552576700,27.553197200,1/10/1
6568,5992,Render,1,620.500,34.667491700,34.667504900,34.667825100,34.668445600,1/10/1
6568,5992,Render,1,620.400,33.670418600,33.670432200,33.670737300,33.671357700,1/10/1
6568,5992,Render,1,620.300,23.530200600,23.530222200,23.530222200,23.530842500,1/10/1
6568,5992,Render,1,620.300,35.236073600,35.236091900,35.236441600,35.237061900,1/10/1
6568,5992,Render,1,620.200,33.532835500,33.532849700,33.533191600,33.533811800,1/10/1
6568,5992,Render,1,620.200,34.193154400,34.193168500,34.193509200,34.194129400,1/10/1
6568,5992,Render,1,620.000,38.839357600,38.839370900,38.839717600,38.840337600,1/10/1
6568,4612,Render,1,619.900,34.812582500,34.812597200,34.812597200,34.813217100,1/1/1
6568,5992,Render,1,619.900,34.935913200,34.935931200,34.936275300,34.936895200,1/10/1
6568,5992,Render,1,619.900,35.019528700,35.019547700,35.019895400,35.020515300,1/10/1
6568,5992,Render,1,619.600,22.927487600,22.927590600,22.927590600,22.928210200,1/10/1
6568,5992,Render,1,619.600,33.581272700,33.581290800,33.581624000,33.582243600,1/10/1
6568,5992,Render,1,619.600,34.321159400,34.321174600,34.321505200,34.322124800,1/10/1
6568,4612,Render,1,619.500,31.720197700,31.720247200,31.720247200,31.720866700,1/1/1
6568,5992,Render,1,619.300,33.884318500,33.884331800,33.884677500,33.885296800,1/10/1
6568,5992,Render,1,619.300,34.058274400,34.058299300,34.058613900,34.059233200,1/10/1
6568,4612,Render,1,619.300,38.929829100,38.929848500,38.929848500,38.930467800,1/1/1
6568,5992,Render,1,619.100,33.799381300,33.799394500,33.799730000,33.800349100,1/10/1
6568,4612,Render,1,619.100,37.770222200,37.770279700,37.770279700,37.770898800,1/1/1
6568,5992,Render,1,619.000,38.443437700,38.443452000,38.443795300,38.444414300,1/10/1
6568,4612,Render,1,619.000,40.662928900,40.662971600,40.662971600,40.663590600,1/1/1
6568,5992,Render,1,618.700,29.254967300,29.254983000,29.254983000,29.255601700,1/10/1
6568,5992,Render,1,618.600,35.154423600,35.154436500,35.154759800,35.155378400,1/10/1
6568,5992,Render,1,618.400,34.142620300,34.142638500,34.142972700,34.143591100,1/10/1
6568,5992,Render,1,618.000,34.539774600,34.539797500,34.540107600,34.540725600,1/10/1
6568,5992,Render,1,617.900,33.756020600,33.756041100,33.756362900,33.756980800,1/10/1
6568,5992,Render,1,617.800,33.626473400,33.626499100,33.626791800,33.627409600,1/10/1
6568,5992,Render,1,617.800,33.842384200,33.842397500,33.842739900,33.843357700,1/10/1
6568,5992,Render,1,617.700,34.852764200,34.852800600,34.853103500,34.853721200,1/10/1
6568,5992,Render,1,617.600,34.625325100,34.625338200,34.625669100,34.626286700,1/10/1
6568,4612,Render,1,617.200,34.446933900,34.446953900,34.446953900,34.447571100,1/1/1
6568,5992,Render,1,616.600,28.387689300,28.387704700,28.388090800,28.388707400,1/10/1
6568,4612,Render,1,616.500,37.444680100,37.444787200,37.444787200,37.445403700,1/1/1
6568,5992,Render,1,615.500,28.303742500,28.303762400,28.303762400,28.304377900,1/10/1
6568,5992,Render,1,615.500,29.929554500,29.929574100,29.929574100,29.930189600,1/10/1
6568,5992,Render,1,615.400,31.411083300,31.411106200,31.411106200,31.411721600,1/10/1
6568,5992,Render,1,615.000,29.352350200,29.352371000,29.352371000,29.352986000,1/10/1
6568,5992,Render,1,614.600,41.607025300,41.607040300,41.607040300,41.607654900,1/10/1
6568,4612,Render,1,614.200,25.011822200,25.011905700,25.011905700,25.012519900,1/1/1
6568,5992,Render,1,614.200,34.810417500,34.810456700,34.810773600,34.811387800,1/10/1
6568,4612,Render,1,614.100,37.817587000,37.817658000,37.817658000,37.818272100,1/1/1
6568,5992,Render,1,613.300,31.295535100,31.295562800,31.295562800,31.296176100,1/10/1
6568,5992,Render,1,613.100,36.212043700,36.212063900,36.212063900,36.212677000,1/10/1
6568,4612,Render,1,612.400,29.351882400,29.351935600,29.351935600,29.352548000,1/1/1
6568,4612,Render,1,612.400,29.402525400,29.402595300,29.402595300,29.403207700,1/1/1
6568,4612,Render,1,612.100,33.758010300,33.758050800,33.758050800,33.758662900,1/1/1
6568,4612,Render,1,612.000,34.979161600,34.979180400,34.979180400,34.979792400,1/1/1
6568,5992,Render,1,611.800,24.222235100,24.222255600,24.222255600,24.222867400,1/10/1
6568,4612,Render,1,611.800,30.461163800,30.461176300,30.461176300,30.461788100,1/1/1
6568,5992,Render,1,611.700,27.512874700,27.512895100,27.512895100,27.513506800,1/10/1
6568,5992,Render,1,610.300,34.669318200,34.669338200,34.669338200,34.669948500,1/10/1
6568,5992,Render,1,610.000,28.830208500,28.830226500,28.830226500,28.830836500,1/10/1
6568,4612,Render,1,609.600,39.413059200,39.413082400,39.413082400,39.413692000,1/1/1
6568,5992,Render,1,609.300,25.260796400,25.260820600,25.260820600,25.261429900,1/10/1
6568,5992,Render,1,608.700,40.525180400,40.525195800,40.525195800,40.525804500,1/10/1
6568,5992,Render,1,608.600,33.254989400,33.255003100,33.255362500,33.255971100,1/10/1
6568,4612,Render,1,608.500,30.500798400,30.500834600,30.500834600,30.501443100,1/1/1
6568,4612,Render,1,607.800,33.801407300,33.801468500,33.801468500,33.802076300,1/1/1
6568,4612,Render,1,607.700,31.895652500,31.895667200,31.895667200,31.896274900,1/1/1
6568,5992,Render,1,607.400,37.417069000,37.417088100,37.417088100,37.417695500,1/10/1
6568,4612,Render,1,607.200,38.048971200,38.048986300,38.048986300,38.049593500,1/1/1
6568,4612,Render,1,607.100,30.278999400,30.279013400,30.279013400,30.279620500,1/1/1
6568,4612,Render,1,607.100,31.630632800,31.630699300,31.630699300,31.631306400,1/1/1
6568,4612,Render,1,606.900,33.253830600,33.253877200,33.253877200,33.254484100,1/1/1
6568,5992,Render,1,606.300,33.711113300,33.711128500,33.711471600,33.712077900,1/10/1
6568,4612,Render,1,606.100,39.196074600,39.196088700,39.196088700,39.196694800,1/1/1
6568,4612,Render,1,605.900,30.713292800,30.713323000,30.713323000,30.713928900,1/1/1
6568,4612,Render,1,605.700,37.720139100,37.720196300,37.720196300,37.720802000,1/1/1
6568,5992,Render,1,605.500,22.951769700,22.951785000,22.951785000,22.952390500,1/10/1
6568,4612,Render,1,605.500,28.912781300,28.912795300,28.912795300,28.913400800,1/1/1
6568,5992,Render,1,605.400,27.033975100,27.033994300,27.033994300,27.034599700,1/10/1
6568,4612,Render,1,605.000,26.912025200,26.912112300,26.912112300,26.912717300,1/1/1
6568,4612,Render,1,605.000,35.808371700,35.808413600,35.808413600,35.809018600,1/1/1
6568,5992,Render,1,604.500,22.208112000,22.208140400,22.208140400,22.208744900,1/10/1
6568,5992,Render,1,604.500,28.041315400,28.041332700,28.041332700,28.041937200,1/10/1
6568,5992,Render,1,604.200,33.583321800,33.583348600,33.583348600,33.583952800,1/10/1
6568,4612,Render,1,603.800,35.989651200,35.989666500,35.989666500,35.990270300,1/1/1
6568,5992,Render,1,603.400,31.165049600,31.165064900,31.165064900,31.165668300,1/10/1
6568,4612,Render,1,603.200,25.181422800,25.181440000,25.181440000,25.182043200,1/1/1
6568,4612,Render,1,603.200,27.863924100,27.863938100,27.863938100,27.864541300,1/1/1
6568,5992,Render,1,603.000,37.720614100,37.720629500,37.720629500,37.721232500,1/10/1
6568,5992,Render,1,602.900,35.827850800,35.827944300,35.827944300,35.828547200,1/10/1
6568,5992,Render,1,602.800,36.164670000,36.164690300,36.164690300,36.165293100,1/10/1
6568,5992,Render,1,602.400,24.004318100,24.004337700,24.004337700,24.004940100,1/10/1
6568,4612,Render,1,602.300,32.429840300,32.429894100,32.429894100,32.430496400,1/1/1
6568,5992,Render,1,602.100,32.384573500,32.384594800,32.384594800,32.385196900,1/10/1
6568,5992,Render,1,601.600,38.574251900,38.574271000,38.574271000,38.574872600,1/10/1
6568,4612,Render,1,601.600,41.379307400,41.379365000,41.379365000,41.379966600,1/1/1
6568,5992,Render,1,601.400,34.322961600,34.322981700,34.322981700,34.323583100,1/10/1
6568,5992,Render,1,601.300,29.298198800,29.298219200,29.298219200,29.298820500,1/10/1
6568,4612,Render,1,600.700,22.294191200,22.294226200,22.294226200,22.294826900,1/1/1
6568,4612,Render,1,600.700,32.824735500,32.824756100,32.824756100,32.825356800,1/1/1
6568,5992,Render,1,600.700,35.594979800,35.595024200,35.595024200,35.595624900,1/10/1
6568,4612,Render,1,600.700,40.481939100,40.481953700,40.481953700,40.482554400,1/1/1
6568,4612,Render,1,600.700,41.286875500,41.286893000,41.286893000,41.287493700,1/1/1
6568,5992,Render,1,600.600,38.701328500,38.701344800,38.701344800,38.701945400,1/10/1
6568,5992,Render,1,600.600,38.785349400,38.785369200,38.785369200,38.785969800,1/10/1
6568,4612,Render,1,600.400,24.262809000,24.262823500,24.262823500,24.263423900,1/1/1
6568,5992,Render,1,600.400,34.146476900,34.146492700,34.146492700,34.147093100,1/10/1
6568,4612,Render,1,600.300,37.794634600,37.794663600,37.794663600,37.795263900,1/1/1
6568,4612,Render,1,600.200,27.778895200,27.778914200,27.778914200,27.779514400,1/1/1
6568,5992,Render,1,600.200,40.888625000,40.888645500,40.888645500,40.889245700,1/10/1
6568,4612,Render,1,599.800,25.906056200,25.906070800,25.906070800,25.906670600,1/1/1
6568,4612,Render,1,599.700,27.996163500,27.996179000,27.996179000,27.996778700,1/1/1
6568,4612,Render,1,599.500,38.531032200,38.531051200,38.531051200,38.531650700,1/1/1
6568,5992,Render,1,599.300,33.534688000,33.534707600,33.534707600,33.535306900,1/10/1
6568,5992,Render,1,599.300,37.817308000,37.817329500,37.817329500,37.817928800,1/10/1
6568,4612,Render,1,599.300,41.694707900,41.694728000,41.694728000,41.695327300,1/1/1
6568,4612,Render,1,598.700,41.607368500,41.607382800,41.607382800,41.607981500,1/1/1
6568,4612,Render,1,598.600,26.904103100,26.904117200,26.904117200,26.904715800,1/1/1
6568,5992,Render,1,598.200,24.386393400,24.386409600,24.386409600,24.387007800,1/10/1
6568,5992,Render,1,598.200,35.777928900,35.777952500,35.777952500,35.778550700,1/10/1
6568,5992,Render,1,598.000,24.091210200,24.091227600,24.091227600,24.091825600,1/10/1
6568,5992,Render,1,597.600,41.078349700,41.078361700,41.078361700,41.078959300,1/10/1
6568,5992,Render,1,597.300,37.069850400,37.069872300,37.069872300,37.070469600,1/10/1
6568,4612,Render,1,596.800,33.390625800,33.390691000,33.390691000,33.391287800,1/1/1
6568,5992,Render,1,596.700,24.958320200,24.958335600,24.958335600,24.958932300,1/10/1
6568,5992,Render,1,596.600,24.305779300,24.305799300,24.305799300,24.306395900,1/10/1
6568,5992,Render,1,596.400,40.395411700,40.395428900,40.395428900,40.396025300,1/10/1
6568,5992,Render,1,595.900,23.606986100,23.606994200,23.607336200,23.607932100,1/10/1
6568,4612,Render,1,595.600,27.133804100,27.133825700,27.133825700,27.134421300,1/1/1
6568,5992,Render,1,595.600,33.411126800,33.411227500,33.411227500,33.411823100,1/10/1
6568,4612,Render,1,595.400,27.597399000,27.597413300,27.597413300,27.598008700,1/1/1
6568,4612,Render,1,595.100,22.646253400,22.646267900,22.646267900,22.646863000,1/1/1
6568,5992,Render,1,594.900,33.628416800,33.628432200,33.628432200,33.629027100,1/10/1
6568,4612,Render,1,594.800,24.091540800,24.091555300,24.091555300,24.092150100,1/1/1
6568,4612,Render,1,594.400,36.627986500,36.628040200,36.628040200,36.628634600,1/1/1
6568,4612,Render,1,594.300,23.608649600,23.608667800,23.608667800,23.609262100,1/1/1
6568,4612,Render,1,594.300,28.950515200,28.950533900,28.950533900,28.951128200,1/1/1
6568,5992,Render,1,594.200,30.011540000,30.011559300,30.011559300,30.012153500,1/10/1
6568,5992,Render,1,593.800,41.548652200,41.548667200,41.548667200,41.549261000,1/10/1
6568,4612,Render,1,593.600,23.062080900,23.062141900,23.062141900,23.062735500,1/1/1
6568,4612,Render,1,593.600,23.591490700,23.591562600,23.591562600,23.592156200,1/1/1
6568,4612,Render,1,593.600,30.669206200,30.669220400,30.669220400,30.669814000,1/1/1
6568,4612,Render,1,593.500,22.999888500,22.999934900,22.999934900,23.000528400,1/1/1
6568,5992,Render,1,593.500,35.877869500,35.877966800,35.877966800,35.878560300,1/10/1
6568,4612,Render,1,593.400,32.063883500,32.063902900,32.063902900,32.064496300,1/1/1
6568,4612,Render,1,593.100,30.362602900,30.362629300,30.362629300,30.363222400,1/1/1
6568,5992,Render,1,593.000,28.178274500,28.178290300,28.178290300,28.178883300,1/10/1
6568,4612,Render,1,592.700,41.031930000,41.031944300,41.031944300,41.032537000,1/1/1
6568,5992,Render,1,592.500,23.694686200,23.694701500,23.694701500,23.695294000,1/10/1
6568,4612,Render,1,592.100,32.108594300,32.108608700,32.108608700,32.109200800,1/1/1
6568,4612,Render,1,592.100,37.769476200,37.769533100,37.769533100,37.770125200,1/1/1
6568,5992,Render,1,592.000,23.115184000,23.115202700,23.115202700,23.115794700,1/10/1
6568,4612,Render,1,591.800,22.734673900,22.734689100,22.734689100,22.735280900,1/1/1
6568,4612,Render,1,591.700,23.112255700,23.112297900,23.112297900,23.112889600,1/1/1
6568,4612,Render,1,591.700,24.704728900,24.704743100,24.704743100,24.705334800,1/1/1
6568,4612,Render,1,591.600,35.856008300,35.856030200,35.856030200,35.856621800,1/1/1
6568,4612,Render,1,591.200,36.300188700,36.300203400,36.300203400,36.300794600,1/1/1
6568,4612,Render,1,591.100,22.428869300,22.428883900,22.428883900,22.429475000,1/1/1
6568,4612,Render,1,590.700,28.220245900,28.220260400,28.220260400,28.220851100,1/1/1
6568,5992,Render,1,590.600,40.306777600,40.306797800,40.306797800,40.307388400,1/10/1
6568,5992,Render,1,590.100,30.411004800,30.411020300,30.411020300,30.411610400,1/10/1
6568,4612,Render,1,590.000,28.131049100,28.131063600,28.131063600,28.131653600,1/1/1
6568,5992,Render,1,589.900,22.690254700,22.690269900,22.690269900,22.690859800,1/10/1
6568,4612,Render,1,589.800,40.569744200,40.569800100,40.569800100,40.570389900,1/1/1
6568,4612,Render,1,589.700,35.063052800,35.063067500,35.063067500,35.063657200,1/1/1
6568,4612,Render,1,589.600,26.378953500,26.378977500,26.378977500,26.379567100,1/1/1
6568,5992,Render,1,589.600,37.197714400,37.197735100,37.197735100,37.198324700,1/10/1
6568,4612,Render,1,589.100,33.490746800,33.490803500,33.490803500,33.491392600,1/1/1
6568,4612,Render,1,589.000,31.980820700,31.980835500,31.980835500,31.981424500,1/1/1
6568,5992,Render,1,588.800,32.997116800,32.997141400,32.997141400,32.997730200,1/10/1
6568,4612,Render,1,588.300,22.951312000,22.951357100,22.951357100,22.951945400,1/1/1
6568,5992,Render,1,588.300,40.227938600,40.227966300,40.227966300,40.228554600,1/10/1
6568,5992,Render,1,588.200,29.713727100,29.713772300,29.713772300,29.714360500,1/10/1
6568,4612,Render,1,587.000,22.690582300,22.690596400,22.690596400,22.691183400,1/1/1
6568,4612,Render,1,586.800,27.181663100,27.181678900,27.181678900,27.182265700,1/1/1
6568,4612,Render,1,586.600,25.779111800,25.779153600,25.779153600,25.779740200,1/1/1
6568,4612,Render,1,586.400,24.180233000,24.180258900,24.180258900,24.180845300,1/1/1
6568,4612,Render,1,586.400,26.551952400,26.551969900,26.551969900,26.552556300,1/1/1
6568,4612,Render,1,586.400,40.929608400,40.929623000,40.929623000,40.930209400,1/1/1
6568,5992,Render,1,586.300,32.430238600,32.430263200,32.430263200,32.430849500,1/10/1
6568,4612,Render,1,586.100,25.287486600,25.287510800,25.287510800,25.288096900,1/1/1
6568,5992,Render,1,585.800,30.851767700,30.851787400,30.851787400,30.852373200,1/10/1
6568,5992,Render,1,585.800,37.413953100,37.413965200,37.413965200,37.414551000,1/10/1
6568,4612,Render,1,585.700,34.018325100,34.018367100,34.018367100,34.018952800,1/1/1
6568,5992,Render,1,585.600,39.013207600,39.013226200,39.013226200,39.013811800,1/10/1
6568,4612,Render,1,585.500,26.205070200,26.205089100,26.205089100,26.205674600,1/1/1
6568,5992,Render,1,585.500,39.194024100,39.194049400,39.194424400,39.195009900,1/10/1
6568,4612,Render,1,585.400,31.582479700,31.582499600,31.582499600,31.583085000,1/1/1
6568,4612,Render,1,585.400,36.511374900,36.511485900,36.511485900,36.512071300,1/1/1
6568,4612,Render,1,585.000,26.465192500,26.465207300,26.465207300,26.465792300,1/1/1
6568,5992,Render,1,585.000,27.423008800,27.423036200,27.423036200,27.423621200,1/10/1
6568,4612,Render,1,585.000,35.113984600,35.114007200,35.114007200,35.114592200,1/1/1
6568,5992,Render,1,584.800,39.928354300,39.928373400,39.928373400,39.928958200,1/10/1
6568,5992,Render,1,584.700,28.518029700,28.518048100,28.518048100,28.518632800,1/10/1
6568,4612,Render,1,584.600,23.605897100,23.605967800,23.605967800,23.606552400,1/1/1
6568,5992,Render,1,584.500,22.734352900,22.734368200,22.734368200,22.734952700,1/10/1
6568,5992,Render,1,584.400,24.472831100,24.472851400,24.472851400,24.473435800,1/10/1
6568,5992,Render,1,584.400,24.704405700,24.704426000,24.704426000,24.705010400,1/10/1
6568,4612,Render,1,584.300,34.512338900,34.512356900,34.512356900,34.512941200,1/1/1
6568,5992,Render,1,584.000,32.152367900,32.152388500,32.152388500,32.152972500,1/10/1
6568,4612,Render,1,583.900,31.404923000,31.404939000,31.404939000,31.405522900,1/1/1
6568,4612,Render,1,583.300,29.327707900,29.327821700,29.327821700,29.328405000,1/1/1
6568,4612,Render,1,583.200,40.437929800,40.437945900,40.437945900,40.438529100,1/1/1
6568,4612,Render,1,582.900,41.121503400,41.121517600,41.121517600,41.122100500,1/1/1
6568,4612,Render,1,582.800,38.658025200,38.658039600,38.658039600,38.658622400,1/1/1
6568,5992,Render,1,582.500,28.870094300,28.870109500,28.870109500,28.870692000,1/10/1
6568,4612,Render,1,582.300,37.971812400,37.971831400,37.971831400,37.972413700,1/1/1
6568,4612,Render,1,582.100,23.651676200,23.651697100,23.651697100,23.652279200,1/1/1
6568,5992,Render,1,582.100,28.561411000,28.561436400,28.561436400,28.562018500,1/10/1
6568,4612,Render,1,582.100,30.146332100,30.146346100,30.146346100,30.146928200,1/1/1
6568,5992,Render,1,582.100,39.282122200,39.282137600,39.282137600,39.282719700,1/10/1
6568,5992,Render,1,582.000,27.821617000,27.821636800,27.821636800,27.822218800,1/10/1
6568,5992,Render,1,581.600,41.505180200,41.505195600,41.505195600,41.505777200,1/10/1
6568,5992,Render,1,581.200,27.194208500,27.194233200,27.194233200,27.194814400,1/10/1
6568,4612,Render,1,581.100,23.027545500,23.028743100,23.028743100,23.029324200,1/1/1
6568,5992,Render,1,580.500,23.112727400,23.112742400,23.112742400,23.113322900,1/10/1
6568,4612,Render,1,580.400,22.118844400,22.118883600,22.118883600,22.119464000,1/1/1
6568,5992,Render,1,580.400,25.294146700,25.294170100,25.294170100,25.294750500,1/10/1
6568,5992,Render,1,580.300,34.794960500,34.795313400,34.795313400,34.795893700,1/10/1
6568,5992,Render,1,580.200,32.444407000,32.444422900,32.444422900,32.445003100,1/10/1
6568,4612,Render,1,580.100,23.824248200,23.824267200,23.824267200,23.824847300,1/1/1
6568,5992,Render,1,580.100,27.995850900,27.995874100,27.995874100,27.996454200,1/10/1
6568,4612,Render,1,579.400,34.498254500,34.498294500,34.498294500,34.498873900,1/1/1
6568,4612,Render,1,579.300,26.122059100,26.122080500,26.122080500,26.122659800,1/1/1
6568,4612,Render,1,579.300,37.079669000,37.079689100,37.079689100,37.080268400,1/1/1
6568,4612,Render,1,579.200,40.657530300,40.657550800,40.657550800,40.658130000,1/1/1
6568,4612,Render,1,579.100,33.165560900,33.165602200,33.165602200,33.166181300,1/1/1
6568,5992,Render,1,578.800,23.305758400,23.305779400,23.305779400,23.306358200,1/10/1
6568,4612,Render,1,578.700,41.761521700,41.761608300,41.761608300,41.762187000,1/1/1
6568,4612,Render,1,578.500,30.948092100,30.948108000,30.948108000,30.948686500,1/1/1
6568,4612,Render,1,578.400,22.516585200,22.516604400,22.516604400,22.517182800,1/1/1
6568,4612,Render,1,578.400,27.211063900,27.211103200,27.211103200,27.211681600,1/1/1
6568,5992,Render,1,578.400,35.811406900,35.811428200,35.811428200,35.812006600,1/10/1
6568,5992,Render,1,578.300,31.213695000,31.213717700,31.213717700,31.214296000,1/10/1
6568,5992,Render,1,578.100,25.128204700,25.128226900,25.128226900,25.128805000,1/10/1
6568,5992,Render,1,578.000,28.430527500,28.430547600,28.430547600,28.431125600,1/10/1
6568,5992,Render,1,578.000,28.701265300,28.701282000,28.701282000,28.701860000,1/10/1
6568,4612,Render,1,577.900,29.377726000,29.378864200,29.378864200,29.379442100,1/1/1
6568,4612,Render,1,577.900,32.384903000,32.384944000,32.384944000,32.385521900,1/1/1
6568,5992,Render,1,577.800,37.156401600,37.156426800,37.156426800,37.157004600,1/10/1
6568,4612,Render,1,577.500,24.514362700,24.514402500,24.514402500,24.514980000,1/1/1
6568,5992,Render,1,577.500,39.581563400,39.581584400,39.581584400,39.582161900,1/10/1
6568,4612,Render,1,577.100,40.054606200,40.054646900,40.054646900,40.055224000,1/1/1
6568,5992,Render,1,576.900,22.473350800,22.473372100,22.473372100,22.473949000,1/10/1
6568,5992,Render,1,576.500,24.561310600,24.561328800,24.561328800,24.561905300,1/10/1
6568,4612,Render,1,576.500,29.833098100,29.833118600,29.833118600,29.833695100,1/1/1
6568,5992,Render,1,576.500,40.054306900,40.054321700,40.054321700,40.054898200,1/10/1
6568,4612,Render,1,576.400,37.868893400,37.868909500,37.868909500,37.869485900,1/1/1
6568,5992,Render,1,576.300,27.085852900,27.085872400,27.085872400,27.086448700,1/10/1
6568,5992,Render,1,576.300,30.320426500,30.320444800,30.320444800,30.321021100,1/10/1
6568,4612,Render,1,576.200,41.505486400,41.505527200,41.505527200,41.506103400,1/1/1
6568,4612,Render,1,576.100,26.423559400,26.423600800,26.423600800,26.424176900,1/1/1
6568,4612,Render,1,575.900,25.240562600,25.240633100,25.240633100,25.241209000,1/1/1
6568,4612,Render,1,575.800,28.787277500,28.787323500,28.787323500,28.787899300,1/1/1
6568,4612,Render,1,575.700,32.281726800,32.281747000,32.281747000,32.282322700,1/1/1
6568,4612,Render,1,575.500,35.238501400,35.238520100,35.238520100,35.239095600,1/1/1
6568,4612,Render,1,575.500,39.669088900,39.669157200,39.669157200,39.669732700,1/1/1
6568,4612,Render,1,575.200,30.584227900,30.584252200,30.584252200,30.584827400,1/1/1
6568,5992,Render,1,574.800,30.056986700,30.057007300,30.057007300,30.057582100,1/10/1
6568,5992,Render,1,574.500,23.402023100,23.402052400,23.402052400,23.402626900,1/10/1
6568,5992,Render,1,574.400,22.334404200,22.334424100,22.334424100,22.334998500,1/10/1
6568,5992,Render,1,574.400,38.445527200,38.445551000,38.445551000,38.446125400,1/10/1
6568,4612,Render,1,574.200,34.406913900,34.406928600,34.406928600,34.407502800,1/1/1
6568,4612,Render,1,574.200,37.544551400,37.544576300,37.544576300,37.545150500,1/1/1
6568,4612,Render,1,574.100,22.063625300,22.063641900,22.063641900,22.064216000,1/1/1
6568,4612,Render,1,574.100,31.581783100,31.581806700,31.581806700,31.582380800,1/1/1
6568,5992,Render,1,573.500,28.432836300,28.432855700,28.432855700,28.433429200,1/10/1
6568,5992,Render,1,573.500,29.884703200,29.884721900,29.884721900,29.885295400,1/10/1
6568,5992,Render,1,573.300,29.499924700,29.499939700,29.499939700,29.500513000,1/10/1
6568,5992,Render,1,573.300,32.281402400,32.281423000,32.281423000,32.281996300,1/10/1
6568,5992,Render,1,573.200,27.182086500,27.182134300,27.182134300,27.182707500,1/10/1
6568,4612,Render,1,573.200,36.671598500,36.671680900,36.671680900,36.672254100,1/1/1
6568,4612,Render,1,573.000,29.255321300,29.255360000,29.255360000,29.255933000,1/1/1
6568,4612,Render,1,573.000,32.194383000,32.194443300,32.194443300,32.195016300,1/1/1
6568,4612,Render,1,573.000,33.827920900,33.828028500,33.828028500,33.828601500,1/1/1
6568,5992,Render,1,573.000,39.369241500,39.369261400,39.369261400,39.369834400,1/10/1
6568,5992,Render,1,572.400,31.080582300,31.080602000,31.080602000,31.081174400,1/10/1
6568,4612,Render,1,572.400,39.496086800,39.496102200,39.496102200,39.496674600,1/1/1
6568,4612,Render,1,572.300,24.644188500,24.644236300,24.644236300,24.644808600,1/1/1
6568,4612,Render,1,572.100,31.763341200,31.763398300,31.763398300,31.763970400,1/1/1
6568,5992,Render,1,572.000,35.362289200,35.362304000,35.362304000,35.362876000,1/10/1
6568,4612,Render,1,571.900,22.977592800,22.978731200,22.978731200,22.979303100,1/1/1
6568,5992,Render,1,571.800,35.317968200,35.318023700,35.318023700,35.318595500,1/10/1
6568,4612,Render,1,571.700,41.779574100,41.779588500,41.779588500,41.780160200,1/1/1
6568,4612,Render,1,571.600,23.213984600,23.214004200,23.214004200,23.214575800,1/1/1
6568,4612,Render,1,571.500,31.497485900,31.497549100,31.497549100,31.498120600,1/1/1
6568,5992,Render,1,571.500,40.178040400,40.178123700,40.178123700,40.178695200,1/10/1
6568,4612,Render,1,571.400,27.907963200,27.907987700,27.907987700,27.908559100,1/1/1
6568,4612,Render,1,571.400,30.898366100,30.898406200,30.898406200,30.898977600,1/1/1
6568,4612,Render,1,571.300,36.763947200,36.763970900,36.763970900,36.764542200,1/1/1
6568,5992,Render,1,570.900,23.164932900,23.164948300,23.164948300,23.165519200,1/10/1
6568,4612,Render,1,570.800,39.329203500,39.329217700,39.329217700,39.329788500,1/1/1
6568,4612,Render,1,570.700,28.430867000,28.430886900,28.430886900,28.431457600,1/1/1
6568,5992,Render,1,570.700,40.213189500,40.213208400,40.213208400,40.213779100,1/10/1
6568,4612,Render,1,570.600,40.569042700,40.569069800,40.569069800,40.569640400,1/1/1
6568,4612,Render,1,570.300,26.778962800,26.778989300,26.778989300,26.779559600,1/1/1
6568,4612,Render,1,570.300,32.023524700,32.023569500,32.023569500,32.024139800,1/1/1
6568,4612,Render,1,570.000,41.011397200,41.011494400,41.011494400,41.012064400,1/1/1
6568,4612,Render,1,569.800,24.344155700,24.344219300,24.344219300,24.344789100,1/1/1
6568,4612,Render,1,569.400,34.586595500,34.586637200,34.586637200,34.587206600,1/1/1
6568,5992,Render,1,569.200,29.360935000,29.360969900,29.360969900,29.361539100,1/10/1
6568,5992,Render,1,569.200,34.978873600,34.978895200,34.978895200,34.979464400,1/10/1
6568,4612,Render,1,569.100,35.454509900,35.454568200,35.454568200,35.455137300,1/1/1
6568,4612,Render,1,569.000,31.254424900,31.254466400,31.254466400,31.255035400,1/1/1
6568,5992,Render,1,568.900,32.994612000,32.994633700,32.994633700,32.995202600,1/10/1
6568,4612,Render,1,568.800,26.862948200,26.862970500,26.862970500,26.863539300,1/1/1
6568,4612,Render,1,568.700,33.886440800,33.886460700,33.886460700,33.887029400,1/1/1
6568,4612,Render,1,568.500,29.080670200,29.080713300,29.080713300,29.081281800,1/1/1
6568,5992,Render,1,568.500,36.194816600,36.195180300,36.195180300,36.195748800,1/10/1
6568,5992,Render,1,568.400,25.194171300,25.194198400,25.194198400,25.194766800,1/10/1
6568,4612,Render,1,568.400,35.114664500,35.114691600,35.114691600,35.115260000,1/1/1
6568,4612,Render,1,568.300,28.870407100,28.870449700,28.870449700,28.871018000,1/1/1
6568,5992,Render,1,568.300,31.360994500,31.361065900,31.361065900,31.361634200,1/10/1
6568,5992,Render,1,568.200,24.961986400,24.962000800,24.962000800,24.962569000,1/10/1
6568,4612,Render,1,568.100,31.764059800,31.764079400,31.764079400,31.764647500,1/1/1
6568,5992,Render,1,568.000,23.062592800,23.062611200,23.062611200,23.063179200,1/10/1
6568,5992,Render,1,567.500,32.952558100,32.952579100,32.952579100,32.953146600,1/10/1
6568,5992,Render,1,567.400,24.394139500,24.394201600,24.394201600,24.394769000,1/10/1
6568,5992,Render,1,567.400,27.394338100,27.394384800,27.394384800,27.394952200,1/10/1
6568,4612,Render,1,567.100,41.548973400,41.549019300,41.549019300,41.549586400,1/1/1
6568,5992,Render,1,566.800,24.161786300,24.162150600,24.162150600,24.162717400,1/10/1
6568,4612,Render,1,566.600,22.207775700,22.207836100,22.207836100,22.208402700,1/1/1
6568,4612,Render,1,566.200,26.635949900,26.635992400,26.635992400,26.636558600,1/1/1
6568,5992,Render,1,566.100,24.644402800,24.644421700,24.644421700,24.644987800,1/10/1
6568,4612,Render,1,566.100,28.518347700,28.518389100,28.518389100,28.518955200,1/1/1
6568,4612,Render,1,566.000,36.980485100,36.980507900,36.980507900,36.981073900,1/1/1
6568,4612,Render,1,565.400,27.977719400,27.977747400,27.977747400,27.978312800,1/1/1
6568,5992,Render,1,565.300,33.195467600,33.195817400,33.195817400,33.196382700,1/10/1
6568,4612,Render,1,565.200,27.110994000,27.112234300,27.112234300,27.112799500,1/1/1
6568,4612,Render,1,565.100,22.473690300,22.473710400,22.473710400,22.474275500,1/1/1
6568,4612,Render,1,564.600,24.386752600,24.386768200,24.386768200,24.387332800,1/1/1
6568,4612,Render,1,564.400,22.911638900,22.911993100,22.911993100,22.912557500,1/1/1
6568,4612,Render,1,564.200,22.163758700,22.163780700,22.163780700,22.164344900,1/1/1
6568,4612,Render,1,564.200,22.250168300,22.250194500,22.250194500,22.250758700,1/1/1
6568,4612,Render,1,564.100,34.364758300,34.364778500,34.364778500,34.365342600,1/1/1
6568,4612,Render,1,564.100,40.844615400,40.844632300,40.844632300,40.845196400,1/1/1
6568,5992,Render,1,563.900,27.332939400,27.332959400,27.332959400,27.333523300,1/10/1
6568,4612,Render,1,563.800,33.885719600,33.885780000,33.885780000,33.886343800,1/1/1
6568,4612,Render,1,563.700,24.558732000,24.558752100,24.558752100,24.559315800,1/1/1
6568,4612,Render,1,563.600,34.794609400,34.794702300,34.794702300,34.795265900,1/1/1
6568,4612,Render,1,563.500,32.994416400,32.994431600,32.994431600,32.994995100,1/1/1
6568,5992,Render,1,563.500,35.156291300,35.156311500,35.156311500,35.156875000,1/10/1
6568,4612,Render,1,563.500,41.287564500,41.287605300,41.287605300,41.288168800,1/1/1
6568,4612,Render,1,563.400,23.530583200,23.530604800,23.530604800,23.531168200,1/1/1
6568,4612,Render,1,563.300,33.296545100,33.296559900,33.296559900,33.297123200,1/1/1
6568,4612,Render,1,563.200,24.430601400,24.430616300,24.430616300,24.431179500,1/1/1
6568,5992,Render,1,563.200,27.640966600,27.640985900,27.640985900,27.641549100,1/10/1
6568,5992,Render,1,563.200,39.628281400,39.628289800,39.628289800,39.628853000,1/10/1
6568,4612,Render,1,563.100,27.950311300,27.950369800,27.950369800,27.950932900,1/1/1
6568,4612,Render,1,563.100,32.824051100,32.824116400,32.824116400,32.824679500,1/1/1
6568,4612,Render,1,563.000,31.477954400,31.479124200,31.479124200,31.479687200,1/1/1
6568,5992,Render,1,563.000,36.257077500,36.257095500,36.257095500,36.257658500,1/10/1
6568,4612,Render,1,562.900,37.024961900,37.024983700,37.024983700,37.025546600,1/1/1
6568,4612,Render,1,562.700,35.540002400,35.540034000,35.540034000,35.540596700,1/1/1
6568,4612,Render,1,562.500,39.454958700,39.454978400,39.454978400,39.455540900,1/1/1
6568,4612,Render,1,562.400,29.711066300,29.711141100,29.711141100,29.711703500,1/1/1
6568,4612,Render,1,562.400,36.352253100,36.352306400,36.352306400,36.352868800,1/1/1
6568,4612,Render,1,562.300,37.844627300,37.845204100,37.845726800,37.846289100,1/1/1
6568,4612,Render,1,562.200,37.198069300,37.198089000,37.198089000,37.198651200,1/1/1
6568,4612,Render,1,562.100,38.177887800,38.177905600,38.177905600,38.178467700,1/1/1
6568,4612,Render,1,561.900,37.673078400,37.673151700,37.673151700,37.673713600,1/1/1
6568,4612,Render,1,561.900,40.888986300,40.889009500,40.889009500,40.889571400,1/1/1
6568,4612,Render,1,561.700,39.794732100,39.794792900,39.794792900,39.795354600,1/1/1
6568,5992,Render,1,561.600,39.428540800,39.428609700,39.428609700,39.429171300,1/10/1
6568,4612,Render,1,561.500,36.531703000,36.531723700,36.531723700,36.532285200,1/1/1
6568,4612,Render,1,561.400,24.003987400,24.004013800,24.004013800,24.004575200,1/1/1
6568,4612,Render,1,561.300,30.714021400,30.714041100,30.714041100,30.714602400,1/1/1
6568,5992,Render,1,561.300,34.406600300,34.406617200,34.406617200,34.407178500,1/10/1
6568,4612,Render,1,561.000,28.610996100,28.611055900,28.611055900,28.611616900,1/1/1
6568,4612,Render,1,561.000,37.156050800,37.156110500,37.156110500,37.156671500,1/1/1
6568,5992,Render,1,561.000,41.694900100,41.694925600,41.694925600,41.695486600,1/10/1
6568,4612,Render,1,560.800,27.086162000,27.086212200,27.086212200,27.086773000,1/1/1
6568,5992,Render,1,560.800,32.108298600,32.108314200,32.108314200,32.108875000,1/10/1
6568,5992,Render,1,560.700,24.430276900,24.430291600,24.430291600,24.430852300,1/10/1
6568,4612,Render,1,560.500,23.305391300,23.305451500,23.305451500,23.306012000,1/1/1
6568,4612,Render,1,560.500,31.080917700,31.080938000,31.080938000,31.081498500,1/1/1
6568,5992,Render,1,560.400,40.013448000,40.013464200,40.013464200,40.014024600,1/10/1
6568,4612,Render,1,560.300,26.760890700,26.760946600,26.760946600,26.761506900,1/1/1
6568,4612,Render,1,560.300,28.654603900,28.654623800,28.654623800,28.655184100,1/1/1
6568,5992,Render,1,560.300,37.427913400,37.427940500,37.427940500,37.428500800,1/10/1
6568,4612,Render,1,560.200,31.807566900,31.807610500,31.807610500,31.808170700,1/1/1
6568,4612,Render,1,560.200,33.123347300,33.123403600,33.123403600,33.123963800,1/1/1
6568,4612,Render,1,560.200,37.156752700,37.156778900,37.156778900,37.157339100,1/1/1
6568,4612,Render,1,560.200,37.417438500,37.417461000,37.417461000,37.418021200,1/1/1
6568,4612,Render,1,560.200,37.631288100,37.631313100,37.631313100,37.631873300,1/1/1
6568,4612,Render,1,560.100,37.333708500,37.333737800,37.333737800,37.334297900,1/1/1
6568,4612,Render,1,560.100,41.331456500,41.331476500,41.331476500,41.332036600,1/1/1
6568,4612,Render,1,559.800,25.464396200,25.464441600,25.464441600,25.465001400,1/1/1
6568,4612,Render,1,559.800,26.507980100,26.508022100,26.508022100,26.508581900,1/1/1
6568,4612,Render,1,559.800,28.744333000,28.744356700,28.744356700,28.744916500,1/1/1
6568,5992,Render,1,559.700,27.361425800,27.361637800,27.361637800,27.362197500,1/10/1
6568,4612,Render,1,559.700,36.165038100,36.165059600,36.165059600,36.165619300,1/1/1
6568,4612,Render,1,559.500,25.160933600,25.161034500,25.161034500,25.161594000,1/1/1
6568,4612,Render,1,559.500,27.085529500,27.085552700,27.085552700,27.086112200,1/1/1
6568,4612,Render,1,559.300,31.277792400,31.277880400,31.277880400,31.278439700,1/1/1
6568,4612,Render,1,559.300,37.744762200,37.745917900,37.745917900,37.746477200,1/1/1
6568,4612,Render,1,559.200,29.477853100,29.479080700,29.479080700,29.479639900,1/1/1
6568,4612,Render,1,559.100,23.867767700,23.867808100,23.867808100,23.868367200,1/1/1
6568,4612,Render,1,559.100,25.110926600,25.112041100,25.112041100,25.112600200,1/1/1
6568,4612,Render,1,559.100,25.160933600,25.162373900,25.162373900,25.162933000,1/1/1
6568,5992,Render,1,558.800,32.023239400,32.023254200,32.023254200,32.023813000,1/10/1
6568,4612,Render,1,558.700,28.347091100,28.347108800,28.347108800,28.347667500,1/1/1
6568,5992,Render,1,558.600,37.703220300,37.703289300,37.703289300,37.703847900,1/10/1
6568,4612,Render,1,558.400,37.416777100,37.416797600,37.416797600,37.417356000,1/1/1
6568,4612,Render,1,558.300,35.021573300,35.021615500,35.021615500,35.022173800,1/1/1
6568,4612,Render,1,558.200,41.422661100,41.422737400,41.422737400,41.423295600,1/1/1
6568,4612,Render,1,558.100,32.601074100,32.601101700,32.601101700,32.601659800,1/1/1
6568,4612,Render,1,558.000,32.337587900,32.337653400,32.337653400,32.338211400,1/1/1
6568,4612,Render,1,557.500,30.104803500,30.104823800,30.104823800,30.105381300,1/1/1
6568,4612,Render,1,557.300,26.336716900,26.336759500,26.336759500,26.337316800,1/1/1
6568,4612,Render,1,557.300,28.347734500,28.347775600,28.347775600,28.348332900,1/1/1
6568,4612,Render,1,557.300,33.846874100,33.846888300,33.846888300,33.847445600,1/1/1
6568,4612,Render,1,557.200,24.958685400,24.958705400,24.958705400,24.959262600,1/1/1
6568,4612,Render,1,557.200,32.473248100,32.473308100,32.473308100,32.473865300,1/1/1
6568,4612,Render,1,557.200,41.075808600,41.075829300,41.075829300,41.076386500,1/1/1
6568,4612,Render,1,557.100,38.701694000,38.701714200,38.701714200,38.702271300,1/1/1
6568,4612,Render,1,557.000,21.810912300,21.811021200,21.811021200,21.811578200,1/1/1
6568,4612,Render,1,557.000,30.320093500,30.320120000,30.320120000,30.320677000,1/1/1
6568,4612,Render,1,557.000,37.503196100,37.503225200,37.503225200,37.503782200,1/1/1
6568,4612,Render,1,556.900,23.487615800,23.487641200,23.487641200,23.488198100,1/1/1
6568,4612,Render,1,556.900,34.541952300,34.541993200,34.541993200,34.542550100,1/1/1
6568,4612,Render,1,556.900,41.504844400,41.504862600,41.504862600,41.505419500,1/1/1
6568,4612,Render,1,556.800,21.935523000,21.935543700,21.935543700,21.936100500,1/1/1
6568,4612,Render,1,556.800,28.787965700,28.788018100,28.788018100,28.788574900,1/1/1
6568,4612,Render,1,556.700,33.412246400,33.412588500,33.412588500,33.413145200,1/1/1
6568,4612,Render,1,556.700,40.656801500,40.656877000,40.656877000,40.657433700,1/1/1
6568,5992,Render,1,556.500,34.281355600,34.281375700,34.281375700,34.281932200,1/10/1
6568,5992,Render,1,556.500,35.856485800,35.856512500,35.856512500,35.857069000,1/10/1
6568,4612,Render,1,556.300,23.278557500,23.278932200,23.278932200,23.279488500,1/1/1
6568,4612,Render,1,556.300,34.127917500,34.128017400,34.128017400,34.128573700,1/1/1
6568,4612,Render,1,556.200,22.020317500,22.020377700,22.020377700,22.020933900,1/1/1
6568,4612,Render,1,556.200,26.723943600,26.723969400,26.723969400,26.724525600,1/1/1
6568,4612,Render,1,556.200,29.861150100,29.861236400,29.861236400,29.861792600,1/1/1
6568,4612,Render,1,556.200,32.514004600,32.514031000,32.514031000,32.514587200,1/1/1
6568,4612,Render,1,556.000,39.967968500,39.967993500,39.967993500,39.968549500,1/1/1
6568,4612,Render,1,555.900,34.146821900,34.146863200,34.146863200,34.147419100,1/1/1
6568,4612,Render,1,555.800,35.155906200,35.155970800,35.155970800,35.156526600,1/1/1
6568,4612,Render,1,555.600,36.254351100,36.254418300,36.254418300,36.254973900,1/1/1
6568,4612,Render,1,555.500,24.914444600,24.914465400,24.914465400,24.915020900,1/1/1
6568,5992,Render,1,555.400,27.950033000,27.950047300,27.950047300,27.950602700,1/10/1
6568,4612,Render,1,555.200,33.445383000,33.445910600,33.445910600,33.446465800,1/1/1
6568,4612,Render,1,555.200,41.201646900,41.201667300,41.201667300,41.202222500,1/1/1
6568,4612,Render,1,555.100,29.165129400,29.165152100,29.165152100,29.165707200,1/1/1
6568,4612,Render,1,555.100,37.291765900,37.291809400,37.291809400,37.292364500,1/1/1
6568,4612,Render,1,555.000,31.377739300,31.378821700,31.378821700,31.379376700,1/1/1
6568,4612,Render,1,555.000,31.512271700,31.512332300,31.512332300,31.512887300,1/1/1
6568,4612,Render,1,555.000,40.797742100,40.797783200,40.797783200,40.798338200,1/1/1
6568,4612,Render,1,554.900,35.455236600,35.455260100,35.455260100,35.455815000,1/1/1
6568,4612,Render,1,554.800,22.818995700,22.819057700,22.819057700,22.819612500,1/1/1
6568,4612,Render,1,554.800,24.558015500,24.558084300,24.558084300,24.558639100,1/1/1
6568,4612,Render,1,554.800,32.336946000,32.336967000,32.336967000,32.337521800,1/1/1
6568,4612,Render,1,554.700,23.737334400,23.737357000,23.737357000,23.737911700,1/1/1
6568,4612,Render,1,554.700,25.948184000,25.948203500,25.948203500,25.948758200,1/1/1
6568,5992,Render,1,554.700,38.879084500,38.879109900,38.879109900,38.879664600,1/10/1
6568,4612,Render,1,554.500,26.277602700,26.277624800,26.277624800,26.278179300,1/1/1
6568,4612,Render,1,554.500,33.124062000,33.124081900,33.124081900,33.124636400,1/1/1
6568,4612,Render,1,554.400,32.651054000,32.651071300,32.651071300,32.651625700,1/1/1
6568,4612,Render,1,554.400,35.988967900,35.989041300,35.989041300,35.989595700,1/1/1
6568,4612,Render,1,554.400,37.630608700,37.630639500,37.630639500,37.631193900,1/1/1
6568,4612,Render,1,554.400,38.489254400,38.489279500,38.489279500,38.489833900,1/1/1
6568,4612,Render,1,554.300,30.057330200,30.057350800,30.057350800,30.057905100,1/1/1
6568,4612,Render,1,554.300,40.349775900,40.349798400,40.349798400,40.350352700,1/1/1
6568,4612,Render,1,554.100,23.011744500,23.012056600,23.012056600,23.012610700,1/1/1
6568,4612,Render,1,554.100,24.133874400,24.133891100,24.133891100,24.134445200,1/1/1
6568,5992,Render,1,554.100,24.262521800,24.262545000,24.262545000,24.263099100,1/10/1
6568,4612,Render,1,554.100,28.827628400,28.827671500,28.827671500,28.828225600,1/1/1
6568,5992,Render,1,554.000,22.960778100,22.960803400,22.960803400,22.961357400,1/10/1
6568,4612,Render,1,554.000,31.672620300,31.672640600,31.672640600,31.673194600,1/1/1
6568,4612,Render,1,553.800,22.928584000,22.928929200,22.928929200,22.929483000,1/1/1
6568,4612,Render,1,553.700,26.248997600,26.249053400,26.249053400,26.249607100,1/1/1
6568,4612,Render,1,553.700,31.540245100,31.540272700,31.540272700,31.540826400,1/1/1
6568,4612,Render,1,553.600,35.900590700,35.900644400,35.900644400,35.901198000,1/1/1
6568,4612,Render,1,553.400,24.134522300,24.134565000,24.134565000,24.135118400,1/1/1
6568,4612,Render,1,553.200,28.677701700,28.677815400,28.677815400,28.678368600,1/1/1
6568,4612,Render,1,553.200,38.924238900,38.924285900,38.924285900,38.924839100,1/1/1
6568,4612,Render,1,553.200,39.281773500,39.281818100,39.281818100,39.282371300,1/1/1
6568,4612,Render,1,553.100,22.515893600,22.515954700,22.515954700,22.516507800,1/1/1
6568,4612,Render,1,553.000,36.255053700,36.255089500,36.255089500,36.255642500,1/1/1
6568,5992,Render,1,552.900,25.512048500,25.512067000,25.512067000,25.512619900,1/10/1
6568,4612,Render,1,552.900,29.124884500,29.124901200,29.124901200,29.125454100,1/1/1
6568,5992,Render,1,552.700,41.739450000,41.739471800,41.739471800,41.740024500,1/10/1
6568,4612,Render,1,552.600,30.056632800,30.056687600,30.056687600,30.057240200,1/1/1
6568,4612,Render,1,552.600,39.013559600,39.013584300,39.013584300,39.014136900,1/1/1
6568,5992,Render,1,552.400,37.291465400,37.291484700,37.291484700,37.292037100,1/10/1
6568,4612,Render,1,552.300,26.422924800,26.422945500,26.422945500,26.423497800,1/1/1
6568,4612,Render,1,552.300,35.944530300,35.944555600,35.944555600,35.945107900,1/1/1
6568,4612,Render,1,552.200,23.128618900,23.128920700,23.128920700,23.129472900,1/1/1
6568,4612,Render,1,552.200,34.669695900,34.669719600,34.669719600,34.670271800,1/1/1
6568,4612,Render,1,552.200,35.668604600,35.668632100,35.668632100,35.669184300,1/1/1
6568,4612,Render,1,552.100,31.211077300,31.211097800,31.211097800,31.211649900,1/1/1
6568,4612,Render,1,552.100,32.952175500,32.952243300,32.952243300,32.952795400,1/1/1
6568,4612,Render,1,552.000,32.281070400,32.281090600,32.281090600,32.281642600,1/1/1
6568,4612,Render,1,551.900,31.719531600,31.719551800,31.719551800,31.720103700,1/1/1
6568,4612,Render,1,551.900,35.317652300,35.317680000,35.317680000,35.318231900,1/1/1
6568,4612,Render,1,551.900,36.938567100,36.938641300,36.938641300,36.939193200,1/1/1
6568,4612,Render,1,551.800,25.000498700,25.000547600,25.000547600,25.001099400,1/1/1
6568,4612,Render,1,551.700,33.312153800,33.312458200,33.312458200,33.313009900,1/1/1
6568,5992,Render,1,551.700,40.128241700,40.128357600,40.128357600,40.128909300,1/10/1
6568,4612,Render,1,551.600,31.295930100,31.295948900,31.295948900,31.296500500,1/1/1
6568,5992,Render,1,551.600,31.344743800,31.344758800,31.344758800,31.345310400,1/10/1
6568,4612,Render,1,551.600,32.430606200,32.430622300,32.430622300,32.431173900,1/1/1
6568,4612,Render,1,551.600,41.075096700,41.075156100,41.075156100,41.075707700,1/1/1
6568,4612,Render,1,551.600,41.330797800,41.330819800,41.330819800,41.331371400,1/1/1
6568,4612,Render,1,551.500,31.124240600,31.124261200,31.124261200,31.124812700,1/1/1
6568,4612,Render,1,551.500,37.828937700,37.829227300,37.829227300,37.829778800,1/1/1
6568,4612,Render,1,551.400,40.525526400,40.525580500,40.525580500,40.526131900,1/1/1
6568,4612,Render,1,551.300,37.241338900,37.241366300,37.241366300,37.241917600,1/1/1
6568,4612,Render,1,551.300,40.437257600,40.437306500,40.437306500,40.437857800,1/1/1
6568,4612,Render,1,551.200,35.400646400,35.400676800,35.400676800,35.401228000,1/1/1
6568,4612,Render,1,551.200,39.454259800,39.454317300,39.454317300,39.454868500,1/1/1
6568,4612,Render,1,551.100,22.544266100,22.544296100,22.544296100,22.544847200,1/1/1
6568,4612,Render,1,551.100,24.047084100,24.047105500,24.047105500,24.047656600,1/1/1
6568,4612,Render,1,551.100,26.464508600,26.464564700,26.464564700,26.465115800,1/1/1
6568,4612,Render,1,551.100,29.080032400,29.080050300,29.080050300,29.080601400,1/1/1
6568,4612,Render,1,551.100,30.807004700,30.807022000,30.807022000,30.807573100,1/1/1
6568,4612,Render,1,551.000,23.401712200,23.401735300,23.401735300,23.402286300,1/1/1
6568,4612,Render,1,551.000,30.807652900,30.807693900,30.807693900,30.808244900,1/1/1
6568,4612,Render,1,551.000,40.754982200,40.755008800,40.755008800,40.755559800,1/1/1
6568,4612,Render,1,550.900,32.559214600,32.559235100,32.559235100,32.559786000,1/1/1
6568,4612,Render,1,550.600,40.797092900,40.797117200,40.797117200,40.797667800,1/1/1
6568,4612,Render,1,550.500,27.145098700,27.145413300,27.145413300,27.145963800,1/1/1
6568,4612,Render,1,550.400,24.472507700,24.472532100,24.472532100,24.473082500,1/1/1
6568,4612,Render,1,550.400,40.378086800,40.378199700,40.378199700,40.378750100,1/1/1
6568,4612,Render,1,550.300,34.447669900,34.447690300,34.447690300,34.448240600,1/1/1
6568,4612,Render,1,550.200,28.303458300,28.303484300,28.303484300,28.304034500,1/1/1
6568,4612,Render,1,550.200,32.237106200,32.237162900,32.237162900,32.237713100,1/1/1
6568,4612,Render,1,550.100,40.481287200,40.481331900,40.481331900,40.481882000,1/1/1
6568,4612,Render,1,549.900,35.623971600,35.623990700,35.623990700,35.624540600,1/1/1
6568,4612,Render,1,549.900,36.120492300,36.120515500,36.120515500,36.121065400,1/1/1
6568,4612,Render,1,549.800,25.721181300,25.721201600,25.721201600,25.721751400,1/1/1
6568,4612,Render,1,549.800,32.152042900,32.152068600,32.152068600,32.152618400,1/1/1
6568,4612,Render,1,549.700,31.428988300,31.429413400,31.429413400,31.429963100,1/1/1
6568,5992,Render,1,549.700,34.237570900,34.237592400,34.237592400,34.238142100,1/10/1
6568,4612,Render,1,549.700,40.888283700,40.888349400,40.888349400,40.888899100,1/1/1
6568,4612,Render,1,549.600,29.500243900,29.500288600,29.500288600,29.500838200,1/1/1
6568,4612,Render,1,549.600,31.312246600,31.312641600,31.312641600,31.313191200,1/1/1
6568,4612,Render,1,549.600,32.022866200,32.022911200,32.022911200,32.023460800,1/1/1
6568,4612,Render,1,549.600,41.120815600,41.120872900,41.120872900,41.121422500,1/1/1
6568,4612,Render,1,549.500,25.948896200,25.948947800,25.948947800,25.949497300,1/1/1
6568,4612,Render,1,549.400,26.822898300,26.822914800,26.822914800,26.823464200,1/1/1
6568,4612,Render,1,549.300,27.033685200,27.033707000,27.033707000,27.034256300,1/1/1
6568,4612,Render,1,549.300,27.332597100,27.332623800,27.332623800,27.333173100,1/1/1
6568,5992,Render,1,549.300,29.212083000,29.212117700,29.212117700,29.212667000,1/10/1
6568,4612,Render,1,549.300,37.587319500,37.587343300,37.587343300,37.587892600,1/1/1
6568,4612,Render,1,549.200,23.867131300,23.867150900,23.867150900,23.867700100,1/1/1
6568,4612,Render,1,549.200,24.601175400,24.601197000,24.601197000,24.601746200,1/1/1
6568,5992,Render,1,549.100,30.947790500,30.947812100,30.947812100,30.948361200,1/10/1
6568,5992,Render,1,549.100,35.238207300,35.238224100,35.238224100,35.238773200,1/10/1
6568,5992,Render,1,549.000,22.379958200,22.379976500,22.379976500,22.380525500,1/10/1
6568,4612,Render,1,549.000,24.704050500,24.704118800,24.704118800,24.704667800,1/1/1
6568,4612,Render,1,548.900,32.738722100,32.738744500,32.738744500,32.739293400,1/1/1
6568,4612,Render,1,548.900,33.583035900,33.583061600,33.583061600,33.583610500,1/1/1
6568,4612,Render,1,548.900,36.164363700,36.164390700,36.164390700,36.164939600,1/1/1
6568,4612,Render,1,548.900,37.794634600,37.796025900,37.796025900,37.796574800,1/1/1
6568,4612,Render,1,548.900,40.053979900,40.053997300,40.053997300,40.054546200,1/1/1
6568,4612,Render,1,548.800,22.602666700,22.602688400,22.602688400,22.603237200,1/1/1
6568,4612,Render,1,548.800,34.477959700,34.477995700,34.477995700,34.478544500,1/1/1
6568,4612,Render,1,548.700,26.947362300,26.947382500,26.947382500,26.947931200,1/1/1
6568,4612,Render,1,548.500,23.780454100,23.780477600,23.780477600,23.781026100,1/1/1
6568,4612,Render,1,548.500,24.872908900,24.872929300,24.872929300,24.873477800,1/1/1
6568,4612,Render,1,548.500,26.121363500,26.121415800,26.121415800,26.121964300,1/1/1
6568,4612,Render,1,548.500,36.718486800,36.718555300,36.718555300,36.719103800,1/1/1
6568,4612,Render,1,548.400,36.299527700,36.299574100,36.299574100,36.300122500,1/1/1
6568,4612,Render,1,548.300,35.237817200,35.237880300,35.237880300,35.238428600,1/1/1
6568,4612,Render,1,548.300,36.853992600,36.854011400,36.854011400,36.854559700,1/1/1
6568,5992,Render,1,548.200,35.861166400,35.861191700,35.861191700,35.861739900,1/10/1
6568,4612,Render,1,548.200,37.025628700,37.025671300,37.025671300,37.026219500,1/1/1
6568,4612,Render,1,548.200,38.048267500,38.048367800,38.048367800,38.048916000,1/1/1
6568,4612,Render,1,548.000,30.927850000,30.927942700,30.927942700,30.928490700,1/1/1
6568,4612,Render,1,548.000,30.947447100,30.947467200,30.947467200,30.948015200,1/1/1
6568,4612,Render,1,548.000,38.378007300,38.378109400,38.378109400,38.378657400,1/1/1
6568,4612,Render,1,548.000,40.306460800,40.306487800,40.306487800,40.307035800,1/1/1
6568,4612,Render,1,547.900,25.549639700,25.549664300,25.549664300,25.550212200,1/1/1
6568,4612,Render,1,547.900,29.039703600,29.039738900,29.039738900,29.040286800,1/1/1
6568,4612,Render,1,547.900,31.038453100,31.038480700,31.038480700,31.039028600,1/1/1
6568,4612,Render,1,547.900,32.384273800,32.384299900,32.384299900,32.384847800,1/1/1
6568,4612,Render,1,547.900,33.462525900,33.462962500,33.462962500,33.463510400,1/1/1
6568,4612,Render,1,547.900,34.755843100,34.755907200,34.755907200,34.756455100,1/1/1
6568,4612,Render,1,547.900,35.156615300,35.156639800,35.156639800,35.157187700,1/1/1
6568,4612,Render,1,547.700,22.627650900,22.627739600,22.627739600,22.628287300,1/1/1
6568,4612,Render,1,547.700,27.235538000,27.235591200,27.235591200,27.236138900,1/1/1
6568,4612,Render,1,547.700,40.612826500,40.612854200,40.612854200,40.613401900,1/1/1
6568,5992,Render,1,547.500,27.554077700,27.554092600,27.554092600,27.554640100,1/10/1
6568,4612,Render,1,547.400,29.627645100,29.627689900,29.627689900,29.628237300,1/1/1
6568,4612,Render,1,547.300,33.277887300,33.277981300,33.277981300,33.278528600,1/1/1
6568,4612,Render,1,547.200,29.254659200,29.254705000,29.254705000,29.255252200,1/1/1
6568,4612,Render,1,547.200,40.307111800,40.307165700,40.307165700,40.307712900,1/1/1
6568,4612,Render,1,547.100,24.913781600,24.913802200,24.913802200,24.914349300,1/1/1
6568,4612,Render,1,547.100,27.596776800,27.596794200,27.596794200,27.597341300,1/1/1
6568,4612,Render,1,547.100,31.412187700,31.412459700,31.412459700,31.413006800,1/1/1
6568,5992,Render,1,547.100,33.123742900,33.123763500,33.123763500,33.124310600,1/10/1
6568,4612,Render,1,547.100,37.461452400,37.461528500,37.461528500,37.462075600,1/1/1
6568,4612,Render,1,547.000,29.312025200,29.312291700,29.312291700,29.312838700,1/1/1
6568,4612,Render,1,546.900,22.062969700,22.062990800,22.062990800,22.063537700,1/1/1
6568,4612,Render,1,546.900,25.085342900,25.085359700,25.085359700,25.085906600,1/1/1
6568,4612,Render,1,546.900,25.990339300,25.990394000,25.990394000,25.990940900,1/1/1
6568,4612,Render,1,546.900,27.294885800,27.295424400,27.295424400,27.295971300,1/1/1
6568,4612,Render,1,546.900,32.867686600,32.867711800,32.867711800,32.868258700,1/1/1
6568,4612,Render,1,546.800,24.221948100,24.221973400,24.221973400,24.222520200,1/1/1
6568,4612,Render,1,546.800,28.662578500,28.662641000,28.662641000,28.663187800,1/1/1
6568,5992,Render,1,546.600,38.657735000,38.657751300,38.657751300,38.658297900,1/10/1
6568,4612,Render,1,546.500,29.124172400,29.124235100,29.124235100,29.124781600,1/1/1
6568,4612,Render,1,546.400,24.262132900,24.262207100,24.262207100,24.262753500,1/1/1
6568,4612,Render,1,546.400,25.420832300,25.420889900,25.420889900,25.421436300,1/1/1
6568,4612,Render,1,546.400,28.430204300,28.430227800,28.430227800,28.430774200,1/1/1
6568,4612,Render,1,546.400,31.627719100,31.627735200,31.627735200,31.628281600,1/1/1
6568,4612,Render,1,546.200,28.653904100,28.653965500,28.653965500,28.654511700,1/1/1
6568,5992,Render,1,546.200,32.795030100,32.795080700,32.795080700,32.795626900,1/10/1
6568,4612,Render,1,546.200,35.580301600,35.580318200,35.580318200,35.580864400,1/1/1
6568,4612,Render,1,546.200,36.441569500,36.441622400,36.441622400,36.442168600,1/1/1
6568,4612,Render,1,546.200,41.736773300,41.736799900,41.736799900,41.737346100,1/1/1
6568,4612,Render,1,546.100,23.178643300,23.178920900,23.178920900,23.179467000,1/1/1
6568,4612,Render,1,546.100,26.507341600,26.507371900,26.507371900,26.507918000,1/1/1
6568,4612,Render,1,546.000,25.027573500,25.027604200,25.027604200,25.028150200,1/1/1
6568,4612,Render,1,546.000,25.420195300,25.420215700,25.420215700,25.420761700,1/1/1
6568,4612,Render,1,546.000,32.558491500,32.558555800,32.558555800,32.559101800,1/1/1
6568,4612,Render,1,545.900,29.669447800,29.669523400,29.669523400,29.670069300,1/1/1
6568,5992,Render,1,545.900,37.547180900,37.547200400,37.547200400,37.547746300,1/10/1
6568,4612,Render,1,545.700,23.228535400,23.228899300,23.228899300,23.229445000,1/1/1
6568,4612,Render,1,545.700,33.671933000,33.671976100,33.671976100,33.672521800,1/1/1
6568,4612,Render,1,545.700,41.651044800,41.651108300,41.651108300,41.651654000,1/1/1
6568,4612,Render,1,545.600,24.306125800,24.306175400,24.306175400,24.306721000,1/1/1
6568,4612,Render,1,545.600,28.700944500,28.700969400,28.700969400,28.701515000,1/1/1
6568,4612,Render,1,545.600,37.291118900,37.291141700,37.291141700,37.291687300,1/1/1
6568,4612,Render,1,545.500,25.261803800,25.262143600,25.262143600,25.262689100,1/1/1
6568,4612,Render,1,545.500,27.244917700,27.245356700,27.245356700,27.245902200,1/1/1
6568,4612,Render,1,545.500,27.821297600,27.821316800,27.821316800,27.821862300,1/1/1
6568,4612,Render,1,545.400,22.334042900,22.334106300,22.334106300,22.334651700,1/1/1
6568,4612,Render,1,545.300,25.765426200,25.765518700,25.765518700,25.766064000,1/1/1
6568,4612,Render,1,545.200,30.014018200,30.014037700,30.014037700,30.014582900,1/1/1
6568,4612,Render,1,545.200,39.311335800,39.311421500,39.311421500,39.311966700,1/1/1
6568,4612,Render,1,545.100,29.427745200,29.429511900,29.429511900,29.430057000,1/1/1
6568,4612,Render,1,544.900,22.472980000,22.473048000,22.473048000,22.473592900,1/1/1
6568,4612,Render,1,544.900,25.331082600,25.331110500,25.331110500,25.331655400,1/1/1
6568,4612,Render,1,544.900,26.032904100,26.032920900,26.032920900,26.033465800,1/1/1
6568,4612,Render,1,544.900,38.967851300,38.967909800,38.967909800,38.968454700,1/1/1
6568,4612,Render,1,544.900,41.651764700,41.651784300,41.651784300,41.652329200,1/1/1
6568,4612,Render,1,544.800,26.336069400,26.336098100,26.336098100,26.336642900,1/1/1
6568,4612,Render,1,544.800,34.406221300,34.406291900,34.406291900,34.406836700,1/1/1
6568,4612,Render,1,544.700,34.100178400,34.100203100,34.100203100,34.100747800,1/1/1
6568,4612,Render,1,544.700,40.980862400,40.980933700,40.980933700,40.981478400,1/1/1
6568,4612,Render,1,544.600,39.838177000,39.838198600,39.838198600,39.838743200,1/1/1
6568,4612,Render,1,544.300,35.363272700,35.363294100,35.363294100,35.363838400,1/1/1
6568,4612,Render,1,544.300,39.623993600,39.624059400,39.624059400,39.624603700,1/1/1
6568,4612,Render,1,544.200,25.720486500,25.720533200,25.720533200,25.721077400,1/1/1
6568,4612,Render,1,544.200,36.531030000,36.531055700,36.531055700,36.531599900,1/1/1
6568,4612,Render,1,544.200,38.130725000,38.130749900,38.130749900,38.131294100,1/1/1
6568,4612,Render,1,544.100,38.397719800,38.397740000,38.397740000,38.398284100,1/1/1
6568,5992,Render,1,544.100,39.495790600,39.495806700,39.495806700,39.496350800,1/10/1
6568,4612,Render,1,544.000,29.971281700,29.971341400,29.971341400,29.971885400,1/1/1
6568,4612,Render,1,544.000,36.583209500,36.583251700,36.583251700,36.583795700,1/1/1
6568,4612,Render,1,544.000,37.728739500,37.729136300,37.729136300,37.729680300,1/1/1
6568,4612,Render,1,544.000,40.524890800,40.524910300,40.524910300,40.525454300,1/1/1
6568,4612,Render,1,543.900,38.840939300,38.840965800,38.840965800,38.841509700,1/1/1
6568,4612,Render,1,543.700,31.938777600,31.938821400,31.938821400,31.939365100,1/1/1
6568,4612,Render,1,543.700,36.485410300,36.485434600,36.485434600,36.485978300,1/1/1
6568,4612,Render,1,543.700,37.971163200,37.971206200,37.971206200,37.971749900,1/1/1
6568,4612,Render,1,543.600,22.961791400,22.962067800,22.962067800,22.962611400,1/1/1
6568,4612,Render,1,543.600,32.237800800,32.237847700,32.237847700,32.238391300,1/1/1
6568,4612,Render,1,543.600,35.779002200,35.779305900,35.779305900,35.779849500,1/1/1
6568,4612,Render,1,543.400,25.660933100,25.661026300,25.661026300,25.661569700,1/1/1
6568,4612,Render,1,543.400,26.991356000,26.991379800,26.991379800,26.991923200,1/1/1
6568,4612,Render,1,543.400,30.104125200,30.104171900,30.104171900,30.104715300,1/1/1
6568,5992,Render,1,543.300,30.014358900,30.014385500,30.014385500,30.014928800,1/10/1
6568,4612,Render,1,543.200,25.630865600,25.630887600,25.630887600,25.631430800,1/1/1
6568,4612,Render,1,543.200,27.907287400,27.907344600,27.907344600,27.907887800,1/1/1
6568,4612,Render,1,543.200,28.389437300,28.389510700,28.389510700,28.390053900,1/1/1
6568,4612,Render,1,543.200,35.828926800,35.829293800,35.829293800,35.829837000,1/1/1
6568,5992,Render,1,543.200,36.299912500,36.299928100,36.299928100,36.300471300,1/10/1
6568,4612,Render,1,543.000,29.832436500,29.832463100,29.832463100,29.833006100,1/1/1
6568,4612,Render,1,543.000,41.548344700,41.548362100,41.548362100,41.548905100,1/1/1
6568,4612,Render,1,542.900,23.823567600,23.823628000,23.823628000,23.824170900,1/1/1
6568,4612,Render,1,542.900,24.957990600,24.958040000,24.958040000,24.958582900,1/1/1
6568,4612,Render,1,542.900,25.374525600,25.374586000,25.374586000,25.375128900,1/1/1
6568,4612,Render,1,542.900,33.080817300,33.080837200,33.080837200,33.081380100,1/1/1
6568,4612,Render,1,542.800,25.331731200,25.331788000,25.331788000,25.332330800,1/1/1
6568,4612,Render,1,542.800,25.905407800,25.905455100,25.905455100,25.905997900,1/1/1
6568,4612,Render,1,542.800,30.189372100,30.189395200,30.189395200,30.189938000,1/1/1
6568,4612,Render,1,542.800,31.253797100,31.253820900,31.253820900,31.254363700,1/1/1
6568,4612,Render,1,542.800,31.851979500,31.851998600,31.851998600,31.852541400,1/1/1
6568,4612,Render,1,542.700,24.090871500,24.090936900,24.090936900,24.091479600,1/1/1
6568,4612,Render,1,542.600,31.671914700,31.671975000,31.671975000,31.672517600,1/1/1
6568,4612,Render,1,542.500,31.611193400,31.611283800,31.611283800,31.611826300,1/1/1
6568,4612,Render,1,542.400,22.094112100,22.094201400,22.094201400,22.094743800,1/1/1
6568,4612,Render,1,542.400,27.463875500,27.463921600,27.463921600,27.464464000,1/1/1
6568,4612,Render,1,542.300,31.462051800,31.462418200,31.462418200,31.462960500,1/1/1
6568,4612,Render,1,542.300,37.197414100,37.197431100,37.197431100,37.197973400,1/1/1
6568,4612,Render,1,542.300,40.161733400,40.162297300,40.162297300,40.162839600,1/1/1
6568,4612,Render,1,542.100,28.473121900,28.473146600,28.473146600,28.473688700,1/1/1
6568,5992,Render,1,542.100,31.461038900,31.461062300,31.461062300,31.461604400,1/10/1
6568,5992,Render,1,542.100,34.541668300,34.541683500,34.541683500,34.542225600,1/10/1
6568,4612,Render,1,542.100,36.511374900,36.512243400,36.512522600,36.513064700,1/1/1
6568,4612,Render,1,542.000,29.462045800,29.462368300,29.462368300,29.462910300,1/1/1
6568,4612,Render,1,541.900,26.946701300,26.946717300,26.946717300,26.947259200,1/1/1
6568,4612,Render,1,541.900,38.614443200,38.614463400,38.614463400,38.615005300,1/1/1
6568,4612,Render,1,541.800,22.118227200,22.118251000,22.118251000,22.118792800,1/1/1
6568,4612,Render,1,541.700,24.305491900,24.305508300,24.305508300,24.306050000,1/1/1
6568,4612,Render,1,541.700,33.800728100,33.800754700,33.800754700,33.801296400,1/1/1
6568,4612,Render,1,541.700,35.728905800,35.729145600,35.729145600,35.729687300,1/1/1
6568,4612,Render,1,541.600,22.689917100,22.689963600,22.689963600,22.690505200,1/1/1
6568,4612,Render,1,541.600,23.356363900,23.356384100,23.356384100,23.356925700,1/1/1
6568,4612,Render,1,541.600,36.212407800,36.212460400,36.212460400,36.213002000,1/1/1
6568,4612,Render,1,541.400,25.507616200,25.507669500,25.507669500,25.508210900,1/1/1
6568,4612,Render,1,541.300,33.164940400,33.164957900,33.164957900,33.165499200,1/1/1
6568,4612,Render,1,541.300,37.069550000,37.069576900,37.069576900,37.070118200,1/1/1
6568,4612,Render,1,541.200,25.821606200,25.821627800,25.821627800,25.822169000,1/1/1
6568,4612,Render,1,541.200,25.991033500,25.991077100,25.991077100,25.991618300,1/1/1
6568,4612,Render,1,541.100,34.937311200,34.937372900,34.937372900,34.937914000,1/1/1
6568,4612,Render,1,541.000,27.641306100,27.641326000,27.641326000,27.641867000,1/1/1
6568,5992,Render,1,541.000,27.737009800,27.737029200,27.737029200,27.737570200,1/10/1
6568,4612,Render,1,541.000,34.541319600,34.541335400,34.541335400,34.541876400,1/1/1
6568,5992,Render,1,540.900,28.219971600,28.219986900,28.219986900,28.220527800,1/10/1
6568,4612,Render,1,540.900,29.754608300,29.754635900,29.754635900,29.755176800,1/1/1
6568,4612,Render,1,540.900,30.403914000,30.403980500,30.403980500,30.404521400,1/1/1
6568,4612,Render,1,540.900,30.897746200,30.897763300,30.897763300,30.898304200,1/1/1
6568,4612,Render,1,540.900,39.240438000,39.240463800,39.240463800,39.241004700,1/1/1
6568,4612,Render,1,540.800,22.250840600,22.250895100,22.250895100,22.251435900,1/1/1
6568,4612,Render,1,540.800,25.145180600,25.145503100,25.145503100,25.146043900,1/1/1
6568,4612,Render,1,540.800,33.672628200,33.672649300,33.672649300,33.673190100,1/1/1
6568,4612,Render,1,540.600,26.204416500,26.204458700,26.204458700,26.204999300,1/1/1
6568,4612,Render,1,540.500,27.422704300,27.422734500,27.422734500,27.423275000,1/1/1
6568,4612,Render,1,540.500,32.107941900,32.107984700,32.107984700,32.108525200,1/1/1
6568,4612,Render,1,540.300,31.123527700,31.123590900,31.123590900,31.124131200,1/1/1
6568,4612,Render,1,540.100,38.785066700,38.785085200,38.785085200,38.785625300,1/1/1
6568,5992,Render,1,540.000,30.898097900,30.898113400,30.898113400,30.898653400,1/10/1
6568,4612,Render,1,540.000,34.017720400,34.017737100,34.017737100,34.018277100,1/1/1
6568,4612,Render,1,540.000,37.673825900,37.673846000,37.673846000,37.674386000,1/1/1
6568,4612,Render,1,539.900,26.680467700,26.680493500,26.680493500,26.681033400,1/1/1
6568,4612,Render,1,539.800,24.429949200,24.429966600,24.429966600,24.430506400,1/1/1
6568,4612,Render,1,539.800,24.627558900,24.627647800,24.627647800,24.628187600,1/1/1
6568,4612,Render,1,539.700,28.949850400,28.949910900,28.949910900,28.950450600,1/1/1
6568,4612,Render,1,539.600,37.778550700,37.779022700,37.779022700,37.779562300,1/1/1
6568,5992,Render,1,539.300,22.428590700,22.428606500,22.428606500,22.429145800,1/10/1
6568,4612,Render,1,539.300,29.401871700,29.401895100,29.401895100,29.402434400,1/1/1
6568,5992,Render,1,539.300,29.411105400,29.411127100,29.411127100,29.411666400,1/10/1
6568,4612,Render,1,539.200,24.810920800,24.811016200,24.811016200,24.811555400,1/1/1
6568,4612,Render,1,539.200,27.195253100,27.195557000,27.195557000,27.196096200,1/1/1
6568,5992,Render,1,539.200,31.162986800,31.163004400,31.163004400,31.163543600,1/10/1
6568,4612,Render,1,539.200,35.862174700,35.862468800,35.862468800,35.863008000,1/1/1
6568,4612,Render,1,539.200,40.129264600,40.129633800,40.129633800,40.130173000,1/1/1
6568,4612,Render,1,539.100,24.601833500,24.601903800,24.601903800,24.602442900,1/1/1
6568,4612,Render,1,539.100,30.627814300,30.627885700,30.627885700,30.628424800,1/1/1
6568,5992,Render,1,539.100,32.512175500,32.512194700,32.512194700,32.512733800,1/10/1
6568,4612,Render,1,539.100,35.899963200,35.899982600,35.899982600,35.900521700,1/1/1
6568,4612,Render,1,539.000,35.878920200,35.879288300,35.879288300,35.879827300,1/1/1
6568,4612,Render,1,539.000,38.089894900,38.089920200,38.089920200,38.090459200,1/1/1
6568,4612,Render,1,538.900,27.553737200,27.553755400,27.553755400,27.554294300,1/1/1
6568,4612,Render,1,538.900,27.736647900,27.736670800,27.736670800,27.737209700,1/1/1
6568,4612,Render,1,538.900,30.584914400,30.584962200,30.584962200,30.585501100,1/1/1
6568,4612,Render,1,538.800,21.934829300,21.934889800,21.934889800,21.935428600,1/1/1
6568,4612,Render,1,538.800,37.113620000,37.113641000,37.113641000,37.114179800,1/1/1
6568,4612,Render,1,538.700,21.850195500,21.850224800,21.850224800,21.850763500,1/1/1
6568,5992,Render,1,538.700,38.614802200,38.614817900,38.614817900,38.615356600,1/10/1
6568,4612,Render,1,538.700,40.712605900,40.712665600,40.712665600,40.713204300,1/1/1
6568,5992,Render,1,538.700,41.160846100,41.160859400,41.161201200,41.161739900,1/10/1
6568,4612,Render,1,538.600,22.410925200,22.411027900,22.411027900,22.411566500,1/1/1
6568,4612,Render,1,538.600,24.004667300,24.004718600,24.004718600,24.005257200,1/1/1
6568,4612,Render,1,538.600,33.757348700,33.757395000,33.757395000,33.757933600,1/1/1
6568,4612,Render,1,538.600,33.973485100,33.973507700,33.973507700,33.974046300,1/1/1
6568,4612,Render,1,538.500,24.781355700,24.781432100,24.781432100,24.781970600,1/1/1
6568,4612,Render,1,538.400,29.297910000,29.297936000,29.297936000,29.298474400,1/1/1
6568,5992,Render,1,538.400,35.278700000,35.278712200,35.278712200,35.279250600,1/10/1
6568,4612,Render,1,538.400,38.530410900,38.530430900,38.530430900,38.530969300,1/1/1
6568,5992,Render,1,538.300,22.557041400,22.557089100,22.557089100,22.557627400,1/10/1
6568,4612,Render,1,538.300,28.130432100,28.130449900,28.130449900,28.130988200,1/1/1
6568,4612,Render,1,538.300,33.037677400,33.037702200,33.037702200,33.038240500,1/1/1
6568,4612,Render,1,538.200,22.904719600,22.904782600,22.904782600,22.905320800,1/1/1
6568,4612,Render,1,538.200,23.402361200,23.402413000,23.402413000,23.402951200,1/1/1
6568,4612,Render,1,538.200,24.872202400,24.872263000,24.872263000,24.872801200,1/1/1
6568,4612,Render,1,538.200,32.152706300,32.152762600,32.152762600,32.153300800,1/1/1
6568,4612,Render,1,538.200,36.377950400,36.378054600,36.378054600,36.378592800,1/1/1
6568,4612,Render,1,538.100,24.513747000,24.513765200,24.513765200,24.514303300,1/1/1
6568,4612,Render,1,538.100,29.361868100,29.362257300,29.362257300,29.362795400,1/1/1
6568,4612,Render,1,538.100,30.232392900,30.232420700,30.232420700,30.232958800,1/1/1
6568,4612,Render,1,538.000,30.320768100,30.320809000,30.320809000,30.321347000,1/1/1
6568,4612,Render,1,537.800,27.640619700,27.640662100,27.640662100,27.641199900,1/1/1
6568,4612,Render,1,537.800,38.657365400,38.657415900,38.657415900,38.657953700,1/1/1
6568,4612,Render,1,537.700,26.903448900,26.903496300,26.903496300,26.904034000,1/1/1
6568,4612,Render,1,537.700,28.869789600,28.869810700,28.869810700,28.870348400,1/1/1
6568,4612,Render,1,537.600,22.760910200,22.761006200,22.761006200,22.761543800,1/1/1
6568,4612,Render,1,537.600,26.295985600,26.296005500,26.296005500,26.296543100,1/1/1
6568,5992,Render,1,537.600,29.460985700,29.461020400,29.461020400,29.461558000,1/10/1
6568,4612,Render,1,537.500,39.162984800,39.163002800,39.163002800,39.163540300,1/1/1
6568,4612,Render,1,537.400,29.412023900,29.412393800,29.412393800,29.412931200,1/1/1
6568,4612,Render,1,537.200,29.165788900,29.165838200,29.165838200,29.166375400,1/1/1
6568,4612,Render,1,537.200,36.194531000,36.194603900,36.194603900,36.195141100,1/1/1
6568,4612,Render,1,537.100,21.979940500,21.979985000,21.979985000,21.980522100,1/1/1
6568,4612,Render,1,536.900,25.375233800,25.375268300,25.375268300,25.375805200,1/1/1
6568,4612,Render,1,536.900,28.088478200,28.088502700,28.088502700,28.089039600,1/1/1
6568,4612,Render,1,536.900,31.361965800,31.362370800,31.362370800,31.362907700,1/1/1
6568,4612,Render,1,536.800,39.581256800,39.581279400,39.581279400,39.581816200,1/1/1
6568,4612,Render,1,536.700,31.080260700,31.080286200,31.080286200,31.080822900,1/1/1
6568,4612,Render,1,536.700,32.627809300,32.628728900,32.628728900,32.629265600,1/1/1
6568,5992,Render,1,536.700,37.727863800,37.727889200,37.727889200,37.728425900,1/10/1
6568,4612,Render,1,536.700,38.573969500,38.573990800,38.573990800,38.574527500,1/1/1
6568,4612,Render,1,536.600,40.229051700,40.229285900,40.229285900,40.229822500,1/1/1
6568,5992,Render,1,536.500,37.869380500,37.869395800,37.869395800,37.869932300,1/10/1
6568,4612,Render,1,536.400,36.061252800,36.061277200,36.061277200,36.061813600,1/1/1
6568,4612,Render,1,536.400,41.606720000,41.606768000,41.606768000,41.607304400,1/1/1
6568,4612,Render,1,536.300,23.079349900,23.079381300,23.079381300,23.079917600,1/1/1
6568,4612,Render,1,536.300,25.195186900,25.195481600,25.195481600,25.196017900,1/1/1
6568,4612,Render,1,536.300,30.344387100,30.344486400,30.344486400,30.345022700,1/1/1
6568,4612,Render,1,536.100,25.244586900,25.245130800,25.245130800,25.245666900,1/1/1
6568,4612,Render,1,536.100,39.624718600,39.624739100,39.624739100,39.625275200,1/1/1
6568,5992,Render,1,536.000,23.010751900,23.010770200,23.010770200,23.011306200,1/10/1
6568,4612,Render,1,536.000,39.368929800,39.368954300,39.368954300,39.369490300,1/1/1
6568,4612,Render,1,535.900,22.734030200,22.734071300,22.734071300,22.734607200,1/1/1
6568,4612,Render,1,535.900,39.540011400,39.540040000,39.540040000,39.540575900,1/1/1
6568,4612,Render,1,535.800,31.164765300,31.164780900,31.164780900,31.165316700,1/1/1
6568,5992,Render,1,535.700,26.903840800,26.903856200,26.903856200,26.904391900,1/10/1
6568,4612,Render,1,535.600,34.246194600,34.246260800,34.246260800,34.246796400,1/1/1
6568,4612,Render,1,535.500,25.295153300,25.295471700,25.295471700,25.296007200,1/1/1
6568,4612,Render,1,535.400,31.939475700,31.939498700,31.939498700,31.940034100,1/1/1
6568,5992,Render,1,535.400,33.038032400,33.038052800,33.038052800,33.038588200,1/10/1
6568,4612,Render,1,535.400,38.701017500,38.701064900,38.701064900,38.701600300,1/1/1
6568,4612,Render,1,535.300,29.694480100,29.695377100,29.695377100,29.695912400,1/1/1
6568,4612,Render,1,535.300,40.179083400,40.179418600,40.179418600,40.179953900,1/1/1
6568,4612,Render,1,535.200,27.061054500,27.061151500,27.061151500,27.061686700,1/1/1
6568,4612,Render,1,535.200,28.517685300,28.517755000,28.517755000,28.518290200,1/1/1
6568,4612,Render,1,535.100,33.394801100,33.395982500,33.396254300,33.396789400,1/1/1
6568,5992,Render,1,535.000,24.872596100,24.872617200,24.872617200,24.873152200,1/10/1
6568,4612,Render,1,535.000,27.949697100,27.949713000,27.949713000,27.950248000,1/1/1
6568,4612,Render,1,534.900,27.494335100,27.494413900,27.494413900,27.494948800,1/1/1
6568,4612,Render,1,534.900,30.756079000,30.756144900,30.756144900,30.756679800,1/1/1
6568,4612,Render,1,534.800,39.096305200,39.096324700,39.096324700,39.096859500,1/1/1
6568,4612,Render,1,534.700,25.463776100,25.463793000,25.463793000,25.464327700,1/1/1
6568,4612,Render,1,534.700,30.977759900,30.977783200,30.977783200,30.978317900,1/1/1
6568,4612,Render,1,534.700,35.318343000,35.318386100,35.318386100,35.318920800,1/1/1
6568,4612,Render,1,534.600,28.041032200,28.041053900,28.041053900,28.041588500,1/1/1
6568,4612,Render,1,534.600,40.263578400,40.263598000,40.263598000,40.264132600,1/1/1
6568,4612,Render,1,534.500,28.219604900,28.219648200,28.219648200,28.220182700,1/1/1
6568,4612,Render,1,534.500,31.165403000,31.165458000,31.165458000,31.165992500,1/1/1
6568,4612,Render,1,534.500,39.146959100,39.146976400,39.146976400,39.147510900,1/1/1
6568,4612,Render,1,534.400,40.981578600,40.981618900,40.981618900,40.982153300,1/1/1
6568,4612,Render,1,534.300,34.854201600,34.854224200,34.854224200,34.854758500,1/1/1
6568,4612,Render,1,534.200,34.585970900,34.585995600,34.585995600,34.586529800,1/1/1
6568,4612,Render,1,534.200,39.053938500,39.053970200,39.053970200,39.054504400,1/1/1
6568,4612,Render,1,534.100,30.668558900,30.668602400,30.668602400,30.669136500,1/1/1
6568,4612,Render,1,533.900,27.995512300,27.995578000,27.995578000,27.996111900,1/1/1
6568,4612,Render,1,533.800,29.499587000,29.499634100,29.499634100,29.500167900,1/1/1
6568,5992,Render,1,533.400,26.394341500,26.394407000,26.394407000,26.394940400,1/10/1
6568,4612,Render,1,533.400,28.594309300,28.594377100,28.594377100,28.594910500,1/1/1
6568,5992,Render,1,533.400,33.061127000,33.061270500,33.061270500,33.061803900,1/10/1
6568,4612,Render,1,533.400,33.363189600,33.363215500,33.363215500,33.363748900,1/1/1
6568,5992,Render,1,533.400,37.334076900,37.334114100,37.334114100,37.334647500,1/10/1
6568,4612,Render,1,533.100,24.222609200,24.222660700,24.222660700,24.223193800,1/1/1
6568,4612,Render,1,533.100,26.361139700,26.362128300,26.362128300,26.362661400,1/1/1
6568,4612,Render,1,533.100,26.823569000,26.823618200,26.823618200,26.824151300,1/1/1
6568,4612,Render,1,532.900,34.322675700,34.322701200,34.322701200,34.323234100,1/1/1
6568,4612,Render,1,532.800,27.513283100,27.513302800,27.513302800,27.513835600,1/1/1
6568,4612,Render,1,532.800,30.851464300,30.851493600,30.851493600,30.852026400,1/1/1
6568,4612,Render,1,532.600,35.712625200,35.712911100,35.712911100,35.713443700,1/1/1
6568,4612,Render,1,532.500,35.020916900,35.020971400,35.020971400,35.021503900,1/1/1
6568,4612,Render,1,532.400,29.587517500,29.587548500,29.587548500,29.588080900,1/1/1
6568,5992,Render,1,532.300,29.398863800,29.398911300,29.398911300,29.399443600,1/10/1
6568,4612,Render,1,532.100,22.144333800,22.145279700,22.145279700,22.145811800,1/1/1
6568,4612,Render,1,532.100,41.737430300,41.737484300,41.737484300,41.738016400,1/1/1
6568,4612,Render,1,531.900,37.878677600,37.879066700,37.879066700,37.879598600,1/1/1
6568,4612,Render,1,531.800,36.328021500,36.328993600,36.328993600,36.329525400,1/1/1
6568,4612,Render,1,531.700,32.977826800,32.977857600,32.977857600,32.978389300,1/1/1
6568,4612,Render,1,531.600,27.761038100,27.761135800,27.761135800,27.761667400,1/1/1
6568,5992,Render,1,531.300,24.914142200,24.914164500,24.914164500,24.914695800,1/10/1
6568,4612,Render,1,531.300,34.669023700,34.669068100,34.669068100,34.669599400,1/1/1
6568,4612,Render,1,531.200,23.357029900,23.357077900,23.357077900,23.357609100,1/1/1
6568,5992,Render,1,531.200,41.423075800,41.423103500,41.423103500,41.423634700,1/10/1
6568,5992,Render,1,531.100,25.144148400,25.144237600,25.144237600,25.144768700,1/10/1
6568,4612,Render,1,531.100,28.041692200,28.041735400,28.041735400,28.042266500,1/1/1
6568,5992,Render,1,531.000,26.375479000,26.375539900,26.375539900,26.376070900,1/10/1
6568,4612,Render,1,531.000,34.497615000,34.497661900,34.497661900,34.498192900,1/1/1
6568,4612,Render,1,530.800,22.380270400,22.380319900,22.380319900,22.380850700,1/1/1
6568,4612,Render,1,530.800,25.001195900,25.001252900,25.001252900,25.001783700,1/1/1
6568,5992,Render,1,530.800,27.952366700,27.952388300,27.952388300,27.952919100,1/10/1
6568,4612,Render,1,530.700,29.212400800,29.212459200,29.212459200,29.212989900,1/1/1
6568,4612,Render,1,530.700,33.534410200,33.534431900,33.534431900,33.534962600,1/1/1
6568,4612,Render,1,530.600,38.880678300,38.880697600,38.880697600,38.881228200,1/1/1
6568,4612,Render,1,530.500,27.333270000,27.333323900,27.333323900,27.333854400,1/1/1
6568,5992,Render,1,529.900,23.255948600,23.255975900,23.255975900,23.256505800,1/10/1
6568,4612,Render,1,529.800,34.281025600,34.281052800,34.281052800,34.281582600,1/1/1
6568,5992,Render,1,529.700,24.511950900,24.511988300,24.511988300,24.512518000,1/10/1
6568,4612,Render,1,529.400,34.237215200,34.237268900,34.237268900,34.237798300,1/1/1
6568,4612,Render,1,529.300,38.615102900,38.615152100,38.615152100,38.615681400,1/1/1
6568,4612,Render,1,529.100,23.894189000,23.894264000,23.894264000,23.894793100,1/1/1
6568,5992,Render,1,529.100,24.134250000,24.134265400,24.134265400,24.134794500,1/10/1
6568,4612,Render,1,529.000,34.364130900,34.364147100,34.364147100,34.364676100,1/1/1
6568,4612,Render,1,528.700,34.712955300,34.712975400,34.712975400,34.713504100,1/1/1
6568,4612,Render,1,528.700,40.961507700,40.962298300,40.962298300,40.962827000,1/1/1
6568,4612,Render,1,528.300,28.701597600,28.701649400,28.701649400,28.702177700,1/1/1
6568,4612,Render,1,528.300,30.444384000,30.444416200,30.444416200,30.444944500,1/1/1
6568,5992,Render,1,528.100,32.910314200,32.910333000,32.910652700,32.911180800,1/10/1
6568,5992,Render,1,528.000,34.497999800,34.498015200,34.498015200,34.498543200,1/10/1
6568,4612,Render,1,527.700,35.624626600,35.624678700,35.624678700,35.625206400,1/1/1
6568,5992,Render,1,527.700,39.752904800,39.752958200,39.752958200,39.753485900,1/10/1
6568,4612,Render,1,527.500,40.350449300,40.350507300,40.350507300,40.351034800,1/1/1
6568,4612,Render,1,527.300,25.577585900,25.577678400,25.577678400,25.578205700,1/1/1
6568,5992,Render,1,527.300,35.853162400,35.853208300,35.853208300,35.853735600,1/10/1
6568,5992,Render,1,527.200,32.693919900,32.693933200,32.694275200,32.694802400,1/10/1
6568,4612,Render,1,527.200,33.611167600,33.611238600,33.611238600,33.611765800,1/1/1
6568,4612,Render,1,526.900,38.354028400,38.354044400,38.354044400,38.354571300,1/1/1
6568,4612,Render,1,526.800,39.669830900,39.669854300,39.669854300,39.670381100,1/1/1
6568,5992,Render,1,526.600,34.544913000,34.544927600,34.544927600,34.545454200,1/10/1
6568,5992,Render,1,526.500,37.241716800,37.241740000,37.241740000,37.242266500,1/10/1
6568,5992,Render,1,526.400,34.362442300,34.362468400,34.362468400,34.362994800,1/10/1
6568,5992,Render,1,526.400,40.755365000,40.755385800,40.755385800,40.755912200,1/10/1
6568,4612,Render,1,526.200,34.044546500,34.044632400,34.044632400,34.045158600,1/1/1
6568,4612,Render,1,526.000,23.677516000,23.678385900,23.678385900,23.678911900,1/1/1
6568,4612,Render,1,525.900,37.587983800,37.588041600,37.588041600,37.588567500,1/1/1
6568,5992,Render,1,525.700,23.737719000,23.737738400,23.737738400,23.738264100,1/10/1
6568,5992,Render,1,525.700,38.611656800,38.611736800,38.611736800,38.612262500,1/10/1
6568,5992,Render,1,525.600,29.310937100,29.311033500,29.311033500,29.311559100,1/10/1
6568,5992,Render,1,525.500,25.185298200,25.185318800,25.185318800,25.185844300,1/10/1
6568,5992,Render,1,525.500,35.989380100,35.989417600,35.989417600,35.989943100,1/10/1
6568,5992,Render,1,525.300,36.529199400,36.529218100,36.529218100,36.529743400,1/10/1
6568,4612,Render,1,525.100,38.354662300,38.354719500,38.354719500,38.355244600,1/1/1
6568,4612,Render,1,524.900,27.161263900,27.162748300,27.163033300,27.163558200,1/1/1
6568,5992,Render,1,524.600,27.464262100,27.464282600,27.464282600,27.464807200,1/10/1
6568,4612,Render,1,524.500,37.070211000,37.070269100,37.070269100,37.070793600,1/1/1
6568,4612,Render,1,524.300,28.473805100,28.473858000,28.473858000,28.474382300,1/1/1
6568,4612,Render,1,524.300,40.078015300,40.078935400,40.078935400,40.079459700,1/1/1
6568,4612,Render,1,524.000,29.588178100,29.588233700,29.588233700,29.588757700,1/1/1
6568,5992,Render,1,523.900,32.648338400,32.648383200,32.648383200,32.648907100,1/10/1
6568,4612,Render,1,523.700,27.977719400,27.978409400,27.978712100,27.979235800,1/1/1
6568,4612,Render,1,523.600,27.360996500,27.361069600,27.361069600,27.361593200,1/1/1
6568,5992,Render,1,523.600,27.462140300,27.462165500,27.462165500,27.462689100,1/10/1
6568,5992,Render,1,523.300,28.950266400,28.950281900,28.950281900,28.950805200,1/10/1
6568,4612,Render,1,523.300,39.540678100,39.540727100,39.540727100,39.541250400,1/1/1
6568,4612,Render,1,523.100,30.852111200,30.852167200,30.852167200,30.852690300,1/1/1
6568,4612,Render,1,523.000,22.377632100,22.377905600,22.377905600,22.378428600,1/1/1
6568,4612,Render,1,523.000,30.014672400,30.014731600,30.014731600,30.015254600,1/1/1
6568,4612,Render,1,522.800,25.086001000,25.086057300,25.086057300,25.086580100,1/1/1
6568,4612,Render,1,522.800,35.401327200,35.401382800,35.401382800,35.401905600,1/1/1
6568,4612,Render,1,522.700,23.427697600,23.428591000,23.428591000,23.429113700,1/1/1
6568,4612,Render,1,522.700,28.894336900,28.895204000,28.895204000,28.895726700,1/1/1
6568,4612,Render,1,522.700,33.394801100,33.394815300,33.395373600,33.395896300,1/1/1
6568,4612,Render,1,522.600,27.554387400,27.554442000,27.554442000,27.554964600,1/1/1
6568,4612,Render,1,522.500,39.581904900,39.581959900,39.581959900,39.582482400,1/1/1
6568,5992,Render,1,522.400,25.085716600,25.085731400,25.085731400,25.086253800,1/10/1
6568,4612,Render,1,522.400,41.578226300,41.579153400,41.579153400,41.579675800,1/1/1
6568,5992,Render,1,522.300,36.811957000,36.812103000,36.812103000,36.812625300,1/10/1
6568,4612,Render,1,521.900,24.473187200,24.473238700,24.473238700,24.473760600,1/1/1
6568,4612,Render,1,521.900,32.261160100,32.262089500,32.262089500,32.262611400,1/1/1
6568,4612,Render,1,521.800,39.369592200,39.369644100,39.369644100,39.370165900,1/1/1
6568,5992,Render,1,521.700,40.977376000,40.977423200,40.977423200,40.977944900,1/10/1
6568,4612,Render,1,521.600,27.677584300,27.678472200,27.678472200,27.678993800,1/1/1
6568,4612,Render,1,521.500,31.744620600,31.745647800,31.745921700,31.746443200,1/1/1
6568,4612,Render,1,521.500,40.279056800,40.279428100,40.279428100,40.279949600,1/1/1
6568,4612,Render,1,521.400,29.527744900,29.528638700,29.528638700,29.529160100,1/1/1
6568,4612,Render,1,521.400,36.352971800,36.353018100,36.353018100,36.353539500,1/1/1
6568,4612,Render,1,521.300,32.514674400,32.514732300,32.514732300,32.515253600,1/1/1
6568,4612,Render,1,521.200,22.277600200,22.278569700,22.278569700,22.279090900,1/1/1
6568,5992,Render,1,521.100,24.743111500,24.743124900,24.743478000,24.743999100,1/10/1
6568,5992,Render,1,521.100,24.911441800,24.911464500,24.911464500,24.911985600,1/10/1
6568,5992,Render,1,521.100,32.652030700,32.652047300,32.652367700,32.652888800,1/10/1
6568,5992,Render,1,521.000,33.311060400,33.311151000,33.311151000,33.311672000,1/10/1
6568,5992,Render,1,520.900,37.630996500,37.631023200,37.631023200,37.631544100,1/10/1
6568,5992,Render,1,520.600,23.398861800,23.398905400,23.398905400,23.399426000,1/10/1
6568,4612,Render,1,520.600,23.944206400,23.945129400,23.945129400,23.945650000,1/1/1
6568,4612,Render,1,520.600,27.061054500,27.062257600,27.062257600,27.062778200,1/1/1
6568,4612,Render,1,520.600,29.885056100,29.885100500,29.885100500,29.885621100,1/1/1
6568,4612,Render,1,520.200,21.960990800,21.962161500,21.962415900,21.962936100,1/1/1
6568,4612,Render,1,520.200,39.911344400,39.912196800,39.912196800,39.912717000,1/1/1
6568,5992,Render,1,520.100,35.710815100,35.710842200,35.710842200,35.711362300,1/10/1
6568,5992,Render,1,520.100,37.827872800,37.827955100,37.827955100,37.828475200,1/10/1
6568,4612,Render,1,520.000,30.233054700,30.233113800,30.233113800,30.233633800,1/1/1
6568,4612,Render,1,519.700,25.577585900,25.578717000,25.578717000,25.579236700,1/1/1
6568,4612,Render,1,519.700,32.868346900,32.868405900,32.868405900,32.868925600,1/1/1
6568,5992,Render,1,519.600,31.939175900,31.939197100,31.939197100,31.939716700,1/10/1
6568,4612,Render,1,519.400,36.442293000,36.442325800,36.442325800,36.442845200,1/1/1
6568,4612,Render,1,519.300,24.160871600,24.161343800,24.161601100,24.162120400,1/1/1
6568,4612,Render,1,519.300,39.241104700,39.241157000,39.241157000,39.241676300,1/1/1
6568,4612,Render,1,518.500,33.545403500,33.545427500,33.545427500,33.545946000,1/1/1
6568,5992,Render,1,518.300,39.537152900,39.537197400,39.537197400,39.537715700,1/10/1
6568,4612,Render,1,518.300,41.678192900,41.679095900,41.679095900,41.679614200,1/1/1
6568,5992,Render,1,518.100,26.988476700,26.988523200,26.988523200,26.989041300,1/10/1
6568,4612,Render,1,518.000,41.228073600,41.228932800,41.228932800,41.229450800,1/1/1
6568,5992,Render,1,517.700,23.445187600,23.445222300,23.445222300,23.445740000,1/10/1
6568,4612,Render,1,517.700,38.841599700,38.841665400,38.841665400,38.842183100,1/1/1
6568,5992,Render,1,517.500,39.243091900,39.243111300,39.243111300,39.243628800,1/10/1
6568,5992,Render,1,517.400,25.863963600,25.863989900,25.864326600,25.864844000,1/10/1
6568,4612,Render,1,517.400,36.744705200,36.745620900,36.745620900,36.746138300,1/1/1
6568,4612,Render,1,517.300,41.011397200,41.012635200,41.012635200,41.013152500,1/1/1
6568,4612,Render,1,517.100,25.508308500,25.508364400,25.508364400,25.508881500,1/1/1
6568,4612,Render,1,517.000,31.808262600,31.808322300,31.808322300,31.808839300,1/1/1
6568,4612,Render,1,516.900,39.968650100,39.968701100,39.968701100,39.969218000,1/1/1
6568,4612,Render,1,516.600,36.377950400,36.379123600,36.379123600,36.379640200,1/1/1
6568,5992,Render,1,516.500,23.652812700,23.652823800,23.653209700,23.653726200,1/10/1
6568,5992,Render,1,516.400,26.528168600,26.528276600,26.528276600,26.528793000,1/10/1
6568,4612,Render,1,516.400,32.361200900,32.362086800,32.362086800,32.362603200,1/1/1
6568,4612,Render,1,516.400,39.128068400,39.128993100,39.128993100,39.129509500,1/1/1
6568,4612,Render,1,516.300,28.994279600,28.995641700,28.996123000,28.996639300,1/1/1
6568,5992,Render,1,516.100,23.213680800,23.213727700,23.213727700,23.214243800,1/10/1
6568,4612,Render,1,516.100,26.249704600,26.249765400,26.249765400,26.250281500,1/1/1
6568,5992,Render,1,516.100,32.473756800,32.473775900,32.474213400,32.474729500,1/10/1
6568,5992,Render,1,516.100,39.583975400,39.583995700,39.583995700,39.584511800,1/10/1
6568,4612,Render,1,515.900,22.760910200,22.762047900,22.762047900,22.762563800,1/1/1
6568,5992,Render,1,515.800,28.473514700,28.473542500,28.473542500,28.474058300,1/10/1
6568,4612,Render,1,515.800,28.727667900,28.728551600,28.728551600,28.729067400,1/1/1
6568,5992,Render,1,515.800,29.124595900,29.124617300,29.124617300,29.125133100,1/10/1
6568,4612,Render,1,515.600,25.444385300,25.445451200,25.445451200,25.445966800,1/1/1
6568,5992,Render,1,515.500,25.371748700,25.371768200,25.371768200,25.372283700,1/10/1
6568,4612,Render,1,515.500,32.952898100,32.952956900,32.952956900,32.953472400,1/1/1
6568,5992,Render,1,515.400,23.000515800,23.000556200,23.000556200,23.001071600,1/10/1
6568,4612,Render,1,515.400,30.756781800,30.756838300,30.756838300,30.757353700,1/1/1
6568,4612,Render,1,515.400,36.061252800,36.062327900,36.062327900,36.062843300,1/1/1
6568,4612,Render,1,515.400,37.361269700,37.362116200,37.362116200,37.362631600,1/1/1
6568,4612,Render,1,515.400,39.282480700,39.282530700,39.282530700,39.283046100,1/1/1
6568,5992,Render,1,515.300,23.261916200,23.261944400,23.261944400,23.262459700,1/10/1
6568,4612,Render,1,515.300,26.577607300,26.578443100,26.578443100,26.578958400,1/1/1
6568,4612,Render,1,515.000,30.190047100,30.190099800,30.190099800,30.190614800,1/1/1
6568,4612,Render,1,515.000,30.344387100,30.345606900,30.345606900,30.346121900,1/1/1
6568,4612,Render,1,514.900,26.760890700,26.762021200,26.762021200,26.762536100,1/1/1
6568,5992,Render,1,514.900,36.628855100,36.628881200,36.628881200,36.629396100,1/10/1
6568,4612,Render,1,514.700,33.277887300,33.279068800,33.279068800,33.279583500,1/1/1
6568,4612,Render,1,514.500,32.661947600,32.661977300,32.661977300,32.662491800,1/1/1
6568,4612,Render,1,514.500,37.094655100,37.095505100,37.095505100,37.096019600,1/1/1
6568,4612,Render,1,514.400,28.089149600,28.089207000,28.089207000,28.089721400,1/1/1
6568,4612,Render,1,514.300,24.677609400,24.678571500,24.678571500,24.679085800,1/1/1
6568,4612,Render,1,514.100,27.737318700,27.737367600,27.737367600,27.737881700,1/1/1
6568,4612,Render,1,514.000,34.477959700,34.479099100,34.479099100,34.479613100,1/1/1
6568,4612,Render,1,513.800,40.755672700,40.755724000,40.755724000,40.756237800,1/1/1
6568,4612,Render,1,513.500,36.561258200,36.562117500,36.562117500,36.562631000,1/1/1
6568,5992,Render,1,513.400,23.823983900,23.824003900,23.824003900,23.824517300,1/10/1
6568,5992,Render,1,513.400,25.592221700,25.592239000,25.592588900,25.593102300,1/10/1
6568,4612,Render,1,513.200,22.361222300,22.362384800,22.362653400,22.363166600,1/1/1
6568,4612,Render,1,513.200,29.298573800,29.298631800,29.298631800,29.299145000,1/1/1
6568,5992,Render,1,513.200,34.627174500,34.627192600,34.627541200,34.628054400,1/10/1
6568,4612,Render,1,513.000,36.121172300,36.121232400,36.121232400,36.121745400,1/1/1
6568,4612,Render,1,513.000,40.844615400,40.845967200,40.847006500,40.847519500,1/1/1
6568,4612,Render,1,512.800,26.277602700,26.278755500,26.278755500,26.279268300,1/1/1
6568,5992,Render,1,512.800,31.038837900,31.038862800,31.038862800,31.039375600,1/10/1
6568,4612,Render,1,512.800,35.927922000,35.927994200,35.927994200,35.928507000,1/1/1
6568,4612,Render,1,512.800,37.334401500,37.334451200,37.334451200,37.334964000,1/1/1
6568,4612,Render,1,512.600,32.611935300,32.611962500,32.611962500,32.612475100,1/1/1
6568,5992,Render,1,512.500,31.810983200,31.811003100,31.811003100,31.811515600,1/10/1
6568,4612,Render,1,512.400,24.744264500,24.745316700,24.745975700,24.746488100,1/1/1
6568,4612,Render,1,512.300,34.177815700,34.177895000,34.177895000,34.178407300,1/1/1
6568,4612,Render,1,512.200,34.629223900,34.629246500,34.629246500,34.629758700,1/1/1
6568,4612,Render,1,512.000,26.661038200,26.661926300,26.661926300,26.662438300,1/1/1
6568,5992,Render,1,511.800,26.590495800,26.590520500,26.590520500,26.591032300,1/10/1
6568,4612,Render,1,511.800,27.161263900,27.161431400,27.162151400,27.162663200,1/1/1
6568,5992,Render,1,511.800,31.895415900,31.895433100,31.895433100,31.895944900,1/10/1
6568,4612,Render,1,511.800,37.444680100,37.445995900,37.445995900,37.446507700,1/1/1
6568,4612,Render,1,511.700,22.334742800,22.334811000,22.334811000,22.335322700,1/1/1
6568,4612,Render,1,511.500,41.311460800,41.312381500,41.312381500,41.312893000,1/1/1
6568,4612,Render,1,511.400,22.819712000,22.819775600,22.819775600,22.820287000,1/1/1
6568,4612,Render,1,511.400,23.978530300,23.978569500,23.978569500,23.979080900,1/1/1
6568,5992,Render,1,511.300,26.290981600,26.291026500,26.291026500,26.291537800,1/10/1
6568,4612,Render,1,511.300,27.464564500,27.464621100,27.464621100,27.465132400,1/1/1
6568,4612,Render,1,511.300,39.794732100,39.796022200,39.797070100,39.797581400,1/1/1
6568,5992,Render,1,511.300,41.144799400,41.144895300,41.144895300,41.145406600,1/10/1
6568,4612,Render,1,511.200,33.494901900,33.494916800,33.495595100,33.496106300,1/1/1
6568,4612,Render,1,511.200,34.281692800,34.281748300,34.281748300,34.282259500,1/1/1
6568,4612,Render,1,511.000,30.861853600,30.861885200,30.861885200,30.862396200,1/1/1
6568,4612,Render,1,511.000,36.027843400,36.028650800,36.028650800,36.029161800,1/1/1
6568,4612,Render,1,511.000,41.795567600,41.795597500,41.795597500,41.796108500,1/1/1
6568,4612,Render,1,510.900,29.972000400,29.972053200,29.972053200,29.972564100,1/1/1
6568,4612,Render,1,510.700,33.827920900,33.829190500,33.829190500,33.829701200,1/1/1
6568,4612,Render,1,510.600,29.845394700,29.845423000,29.845423000,29.845933600,1/1/1
6568,4612,Render,1,510.500,35.694621300,35.695512600,35.695512600,35.696023100,1/1/1
6568,5992,Render,1,510.200,36.721362900,36.721383400,36.721383400,36.721893600,1/10/1
6568,5992,Render,1,510.100,35.727820500,35.727909200,35.727909200,35.728419300,1/10/1
6568,4612,Render,1,509.700,28.304137000,28.304197800,28.304197800,28.304707500,1/1/1
6568,4612,Render,1,509.600,25.961806000,25.961837600,25.961837600,25.962347200,1/1/1
6568,4612,Render,1,509.500,30.611344200,30.612416800,30.612678100,30.613187600,1/1/1
6568,4612,Render,1,509.500,39.054611200,39.054670400,39.054670400,39.055179900,1/1/1
6568,4612,Render,1,509.500,39.978802700,39.978837100,39.978837100,39.979346600,1/1/1
6568,4612,Render,1,509.300,25.211078600,25.212414800,25.212685700,25.213195000,1/1/1
6568,5992,Render,1,509.300,34.586344600,34.586368400,34.586368400,34.586877700,1/10/1
6568,4612,Render,1,509.000,31.451488800,31.451554000,31.451554000,31.452063000,1/1/1
6568,4612,Render,1,509.000,31.595228000,31.595366100,31.595366100,31.595875100,1/1/1
6568,5992,Render,1,509.000,32.473683900,32.473704400,32.473704400,32.474213400,1/10/1
6568,4612,Render,1,508.900,34.194663800,34.195741500,34.196722000,34.197230900,1/1/1
6568,4612,Render,1,508.900,37.244883200,37.245840500,37.246096300,37.246605200,1/1/1
6568,4612,Render,1,508.900,39.694715200,39.695639900,39.695639900,39.696148800,1/1/1
6568,4612,Render,1,508.800,40.013791900,40.013840800,40.013840800,40.014349600,1/1/1
6568,4612,Render,1,508.600,34.323341900,34.323399500,34.323399500,34.323908100,1/1/1
6568,4612,Render,1,508.600,34.694600600,34.695459400,34.695459400,34.695968000,1/1/1
6568,5992,Render,1,508.500,24.514131500,24.514146600,24.514146600,24.514655100,1/10/1
6568,5992,Render,1,508.500,30.807394200,30.807409100,30.807409100,30.807917600,1/10/1
6568,5992,Render,1,508.400,30.405174000,30.405197700,30.405549700,30.406058100,1/10/1
6568,5992,Render,1,508.400,33.165333300,33.165348400,33.165348400,33.165856800,1/10/1
6568,5992,Render,1,508.400,40.797488100,40.797504200,40.797504200,40.798012600,1/10/1
6568,4612,Render,1,508.300,25.211078600,25.211134900,25.211847500,25.212355800,1/1/1
6568,4612,Render,1,508.200,23.738020900,23.738085100,23.738085100,23.738593300,1/1/1
6568,4612,Render,1,508.200,37.611318000,37.612162300,37.612162300,37.612670500,1/1/1
6568,4612,Render,1,508.100,29.911110500,29.911975900,29.911975900,29.912484000,1/1/1
6568,4612,Render,1,508.100,32.562131700,32.562146700,32.562146700,32.562654800,1/1/1
6568,4612,Render,1,508.100,34.061216400,34.061275600,34.061275600,34.061783700,1/1/1
6568,4612,Render,1,508.100,38.211308500,38.212192700,38.212192700,38.212700800,1/1/1
6568,5992,Render,1,507.900,23.356755700,23.356771400,23.356771400,23.357279300,1/10/1
6568,4612,Render,1,507.900,25.744346700,25.745256800,25.745256800,25.745764700,1/1/1
6568,4612,Render,1,507.900,41.761521700,41.762686500,41.762686500,41.763194400,1/1/1
6568,4612,Render,1,507.800,21.827641600,21.828805500,21.829057000,21.829564800,1/1/1
6568,5992,Render,1,507.700,35.761880400,35.761899800,35.761899800,35.762407500,1/10/1
6568,5992,Render,1,507.700,38.530803400,38.530819800,38.530819800,38.531327500,1/10/1
6568,4612,Render,1,507.700,39.394643100,39.395493700,39.395493700,39.396001400,1/1/1
6568,5992,Render,1,507.600,37.113998400,37.114018700,37.114018700,37.114526300,1/10/1
6568,5992,Render,1,507.600,40.028149300,40.028212500,40.028212500,40.028720100,1/10/1
6568,5992,Render,1,507.500,29.399947800,29.399969400,29.399969400,29.400476900,1/10/1
6568,4612,Render,1,507.500,32.677837800,32.678652500,32.678652500,32.679160000,1/1/1
6568,4612,Render,1,507.500,40.895516800,40.895543100,40.895543100,40.896050600,1/1/1
6568,4612,Render,1,507.400,27.423375600,27.423428800,27.423428800,27.423936200,1/1/1
6568,4612,Render,1,507.400,40.594965300,40.596122600,40.596376000,40.596883400,1/1/1
6568,4612,Render,1,507.300,23.306126500,23.306186800,23.306186800,23.306694100,1/1/1
6568,4612,Render,1,507.300,36.279082800,36.279108500,36.279108500,36.279615800,1/1/1
6568,4612,Render,1,507.200,37.429044200,37.429075700,37.429075700,37.429582900,1/1/1
6568,5992,Render,1,507.100,34.141414600,34.141440700,34.141440700,34.141947800,1/10/1
6568,4612,Render,1,506.900,31.277792400,31.279010300,31.279010300,31.279517200,1/1/1
6568,4612,Render,1,506.900,38.378007300,38.379180600,38.379180600,38.379687500,1/1/1
6568,4612,Render,1,506.800,28.744333000,28.745695000,28.746713900,28.747220700,1/1/1
6568,4612,Render,1,506.800,33.080186000,33.080205800,33.080205800,33.080712600,1/1/1
6568,4612,Render,1,506.600,32.445399800,32.445575100,32.445575100,32.446081700,1/1/1
6568,4612,Render,1,506.600,32.478454900,32.478629900,32.478629900,32.479136500,1/1/1
6568,4612,Render,1,506.500,31.811837400,31.812020300,31.812020300,31.812526800,1/1/1
6568,4612,Render,1,506.500,33.583717400,33.583777100,33.583777100,33.584283600,1/1/1
6568,4612,Render,1,506.400,32.194383000,32.195793600,32.196831600,32.197338000,1/1/1
6568,4612,Render,1,506.200,37.528075800,37.529205900,37.529454200,37.529960400,1/1/1
6568,4612,Render,1,506.200,41.161984800,41.162262200,41.162262200,41.162768400,1/1/1
6568,5992,Render,1,506.000,22.821736600,22.821756600,22.821756600,22.822262600,1/10/1
6568,4612,Render,1,506.000,23.845323400,23.845352100,23.845352100,23.845858100,1/1/1
6568,4612,Render,1,505.800,30.927850000,30.929037000,30.929037000,30.929542800,1/1/1
6568,4612,Render,1,505.800,38.994661600,38.995563100,38.995563100,38.996068900,1/1/1
6568,4612,Render,1,505.700,40.578810500,40.578849700,40.578849700,40.579355400,1/1/1
6568,5992,Render,1,505.500,28.411212300,28.411277300,28.411277300,28.411782800,1/10/1
6568,4612,Render,1,505.400,22.094112100,22.095248400,22.095248400,22.095753800,1/1/1
6568,5992,Render,1,505.300,23.608407300,23.608422400,23.608422400,23.608927700,1/10/1
6568,4612,Render,1,505.300,33.295899900,33.295949300,33.295949300,33.296454600,1/1/1
6568,4612,Render,1,505.300,41.529078400,41.529106000,41.529106000,41.529611300,1/1/1
6568,5992,Render,1,505.200,39.540398400,39.540419700,39.540419700,39.540924900,1/10/1
6568,5992,Render,1,505.100,37.372483100,37.372503500,37.372503500,37.373008600,1/10/1
6568,4612,Render,1,504.900,26.927933600,26.929131000,26.929391900,26.929896800,1/1/1
6568,4612,Render,1,504.800,25.728436400,25.728470500,25.728470500,25.728975300,1/1/1
6568,4612,Render,1,504.800,33.535072200,33.535129100,33.535129100,33.535633900,1/1/1
6568,5992,Render,1,504.800,34.447376800,34.447414800,34.447414800,34.447919600,1/10/1
6568,5992,Render,1,504.700,29.167882800,29.167902000,29.167902000,29.168406700,1/10/1
6568,4612,Render,1,504.700,32.411194400,32.411676500,32.411959100,32.412463800,1/1/1
6568,4612,Render,1,504.600,27.034361700,27.034416600,27.034416600,27.034921200,1/1/1
6568,4612,Render,1,504.600,38.727999200,38.728894000,38.728894000,38.729398600,1/1/1
6568,4612,Render,1,504.500,23.488295300,23.488358400,23.488358400,23.488862900,1/1/1
6568,4612,Render,1,504.500,26.478456000,26.478493800,26.478493800,26.478998300,1/1/1
6568,4612,Render,1,504.400,32.395380700,32.395448600,32.395448600,32.395953000,1/1/1
6568,4612,Render,1,504.400,35.545293400,35.545472700,35.545472700,35.545977100,1/1/1
6568,4612,Render,1,504.300,27.961796700,27.961836100,27.961836100,27.962340400,1/1/1
6568,4612,Render,1,504.100,22.228681700,22.228705400,22.228705400,22.229209500,1/1/1
6568,4612,Render,1,504.100,40.694802500,40.695892900,40.696148600,40.696652700,1/1/1
6568,4612,Render,1,503.800,21.810912300,21.812222100,21.812222100,21.812725900,1/1/1
6568,4612,Render,1,503.800,31.980228000,31.980246200,31.980246200,31.980750000,1/1/1
6568,4612,Render,1,503.700,24.644188500,24.645465500,24.646097200,24.646600900,1/1/1
6568,4612,Render,1,503.700,41.445858400,41.445896400,41.445896400,41.446400100,1/1/1
6568,5992,Render,1,503.500,25.504926800,25.504973600,25.504973600,25.505477100,1/10/1
6568,5992,Render,1,503.400,22.394166100,22.394264500,22.394264500,22.394767900,1/10/1
6568,5992,Render,1,503.400,28.608168300,28.608186400,28.608186400,28.608689800,1/10/1
6568,4612,Render,1,503.400,41.031345200,41.031362100,41.031362100,41.031865500,1/1/1
6568,4612,Render,1,503.300,35.344771100,35.345870100,35.346127800,35.346631100,1/1/1
6568,4612,Render,1,503.200,31.562237100,31.562264300,31.562264300,31.562767500,1/1/1
6568,4612,Render,1,503.200,32.961763400,32.961926500,32.961926500,32.962429700,1/1/1
6568,5992,Render,1,503.100,34.711029800,34.711048100,34.711398900,34.711902000,1/10/1
6568,4612,Render,1,503.000,24.027761300,24.028819200,24.029079300,24.029582300,1/1/1
6568,4612,Render,1,502.800,33.545403500,33.546037300,33.546289000,33.546791800,1/1/1
6568,4612,Render,1,502.800,35.562312400,35.562345500,35.562345500,35.562848300,1/1/1
6568,5992,Render,1,502.700,28.088875800,28.088896400,28.088896400,28.089399100,1/10/1
6568,5992,Render,1,502.600,32.741639600,32.741658000,32.741658000,32.742160600,1/10/1
6568,4612,Render,1,502.600,40.628960300,40.628987700,40.628987700,40.629490300,1/1/1
6568,4612,Render,1,502.400,22.844222100,22.845070100,22.845070100,22.845572500,1/1/1
6568,4612,Render,1,502.400,28.594309300,28.595443300,28.595443300,28.595945700,1/1/1
6568,5992,Render,1,502.400,29.793511600,29.793529100,29.793877600,29.794380000,1/10/1
6568,4612,Render,1,502.400,29.929983900,29.930002000,29.930002000,29.930504400,1/1/1
6568,4612,Render,1,502.300,29.178587900,29.178621200,29.178621200,29.179123500,1/1/1
6568,5992,Render,1,502.300,32.514403800,32.514426800,32.514426800,32.514929100,1/10/1
6568,5992,Render,1,502.200,33.387746600,33.387764800,33.387764800,33.388267000,1/10/1
6568,4612,Render,1,502.200,36.511374900,36.513145100,36.513403100,36.513905300,1/1/1
6568,4612,Render,1,502.100,36.144757100,36.145883000,36.146137100,36.146639200,1/1/1
6568,4612,Render,1,502.100,40.328993400,40.329032700,40.329032700,40.329534800,1/1/1
6568,5992,Render,1,502.000,22.646014700,22.646040600,22.646040600,22.646542600,1/10/1
6568,4612,Render,1,502.000,29.261826400,29.261855900,29.261855900,29.262357900,1/1/1
6568,4612,Render,1,502.000,30.478492700,30.478615700,30.478615700,30.479117700,1/1/1
6568,5992,Render,1,502.000,32.334143200,32.334167900,32.334167900,32.334669900,1/10/1
6568,4612,Render,1,502.000,33.995579700,33.995640400,33.995640400,33.996142400,1/1/1
6568,4612,Render,1,502.000,36.695626500,36.695656300,36.695656300,36.696158300,1/1/1
6568,4612,Render,1,501.900,22.261636900,22.261829200,22.261829200,22.262331100,1/1/1
6568,4612,Render,1,501.700,31.261904500,31.261930500,31.261930500,31.262432200,1/1/1
6568,4612,Render,1,501.700,37.294955900,37.295782000,37.296019000,37.296520700,1/1/1
6568,5992,Render,1,501.700,40.978416300,40.978430800,40.978430800,40.978932500,1/10/1
6568,4612,Render,1,501.600,21.850875800,21.850936100,21.850936100,21.851437700,1/1/1
6568,4612,Render,1,501.600,25.395435700,25.395461400,25.395461400,25.395963000,1/1/1
6568,5992,Render,1,501.600,30.459763800,30.459777400,30.460109900,30.460611500,1/10/1
6568,4612,Render,1,501.600,30.694454500,30.695277600,30.695277600,30.695779200,1/1/1
6568,5992,Render,1,501.600,34.666404400,34.666431800,34.666431800,34.666933400,1/10/1
6568,4612,Render,1,501.600,35.428393700,35.428962500,35.428962500,35.429464100,1/1/1
6568,4612,Render,1,501.400,32.177950800,32.179030600,32.179283600,32.179785000,1/1/1
6568,4612,Render,1,501.300,28.677701700,28.678892000,28.678892000,28.679393300,1/1/1
6568,4612,Render,1,501.200,31.828774800,31.828802300,31.828802300,31.829303500,1/1/1
6568,4612,Render,1,501.000,28.610996100,28.612291900,28.613281000,28.613782000,1/1/1
6568,5992,Render,1,501.000,38.270378300,38.270396400,38.270746400,38.271247400,1/10/1
6568,5992,Render,1,500.900,39.926366500,39.926380800,39.926726000,39.927226900,1/10/1
6568,5992,Render,1,500.800,27.863702500,27.863717500,27.863717500,27.864218300,1/10/1
6568,4612,Render,1,500.800,40.762183200,40.762207400,40.762207400,40.762708200,1/1/1
6568,4612,Render,1,500.700,27.561786400,27.561816300,27.561816300,27.562317000,1/1/1
6568,4612,Render,1,500.600,41.295487300,41.295518400,41.295518400,41.296019000,1/1/1
6568,4612,Render,1,500.300,23.608092200,23.608106700,23.608106700,23.608607000,1/1/1
6568,4612,Render,1,500.300,24.627558900,24.628694300,24.628694300,24.629194600,1/1/1
6568,4612,Render,1,500.300,24.962843300,24.962865600,24.962865600,24.963365900,1/1/1
6568,4612,Render,1,500.300,26.645091600,26.645118400,26.645118400,26.645618700,1/1/1
6568,4612,Render,1,500.300,29.211689700,29.211822800,29.211822800,29.212323100,1/1/1
6568,4612,Render,1,500.200,36.262078700,36.262118600,36.262118600,36.262618800,1/1/1
6568,4612,Render,1,500.100,22.544266100,22.545420600,22.545420600,22.545920700,1/1/1
6568,4612,Render,1,500.100,24.928522300,24.928559900,24.928559900,24.929060000,1/1/1
6568,4612,Render,1,500.100,36.045323600,36.045347200,36.045347200,36.045847300,1/1/1
6568,4612,Render,1,500.000,27.695071700,27.695403500,27.695403500,27.695903500,1/1/1
6568,4612,Render,1,499.900,27.577930300,27.579082100,27.579330400,27.579830300,1/1/1
6568,5992,Render,1,499.900,41.693494600,41.693512400,41.693889500,41.694389400,1/10/1
6568,4612,Render,1,499.800,22.044118400,22.044957900,22.044957900,22.045457700,1/1/1
6568,4612,Render,1,499.800,30.111805900,30.111847900,30.111847900,30.112347700,1/1/1
6568,5992,Render,1,499.800,38.227261500,38.227274300,38.227645600,38.228145400,1/10/1
6568,4612,Render,1,499.700,33.145613800,33.145642600,33.145642600,33.146142300,1/1/1
6568,4612,Render,1,499.600,40.495640200,40.495663500,40.495663500,40.496163100,1/1/1
6568,5992,Render,1,499.500,25.822727100,25.822745100,25.823106700,25.823606200,1/10/1
6568,4612,Render,1,499.500,32.345294300,32.345319000,32.345319000,32.345818500,1/1/1
6568,4612,Render,1,499.500,35.462037300,35.462073300,35.462073300,35.462572800,1/1/1
6568,4612,Render,1,499.500,35.645507300,35.645533600,35.645533600,35.646033100,1/1/1
6568,4612,Render,1,499.400,31.877992800,31.879084700,31.879344000,31.879843400,1/1/1
6568,5992,Render,1,499.300,28.394312600,28.394338400,28.394338400,28.394837700,1/10/1
6568,5992,Render,1,499.100,25.044831500,25.044856900,25.044856900,25.045356000,1/10/1
6568,4612,Render,1,499.100,26.795454400,26.795472400,26.795472400,26.795971500,1/1/1
6568,4612,Render,1,499.100,32.311080600,32.312045800,32.312251700,32.312750800,1/1/1
6568,4612,Render,1,499.100,40.611997100,40.612223700,40.612223700,40.612722800,1/1/1
6568,4612,Render,1,499.000,25.428366800,25.428573300,25.428573300,25.429072300,1/1/1
6568,4612,Render,1,499.000,29.728652600,29.728747600,29.728747600,29.729246600,1/1/1
6568,4612,Render,1,499.000,34.237908200,34.237968200,34.237968200,34.238467200,1/1/1
6568,5992,Render,1,498.900,29.127547900,29.127562600,29.127562600,29.128061500,1/10/1
6568,4612,Render,1,498.700,36.795114200,36.795950700,36.796206800,36.796705500,1/1/1
6568,4612,Render,1,498.700,37.114292800,37.114351700,37.114351700,37.114850400,1/1/1
6568,4612,Render,1,498.600,30.427826200,30.429089500,30.429089500,30.429588100,1/1/1
6568,4612,Render,1,498.600,32.894811600,32.895871200,32.896109300,32.896607900,1/1/1
6568,4612,Render,1,498.600,36.995460000,36.995516800,36.995516800,36.996015400,1/1/1
6568,4612,Render,1,498.600,41.428852500,41.428885200,41.428885200,41.429383800,1/1/1
6568,4612,Render,1,498.500,24.112079800,24.112108500,24.112108500,24.112607000,1/1/1
6568,4612,Render,1,498.500,37.162076200,37.162101800,37.162101800,37.162600300,1/1/1
6568,4612,Render,1,498.500,40.412407700,40.412452900,40.412452900,40.412951400,1/1/1
6568,5992,Render,1,498.500,41.287329300,41.287344500,41.287344500,41.287843000,1/10/1
6568,4612,Render,1,498.400,25.828390800,25.828414800,25.828414800,25.828913200,1/1/1
6568,4612,Render,1,498.400,26.345056800,26.345085000,26.345085000,26.345583400,1/1/1
6568,5992,Render,1,498.400,39.839153100,39.839171800,39.839523400,39.840021800,1/10/1
6568,4612,Render,1,498.300,23.911147800,23.911968800,23.912228000,23.912726300,1/1/1
6568,5992,Render,1,498.300,40.278120800,40.278213200,40.278213200,40.278711500,1/10/1
6568,4612,Render,1,498.200,28.911904300,28.912159400,28.912159400,28.912657600,1/1/1
6568,5992,Render,1,498.200,39.371625400,39.371644800,39.371644800,39.372143000,1/10/1
6568,4612,Render,1,498.200,41.778946700,41.778984100,41.778984100,41.779482300,1/1/1
6568,4612,Render,1,498.100,21.877647800,21.878758500,21.879019700,21.879517800,1/1/1
6568,4612,Render,1,498.100,34.261326300,34.262192000,34.262192000,34.262690100,1/1/1
6568,4612,Render,1,498.000,33.178592600,33.178624100,33.178624100,33.179122100,1/1/1
6568,4612,Render,1,497.700,22.294191200,22.295566700,22.296233900,22.296731600,1/1/1
6568,4612,Render,1,497.700,31.945195800,31.945226600,31.945226600,31.945724300,1/1/1
6568,4612,Render,1,497.600,23.894189000,23.895262500,23.895262500,23.895760100,1/1/1
6568,4612,Render,1,497.600,32.828331600,32.828534200,32.828534200,32.829031800,1/1/1
6568,4612,Render,1,497.600,41.345484000,41.345708900,41.345708900,41.346206500,1/1/1
6568,4612,Render,1,497.500,25.027573500,25.028655100,25.028655100,25.029152600,1/1/1
6568,5992,Render,1,497.500,34.855323500,34.855341400,34.855614600,34.856112100,1/10/1
6568,4612,Render,1,497.500,38.489945100,38.490005200,38.490005200,38.490502700,1/1/1
6568,5992,Render,1,497.400,26.464952900,26.464969600,26.464969600,26.465467000,1/10/1
6568,5992,Render,1,497.300,34.897498200,34.897528800,34.897856400,34.898353700,1/10/1
6568,5992,Render,1,497.200,23.302819400,23.302882300,23.302882300,23.303379500,1/10/1
6568,4612,Render,1,497.200,29.045075100,29.045234600,29.045234600,29.045731800,1/1/1
6568,4612,Render,1,497.200,36.095580000,36.095605700,36.095605700,36.096102900,1/1/1
6568,4612,Render,1,497.100,32.128816100,32.128844300,32.128844300,32.129341400,1/1/1
6568,4612,Render,1,496.900,22.128352700,22.128377900,22.128377900,22.128874800,1/1/1
6568,4612,Render,1,496.900,24.795134200,24.795164400,24.795164400,24.795661300,1/1/1
6568,4612,Render,1,496.800,26.724648000,26.724703200,26.724703200,26.725200000,1/1/1
6568,4612,Render,1,496.800,26.728243500,26.728436600,26.728436600,26.728933400,1/1/1
6568,4612,Render,1,496.800,28.445165600,28.445195600,28.445195600,28.445692400,1/1/1
6568,4612,Render,1,496.800,30.877786400,30.878653200,30.878653200,30.879150000,1/1/1
6568,5992,Render,1,496.800,40.777962600,40.778077300,40.778077300,40.778574100,1/10/1
6568,4612,Render,1,496.600,22.778841200,22.778903600,22.778903600,22.779400200,1/1/1
6568,4612,Render,1,496.600,26.211701100,26.211729300,26.211729300,26.212225900,1/1/1
6568,4612,Render,1,496.600,32.977826800,32.978884100,32.978884100,32.979380700,1/1/1
6568,4612,Render,1,496.600,39.994878400,39.996014300,39.996269700,39.996766300,1/1/1
6568,4612,Render,1,496.500,24.046479800,24.046499000,24.046499000,24.046995500,1/1/1
6568,5992,Render,1,496.500,37.375420800,37.375438200,37.375791700,37.376288200,1/10/1
6568,4612,Render,1,496.500,40.862236900,40.862269800,40.862269800,40.862766300,1/1/1
6568,4612,Render,1,496.400,21.894198100,21.895461800,21.896120500,21.896616900,1/1/1
6568,4612,Render,1,496.300,25.611769300,25.611925400,25.611925400,25.612421700,1/1/1
6568,4612,Render,1,496.300,32.063266400,32.063291900,32.063291900,32.063788200,1/1/1
6568,5992,Render,1,496.300,32.912634700,32.912652800,32.912652800,32.913149100,1/10/1
6568,4612,Render,1,496.300,41.661986100,41.662190100,41.662190100,41.662686400,1/1/1
6568,4612,Render,1,496.200,22.627650900,22.628786400,22.628786400,22.629282600,1/1/1
6568,4612,Render,1,496.100,26.378167300,26.378402800,26.378402800,26.378898900,1/1/1
6568,4612,Render,1,496.100,27.761038100,27.762191500,27.762191500,27.762687600,1/1/1
6568,4612,Render,1,496.100,31.178566000,31.178597700,31.178597700,31.179093800,1/1/1
6568,4612,Render,1,496.100,32.078614900,32.078638100,32.078638100,32.079134200,1/1/1
6568,4612,Render,1,496.100,35.094468100,35.095279400,35.095279400,35.095775500,1/1/1
6568,4612,Render,1,496.100,41.045663400,41.045688500,41.045688500,41.046184600,1/1/1
6568,4612,Render,1,496.100,41.262364700,41.262397700,41.262397700,41.262893800,1/1/1
6568,5992,Render,1,496.000,36.939726000,36.939744600,36.940129300,36.940625300,1/10/1
6568,4612,Render,1,495.900,28.495309000,28.495357800,28.495357800,28.495853700,1/1/1
6568,4612,Render,1,495.900,33.974150900,33.974214900,33.974214900,33.974710800,1/1/1
6568,4612,Render,1,495.800,23.411540000,23.411701500,23.411701500,23.412197300,1/1/1
6568,4612,Render,1,495.800,37.595515400,37.595536800,37.595536800,37.596032600,1/1/1
6568,4612,Render,1,495.800,37.945650800,37.945690500,37.945690500,37.946186300,1/1/1
6568,4612,Render,1,495.800,41.512014900,41.512178800,41.512178800,41.512674600,1/1/1
6568,4612,Render,1,495.700,36.312050300,36.312074300,36.312074300,36.312570000,1/1/1
6568,5992,Render,1,495.700,36.438813100,36.438834300,36.438834300,36.439330000,1/10/1
6568,4612,Render,1,495.700,39.678791200,39.678816100,39.678816100,39.679311800,1/1/1
6568,4612,Render,1,495.600,29.861150100,29.862299500,29.862299500,29.862795100,1/1/1
6568,4612,Render,1,495.600,33.228461000,33.228596900,33.228596900,33.229092500,1/1/1
6568,4612,Render,1,495.500,26.045063700,26.045083700,26.045083700,26.045579200,1/1/1
6568,4612,Render,1,495.400,31.295319900,31.295343900,31.295343900,31.295839300,1/1/1
6568,5992,Render,1,495.400,40.008023100,40.008078100,40.008078100,40.008573500,1/10/1
6568,4612,Render,1,495.400,41.179118300,41.179148400,41.179148400,41.179643800,1/1/1
6568,4612,Render,1,495.200,30.361858600,30.362031300,30.362031300,30.362526500,1/1/1
6568,4612,Render,1,495.200,35.628183600,35.628557100,35.628557100,35.629052300,1/1/1
6568,4612,Render,1,495.200,36.412249700,36.412274000,36.412274000,36.412769200,1/1/1
6568,4612,Render,1,495.100,24.061683800,24.061714800,24.061714800,24.062209900,1/1/1
6568,4612,Render,1,495.100,32.111929600,32.111953400,32.111953400,32.112448500,1/1/1
6568,4612,Render,1,495.100,33.045246400,33.045271300,33.045271300,33.045766400,1/1/1
6568,4612,Render,1,495.000,22.078361900,22.078386700,22.078386700,22.078881700,1/1/1
6568,4612,Render,1,495.000,22.645665800,22.645693700,22.645693700,22.646188700,1/1/1
6568,4612,Render,1,495.000,24.395274400,24.395301900,24.395301900,24.395796900,1/1/1
6568,4612,Render,1,495.000,41.562256700,41.562289500,41.562289500,41.562784500,1/1/1
6568,4612,Render,1,494.900,21.911718200,21.911749600,21.911749600,21.912244500,1/1/1
6568,4612,Render,1,494.800,32.780079600,32.780097200,32.780097200,32.780592000,1/1/1
6568,4612,Render,1,494.700,30.828813700,30.828835800,30.828835800,30.829330500,1/1/1
6568,4612,Render,1,494.600,22.211632800,22.211648000,22.211648000,22.212142600,1/1/1
6568,5992,Render,1,494.600,22.562372800,22.565818300,22.565818300,22.566312900,1/10/1
6568,4612,Render,1,494.600,32.762010700,32.762044000,32.762044000,32.762538600,1/1/1
6568,4612,Render,1,494.600,35.511826400,35.511960200,35.511960200,35.512454800,1/1/1
6568,4612,Render,1,494.600,39.945565200,39.945598300,39.945598300,39.946092900,1/1/1
6568,4612,Render,1,494.400,41.423414200,41.423467200,41.423467200,41.423961600,1/1/1
6568,4612,Render,1,494.300,23.361506800,23.361688300,23.361688300,23.362182600,1/1/1
6568,4612,Render,1,494.300,34.061216400,34.062535000,34.063190800,34.063685100,1/1/1
6568,4612,Render,1,494.300,41.145856900,41.145891200,41.145891200,41.146385500,1/1/1
6568,5992,Render,1,494.200,22.905275100,22.905295700,22.905295700,22.905789900,1/10/1
6568,4612,Render,1,494.200,26.395438600,26.395459700,26.395459700,26.395953900,1/1/1
6568,5992,Render,1,494.200,37.877852300,37.877871500,37.877871500,37.878365700,1/10/1
6568,4612,Render,1,494.200,39.812212400,39.812244800,39.812244800,39.812739000,1/1/1
6568,4612,Render,1,494.200,40.995521400,40.995553300,40.995553300,40.996047500,1/1/1
6568,4612,Render,1,494.100,25.062616600,25.062636300,25.062636300,25.063130400,1/1/1
6568,4612,Render,1,494.100,36.362079500,36.362112300,36.362112300,36.362606400,1/1/1
6568,4612,Render,1,494.100,37.645321400,37.645468000,37.645468000,37.645962100,1/1/1
6568,4612,Render,1,494.100,39.879297000,39.879316500,39.879316500,39.879810600,1/1/1
6568,4612,Render,1,494.000,31.695430800,31.695464100,31.695464100,31.695958100,1/1/1
6568,4612,Render,1,494.000,33.038356100,33.038419200,33.038419200,33.038913200,1/1/1
6568,4612,Render,1,494.000,37.479512500,37.479533100,37.479533100,37.480027100,1/1/1
6568,4612,Render,1,494.000,38.574649300,38.574703200,38.574703200,38.575197200,1/1/1
6568,4612,Render,1,493.900,22.395307700,22.395345800,22.395345800,22.395839700,1/1/1
6568,4612,Render,1,493.900,25.378796200,25.378817600,25.378817600,25.379311500,1/1/1
6568,4612,Render,1,493.900,27.095030900,27.095195800,27.095195800,27.095689700,1/1/1
6568,4612,Render,1,493.900,35.962136100,35.962163300,35.962163300,35.962657200,1/1/1
6568,5992,Render,1,493.800,28.130820100,28.130835900,28.130835900,28.131329700,1/10/1
6568,4612,Render,1,493.800,33.062274200,33.062332000,33.062332000,33.062825800,1/1/1
6568,4612,Render,1,493.800,33.212039000,33.212083200,33.212083200,33.212577000,1/1/1
6568,4612,Render,1,493.700,28.327762000,28.328882000,28.329138100,28.329631800,1/1/1
6568,4612,Render,1,493.700,29.945319200,29.945344500,29.945344500,29.945838200,1/1/1
6568,5992,Render,1,493.600,26.294069600,26.294082800,26.294449200,26.294942800,1/10/1
6568,4612,Render,1,493.600,26.445291500,26.445434800,26.445434800,26.445928400,1/1/1
6568,4612,Render,1,493.600,40.362111200,40.362148800,40.362148800,40.362642400,1/1/1
6568,4612,Render,1,493.500,23.795079800,23.795120700,23.795120700,23.795614200,1/1/1
6568,4612,Render,1,493.500,36.912454800,36.912474200,36.912474200,36.912967700,1/1/1
6568,4612,Render,1,493.500,37.029159600,37.029185800,37.029185800,37.029679300,1/1/1
6568,4612,Render,1,493.400,23.311605400,23.311638200,23.311638200,23.312131600,1/1/1
6568,4612,Render,1,493.400,26.428230900,26.428415900,26.428415900,26.428909300,1/1/1
6568,4612,Render,1,493.400,32.795948800,32.795970400,32.795970400,32.796463800,1/1/1
6568,5992,Render,1,493.400,39.968381000,39.968403000,39.968403000,39.968896400,1/10/1
6568,4612,Render,1,493.400,41.611911900,41.612092300,41.612092300,41.612585700,1/1/1
6568,4612,Render,1,493.300,23.828079100,23.828278700,23.828278700,23.828772000,1/1/1
6568,4612,Render,1,493.300,29.128378500,29.128542600,29.128542600,29.129035900,1/1/1
6568,4612,Render,1,493.300,33.695637300,33.695675300,33.695675300,33.696168600,1/1/1
6568,5992,Render,1,493.300,35.359745400,35.359771200,35.360089900,35.360583200,1/10/1
6568,4612,Render,1,493.200,23.544895200,23.545048800,23.545048800,23.545542000,1/1/1
6568,4612,Render,1,493.200,39.895357100,39.895508100,39.895508100,39.896001300,1/1/1
6568,4612,Render,1,493.100,31.012217100,31.012255700,31.012255700,31.012748800,1/1/1
6568,4612,Render,1,493.000,40.728958500,40.729056900,40.729056900,40.729549900,1/1/1
6568,4612,Render,1,492.900,22.410925200,22.412077200,22.412077200,22.412570100,1/1/1
6568,4612,Render,1,492.800,31.728485500,31.728643800,31.728643800,31.729136600,1/1/1
6568,4612,Render,1,492.700,31.778567800,31.778597500,31.778597500,31.779090200,1/1/1
6568,4612,Render,1,492.700,31.962034200,31.962067600,31.962067600,31.962560300,1/1/1
6568,4612,Render,1,492.600,26.694964100,26.695122800,26.695122800,26.695615400,1/1/1
6568,4612,Render,1,492.600,32.211925400,32.211958400,32.211958400,32.212451000,1/1/1
6568,4612,Render,1,492.600,35.328735700,35.328764000,35.328764000,35.329256600,1/1/1
6568,4612,Render,1,492.600,36.862117800,36.862284100,36.862284100,36.862776700,1/1/1
6568,4612,Render,1,492.600,39.462234000,39.462324700,39.462324700,39.462817300,1/1/1
6568,4612,Render,1,492.600,39.929275500,39.929300700,39.929300700,39.929793300,1/1/1
6568,4612,Render,1,492.600,40.711999600,40.712031700,40.712031700,40.712524300,1/1/1
6568,4612,Render,1,492.500,33.012055900,33.012087700,33.012087700,33.012580200,1/1/1
6568,4612,Render,1,492.500,40.678831300,40.678971900,40.678971900,40.679464400,1/1/1
6568,4612,Render,1,492.400,22.528314600,22.528348900,22.528348900,22.528841300,1/1/1
6568,4612,Render,1,492.400,23.378703200,23.378724000,23.378724000,23.379216400,1/1/1
6568,4612,Render,1,492.400,24.328632900,24.328655000,24.328655000,24.329147400,1/1/1
6568,5992,Render,1,492.400,28.038399700,28.038445100,28.038445100,28.038937500,1/10/1
6568,4612,Render,1,492.400,40.029172500,40.029205200,40.029205200,40.029697600,1/1/1
6568,4612,Render,1,492.300,25.594705500,25.595083100,25.595083100,25.595575400,1/1/1
6568,4612,Render,1,492.300,25.845294800,25.845323800,25.845323800,25.845816100,1/1/1
6568,4612,Render,1,492.300,26.261805000,26.261881100,26.261881100,26.262373400,1/1/1
6568,4612,Render,1,492.300,27.845392500,27.845436800,27.845436800,27.845929100,1/1/1
6568,4612,Render,1,492.300,29.811972500,29.812000100,29.812000100,29.812492400,1/1/1
6568,5992,Render,1,492.300,35.764337400,35.764378600,35.764378600,35.764870900,1/10/1
6568,4612,Render,1,492.300,40.445282700,40.445421400,40.445421400,40.445913700,1/1/1
6568,4612,Render,1,492.200,32.245220100,32.245251700,32.245251700,32.245743900,1/1/1
6568,4612,Render,1,492.200,34.462018700,34.462191000,34.462191000,34.462683200,1/1/1
6568,4612,Render,1,492.200,36.728737400,36.728770300,36.728770300,36.729262500,1/1/1
6568,4612,Render,1,492.200,38.495416500,38.495458100,38.495458100,38.495950300,1/1/1
6568,4612,Render,1,492.100,24.311485500,24.311662500,24.311662500,24.312154600,1/1/1
6568,4612,Render,1,492.100,29.427745200,29.428163500,29.428163500,29.428655600,1/1/1
6568,4612,Render,1,492.100,33.978636200,33.978665900,33.978665900,33.979158000,1/1/1
6568,4612,Render,1,492.100,40.912406100,40.912433700,40.912433700,40.912925800,1/1/1
6568,4612,Render,1,492.100,41.712354100,41.712381500,41.712381500,41.712873600,1/1/1
6568,4612,Render,1,492.000,22.311659800,22.311682800,22.311682800,22.312174800,1/1/1
6568,4612,Render,1,492.000,26.095130000,26.095155200,26.095155200,26.095647200,1/1/1
6568,4612,Render,1,491.900,31.039142600,31.039211600,31.039211600,31.039703500,1/1/1
6568,4612,Render,1,491.900,32.495419300,32.495450700,32.495450700,32.495942600,1/1/1
6568,4612,Render,1,491.900,32.711841700,32.711968800,32.711968800,32.712460700,1/1/1
6568,4612,Render,1,491.900,37.312365600,37.312387600,37.312387600,37.312879500,1/1/1
6568,4612,Render,1,491.800,22.744933600,22.744965500,22.744965500,22.745457300,1/1/1
6568,4612,Render,1,491.800,24.444868900,24.445015800,24.445015800,24.445507600,1/1/1
6568,5992,Render,1,491.800,29.584904300,29.584923500,29.584923500,29.585415300,1/10/1
6568,4612,Render,1,491.800,35.678656900,35.678680600,35.678680600,35.679172400,1/1/1
6568,4612,Render,1,491.700,24.828337500,24.828355900,24.828355900,24.828847600,1/1/1
6568,4612,Render,1,491.700,26.128379900,26.128473500,26.128473500,26.128965200,1/1/1
6568,4612,Render,1,491.700,26.511633000,26.511665300,26.511665300,26.512157000,1/1/1
6568,4612,Render,1,491.700,26.611981200,26.612007900,26.612007900,26.612499600,1/1/1
6568,4612,Render,1,491.700,39.845441300,39.845462100,39.845462100,39.845953800,1/1/1
6568,4612,Render,1,491.600,25.094910200,25.095045600,25.095045600,25.095537200,1/1/1
6568,4612,Render,1,491.600,27.821983500,27.822035300,27.822035300,27.822526900,1/1/1
6568,4612,Render,1,491.600,35.378630700,35.378803500,35.378803500,35.379295100,1/1/1
6568,4612,Render,1,491.600,35.495494500,35.495517200,35.495517200,35.496008800,1/1/1
6568,4612,Render,1,491.500,29.228529800,29.228657600,29.228657600,29.229149100,1/1/1
6568,5992,Render,1,491.500,37.044737700,37.044851800,37.044851800,37.045343300,1/10/1
6568,4612,Render,1,491.500,41.395557600,41.395589900,41.395589900,41.396081400,1/1/1
6568,4612,Render,1,491.400,26.995462800,26.995494100,26.995494100,26.995985500,1/1/1
6568,4612,Render,1,491.400,28.977932200,28.978996200,28.979245100,28.979736500,1/1/1
6568,4612,Render,1,491.300,24.495168700,24.495196000,24.495196000,24.495687300,1/1/1
6568,4612,Render,1,491.300,24.978385100,24.978531400,24.978531400,24.979022700,1/1/1
6568,4612,Render,1,491.300,25.644912400,25.645061200,25.645061200,25.645552500,1/1/1
6568,4612,Render,1,491.300,34.078790400,34.078835300,34.078835300,34.079326600,1/1/1
6568,4612,Render,1,491.300,39.029037900,39.029069500,39.029069500,39.029560800,1/1/1
6568,4612,Render,1,491.300,41.694707900,41.706880800,41.707139200,41.707630500,1/1/1
6568,4612,Render,1,491.200,21.944874200,21.944905600,21.944905600,21.945396800,1/1/1
6568,5992,Render,1,491.200,23.786297100,23.786316500,23.786316500,23.786807700,1/10/1
6568,5992,Render,1,491.200,37.311297000,37.311418400,37.311418400,37.311909600,1/10/1
6568,4612,Render,1,491.100,25.528356200,25.528490700,25.528490700,25.528981800,1/1/1
6568,4612,Render,1,491.000,22.611736700,22.611762700,22.611762700,22.612253700,1/1/1
6568,5992,Render,1,491.000,23.963844800,23.963862700,23.963862700,23.964353700,1/10/1
6568,4612,Render,1,491.000,25.561746800,25.561777400,25.561777400,25.562268400,1/1/1
6568,4612,Render,1,491.000,27.045220900,27.045250800,27.045250800,27.045741800,1/1/1
6568,4612,Render,1,491.000,32.045342300,32.045376400,32.045376400,32.045867400,1/1/1
6568,4612,Render,1,491.000,38.811890900,38.812331500,38.812331500,38.812822500,1/1/1
6568,4612,Render,1,491.000,39.512111200,39.512140900,39.512140900,39.512631900,1/1/1
6568,4612,Render,1,491.000,40.061941200,40.062085600,40.062085600,40.062576600,1/1/1
6568,4612,Render,1,490.900,22.578259900,22.578381400,22.578381400,22.578872300,1/1/1
6568,4612,Render,1,490.900,31.645346500,31.645379000,31.645379000,31.645869900,1/1/1
6568,4612,Render,1,490.900,34.028529000,34.028707100,34.028707100,34.029198000,1/1/1
6568,4612,Render,1,490.900,34.044546500,34.045652200,34.045652200,34.046143100,1/1/1
6568,4612,Render,1,490.900,37.262074900,37.262212300,37.262212300,37.262703200,1/1/1
6568,4612,Render,1,490.900,40.812322400,40.812339600,40.812339600,40.812830500,1/1/1
6568,4612,Render,1,490.900,41.479158500,41.479180000,41.479180000,41.479670900,1/1/1
6568,4612,Render,1,490.900,41.745459100,41.745612700,41.745612700,41.746103600,1/1/1
6568,4612,Render,1,490.800,41.629199200,41.629223400,41.629223400,41.629714200,1/1/1
6568,5992,Render,1,490.700,26.121795500,26.121823900,26.121823900,26.122314600,1/10/1
6568,4612,Render,1,490.700,26.145207300,26.145240600,26.145240600,26.145731300,1/1/1
6568,5992,Render,1,490.700,30.713746800,30.713781600,30.713781600,30.714272300,1/10/1
6568,5992,Render,1,490.600,25.420598400,25.420621700,25.420621700,25.421112300,1/10/1
6568,5992,Render,1,490.600,34.778057400,34.778191100,34.778191100,34.778681700,1/10/1
6568,4612,Render,1,490.600,37.511862900,37.512014300,37.512014300,37.512504900,1/1/1
6568,5992,Render,1,490.500,22.560011900,22.560029300,22.560392900,22.560883400,1/10/1
6568,4612,Render,1,490.500,23.461778900,23.461861000,23.461861000,23.462351500,1/1/1
6568,4612,Render,1,490.500,24.362427600,24.362447900,24.362447900,24.362938400,1/1/1
6568,4612,Render,1,490.500,41.128765300,41.128797200,41.128797200,41.129287700,1/1/1
6568,5992,Render,1,490.500,41.478167000,41.478211900,41.478211900,41.478702400,1/10/1
6568,4612,Render,1,490.400,30.595254300,30.595284100,30.595284100,30.595774500,1/1/1
6568,4612,Render,1,490.400,30.645322200,30.645352000,30.645352000,30.645842400,1/1/1
6568,4612,Render,1,490.400,31.145673600,31.145705500,31.145705500,31.146195900,1/1/1
6568,4612,Render,1,490.400,32.745209200,32.745240000,32.745240000,32.745730400,1/1/1
6568,4612,Render,1,490.400,36.229008000,36.229044800,36.229044800,36.229535200,1/1/1
6568,4612,Render,1,490.400,38.328808000,38.328833800,38.328833800,38.329324200,1/1/1
6568,5992,Render,1,490.300,21.979684400,21.979705200,21.979705200,21.980195500,1/10/1
6568,4612,Render,1,490.300,29.678518700,29.678546900,29.678546900,29.679037200,1/1/1
6568,4612,Render,1,490.300,37.695657500,37.695685600,37.695685600,37.696175900,1/1/1
6568,4612,Render,1,490.200,22.795131500,22.795158600,22.795158600,22.795648800,1/1/1
6568,4612,Render,1,490.200,28.544638700,28.545597400,28.545855200,28.546345400,1/1/1
6568,4612,Render,1,490.200,31.894992600,31.895107000,31.895107000,31.895597200,1/1/1
6568,4612,Render,1,490.100,37.128776600,37.128809400,37.128809400,37.129299500,1/1/1
6568,4612,Render,1,490.100,40.311873600,40.312059800,40.312059800,40.312549900,1/1/1
6568,4612,Render,1,490.100,40.779060000,40.779079000,40.779079000,40.779569100,1/1/1
6568,4612,Render,1,490.100,41.378689300,41.378711700,41.378711700,41.379201800,1/1/1
6568,4612,Render,1,490.000,21.861666200,21.861694400,21.861694400,21.862184400,1/1/1
6568,4612,Render,1,490.000,29.278619700,29.278644800,29.278644800,29.279134800,1/1/1
6568,4612,Render,1,489.900,37.379285600,37.379307400,37.379307400,37.379797300,1/1/1
6568,4612,Render,1,489.900,37.562463600,37.562488800,37.562488800,37.562978700,1/1/1
6568,4612,Render,1,489.800,22.878440500,22.878469900,22.878469900,22.878959700,1/1/1
6568,4612,Render,1,489.800,32.578569500,32.578713100,32.578713100,32.579202900,1/1/1
6568,4612,Render,1,489.800,39.378760300,39.378788400,39.378788400,39.379278200,1/1/1
6568,4612,Render,1,489.700,23.744838300,23.744998200,23.744998200,23.745487900,1/1/1
6568,4612,Render,1,489.700,36.945227700,36.945382700,36.945382700,36.945872400,1/1/1
6568,4612,Render,1,489.600,24.562182600,24.562221600,24.562221600,24.562711200,1/1/1
6568,4612,Render,1,489.600,24.761763300,24.761796800,24.761796800,24.762286400,1/1/1
6568,4612,Render,1,489.600,30.194940700,30.195101500,30.195101500,30.195591100,1/1/1
6568,5992,Render,1,489.600,30.626506900,30.626524700,30.626876400,30.627366000,1/10/1
6568,4612,Render,1,489.600,31.861826700,31.861949600,31.861949600,31.862439200,1/1/1
6568,4612,Render,1,489.600,33.261881700,33.262005200,33.262005200,33.262494800,1/1/1
6568,5992,Render,1,489.600,34.240073100,34.240093500,34.240093500,34.240583100,1/10/1
6568,5992,Render,1,489.600,35.541178400,35.541215900,35.541525300,35.542014900,1/10/1
6568,4612,Render,1,489.600,39.078151400,39.079241200,39.079492000,39.079981600,1/1/1
6568,5992,Render,1,489.600,40.566561200,40.566607800,40.566607800,40.567097400,1/10/1
6568,4612,Render,1,489.500,23.511810500,23.511953600,23.511953600,23.512443100,1/1/1
6568,4612,Render,1,489.500,30.061782200,30.061811700,30.061811700,30.062301200,1/1/1
6568,4612,Render,1,489.500,32.295179000,32.295325700,32.295325700,32.295815200,1/1/1
6568,4612,Render,1,489.500,37.461452400,37.463014200,37.463014200,37.463503700,1/1/1
6568,4612,Render,1,489.500,37.678643500,37.678673700,37.678673700,37.679163200,1/1/1
6568,4612,Render,1,489.500,40.545762900,40.545789500,40.545789500,40.546279000,1/1/1
6568,4612,Render,1,489.400,24.895006900,24.895146400,24.895146400,24.895635800,1/1/1
6568,4612,Render,1,489.400,25.344943400,25.345102900,25.345102900,25.345592300,1/1/1
6568,4612,Render,1,489.300,30.145755900,30.145772100,30.145772100,30.146261400,1/1/1
6568,4612,Render,1,489.300,32.845416400,32.845436200,32.845436200,32.845925500,1/1/1
6568,4612,Render,1,489.300,32.878512000,32.878543500,32.878543500,32.879032800,1/1/1
6568,4612,Render,1,489.300,36.178750100,36.178782900,36.178782900,36.179272200,1/1/1
6568,5992,Render,1,489.300,37.971583800,37.971599800,37.971599800,37.972089100,1/10/1
6568,4612,Render,1,489.300,39.778805300,39.778938000,39.778938000,39.779427300,1/1/1
6568,4612,Render,1,489.200,23.661477200,23.661647000,23.661647000,23.662136200,1/1/1
6568,4612,Render,1,489.200,26.011949700,26.011974600,26.011974600,26.012463800,1/1/1
6568,4612,Render,1,489.200,35.295455400,35.295485800,35.295485800,35.295975000,1/1/1
6568,4612,Render,1,489.200,38.862382700,38.862404100,38.862404100,38.862893300,1/1/1
6568,4612,Render,1,489.100,28.412282700,28.412311600,28.412311600,28.412800700,1/1/1
6568,5992,Render,1,489.100,31.400644700,31.400670600,31.400670600,31.401159700,1/10/1
6568,4612,Render,1,489.100,34.628278500,34.628633100,34.628633100,34.629122200,1/1/1
6568,4612,Render,1,489.100,36.128673000,36.128693900,36.128693900,36.129183000,1/1/1
6568,4612,Render,1,489.000,35.478924800,35.478944700,35.478944700,35.479433700,1/1/1
6568,4612,Render,1,489.000,39.728933500,39.728953900,39.728953900,39.729442900,1/1/1
6568,4612,Render,1,489.000,39.761966900,39.762118400,39.762118400,39.762607400,1/1/1
6568,4612,Render,1,489.000,39.862136400,39.862272900,39.862272900,39.862761900,1/1/1
6568,4612,Render,1,489.000,40.929028700,40.929047100,40.929047100,40.929536100,1/1/1
6568,4612,Render,1,488.900,25.478408400,25.478466500,25.478466500,25.478955400,1/1/1
6568,4612,Render,1,488.900,31.545006300,31.545165900,31.545165900,31.545654800,1/1/1
6568,4612,Render,1,488.800,28.395178900,28.395301700,28.395301700,28.395790500,1/1/1
6568,4612,Render,1,488.800,29.145281300,29.145311700,29.145311700,29.145800500,1/1/1
6568,4612,Render,1,488.800,33.930113400,33.930135600,33.930135600,33.930624400,1/1/1
6568,4612,Render,1,488.800,39.295518900,39.295563300,39.295563300,39.296052100,1/1/1
6568,4612,Render,1,488.700,26.228499700,26.228530500,26.228530500,26.229019200,1/1/1
6568,4612,Render,1,488.700,27.311944200,27.311971700,27.311971700,27.312460400,1/1/1
6568,4612,Render,1,488.600,22.444836200,22.444980400,22.444980400,22.445469000,1/1/1
6568,4612,Render,1,488.600,31.678478800,31.678509200,31.678509200,31.678997800,1/1/1
6568,4612,Render,1,488.600,32.161707300,32.161858900,32.161858900,32.162347500,1/1/1
6568,4612,Render,1,488.600,36.462264300,36.462289700,36.462289700,36.462778300,1/1/1
6568,4612,Render,1,488.500,35.045484700,35.045510200,35.045510200,35.045998700,1/1/1
6568,4612,Render,1,488.400,23.760905200,23.761921300,23.762127200,23.762615600,1/1/1
6568,4612,Render,1,488.400,26.862343000,26.862370900,26.862370900,26.862859300,1/1/1
6568,4612,Render,1,488.400,38.628901300,38.628938500,38.628938500,38.629426900,1/1/1
6568,4612,Render,1,488.300,24.878329600,24.878355000,24.878355000,24.878843300,1/1/1
6568,4612,Render,1,488.300,25.695092200,25.695117300,25.695117300,25.695605600,1/1/1
6568,4612,Render,1,488.300,34.611328300,34.612414800,34.612660800,34.613149100,1/1/1
6568,4612,Render,1,488.200,22.478073700,22.478239700,22.478239700,22.478727900,1/1/1
6568,4612,Render,1,488.200,24.528432600,24.528466000,24.528466000,24.528954200,1/1/1
6568,4612,Render,1,488.200,41.095482600,41.095621200,41.095621200,41.096109400,1/1/1
6568,4612,Render,1,488.100,22.377632100,22.379710900,22.379710900,22.380199000,1/1/1
6568,4612,Render,1,488.100,28.361915000,28.361943300,28.361943300,28.362431400,1/1/1
6568,4612,Render,1,488.100,36.445211300,36.445418100,36.445418100,36.445906200,1/1/1
6568,4612,Render,1,488.100,36.545263100,36.545406100,36.545406100,36.545894200,1/1/1
6568,4612,Render,1,488.100,41.079249100,41.079300700,41.079300700,41.079788800,1/1/1
6568,4612,Render,1,488.000,23.878285400,23.878310600,23.878310600,23.878798600,1/1/1
6568,4612,Render,1,488.000,29.612013400,29.612051500,29.612051500,29.612539500,1/1/1
6568,4612,Render,1,488.000,32.528698000,32.528717900,32.528717900,32.529205900,1/1/1
6568,4612,Render,1,488.000,34.729371700,34.729432500,34.729432500,34.729920500,1/1/1
6568,4612,Render,1,488.000,36.678623200,36.678902600,36.678902600,36.679390600,1/1/1
6568,4612,Render,1,488.000,37.179033700,37.179066300,37.179066300,37.179554300,1/1/1
6568,4612,Render,1,487.900,33.911355800,33.912453200,33.912703300,33.913191200,1/1/1
6568,4612,Render,1,487.900,38.845150400,38.845349500,38.845349500,38.845837400,1/1/1
6568,4612,Render,1,487.800,22.495110100,22.495140900,22.495140900,22.495628700,1/1/1
6568,4612,Render,1,487.800,26.745243100,26.745268800,26.745268800,26.745756600,1/1/1
6568,4612,Render,1,487.800,30.728365600,30.728516100,30.728516100,30.729003900,1/1/1
6568,4612,Render,1,487.800,32.929351400,32.929372000,32.929372000,32.929859800,1/1/1
6568,4612,Render,1,487.800,35.595956600,35.595972500,35.595972500,35.596460300,1/1/1
6568,5992,Render,1,487.800,36.035431700,36.035449300,36.035816800,36.036304600,1/10/1
6568,4612,Render,1,487.800,37.211948000,37.212072800,37.212072800,37.212560600,1/1/1
6568,4612,Render,1,487.800,41.462343300,41.462374400,41.462374400,41.462862200,1/1/1
6568,4612,Render,1,487.700,36.962376000,36.962400400,36.962400400,36.962888100,1/1/1
6568,4612,Render,1,487.700,39.562301600,39.562330100,39.562330100,39.562817800,1/1/1
6568,4612,Render,1,487.600,27.428563200,27.428592700,27.428592700,27.429080300,1/1/1
6568,4612,Render,1,487.600,30.379417300,30.379437600,30.379437600,30.379925200,1/1/1
6568,4612,Render,1,487.600,36.595616900,36.595637500,36.595637500,36.596125100,1/1/1
6568,4612,Render,1,487.600,41.212249100,41.212287100,41.212287100,41.212774700,1/1/1
6568,4612,Render,1,487.500,22.178236600,22.178378600,22.178378600,22.178866100,1/1/1
6568,4612,Render,1,487.500,26.295117900,26.295409400,26.295409400,26.295896900,1/1/1
6568,4612,Render,1,487.500,28.112161000,28.112191200,28.112191200,28.112678700,1/1/1
6568,4612,Render,1,487.500,30.412073800,30.412097100,30.412097100,30.412584600,1/1/1
6568,4612,Render,1,487.500,30.527888700,30.529070500,30.529323500,30.529811000,1/1/1
6568,4612,Render,1,487.500,37.242039300,37.242099100,37.242099100,37.242586600,1/1/1
6568,4612,Render,1,487.400,27.011814400,27.011850500,27.011850500,27.012337900,1/1/1
6568,4612,Render,1,487.400,27.828491900,27.828526800,27.828526800,27.829014200,1/1/1
6568,4612,Render,1,487.400,28.012384300,28.012452600,28.012452600,28.012940000,1/1/1
6568,4612,Render,1,487.400,31.911956700,31.911982800,31.911982800,31.912470200,1/1/1
6568,4612,Render,1,487.400,36.211808600,36.211842000,36.211842000,36.212329400,1/1/1
6568,4612,Render,1,487.400,36.646231900,36.646252400,36.646252400,36.646739800,1/1/1
6568,4612,Render,1,487.300,32.028318700,32.028496600,32.028496600,32.028983900,1/1/1
6568,4612,Render,1,487.300,35.911873700,35.912017100,35.912017100,35.912504400,1/1/1
6568,4612,Render,1,487.300,38.112357300,38.112379300,38.112379300,38.112866600,1/1/1
6568,5992,Render,1,487.200,22.250596300,22.250622700,22.250622700,22.251109900,1/10/1
6568,4612,Render,1,487.200,24.611630000,24.611657600,24.611657600,24.612144800,1/1/1
6568,4612,Render,1,487.200,25.795130200,25.795162100,25.795162100,25.795649300,1/1/1
6568,4612,Render,1,487.200,35.195989400,35.196010300,35.196010300,35.196497500,1/1/1
6568,4612,Render,1,487.100,23.711923500,23.711943900,23.711943900,23.712431000,1/1/1
6568,4612,Render,1,487.100,27.395470900,27.395510000,27.395510000,27.395997100,1/1/1
6568,4612,Render,1,487.100,34.112096900,34.112260700,34.112260700,34.112747800,1/1/1
6568,4612,Render,1,487.100,37.045815600,37.045837400,37.045837400,37.046324500,1/1/1
6568,4612,Render,1,487.100,39.112124300,39.112156500,39.112156500,39.112643600,1/1/1
6568,4612,Render,1,487.000,25.778456200,25.778573100,25.778573100,25.779060100,1/1/1
6568,4612,Render,1,487.000,25.994912400,25.995036400,25.995036400,25.995523400,1/1/1
6568,4612,Render,1,487.000,30.128799900,30.128818300,30.128818300,30.129305300,1/1/1
6568,4612,Render,1,487.000,37.395692600,37.395723700,37.395723700,37.396210700,1/1/1
6568,4612,Render,1,487.000,39.479056500,39.479192400,39.479192400,39.479679400,1/1/1
6568,4612,Render,1,486.900,24.844928000,24.845071200,24.845071200,24.845558100,1/1/1
6568,4612,Render,1,486.700,22.661709800,22.661735800,22.661735800,22.662222500,1/1/1
6568,4612,Render,1,486.700,30.961875800,30.961898600,30.961898600,30.962385300,1/1/1
6568,4612,Render,1,486.700,37.345241100,37.345391400,37.345391400,37.345878100,1/1/1
6568,4612,Render,1,486.700,38.278609500,38.278768700,38.278768700,38.279255400,1/1/1
6568,4612,Render,1,486.600,21.995035500,21.995066000,21.995066000,21.995552600,1/1/1
6568,4612,Render,1,486.600,24.245148200,24.245181800,24.245181800,24.245668400,1/1/1
6568,4612,Render,1,486.600,33.595406700,33.595429500,33.595429500,33.595916100,1/1/1
6568,4612,Render,1,486.600,33.712440100,33.712559600,33.712559600,33.713046200,1/1/1
6568,4612,Render,1,486.600,36.828905000,36.828926200,36.828926200,36.829412800,1/1/1
6568,4612,Render,1,486.500,22.028086400,22.028253200,22.028253200,22.028739700,1/1/1
6568,4612,Render,1,486.500,22.828164300,22.828337300,22.828337300,22.828823800,1/1/1
6568,4612,Render,1,486.500,24.661789000,24.661825800,24.661825800,24.662312300,1/1/1
6568,4612,Render,1,486.400,24.728443200,24.728475100,24.728475100,24.728961500,1/1/1
6568,4612,Render,1,486.400,28.528434700,28.528592100,28.528592100,28.529078500,1/1/1
6568,5992,Render,1,486.300,29.670483900,29.670493800,29.670847300,29.671333600,1/10/1
6568,4612,Render,1,486.300,30.778861800,30.778883100,30.778883100,30.779369400,1/1/1
6568,4612,Render,1,486.100,25.863045200,25.863062200,25.863062200,25.863548300,1/1/1
6568,5992,Render,1,486.100,28.347501400,28.347518700,28.347518700,28.348004800,1/10/1
6568,4612,Render,1,486.100,38.412779200,38.412797200,38.412797200,38.413283300,1/1/1
6568,4612,Render,1,486.100,38.545300600,38.545451600,38.545451600,38.545937700,1/1/1
6568,4612,Render,1,486.000,30.078618900,30.078645800,30.078645800,30.079131800,1/1/1
6568,4612,Render,1,486.000,39.429612700,39.429636600,39.429636600,39.430122600,1/1/1
6568,4612,Render,1,486.000,39.545255500,39.545399800,39.545399800,39.545885800,1/1/1
6568,4612,Render,1,485.900,26.845189800,26.845221200,26.845221200,26.845707100,1/1/1
6568,4612,Render,1,485.800,29.012474200,29.012550100,29.012550100,29.013035900,1/1/1
6568,4612,Render,1,485.800,30.444384000,30.445445700,30.445445700,30.445931500,1/1/1
6568,4612,Render,1,485.700,21.960990800,21.961115400,21.961572500,21.962058200,1/1/1
6568,4612,Render,1,485.700,23.328524900,23.328545900,23.328545900,23.329031600,1/1/1
6568,4612,Render,1,485.700,24.711452600,24.711625500,24.711625500,24.712111200,1/1/1
6568,4612,Render,1,485.700,29.995399500,29.995467800,29.995467800,29.995953500,1/1/1
6568,4612,Render,1,485.600,29.040398200,29.040468600,29.040468600,29.040954200,1/1/1
6568,4612,Render,1,485.600,38.785765500,38.785804700,38.785804700,38.786290300,1/1/1
6568,4612,Render,1,485.600,40.945289500,40.945432000,40.945432000,40.945917600,1/1/1
6568,4612,Render,1,485.500,29.595058200,29.595214700,29.595214700,29.595700200,1/1/1
6568,4612,Render,1,485.500,31.095165700,31.095295100,31.095295100,31.095780600,1/1/1
6568,4612,Render,1,485.400,26.561626500,26.561781300,26.561781300,26.562266700,1/1/1
6568,4612,Render,1,485.400,30.028439700,30.028574800,30.028574800,30.029060200,1/1/1
6568,4612,Render,1,485.400,38.095323000,38.095474200,38.095474200,38.095959600,1/1/1
6568,4612,Render,1,485.300,22.694766100,22.694939100,22.694939100,22.695424400,1/1/1
6568,5992,Render,1,485.300,26.947099900,26.947119300,26.947119300,26.947604600,1/10/1
6568,4612,Render,1,485.300,26.961624100,26.961745000,26.961745000,26.962230300,1/1/1
6568,4612,Render,1,485.300,29.645162900,29.645290500,29.645290500,29.645775800,1/1/1
6568,4612,Render,1,485.200,22.345034700,22.345063200,22.345063200,22.345548400,1/1/1
6568,4612,Render,1,485.200,23.494939600,23.495083300,23.495083300,23.495568500,1/1/1
6568,4612,Render,1,485.200,24.228267500,24.228299400,24.228299400,24.228784600,1/1/1
6568,4612,Render,1,485.200,25.311820300,25.311845400,25.311845400,25.312330600,1/1/1
6568,4612,Render,1,485.200,25.911519300,25.911677200,25.911677200,25.912162400,1/1/1
6568,4612,Render,1,485.200,26.178397200,26.178527400,26.178527400,26.179012600,1/1/1
6568,4612,Render,1,485.200,37.503907400,37.503959500,37.503959500,37.504444700,1/1/1
6568,5992,Render,1,485.200,37.694617900,37.694709200,37.694709200,37.695194400,1/10/1
6568,4612,Render,1,485.200,39.262223000,39.262253800,39.262253800,39.262739000,1/1/1
6568,4612,Render,1,485.100,26.778036400,26.778394100,26.778394100,26.778879200,1/1/1
6568,4612,Render,1,485.000,24.478173400,24.478321100,24.478321100,24.478806100,1/1/1
6568,4612,Render,1,485.000,26.311740500,26.311860800,26.311860800,26.312345800,1/1/1
6568,4612,Render,1,485.000,26.878516000,26.878542300,26.878542300,26.879027300,1/1/1
6568,4612,Render,1,485.000,38.662058100,38.662083200,38.662083200,38.662568200,1/1/1
6568,4612,Render,1,484.900,26.529140400,26.529159000,26.529159000,26.529643900,1/1/1
6568,4612,Render,1,484.900,38.195511500,38.195545700,38.195545700,38.196030600,1/1/1
6568,4612,Render,1,484.800,39.245195900,39.245359700,39.245359700,39.245844500,1/1/1
6568,5992,Render,1,484.800,39.727973400,39.728001800,39.728001800,39.728486600,1/10/1
6568,5992,Render,1,484.800,40.911344700,40.911458600,40.911458600,40.911943400,1/10/1
6568,4612,Render,1,484.700,22.428081600,22.428317100,22.428317100,22.428801800,1/1/1
6568,4612,Render,1,484.700,26.992045600,26.992104000,26.992104000,26.992588700,1/1/1
6568,5992,Render,1,484.600,23.593598100,23.593803800,23.593803800,23.594288400,1/10/1
6568,4612,Render,1,484.600,27.745227400,27.745261800,27.745261800,27.745746400,1/1/1
6568,4612,Render,1,484.500,27.378286500,27.378308700,27.378308700,27.378793200,1/1/1
6568,4612,Render,1,484.400,38.762104100,38.762144000,38.762144000,38.762628400,1/1/1
6568,4612,Render,1,484.300,28.878424000,28.878449400,28.878449400,28.878933700,1/1/1
6568,4612,Render,1,484.300,30.511939900,30.511965800,30.511965800,30.512450100,1/1/1
6568,4612,Render,1,484.300,35.995167700,35.995343700,35.995343700,35.995828000,1/1/1
6568,4612,Render,1,484.300,38.312420600,38.312456900,38.312456900,38.312941200,1/1/1
6568,4612,Render,1,484.200,23.612109500,23.612146400,23.612146400,23.612630600,1/1/1
6568,4612,Render,1,484.200,24.278460500,24.278481800,24.278481800,24.278966000,1/1/1
6568,4612,Render,1,484.200,25.045671600,25.045690200,25.045690200,25.046174400,1/1/1
6568,4612,Render,1,484.200,30.161865000,30.161884200,30.161884200,30.162368400,1/1/1
6568,4612,Render,1,484.200,33.561417900,33.562557600,33.562806100,33.563290300,1/1/1
6568,4612,Render,1,484.200,34.779133100,34.779156600,34.779156600,34.779640800,1/1/1
6568,4612,Render,1,484.200,37.294955900,37.294973700,37.295188400,37.295672600,1/1/1
6568,4612,Render,1,484.100,24.011486400,24.011658100,24.011658100,24.012142200,1/1/1
6568,4612,Render,1,484.100,30.212569800,30.212644000,30.212644000,30.213128100,1/1/1
6568,4612,Render,1,484.100,30.461163800,30.462836800,30.462836800,30.463320900,1/1/1
6568,5992,Render,1,484.100,31.144596700,31.144699600,31.144699600,31.145183700,1/10/1
6568,5992,Render,1,484.100,31.763816300,31.763837100,31.763837100,31.764321200,1/10/1
6568,4612,Render,1,484.000,22.711897200,22.711917200,22.711917200,22.712401200,1/1/1
6568,5992,Render,1,484.000,28.258641800,28.258687300,28.258687300,28.259171300,1/10/1
6568,4612,Render,1,484.000,38.578582600,38.578760200,38.578760200,38.579244200,1/1/1
6568,4612,Render,1,483.900,27.611710200,27.611852300,27.611852300,27.612336200,1/1/1
6568,5992,Render,1,483.900,29.165531400,29.165568900,29.165568900,29.166052800,1/10/1
6568,4612,Render,1,483.900,34.428872800,34.428898000,34.428898000,34.429381900,1/1/1
6568,4612,Render,1,483.800,31.228686200,31.228715400,31.228715400,31.229199200,1/1/1
6568,4612,Render,1,483.800,38.512254600,38.512285600,38.512285600,38.512769400,1/1/1
6568,4612,Render,1,483.700,29.062245000,29.062269200,29.062269200,29.062752900,1/1/1
6568,4612,Render,1,483.700,38.062159700,38.062185900,38.062185900,38.062669600,1/1/1
6568,4612,Render,1,483.600,25.878364000,25.878510000,25.878510000,25.878993600,1/1/1
6568,4612,Render,1,483.600,26.828204200,26.828369100,26.828369100,26.828852700,1/1/1
6568,4612,Render,1,483.600,30.911948800,30.911976000,30.911976000,30.912459600,1/1/1
6568,4612,Render,1,483.600,33.729324600,33.729404100,33.729404100,33.729887700,1/1/1
6568,4612,Render,1,483.600,36.012053800,36.012177800,36.012177800,36.012661400,1/1/1
6568,4612,Render,1,483.600,38.362026600,38.362059500,38.362059500,38.362543100,1/1/1
6568,4612,Render,1,483.500,35.278461400,35.278482700,35.278592400,35.279075900,1/1/1
6568,4612,Render,1,483.500,38.145600600,38.145620900,38.145620900,38.146104400,1/1/1
6568,5992,Render,1,483.400,29.080458100,29.080473200,29.080473200,29.080956600,1/10/1
6568,4612,Render,1,483.400,39.062012600,39.062180200,39.062180200,39.062663600,1/1/1
6568,4612,Render,1,483.300,23.928304500,23.928443800,23.928443800,23.928927100,1/1/1
6568,4612,Render,1,483.300,27.445360800,27.445379700,27.445379700,27.445863000,1/1/1
6568,4612,Render,1,483.300,28.228409200,28.228439900,28.228439900,28.228923200,1/1/1
6568,4612,Render,1,483.300,39.495463900,39.495515400,39.495515400,39.495998700,1/1/1
6568,4612,Render,1,483.200,29.562083400,29.562108000,29.562108000,29.562591200,1/1/1
6568,5992,Render,1,483.200,30.211560100,30.211613800,30.211613800,30.212097000,1/10/1
6568,4612,Render,1,483.200,34.712087600,34.712375000,34.712375000,34.712858200,1/1/1
6568,4612,Render,1,483.200,38.294713900,38.295803400,38.296062100,38.296545300,1/1/1
6568,4612,Render,1,483.100,31.128456100,31.128487000,31.128487000,31.128970100,1/1/1
6568,4612,Render,1,483.100,34.861942200,34.862072400,34.862072400,34.862555500,1/1/1
6568,4612,Render,1,483.100,34.878865600,34.878898800,34.878898800,34.879381900,1/1/1
6568,5992,Render,1,483.100,35.111531000,35.111546100,35.111546100,35.112029200,1/10/1
6568,5992,Render,1,483.000,33.994456000,33.994525500,33.994525500,33.995008500,1/10/1
6568,4612,Render,1,483.000,34.378844800,34.378873600,34.378873600,34.379356600,1/1/1
6568,4612,Render,1,482.900,24.144815800,24.144967300,24.144967300,24.145450200,1/1/1
6568,4612,Render,1,482.900,35.262179500,35.262210900,35.262210900,35.262693800,1/1/1
6568,4612,Render,1,482.700,24.195191100,24.195212900,24.195212900,24.195695600,1/1/1
6568,4612,Render,1,482.700,30.678502900,30.678650600,30.678650600,30.679133300,1/1/1
6568,4612,Render,1,482.600,24.578487200,24.578507400,24.578507400,24.578990000,1/1/1
6568,4612,Render,1,482.600,28.961633600,28.961780800,28.961780800,28.962263400,1/1/1
6568,4612,Render,1,482.600,29.895014500,29.895140900,29.895140900,29.895623500,1/1/1
6568,4612,Render,1,482.600,30.627814300,30.629362800,30.629362800,30.629845400,1/1/1
6568,4612,Render,1,482.500,34.345457400,34.345484600,34.345484600,34.345967100,1/1/1
6568,5992,Render,1,482.500,36.878263300,36.878372200,36.878372200,36.878854700,1/10/1
6568,5992,Render,1,482.500,38.743578600,38.743596800,38.743927500,38.744410000,1/10/1
6568,4612,Render,1,482.500,39.212219600,39.212345000,39.212345000,39.212827500,1/1/1
6568,4612,Render,1,482.400,30.811666100,30.811845900,30.811845900,30.812328300,1/1/1
6568,5992,Render,1,482.200,25.844224500,25.844327700,25.844327700,25.844809900,1/10/1
6568,4612,Render,1,482.200,39.645421600,39.645560200,39.645560200,39.646042400,1/1/1
6568,4612,Render,1,482.100,25.928450500,25.928481900,25.928481900,25.928964000,1/1/1
6568,4612,Render,1,482.100,27.478458400,27.478548300,27.478548300,27.479030400,1/1/1
6568,5992,Render,1,482.100,32.127716200,32.127826000,32.127826000,32.128308100,1/10/1
6568,4612,Render,1,482.000,30.561972600,30.561991500,30.561991500,30.562473500,1/1/1
6568,5992,Render,1,482.000,30.827782800,30.827869000,30.827869000,30.828351000,1/10/1
6568,4612,Render,1,481.900,29.761695800,29.761827500,29.761827500,29.762309400,1/1/1
6568,4612,Render,1,481.700,28.195036600,28.195185000,28.195185000,28.195666700,1/1/1
6568,4612,Render,1,481.700,28.578447600,28.578585600,28.578585600,28.579067300,1/1/1
6568,4612,Render,1,481.700,37.978767500,37.978792000,37.978792000,37.979273700,1/1/1
6568,4612,Render,1,481.700,39.328367300,39.328662400,39.328662400,39.329144100,1/1/1
6568,4612,Render,1,481.700,40.462325800,40.462344300,40.462689800,40.463171500,1/1/1
6568,5992,Render,1,481.600,22.118638300,22.118657000,22.118657000,22.119138600,1/10/1
6568,4612,Render,1,481.400,28.812239500,28.812262700,28.812262700,28.812744100,1/1/1
6568,4612,Render,1,481.400,34.761859700,34.762000900,34.762000900,34.762482300,1/1/1
6568,4612,Render,1,481.400,38.978563600,38.978721800,38.978721800,38.979203200,1/1/1
6568,5992,Render,1,481.300,33.886194300,33.886215100,33.886215100,33.886696400,1/10/1
6568,4612,Render,1,481.300,39.629135400,39.629177700,39.629177700,39.629659000,1/1/1
6568,4612,Render,1,481.200,29.778616000,29.778635600,29.778635600,29.779116800,1/1/1
6568,4612,Render,1,481.200,38.895503100,38.895534400,38.895534400,38.896015600,1/1/1
6568,4612,Render,1,481.100,28.478246400,28.478410100,28.478410100,28.478891200,1/1/1
6568,5992,Render,1,481.100,39.756200600,39.756214500,39.756565100,39.757046200,1/10/1
6568,5992,Render,1,481.000,22.377589700,22.377610600,22.377610600,22.378091600,1/10/1
6568,4612,Render,1,481.000,31.045155600,31.045186300,31.045186300,31.045667300,1/1/1
6568,4612,Render,1,480.900,21.827641600,21.827766700,21.828233200,21.828714100,1/1/1
6568,4612,Render,1,480.900,34.811795900,34.812035300,34.812035300,34.812516200,1/1/1
6568,4612,Render,1,480.900,35.128756000,35.128782600,35.128782600,35.129263500,1/1/1
6568,4612,Render,1,480.800,30.328319200,30.328462800,30.328462800,30.328943600,1/1/1
6568,5992,Render,1,480.700,26.593706000,26.593719400,26.594057700,26.594538400,1/10/1
6568,4612,Render,1,480.700,27.778072600,27.778355300,27.778355300,27.778836000,1/1/1
6568,4612,Render,1,480.700,28.562389600,28.562415500,28.562415500,28.562896200,1/1/1
6568,5992,Render,1,480.700,31.672366800,31.672387400,31.672387400,31.672868100,1/10/1
6568,4612,Render,1,480.600,23.628304500,23.628428400,23.628428400,23.628909000,1/1/1
6568,4612,Render,1,480.600,34.978251600,34.978626100,34.978626100,34.979106700,1/1/1
6568,5992,Render,1,480.500,25.610832600,25.610924100,25.610924100,25.611404600,1/10/1
6568,5992,Render,1,480.500,32.598661200,32.598678400,32.598678400,32.599158900,1/10/1
6568,4612,Render,1,480.500,34.177815700,34.178895500,34.178895500,34.179376000,1/1/1
6568,4612,Render,1,480.500,35.161911800,35.161944100,35.161944100,35.162424600,1/1/1
6568,4612,Render,1,480.500,35.245096700,35.245254800,35.245254800,35.245735300,1/1/1
6568,5992,Render,1,480.400,30.777771200,30.777870800,30.777870800,30.778351200,1/10/1
6568,4612,Render,1,480.300,31.061976300,31.062000200,31.062000200,31.062480500,1/1/1
6568,5992,Render,1,480.200,34.759365600,34.759389600,34.759389600,34.759869800,1/10/1
6568,5992,Render,1,480.200,38.009806100,38.009824300,38.010175800,38.010656000,1/10/1
6568,4612,Render,1,480.200,38.028821100,38.028951800,38.028951800,38.029432000,1/1/1
6568,4612,Render,1,480.100,28.311574700,28.311734800,28.311734800,28.312214900,1/1/1
6568,5992,Render,1,480.000,30.127727200,30.127840600,30.127840600,30.128320600,1/10/1
6568,5992,Render,1,480.000,34.060150000,34.060163200,34.060527100,34.061007100,1/10/1
6568,4612,Render,1,479.900,28.845173600,28.845303200,28.845303200,28.845783100,1/1/1
6568,4612,Render,1,479.900,38.011364800,38.012936600,38.012936600,38.013416500,1/1/1
6568,4612,Render,1,479.800,29.095083500,29.095214600,29.095214600,29.095694400,1/1/1
6568,5992,Render,1,479.700,33.511066000,33.511152200,33.511152200,33.511631900,1/10/1
6568,4612,Render,1,479.700,33.811988400,33.812012800,33.812012800,33.812492500,1/1/1
6568,4612,Render,1,479.600,30.611344200,30.611418400,30.611876600,30.612356200,1/1/1
6568,4612,Render,1,479.600,33.778741700,33.778865900,33.778865900,33.779345500,1/1/1
6568,4612,Render,1,479.500,30.295199400,30.295326500,30.295326500,30.295806000,1/1/1
6568,4612,Render,1,479.500,33.761690800,33.761871300,33.761871300,33.762350800,1/1/1
6568,4612,Render,1,479.500,34.912071000,34.912100400,34.912100400,34.912579900,1/1/1
6568,4612,Render,1,479.400,27.644867300,27.645055400,27.645055400,27.645534800,1/1/1
6568,4612,Render,1,479.300,27.661927000,27.661954200,27.661954200,27.662433500,1/1/1
6568,4612,Render,1,479.200,34.829037900,34.829067300,34.829067300,34.829546500,1/1/1
6568,4612,Render,1,479.100,35.062481700,35.062503900,35.062503900,35.062983000,1/1/1
6568,5992,Render,1,479.100,36.278040400,36.278127500,36.278127500,36.278606600,1/10/1
6568,4612,Render,1,479.000,39.595544600,39.595564100,39.595564100,39.596043100,1/1/1
6568,4612,Render,1,478.900,27.795226600,27.795252800,27.795252800,27.795731700,1/1/1
6568,4612,Render,1,478.900,34.295173400,34.295314100,34.295314100,34.295793000,1/1/1
6568,5992,Render,1,478.900,38.090971300,38.090988700,38.091328700,38.091807600,1/10/1
6568,5992,Render,1,478.900,39.710536800,39.710554700,39.710922900,39.711401800,1/10/1
6568,4612,Render,1,478.800,28.628541900,28.628572900,28.628572900,28.629051700,1/1/1
6568,4612,Render,1,478.800,30.278308900,30.278465100,30.278465100,30.278943900,1/1/1
6568,4612,Render,1,478.800,38.444963300,38.445060700,38.445437400,38.445916200,1/1/1
6568,5992,Render,1,478.700,22.877417800,22.877487400,22.877487400,22.877966100,1/10/1
6568,4612,Render,1,478.700,28.929254400,28.929272900,28.929272900,28.929751600,1/1/1
6568,4612,Render,1,478.600,38.462078900,38.462243000,38.462243000,38.462721600,1/1/1
6568,5992,Render,1,478.500,22.687042700,22.687067700,22.687067700,22.687546200,1/10/1
6568,4612,Render,1,478.500,29.511618100,29.511769000,29.511769000,29.512247500,1/1/1
6568,4612,Render,1,478.500,39.345757900,39.345780500,39.345780500,39.346259000,1/1/1
6568,4612,Render,1,478.300,35.211856500,35.211986000,35.211986000,35.212464300,1/1/1
6568,5992,Render,1,478.300,36.694573300,36.694678500,36.694678500,36.695156800,1/10/1
6568,4612,Render,1,478.200,28.061772400,28.061909300,28.061909300,28.062387500,1/1/1
6568,4612,Render,1,478.200,28.278797000,28.278817800,28.278817800,28.279296000,1/1/1
6568,5992,Render,1,478.200,28.494280400,28.494356400,28.494356400,28.494834600,1/10/1
6568,4612,Render,1,478.200,28.711624700,28.711781100,28.711781100,28.712259300,1/1/1
6568,4612,Render,1,478.200,37.995553000,37.995577400,37.995577400,37.996055600,1/1/1
6568,4612,Render,1,478.100,21.877647800,21.877756300,21.878220400,21.878698500,1/1/1
6568,5992,Render,1,478.100,28.111089800,28.111186000,28.111186000,28.111664100,1/10/1
6568,5992,Render,1,478.000,21.994066500,21.994096300,21.994096300,21.994574300,1/10/1
6568,4612,Render,1,477.900,38.946073300,38.946090500,38.946090500,38.946568400,1/1/1
6568,4612,Render,1,477.800,27.528530600,27.528562200,27.528562200,27.529040000,1/1/1
6568,4612,Render,1,477.800,38.711886300,38.712042900,38.712042900,38.712520700,1/1/1
6568,4612,Render,1,477.700,39.095678100,39.095709600,39.095709600,39.096187300,1/1/1
6568,4612,Render,1,477.600,34.562195400,34.562328100,34.562328100,34.562805700,1/1/1
6568,4612,Render,1,477.600,38.245782800,38.245800700,38.245800700,38.246278300,1/1/1
6568,4612,Render,1,477.400,28.145097800,28.145222600,28.145222600,28.145700000,1/1/1
6568,4612,Render,1,477.400,39.195495300,39.195543900,39.195543900,39.196021300,1/1/1
6568,4612,Render,1,477.300,33.895088800,33.895251100,33.895251100,33.895728400,1/1/1
6568,5992,Render,1,477.300,35.294419300,35.294496300,35.294496300,35.294973600,1/10/1
6568,5992,Render,1,477.300,36.411216900,36.411308600,36.411308600,36.411785900,1/10/1
6568,5992,Render,1,477.300,38.111278500,38.111390400,38.111390400,38.111867700,1/10/1
6568,5992,Render,1,477.300,38.577814500,38.577828900,38.577828900,38.578306200,1/10/1
6568,4612,Render,1,477.200,27.928433200,27.928570900,27.928570900,27.929048100,1/1/1
6568,5992,Render,1,477.200,31.827719000,31.827816600,31.827816600,31.828293800,1/10/1
6568,4612,Render,1,477.200,34.995298400,34.995331900,34.995331900,34.995809100,1/1/1
6568,4612,Render,1,477.200,38.595405100,38.595536800,38.595536800,38.596014000,1/1/1
6568,5992,Render,1,477.000,25.905853700,25.905870500,25.905870500,25.906347500,1/10/1
6568,4612,Render,1,477.000,35.178950300,35.178971200,35.178971200,35.179448200,1/1/1
6568,4612,Render,1,476.900,27.911564900,27.911774200,27.911774200,27.912251100,1/1/1
6568,4612,Render,1,476.900,33.512081300,33.512100700,33.512100700,33.512577600,1/1/1
6568,4612,Render,1,476.900,33.862614000,33.862632000,33.862632000,33.863108900,1/1/1
6568,4612,Render,1,476.900,34.962188300,34.962322600,34.962322600,34.962799500,1/1/1
6568,5992,Render,1,476.700,23.160117500,23.160139600,23.160139600,23.160616300,1/10/1
6568,4612,Render,1,476.700,27.863372800,27.863391800,27.863391800,27.863868500,1/1/1
6568,5992,Render,1,476.600,36.765071600,36.765113300,36.765501000,36.765977600,1/10/1
6568,5992,Render,1,476.500,29.944299000,29.944367500,29.944367500,29.944844000,1/10/1
6568,4612,Render,1,476.500,34.595247200,34.595278500,34.595278500,34.595755000,1/1/1
6568,5992,Render,1,476.400,30.540662700,30.540680700,30.540680700,30.541157100,1/10/1
6568,5992,Render,1,476.400,41.072456000,41.072475300,41.072475300,41.072951700,1/10/1
6568,4612,Render,1,476.300,28.044631600,28.044929000,28.044929000,28.045405300,1/1/1
6568,4612,Render,1,476.300,34.945862200,34.945935400,34.945935400,34.946411700,1/1/1
6568,4612,Render,1,476.200,38.679008800,38.679146400,38.679146400,38.679622600,1/1/1
6568,5992,Render,1,476.000,26.336498200,26.336515500,26.336515500,26.336991500,1/10/1
6568,4612,Render,1,476.000,33.645349300,33.645475900,33.645475900,33.645951900,1/1/1
6568,4612,Render,1,476.000,34.411713100,34.411896900,34.411896900,34.412372900,1/1/1
6568,4612,Render,1,475.900,38.795427700,38.795562500,38.795562500,38.796038400,1/1/1
6568,5992,Render,1,475.700,24.577479600,24.577559700,24.577559700,24.578035400,1/10/1
6568,4612,Render,1,475.700,27.879087800,27.879105900,27.879105900,27.879581600,1/1/1
6568,5992,Render,1,475.600,29.810941800,29.811017500,29.811017500,29.811493100,1/10/1
6568,4612,Render,1,475.400,24.027761300,24.027824300,24.028284000,24.028759400,1/1/1
6568,5992,Render,1,475.400,35.044434700,35.044525200,35.044525200,35.045000600,1/10/1
6568,5992,Render,1,475.300,40.106642500,40.106668000,40.106668000,40.107143300,1/10/1
6568,5992,Render,1,475.200,33.144576800,33.144651800,33.144651800,33.145127000,1/10/1
6568,4612,Render,1,475.100,27.345061100,27.345212000,27.345212000,27.345687100,1/1/1
6568,5992,Render,1,474.900,32.844399500,32.844484000,32.844484000,32.844958900,1/10/1
6568,4612,Render,1,474.900,34.328578800,34.328607200,34.328607200,34.329082100,1/1/1
6568,4612,Render,1,474.900,34.611328300,34.611419100,34.611868800,34.612343700,1/1/1
6568,4612,Render,1,474.800,34.162159500,34.162180000,34.162180000,34.162654800,1/1/1
6568,5992,Render,1,474.500,28.085887200,28.085915700,28.085915700,28.086390200,1/10/1
6568,5992,Render,1,474.500,28.470424500,28.470473100,28.470473100,28.470947600,1/10/1
6568,4612,Render,1,474.500,35.028660400,35.028702700,35.028702700,35.029177200,1/1/1
6568,5992,Render,1,474.400,36.393713400,36.393730900,36.394102400,36.394576800,1/10/1
6568,4612,Render,1,474.300,28.327762000,28.327867300,28.328337700,28.328812000,1/1/1
6568,4612,Render,1,474.300,36.811583600,36.811600200,36.811970700,36.812445000,1/1/1
6568,5992,Render,1,474.300,41.244108500,41.244121700,41.244471700,41.244946000,1/10/1
6568,5992,Render,1,474.200,33.777850200,33.777923900,33.777923900,33.778398100,1/10/1
6568,5992,Render,1,474.100,29.994345000,29.994468900,29.994468900,29.994943000,1/10/1
6568,4612,Render,1,474.100,41.361619400,41.361688100,41.362134200,41.362608300,1/1/1
6568,4612,Render,1,474.000,32.894811600,32.894865700,32.895307000,32.895781000,1/1/1
6568,5992,Render,1,473.900,22.794155500,22.794198100,22.794198100,22.794672000,1/10/1
6568,4612,Render,1,473.900,34.645579900,34.645600900,34.645600900,34.646074800,1/1/1
6568,4612,Render,1,473.800,34.896555800,34.896572800,34.896572800,34.897046600,1/1/1
6568,5992,Render,1,473.700,23.327483500,23.327590500,23.327590500,23.328064200,1/10/1
6568,5992,Render,1,473.700,26.078225400,26.078245000,26.078245000,26.078718700,1/10/1
6568,5992,Render,1,473.700,32.577686800,32.577760300,32.577760300,32.578234000,1/10/1
6568,5992,Render,1,473.600,35.644471800,35.644553300,35.644553300,35.645026900,1/10/1
6568,4612,Render,1,473.600,36.795114200,36.795143300,36.795409800,36.795883400,1/1/1
6568,5992,Render,1,473.500,21.892992400,21.893004200,21.893374000,21.893847500,1/10/1
6568,5992,Render,1,473.400,31.401773300,31.401799300,31.401799300,31.402272700,1/10/1
6568,5992,Render,1,473.400,33.694577200,33.694682800,33.694682800,33.695156200,1/10/1
6568,4612,Render,1,473.300,23.911147800,23.911162500,23.911418600,23.911891900,1/1/1
6568,5992,Render,1,473.300,29.644271700,29.644341500,29.644341500,29.644814800,1/10/1
6568,5992,Render,1,473.200,26.744220400,26.744288300,26.744288300,26.744761500,1/10/1
6568,4612,Render,1,473.200,34.678458400,34.678616900,34.678616900,34.679090100,1/1/1
6568,4612,Render,1,473.200,38.228358100,38.228379300,38.228638200,38.229111400,1/1/1
6568,5992,Render,1,472.900,23.927434000,23.927505300,23.927505300,23.927978200,1/10/1
6568,5992,Render,1,472.800,36.827885300,36.827972000,36.827972000,36.828444800,1/10/1
6568,5992,Render,1,472.800,39.944565200,39.944640200,39.944640200,39.945113000,1/10/1
6568,4612,Render,1,472.700,32.911495600,32.911522000,32.912016400,32.912489100,1/1/1
6568,4612,Render,1,472.600,36.394769900,36.394880800,36.395465400,36.395938000,1/1/1
6568,5992,Render,1,472.600,41.444790200,41.444892800,41.444892800,41.445365400,1/10/1
6568,5992,Render,1,472.400,22.227548300,22.227643200,22.227643200,22.228115600,1/10/1
6568,5992,Render,1,472.400,22.775674800,22.775688500,22.776047700,22.776520100,1/10/1
6568,5992,Render,1,472.300,29.061183400,29.061308800,29.061308800,29.061781100,1/10/1
6568,5992,Render,1,472.300,34.644551000,34.644652000,34.644652000,34.645124300,1/10/1
6568,4612,Render,1,472.300,35.078757200,35.078776800,35.078776800,35.079249100,1/1/1
6568,5992,Render,1,472.100,38.861330400,38.861430300,38.861430300,38.861902400,1/10/1
6568,5992,Render,1,471.900,38.131735100,38.131759000,38.132109500,38.132581400,1/10/1
6568,5992,Render,1,471.900,40.411333800,40.411433500,40.411433500,40.411905400,1/10/1
6568,5992,Render,1,471.800,39.410773100,39.410791200,39.411130100,39.411601900,1/10/1
6568,5992,Render,1,471.800,40.327954300,40.328037800,40.328037800,40.328509600,1/10/1
6568,5992,Render,1,471.700,36.076956700,36.076974800,36.077308300,36.077780000,1/10/1
6568,5992,Render,1,471.700,36.983267400,36.983303600,36.983732800,36.984204500,1/10/1
6568,5992,Render,1,471.600,39.561255400,39.561350000,39.561350000,39.561821600,1/10/1
6568,5992,Render,1,471.500,22.954749700,22.954767900,22.954767900,22.955239400,1/10/1
6568,4612,Render,1,471.400,35.412118100,35.412130400,35.412193600,35.412665000,1/1/1
6568,5992,Render,1,471.200,25.000969900,25.000989400,25.000989400,25.001460600,1/10/1
6568,5992,Render,1,471.200,27.844334900,27.844427700,27.844427700,27.844898900,1/10/1
6568,4612,Render,1,471.100,25.677758600,25.677783200,25.678249600,25.678720700,1/1/1
6568,4612,Render,1,471.100,33.095206900,33.095331400,33.095331400,33.095802500,1/1/1
6568,5992,Render,1,471.100,41.528018900,41.528111700,41.528111700,41.528582800,1/10/1
6568,5992,Render,1,470.900,35.561288300,35.561361200,35.561361200,35.561832100,1/10/1
6568,5992,Render,1,470.800,30.560990700,30.561062100,30.561062100,30.561532900,1/10/1
6568,4612,Render,1,470.800,37.928225900,37.928245300,37.928643200,37.929114000,1/1/1
6568,4612,Render,1,470.700,36.611460700,36.611586900,36.612042100,36.612512800,1/1/1
6568,5992,Render,1,470.600,26.778742200,26.778766300,26.778766300,26.779236900,1/10/1
6568,5992,Render,1,470.600,37.459965500,37.459991700,37.460334900,37.460805500,1/10/1
6568,5992,Render,1,470.500,38.594526200,38.594602200,38.594602200,38.595072700,1/10/1
6568,4612,Render,1,470.400,28.977932200,28.977997900,28.978455800,28.978926200,1/1/1
6568,5992,Render,1,470.300,23.908803300,23.908823800,23.909153200,23.909623500,1/10/1
6568,5992,Render,1,470.000,38.511253800,38.511317300,38.511317300,38.511787300,1/10/1
6568,5992,Render,1,469.900,26.610941500,26.611039200,26.611039200,26.611509100,1/10/1
6568,5992,Render,1,469.700,39.478134600,39.478224000,39.478224000,39.478693700,1/10/1
6568,5992,Render,1,469.600,26.310853700,26.310925500,26.310925500,26.311395100,1/10/1
6568,5992,Render,1,469.500,27.310902400,27.310996500,27.310996500,27.311466000,1/10/1
6568,5992,Render,1,469.500,31.448712900,31.448734800,31.448734800,31.449204300,1/10/1
6568,4612,Render,1,469.500,33.561417900,33.561546800,33.562000200,33.562469700,1/1/1
6568,5992,Render,1,469.500,35.477894500,35.477987700,35.477987700,35.478457200,1/10/1
6568,5992,Render,1,469.400,24.642944500,24.642963200,24.643316700,24.643786100,1/10/1
6568,5992,Render,1,469.300,26.507767000,26.507790600,26.507790600,26.508259900,1/10/1
6568,5992,Render,1,469.300,36.094484600,36.094572400,36.094572400,36.095041700,1/10/1
6568,5992,Render,1,469.200,23.460786000,23.460814500,23.460814500,23.461283700,1/10/1
6568,4612,Render,1,469.200,38.294713900,38.294816100,38.295274000,38.295743200,1/1/1
6568,5992,Render,1,469.100,34.494966500,34.495018900,34.495018900,34.495488000,1/10/1
6568,5992,Render,1,469.000,22.293010800,22.293028900,22.293388500,22.293857500,1/10/1
6568,5992,Render,1,469.000,37.261163300,37.261228500,37.261228500,37.261697500,1/10/1
6568,5992,Render,1,468.800,27.444267000,27.444377300,27.444377300,27.444846100,1/10/1
6568,5992,Render,1,468.800,30.317456200,30.317473400,30.317473400,30.317942200,1/10/1
6568,4612,Render,1,468.700,24.179634700,24.179680400,24.179680400,24.180149100,1/1/1
6568,4612,Render,1,468.600,23.362451700,23.362468400,23.362468400,23.362937000,1/1/1
6568,5992,Render,1,468.500,24.111030600,24.111124200,24.111124200,24.111592700,1/10/1
6568,4612,Render,1,468.400,33.911355800,33.911446900,33.911915300,33.912383700,1/1/1
6568,5992,Render,1,468.300,23.064984800,23.065005600,23.065005600,23.065473900,1/10/1
6568,5992,Render,1,468.200,37.394680900,37.394773900,37.394773900,37.395242100,1/10/1
6568,5992,Render,1,468.100,24.194148100,24.194170200,24.194170200,24.194638300,1/10/1
6568,5992,Render,1,468.100,30.543855600,30.543877200,30.544199400,30.544667500,1/10/1
6568,5992,Render,1,468.000,24.727446900,24.727523100,24.727523100,24.727991100,1/10/1
6568,4612,Render,1,468.000,36.144757100,36.144891200,36.145352600,36.145820600,1/1/1
6568,4612,Render,1,468.000,37.244883200,37.244896400,37.245294900,37.245762900,1/1/1
6568,5992,Render,1,467.900,37.561405200,37.561498600,37.561498600,37.561966500,1/10/1
6568,5992,Render,1,467.900,37.865927600,37.865952300,37.865952300,37.866420200,1/10/1
6568,4612,Render,1,467.800,40.395042900,40.395058000,40.395340700,40.395808500,1/1/1
6568,5992,Render,1,467.700,23.844123100,23.844220300,23.844220300,23.844688000,1/10/1
6568,5992,Render,1,467.700,36.669006100,36.669030600,36.669030600,36.669498300,1/10/1
6568,5992,Render,1,467.600,27.694009100,27.694101100,27.694394300,27.694861900,1/10/1
6568,4612,Render,1,467.600,30.527888700,30.528026300,30.528520100,30.528987700,1/1/1
6568,4612,Render,1,467.600,32.177950800,32.178042000,32.178501800,32.178969400,1/1/1
6568,5992,Render,1,467.600,35.261191300,35.261264700,35.261264700,35.261732300,1/10/1
6568,5992,Render,1,467.400,28.559378200,28.559397400,28.559753000,28.560220400,1/10/1
6568,4612,Render,1,467.300,29.194616500,29.194733900,29.195185000,29.195652300,1/1/1
6568,5992,Render,1,467.300,35.759366300,35.759386400,35.759386400,35.759853700,1/10/1
6568,5992,Render,1,467.200,30.146122800,30.146137900,30.146137900,30.146605100,1/10/1
6568,5992,Render,1,467.100,22.710887900,22.710977400,22.710977400,22.711444500,1/10/1
6568,4612,Render,1,467.100,28.795137200,28.795166200,28.795166200,28.795633300,1/1/1
6568,5992,Render,1,467.000,24.494148100,24.494226300,24.494226300,24.494693300,1/10/1
6568,4612,Render,1,466.900,23.962467800,23.962501900,23.962567300,23.963034200,1/1/1
6568,5992,Render,1,466.900,40.848353400,40.848373700,40.848373700,40.848840600,1/10/1
6568,5992,Render,1,466.800,29.561038600,29.561137700,29.561137700,29.561604500,1/10/1
6568,4612,Render,1,466.700,22.861180200,22.861209000,22.861405500,22.861872200,1/1/1
6568,5992,Render,1,466.500,23.627412100,23.627485900,23.627485900,23.627952400,1/10/1
6568,5992,Render,1,466.500,30.477637700,30.477662600,30.477662600,30.478129100,1/10/1
6568,4612,Render,1,466.500,30.761767400,30.761788200,30.761788200,30.762254700,1/1/1
6568,5992,Render,1,466.500,37.994525400,37.994627400,37.994627400,37.995093900,1/10/1
6568,5992,Render,1,466.400,38.678105300,38.678211400,38.678211400,38.678677800,1/10/1
6568,5992,Render,1,466.300,24.244155800,24.244223300,24.244223300,24.244689600,1/10/1
6568,4612,Render,1,466.200,39.994878400,39.995020800,39.995483200,39.995949400,1/1/1
6568,5992,Render,1,466.100,23.510958700,23.511012100,23.511012100,23.511478200,1/10/1
6568,5992,Render,1,466.100,29.794795400,29.794814700,29.794814700,29.795280800,1/10/1
6568,5992,Render,1,466.000,25.042792200,25.042810000,25.043167300,25.043633300,1/10/1
6568,5992,Render,1,466.000,30.584689500,30.584709400,30.584709400,30.585175400,1/10/1
6568,5992,Render,1,466.000,31.311262000,31.311376300,31.311376300,31.311842300,1/10/1
6568,5992,Render,1,465.900,27.427543800,27.427564500,27.427564500,27.428030400,1/10/1
6568,4612,Render,1,465.900,28.544638700,28.544666600,28.545066500,28.545532400,1/1/1
6568,5992,Render,1,465.900,34.077746800,34.077847300,34.077847300,34.078313200,1/10/1
6568,5992,Render,1,465.800,26.010963000,26.010997600,26.010997600,26.011463400,1/10/1
6568,5992,Render,1,465.800,34.377790300,34.377891500,34.377891500,34.378357300,1/10/1
6568,5992,Render,1,465.700,25.775810600,25.775873700,25.775873700,25.776339400,1/10/1
6568,5992,Render,1,465.700,27.010875800,27.010901800,27.010901800,27.011367500,1/10/1
6568,5992,Render,1,465.700,27.178656200,27.178720700,27.178720700,27.179186400,1/10/1
6568,5992,Render,1,465.600,31.980614900,31.980632600,31.980632600,31.981098200,1/10/1
6568,5992,Render,1,465.500,30.756540300,30.756561200,30.756561200,30.757026700,1/10/1
6568,5992,Render,1,465.500,39.261224200,39.261279200,39.261279200,39.261744700,1/10/1
6568,5992,Render,1,465.300,28.910846400,28.910873800,28.911213100,28.911678400,1/10/1
6568,4612,Render,1,465.300,29.929325300,29.929347900,29.929404100,29.929869400,1/1/1
6568,5992,Render,1,465.200,25.310811000,25.310906200,25.310906200,25.311371400,1/10/1
6568,5992,Render,1,465.000,39.028047200,39.028077700,39.028077700,39.028542700,1/10/1
6568,5992,Render,1,464.900,24.327602700,24.327689800,24.327689800,24.328154700,1/10/1
6568,5992,Render,1,464.800,38.027965400,38.028020500,38.028020500,38.028485300,1/10/1
6568,5992,Render,1,464.600,31.644349500,31.644422300,31.644422300,31.644886900,1/10/1
6568,5992,Render,1,464.600,35.277400900,35.277418900,35.277783300,35.278247900,1/10/1
6568,4612,Render,1,464.500,27.577930300,27.578050900,27.578510100,27.578974600,1/1/1
6568,5992,Render,1,464.500,32.711009100,32.711032600,32.711032600,32.711497100,1/10/1
6568,5992,Render,1,464.400,26.991782400,26.991809300,26.991809300,26.992273700,1/10/1
6568,5992,Render,1,464.400,27.527539400,27.527613200,27.527613200,27.528077600,1/10/1
6568,5992,Render,1,464.400,27.660900900,27.660981600,27.660981600,27.661446000,1/10/1
6568,5992,Render,1,464.200,35.377759700,35.377834900,35.377834900,35.378299100,1/10/1
6568,5992,Render,1,464.200,35.961113900,35.961183900,35.961183900,35.961648100,1/10/1
6568,5992,Render,1,464.200,36.461212800,36.461322300,36.461322300,36.461786500,1/10/1
6568,5992,Render,1,464.100,27.425453200,27.425472500,27.425472500,27.425936600,1/10/1
6568,4612,Render,1,464.100,39.012926100,39.012948100,39.013030800,39.013494900,1/1/1
6568,4612,Render,1,464.100,39.078151400,39.078248500,39.078708000,39.079172100,1/1/1
6568,5992,Render,1,464.100,41.029720000,41.029738100,41.029738100,41.030202200,1/10/1
6568,5992,Render,1,464.100,41.094603400,41.094680600,41.094680600,41.095144700,1/10/1
6568,5992,Render,1,464.000,34.561319000,34.561396100,34.561396100,34.561860100,1/10/1
6568,4612,Render,1,464.000,35.344771100,35.344882700,35.345346900,35.345810900,1/1/1
6568,5992,Render,1,463.800,41.628194700,41.628281700,41.628281700,41.628745500,1/10/1
6568,5992,Render,1,463.700,28.844300300,28.844370400,28.844370400,28.844834100,1/10/1
6568,5992,Render,1,463.700,31.808030400,31.808050900,31.808050900,31.808514600,1/10/1
6568,4612,Render,1,463.700,40.694802500,40.694901300,40.695367800,40.695831500,1/1/1
6568,5992,Render,1,463.600,33.340176600,33.340198100,33.340198100,33.340661700,1/10/1
6568,5992,Render,1,463.500,26.844195600,26.844270100,26.844270100,26.844733600,1/10/1
6568,5992,Render,1,463.400,26.144196800,26.144291200,26.144291200,26.144754600,1/10/1
6568,5992,Render,1,463.300,40.677974600,40.678044400,40.678044400,40.678507700,1/10/1
6568,5992,Render,1,463.200,29.611001300,29.611096300,29.611096300,29.611559500,1/10/1
6568,5992,Render,1,463.200,37.503629000,37.503658800,37.503658800,37.504122000,1/10/1
6568,5992,Render,1,463.100,36.032391400,36.032467100,36.032467100,36.032930200,1/10/1
6568,5992,Render,1,463.000,39.644552100,39.644627200,39.644627200,39.645090200,1/10/1
6568,5992,Render,1,462.900,34.934897400,34.934916400,34.934916400,34.935379300,1/10/1
6568,5992,Render,1,462.800,35.177909300,35.177993000,35.177993000,35.178455800,1/10/1
6568,5992,Render,1,462.700,28.993148400,28.993164400,28.993522300,28.993985000,1/10/1
6568,5992,Render,1,462.700,29.144260700,29.144365100,29.144365100,29.144827800,1/10/1
6568,4612,Render,1,462.600,31.744620600,31.744680200,31.745125400,31.745588000,1/1/1
6568,5992,Render,1,462.600,36.011164800,36.011251200,36.011251200,36.011713800,1/10/1
6568,5992,Render,1,462.600,39.861248700,39.861335200,39.861335200,39.861797800,1/10/1
6568,5992,Render,1,462.000,25.527483600,25.527555600,25.527555600,25.528017600,1/10/1
6568,5992,Render,1,462.000,38.194519900,38.194588000,38.194588000,38.195050000,1/10/1
6568,4612,Render,1,461.400,31.877992800,31.878101200,31.878560600,31.879022000,1/1/1
6568,5992,Render,1,461.200,23.604545500,23.604652300,23.604652300,23.605113500,1/10/1
6568,5992,Render,1,461.200,24.760825400,24.760853100,24.760853100,24.761314300,1/10/1
6568,5992,Render,1,461.100,25.285584900,25.285618700,25.285618700,25.286079800,1/10/1
6568,5992,Render,1,461.100,33.011046300,33.011138500,33.011138500,33.011599600,1/10/1
6568,5992,Render,1,461.000,22.494097100,22.494196700,22.494196700,22.494657700,1/10/1
6568,5992,Render,1,461.000,34.344436800,34.344539800,34.344539800,34.345000800,1/10/1
6568,5992,Render,1,460.600,39.627512000,39.627537200,39.627537200,39.627997800,1/10/1
6568,5992,Render,1,460.500,26.444403100,26.444481100,26.444481100,26.444941600,1/10/1
6568,5992,Render,1,460.500,28.577580800,28.577655100,28.577655100,28.578115600,1/10/1
6568,5992,Render,1,460.300,23.794090200,23.794153300,23.794153300,23.794613600,1/10/1
6568,5992,Render,1,460.200,26.201678800,26.201703400,26.201703400,26.202163600,1/10/1
6568,5992,Render,1,460.200,31.339834600,31.339853000,31.339853000,31.340313200,1/10/1
6568,5992,Render,1,460.100,41.261339000,41.261444400,41.261444400,41.261904500,1/10/1
6568,5992,Render,1,460.000,31.694416600,31.694515900,31.694515900,31.694975900,1/10/1
6568,4612,Render,1,460.000,39.711622900,39.711635800,39.712021800,39.712481800,1/1/1
6568,5992,Render,1,459.900,33.931215300,33.931234500,33.931575100,33.932035000,1/10/1
6568,4612,Render,1,459.900,37.528075800,37.528208700,37.528673800,37.529133700,1/1/1
6568,5992,Render,1,459.800,30.644304600,30.644383700,30.644383700,30.644843500,1/10/1
6568,5992,Render,1,459.700,32.824550700,32.824572000,32.824572000,32.825031700,1/10/1
6568,4612,Render,1,459.500,21.979287500,21.979312100,21.979417400,21.979876900,1/1/1
6568,4612,Render,1,459.200,36.077981800,36.079363700,36.080028300,36.080487500,1/1/1
6568,5992,Render,1,459.000,24.660791600,24.660880000,24.660880000,24.661339000,1/10/1
6568,5992,Render,1,459.000,24.894124700,24.894213000,24.894213000,24.894672000,1/10/1
6568,5992,Render,1,459.000,27.927562600,27.927639800,27.927639800,27.928098800,1/10/1
6568,5992,Render,1,459.000,29.727641700,29.727666800,29.727666800,29.728125800,1/10/1
6568,5992,Render,1,458.900,34.161170700,34.161250300,34.161250300,34.161709200,1/10/1
6568,5992,Render,1,458.700,39.344762200,39.344847200,39.344847200,39.345305900,1/10/1
6568,5992,Render,1,458.500,23.257088700,23.257108600,23.257108600,23.257567100,1/10/1
6568,5992,Render,1,458.500,26.177521300,26.177594800,26.177594800,26.178053300,1/10/1
6568,5992,Render,1,458.200,24.475757800,24.475778000,24.475778000,24.476236200,1/10/1
6568,5992,Render,1,458.200,33.728430300,33.728454500,33.728454500,33.728912700,1/10/1
6568,5992,Render,1,458.100,22.310726900,22.310752200,22.310752200,22.311210300,1/10/1
6568,5992,Render,1,458.000,27.179709500,27.179734700,27.179734700,27.180192700,1/10/1
6568,4612,Render,1,457.700,21.894198100,21.894267300,21.894267300,21.894725000,1/1/1
6568,4612,Render,1,457.600,26.927933600,26.928127200,26.928592500,26.929050100,1/1/1
6568,4612,BLT,1,457.400,26.396680500,26.396701100,26.396701100,26.397158500,1/1/1
6568,4612,Render,1,457.200,22.361222300,22.361379200,22.361838800,22.362296000,1/1/1
6568,5992,Render,1,456.800,30.077613300,30.077690300,30.077690300,30.078147100,1/10/1
6568,5992,Render,1,456.600,33.346080900,33.346096500,33.346096500,33.346553100,1/10/1
6568,5992,Render,1,456.600,33.388756100,33.388777700,33.388777700,33.389234300,1/10/1
6568,4612,Render,1,456.600,33.627961200,33.627982600,33.628348700,33.628805300,1/1/1
6568,4612,Render,1,456.400,28.177862200,28.177877100,28.178205400,28.178661800,1/1/1
6568,5992,Render,1,456.300,25.179559700,25.179579100,25.179579100,25.180035400,1/10/1
6568,5992,Render,1,456.000,36.810479200,36.810499500,36.810872800,36.811328800,1/10/1
6568,4612,Render,1,455.900,40.594965300,40.595097600,40.595567600,40.596023500,1/1/1
6568,5992,Render,1,455.600,39.777945400,39.778015300,39.778015300,39.778470900,1/10/1
6568,5992,Render,1,455.500,34.961305500,34.961395300,34.961395300,34.961850800,1/10/1
6568,5992,Render,1,455.300,21.850634200,21.850655200,21.850655200,21.851110500,1/10/1
6568,5992,Render,1,455.200,32.494408700,32.494496900,32.494496900,32.494952100,1/10/1
6568,5992,Render,1,455.200,35.854214000,35.854239100,35.854239100,35.854694300,1/10/1
6568,4612,Render,1,455.100,23.444700300,23.444713500,23.445075600,23.445530700,1/1/1
6568,4612,Render,1,455.000,36.486121700,36.486194000,36.486194000,36.486649000,1/1/1
6568,5992,Render,1,454.800,38.782064600,38.782125200,38.782125200,38.782580000,1/10/1
6568,5992,Render,1,454.600,40.256019900,40.256050700,40.256050700,40.256505300,1/10/1
6568,5992,Render,1,454.500,25.129344500,25.129365100,25.129365100,25.129819600,1/10/1
6568,5992,Render,1,454.500,29.449767300,29.449791000,29.449791000,29.450245500,1/10/1
6568,5992,Render,1,454.500,31.227756900,31.227780400,31.227780400,31.228234900,1/10/1
6568,4612,Render,1,454.500,40.461558000,40.461715500,40.461715500,40.462170000,1/1/1
6568,5992,Render,1,454.400,28.060896300,28.060977800,28.060977800,28.061432200,1/10/1
6568,5992,Render,1,454.200,40.926227000,40.926314300,40.926314300,40.926768500,1/10/1
6568,5992,Render,1,453.700,24.869679900,24.869701700,24.869701700,24.870155400,1/10/1
6568,4612,Render,1,453.700,27.512647900,27.512672300,27.512734000,27.513187700,1/1/1
6568,5992,Render,1,453.700,35.621305000,35.621332100,35.621332100,35.621785800,1/10/1
6568,5992,Render,1,453.600,23.060343300,23.060366100,23.060366100,23.060819700,1/10/1
6568,5992,Render,1,453.500,37.815074600,37.815089800,37.815089800,37.815543300,1/10/1
6568,5992,Render,1,453.400,33.341135700,33.341151200,33.341151200,33.341604600,1/10/1
6568,4612,Render,1,453.200,40.528236200,40.529362500,40.530046200,40.530499400,1/1/1
6568,4612,Render,1,453.100,33.128376000,33.128495700,33.128558500,33.129011600,1/1/1
6568,5992,Render,1,452.700,36.961377500,36.961460500,36.961460500,36.961913200,1/10/1
6568,5992,Render,1,452.700,40.155500300,40.155520900,40.155520900,40.155973600,1/10/1
6568,5992,Render,1,452.500,32.044361600,32.044430800,32.044430800,32.044883300,1/10/1
6568,5992,Render,1,452.500,33.438398300,33.438418000,33.438418000,33.438870500,1/10/1
6568,5992,Render,1,452.500,40.544787700,40.544864500,40.544864500,40.545317000,1/10/1
6568,5992,Render,1,452.400,36.983215700,36.983280400,36.983280400,36.983732800,1/10/1
6568,5992,Render,1,452.300,37.718392300,37.718411800,37.718411800,37.718864100,1/10/1
6568,5992,Render,1,452.200,33.644433900,33.644551500,33.644551500,33.645003700,1/10/1
6568,5992,Render,1,451.900,29.349991900,29.350013700,29.350013700,29.350465600,1/10/1
6568,4612,Render,1,451.700,40.013102000,40.013121100,40.013247300,40.013699000,1/1/1
6568,5992,Render,1,451.600,22.514192800,22.514212500,22.514212500,22.514664100,1/10/1
6568,5992,Render,1,451.600,35.805387200,35.805472200,35.805472200,35.805923800,1/10/1
6568,5992,Render,1,451.500,31.961021100,31.961123000,31.961123000,31.961574500,1/10/1
6568,5992,Render,1,451.500,32.991356900,32.991423400,32.991423400,32.991874900,1/10/1
6568,5992,Render,1,451.300,41.711310100,41.711338500,41.711338500,41.711789800,1/10/1
6568,4612,Render,1,451.100,33.194767600,33.194901800,33.195360600,33.195811700,1/1/1
6568,5992,Render,1,450.800,34.877869100,34.877952000,34.877952000,34.878402800,1/10/1
6568,5992,Render,1,450.600,25.238700000,25.238717700,25.238717700,25.239168300,1/10/1
6568,5992,Render,1,450.400,37.767721100,37.767736000,37.767736000,37.768186400,1/10/1
6568,5992,Render,1,450.300,24.977554500,24.977611000,24.977611000,24.978061300,1/10/1
6568,5992,Render,1,450.000,31.561052700,31.561147300,31.561147300,31.561597300,1/10/1
6568,5992,Render,1,449.800,40.981351200,40.981374800,40.981374800,40.981824600,1/10/1
6568,5992,Render,1,449.700,22.998213800,22.998230400,22.998230400,22.998680100,1/10/1
6568,5992,Render,1,449.400,39.666266200,39.666290700,39.666290700,39.666740100,1/10/1
6568,5992,Render,1,449.200,23.485017800,23.485065400,23.485065400,23.485514600,1/10/1
6568,5992,Render,1,449.000,40.479531100,40.479553500,40.479553500,40.480002500,1/10/1
6568,4612,Render,1,448.900,39.751734500,39.751799100,39.751799100,39.752248000,1/1/1
6568,5992,Render,1,448.300,32.761018600,32.761109800,32.761109800,32.761558100,1/10/1
6568,5992,Render,1,448.200,33.488890100,33.488910800,33.488910800,33.489359000,1/10/1
6568,5992,Render,1,448.000,21.910752100,21.910824500,21.910824500,21.911272500,1/10/1
6568,5992,Render,1,448.000,35.715703300,35.715724000,35.715724000,35.716172000,1/10/1
6568,5992,Render,1,448.000,39.193954000,39.193976400,39.193976400,39.194424400,1/10/1
6568,5992,Render,1,447.600,32.381397200,32.381446900,32.381446900,32.381894500,1/10/1
6568,5992,Render,1,447.600,35.900401900,35.900420800,35.900420800,35.900868400,1/10/1
6568,5992,Render,1,447.300,29.777637100,29.777719100,29.777719100,29.778166400,1/10/1
6568,4612,Render,1,447.300,34.212009200,34.212031700,34.212064400,34.212511700,1/1/1
6568,5992,Render,1,447.100,26.204887100,26.204902700,26.204902700,26.205349800,1/10/1
6568,4612,Render,1,447.100,29.794550000,29.795688700,29.796431200,29.796878300,1/1/1
6568,5992,Render,1,447.000,30.669029100,30.669044400,30.669044400,30.669491400,1/10/1
6568,5992,Render,1,447.000,32.105276100,32.105301200,32.105301200,32.105748200,1/10/1
6568,5992,Render,1,446.900,37.867164500,37.867187800,37.867187800,37.867634700,1/10/1
6568,5992,Render,1,446.800,35.806624200,35.806648100,35.806648100,35.807094900,1/10/1
6568,5992,Render,1,446.500,22.772771700,22.772839300,22.772839300,22.773285800,1/10/1
6568,5992,Render,1,446.500,28.811241400,28.811338700,28.811338700,28.811785200,1/10/1
6568,5992,Render,1,446.300,26.820348200,26.820377800,26.820377800,26.820824100,1/10/1
6568,5992,Render,1,446.300,27.597225300,27.597240500,27.597240500,27.597686800,1/10/1
6568,5992,Render,1,446.300,30.910995500,30.911021900,30.911021900,30.911468200,1/10/1
6568,5992,Render,1,446.200,34.101393400,34.101418400,34.101729100,34.102175300,1/10/1
6568,5992,Render,1,446.100,22.577398500,22.577463400,22.577463400,22.577909500,1/10/1
6568,5992,Render,1,446.000,37.178024600,37.178124800,37.178124800,37.178570800,1/10/1
6568,5992,Render,1,445.900,30.672038400,30.672057200,30.672057200,30.672503100,1/10/1
6568,4612,Render,1,445.900,33.945371200,33.945393300,33.945427500,33.945873400,1/1/1
6568,5992,Render,1,445.800,26.724404400,26.724425100,26.724425100,26.724870900,1/10/1
6568,5992,Render,1,445.800,27.233749600,27.233765000,27.233765000,27.234210800,1/10/1
6568,4612,Render,1,445.700,36.495512200,36.495552900,36.495608400,36.496054100,1/1/1
6568,4612,Render,1,445.500,22.208587300,22.208623100,22.208623100,22.209068600,1/1/1
6568,5992,Render,1,445.300,27.691163400,27.691184400,27.691184400,27.691629700,1/10/1
6568,5992,Render,1,445.200,25.467350500,25.467375000,25.467375000,25.467820200,1/10/1
6568,5992,Render,1,445.100,26.094176900,26.094247700,26.094247700,26.094692800,1/10/1
6568,4612,Render,1,445.100,36.896522300,36.896546900,36.896614100,36.897059200,1/1/1
6568,5992,Render,1,443.700,24.701166000,24.701190400,24.701190400,24.701634100,1/10/1
6568,5992,Render,1,443.600,31.061015000,31.061084000,31.061084000,31.061527600,1/10/1
6568,5992,Render,1,443.300,39.285396700,39.285417100,39.285417100,39.285860400,1/10/1
6568,5992,Render,1,442.700,29.037001000,29.037045100,29.037045100,29.037487800,1/10/1
6568,5992,Render,1,442.700,40.112323000,40.112341800,40.112341800,40.112784500,1/10/1
6568,4612,Render,1,442.600,39.178062500,39.178622600,39.178858300,39.179300900,1/1/1
6568,5992,Render,1,442.500,28.387625600,28.387648300,28.387648300,28.388090800,1/10/1
6568,4612,Render,1,442.300,30.996120400,30.996141900,30.996234800,30.996677100,1/1/1
6568,5992,Render,1,442.300,35.624430400,35.624447500,35.624447500,35.624889800,1/10/1
6568,5992,Render,1,442.200,26.550389800,26.550407200,26.550407200,26.550849400,1/10/1
6568,5992,Render,1,442.200,26.862747400,26.862774200,26.862774200,26.863216400,1/10/1
6568,5992,Render,1,442.200,31.723284900,31.723304200,31.723304200,31.723746400,1/10/1
6568,5992,Render,1,441.900,25.134494600,25.134515000,25.134515000,25.134956900,1/10/1
6568,5992,Render,1,441.900,36.778040900,36.778084900,36.778084900,36.778526800,1/10/1
6568,5992,Render,1,441.800,25.781748000,25.781773700,25.781773700,25.782215500,1/10/1
6568,4612,Render,1,441.400,34.146217100,34.146234800,34.146332700,34.146774100,1/1/1
6568,5992,Render,1,441.400,36.810401500,36.810431400,36.810431400,36.810872800,1/10/1
6568,5992,Render,1,441.400,37.968576700,37.968602900,37.968602900,37.969044300,1/10/1
6568,5992,Render,1,441.300,39.492732200,39.492820700,39.492820700,39.493262000,1/10/1
6568,5992,Render,1,441.100,40.392123700,40.392173000,40.392173000,40.392614100,1/10/1
6568,5992,Render,1,440.700,41.734131000,41.734177200,41.734177200,41.734617900,1/10/1
6568,5992,Render,1,440.600,40.891313900,40.891337100,40.891337100,40.891777700,1/10/1
6568,5992,Render,1,440.500,29.296187500,29.296224100,29.296224100,29.296664600,1/10/1
6568,5992,Render,1,440.400,26.249495200,26.249517700,26.249517700,26.249958100,1/10/1
6568,5992,Render,1,440.400,33.080602800,33.080623000,33.080623000,33.081063400,1/10/1
6568,5992,Render,1,440.300,21.935303800,21.935332100,21.935332100,21.935772400,1/10/1
6568,5992,Render,1,440.100,29.277616100,29.277705800,29.277705800,29.278145900,1/10/1
6568,5992,Render,1,440.100,41.776183900,41.776212200,41.776212200,41.776652300,1/10/1
6568,5992,Render,1,440.000,22.164221300,22.164242300,22.164242300,22.164682300,1/10/1
6568,5992,Render,1,440.000,26.227506300,26.227605600,26.227605600,26.228045600,1/10/1
6568,4612,Render,1,440.000,33.846235800,33.846252500,33.846359700,33.846799700,1/1/1
6568,5992,Render,1,439.900,25.723781200,25.723803900,25.723803900,25.724243800,1/10/1
6568,5992,Render,1,439.800,26.949588500,26.949607200,26.949607200,26.950047000,1/10/1
6568,5992,Render,1,439.800,30.945210900,30.945234300,30.945234300,30.945674100,1/10/1
6568,5992,Render,1,439.700,33.973926600,33.973953200,33.973953200,33.974392900,1/10/1
6568,5992,Render,1,439.500,35.537333800,35.537381700,35.537381700,35.537821200,1/10/1
6568,5992,Render,1,439.500,38.244682200,38.244782100,38.244782100,38.245221600,1/10/1
6568,5992,Render,1,439.400,27.144207500,27.144232100,27.144232100,27.144671500,1/10/1
6568,5992,Render,1,439.400,33.210437800,33.210464600,33.210464600,33.210904000,1/10/1
6568,4612,Render,1,439.200,30.427826200,30.428150500,30.428150500,30.428589700,1/1/1
6568,5992,Render,1,439.200,39.876527100,39.876614300,39.876614300,39.877053500,1/10/1
6568,5992,Render,1,438.700,35.758389100,35.758416600,35.758416600,35.758855300,1/10/1
6568,5992,Render,1,438.500,25.927491100,25.927561400,25.927561400,25.927999900,1/10/1
6568,5992,Render,1,438.500,26.794319600,26.794431600,26.794431600,26.794870100,1/10/1
6568,5992,Render,1,438.400,27.420111500,27.420131500,27.420131500,27.420569900,1/10/1
6568,5992,Render,1,438.300,29.454724000,29.454748700,29.454748700,29.455187000,1/10/1
6568,5992,Render,1,438.100,24.390145400,24.390165900,24.390165900,24.390604000,1/10/1
6568,5992,Render,1,438.100,39.457099000,39.457118200,39.457118200,39.457556300,1/10/1
6568,5992,Render,1,438.000,23.574126200,23.574147900,23.574147900,23.574585900,1/10/1
6568,5992,Render,1,437.800,33.393602500,33.393621800,33.393621800,33.394059600,1/10/1
6568,5992,Render,1,437.800,39.327348800,39.327366400,39.327751700,39.328189500,1/10/1
6568,5992,Render,1,437.600,29.083687500,29.083707200,29.083707200,29.084144800,1/10/1
6568,5992,Render,1,437.200,23.820890600,23.820933500,23.820933500,23.821370700,1/10/1
6568,4612,Render,1,437.200,28.095340300,28.095432300,28.095432300,28.095869500,1/1/1
6568,5992,Render,1,437.200,38.571378800,38.571402500,38.571402500,38.571839700,1/10/1
6568,5992,Render,1,437.000,39.054396700,39.054417300,39.054417300,39.054854300,1/10/1
6568,5992,Render,1,436.900,27.824370200,27.824389800,27.824389800,27.824826700,1/10/1
6568,5992,Render,1,436.700,36.674628200,36.674649900,36.674649900,36.675086600,1/10/1
6568,5992,Render,1,436.700,38.929078500,38.929099300,38.929099300,38.929536000,1/10/1
6568,5992,Render,1,436.600,23.404569900,23.404589800,23.404589800,23.405026400,1/10/1
6568,5992,Render,1,436.600,40.929430800,40.929448300,40.929448300,40.929884900,1/10/1
6568,4612,Render,1,436.400,26.160947300,26.161333900,26.161592300,26.162028700,1/1/1
6568,5992,Render,1,436.400,39.791690800,39.791763000,39.791763000,39.792199400,1/10/1
6568,5992,Render,1,436.100,37.723051300,37.723068600,37.723068600,37.723504700,1/10/1
6568,5992,Render,1,435.900,24.828759500,24.828774800,24.828774800,24.829210700,1/10/1
6568,5992,Render,1,435.700,30.759185100,30.759204500,30.759204500,30.759640200,1/10/1
6568,5992,Render,1,435.400,35.498819600,35.498839500,35.498839500,35.499274900,1/10/1
6568,5992,Render,1,435.100,34.325618000,34.325635600,34.325635600,34.326070700,1/10/1
6568,4612,Render,1,435.000,33.678555900,33.678582800,33.678649500,33.679084500,1/1/1
6568,5992,Render,1,434.900,31.760872800,31.760915900,31.760915900,31.761350800,1/10/1
6568,5992,Render,1,434.900,39.099055400,39.099080500,39.099080500,39.099515400,1/10/1
6568,5992,Render,1,434.600,30.235352400,30.235369200,30.235369200,30.235803800,1/10/1
6568,5992,Render,1,434.400,32.868142800,32.868172100,32.868172100,32.868606500,1/10/1
6568,5992,Render,1,434.300,40.712425300,40.712445800,40.712445800,40.712880100,1/10/1
6568,5992,Render,1,434.200,31.911001100,31.911069200,31.911069200,31.911503400,1/10/1
6568,5992,Render,1,434.200,36.894668700,36.894697200,36.894697200,36.895131400,1/10/1
6568,5992,Render,1,433.800,25.003793500,25.003813400,25.003813400,25.004247200,1/10/1
6568,5992,Render,1,433.700,27.293637900,27.293652900,27.293652900,27.294086600,1/10/1
6568,5992,Render,1,433.700,32.240225200,32.240245600,32.240245600,32.240679300,1/10/1
6568,4612,Render,1,433.500,32.994416400,32.995106900,32.995572300,32.996005800,1/1/1
6568,5992,Render,1,433.100,35.024317600,35.024339800,35.024339800,35.024772900,1/10/1
6568,5992,Render,1,432.900,30.192689500,30.192709700,30.192709700,30.193142600,1/10/1
6568,5992,Render,1,432.800,31.407150900,31.407172800,31.407172800,31.407605600,1/10/1
6568,5992,Render,1,432.700,41.334109400,41.334135900,41.334135900,41.334568600,1/10/1
6568,5992,Render,1,432.600,27.094227800,27.094251400,27.094251400,27.094684000,1/10/1
6568,5992,Render,1,432.600,40.800312200,40.800338600,40.800338600,40.800771200,1/10/1
6568,5992,Render,1,432.300,37.072735800,37.072767000,37.072767000,37.073199300,1/10/1
6568,5992,Render,1,432.000,24.555391800,24.555412300,24.555412300,24.555844300,1/10/1
6568,5992,Render,1,431.900,31.537797100,31.537842100,31.537842100,31.538274000,1/10/1
6568,5992,Render,1,431.900,36.911385300,36.911493500,36.911493500,36.911925400,1/10/1
6568,5992,Render,1,431.800,25.334550600,25.334569700,25.334569700,25.335001500,1/10/1
6568,5992,Render,1,431.800,38.576909300,38.576928200,38.576928200,38.577360000,1/10/1
6568,5992,Render,1,431.700,23.059176300,23.059266800,23.059266800,23.059698500,1/10/1
6568,5992,Render,1,431.600,27.136767500,27.136788100,27.136788100,27.137219700,1/10/1
6568,5992,Render,1,431.600,27.330941300,27.330956100,27.330956100,27.331387700,1/10/1
6568,5992,Render,1,431.300,34.364567300,34.364587100,34.364587100,34.365018400,1/10/1
6568,5992,Render,1,431.100,38.966393600,38.966410500,38.966410500,38.966841600,1/10/1
6568,5992,Render,1,430.900,22.910746200,22.910768500,22.910768500,22.911199400,1/10/1
6568,5992,Render,1,430.900,33.168357200,33.168374600,33.168374600,33.168805500,1/10/1
6568,5992,Render,1,430.900,36.994518800,36.994542000,36.994542000,36.994972900,1/10/1
6568,5992,Render,1,430.700,33.094371400,33.094442300,33.094442300,33.094873000,1/10/1
6568,5992,Render,1,430.600,23.485976600,23.485992200,23.485992200,23.486422800,1/10/1
6568,4612,Render,1,430.600,28.994279600,28.994726500,28.995140800,28.995571400,1/1/1
6568,5992,Render,1,430.400,31.941727500,31.941746600,31.941746600,31.942177000,1/10/1
6568,5992,Render,1,430.200,35.627056100,35.627076000,35.627076000,35.627506200,1/10/1
6568,5992,Render,1,430.100,23.611386800,23.611403200,23.611403200,23.611833300,1/10/1
6568,5992,Render,1,430.100,33.443402300,33.443423600,33.443423600,33.443853700,1/10/1
6568,5992,Render,1,430.000,36.594678700,36.594719800,36.594719800,36.595149800,1/10/1
6568,5992,Render,1,429.800,36.494543000,36.494567300,36.494567300,36.494997100,1/10/1
6568,5992,Render,1,429.800,37.819764400,37.819783700,37.819783700,37.820213500,1/10/1
6568,5992,Render,1,429.600,33.675180100,33.675199100,33.675199100,33.675628700,1/10/1
6568,5992,Render,1,429.600,40.567559700,40.567574400,40.567574400,40.568004000,1/10/1
6568,5992,Render,1,429.500,29.968689400,29.968769900,29.968769900,29.969199400,1/10/1
6568,5992,Render,1,429.500,30.359402100,30.359468300,30.359468300,30.359897800,1/10/1
6568,5992,Render,1,429.500,35.669162800,35.669233300,35.669233300,35.669662800,1/10/1
6568,5992,Render,1,429.400,38.761192300,38.761218300,38.761218300,38.761647700,1/10/1
6568,5992,Render,1,429.300,29.040179500,29.040201300,29.040201300,29.040630600,1/10/1
6568,5992,Render,1,429.000,41.178171200,41.178206300,41.178206300,41.178635300,1/10/1
6568,5992,Render,1,428.900,30.950291200,30.950310200,30.950310200,30.950739100,1/10/1
6568,5992,Render,1,428.600,32.527737600,32.527833100,32.527833100,32.528261700,1/10/1
6568,5992,Render,1,428.500,26.423406900,26.423422800,26.423422800,26.423851300,1/10/1
6568,5992,Render,1,428.500,37.023253200,37.023291500,37.023291500,37.023720000,1/10/1
6568,5992,Render,1,428.100,25.329399900,25.329415000,25.329415000,25.329843100,1/10/1
6568,5992,Render,1,428.100,29.590710100,29.590728300,29.590728300,29.591156400,1/10/1
6568,5992,Render,1,428.100,30.997633400,30.997651400,30.997651400,30.998079500,1/10/1
6568,5992,Render,1,428.000,39.879792200,39.879834000,39.879834000,39.880262000,1/10/1
6568,5992,Render,1,427.900,34.828074100,34.828153700,34.828153700,34.828581600,1/10/1
6568,5992,Render,1,427.800,24.049272300,24.049291800,24.049291800,24.049719600,1/10/1
6568,5992,Render,1,427.500,25.589189100,25.589216200,25.589216200,25.589643700,1/10/1
6568,5992,Render,1,427.500,40.494637400,40.494735300,40.494735300,40.495162800,1/10/1
6568,5992,Render,1,427.400,30.160965900,30.160986900,30.160986900,30.161414300,1/10/1
6568,5992,Render,1,427.300,34.672333200,34.672356100,34.672356100,34.672783400,1/10/1
6568,5992,Render,1,427.200,40.714853400,40.714874400,40.714874400,40.715301600,1/10/1
6568,5992,Render,1,427.100,26.477499000,26.477519600,26.477519600,26.477946700,1/10/1
6568,5992,Render,1,427.100,28.134033200,28.134052400,28.134052400,28.134479500,1/10/1
6568,5992,Render,1,427.100,37.238718200,37.238762200,37.238762200,37.239189300,1/10/1
6568,5992,Render,1,426.900,33.844425500,33.844453300,33.844453300,33.844880200,1/10/1
6568,5992,Render,1,426.900,34.861130800,34.861152500,34.861152500,34.861579400,1/10/1
6568,5992,Render,1,426.600,26.124191400,26.124207900,26.124207900,26.124634500,1/10/1
6568,5992,Render,1,426.600,34.538513300,34.538538000,34.538538000,34.538964600,1/10/1
6568,5992,Render,1,426.600,39.327298300,39.327325100,39.327325100,39.327751700,1/10/1
6568,5992,Render,1,426.400,27.378763800,27.378797700,27.378797700,27.379224100,1/10/1
6568,5992,Render,1,426.300,23.353572400,23.353637000,23.353637000,23.354063300,1/10/1
6568,5992,Render,1,426.300,23.652745400,23.652783400,23.652783400,23.653209700,1/10/1
6568,5992,Render,1,426.300,37.872472500,37.872492600,37.872492600,37.872918900,1/10/1
6568,5992,Render,1,426.200,27.827562000,27.827584000,27.827584000,27.828010200,1/10/1
6568,5992,Render,1,426.200,30.016881400,30.016902200,30.016902200,30.017328400,1/10/1
6568,5992,Render,1,426.100,22.907692700,22.907712800,22.907712800,22.908138900,1/10/1
6568,5992,Render,1,426.100,41.551917800,41.551936000,41.551936000,41.552362100,1/10/1
6568,5992,Render,1,425.700,28.527591000,28.527616900,28.527616900,28.528042600,1/10/1
6568,5992,Render,1,425.500,28.656990500,28.657010600,28.657010600,28.657436100,1/10/1
6568,5992,Render,1,425.500,34.461105700,34.461125700,34.461125700,34.461551200,1/10/1
6568,5992,Render,1,425.400,27.781497300,27.781516300,27.781516300,27.781941700,1/10/1
6568,5992,Render,1,425.400,39.195926100,39.195944800,39.195944800,39.196370200,1/10/1
6568,5992,Render,1,425.200,30.244317100,30.244400000,30.244400000,30.244825200,1/10/1
6568,5992,Render,1,425.200,33.209407800,33.209475000,33.209475000,33.209900200,1/10/1
6568,5992,Render,1,425.200,40.757816000,40.757836100,40.757836100,40.758261300,1/10/1
6568,5992,Render,1,425.000,22.166757900,22.166775700,22.166775700,22.167200700,1/10/1
6568,5992,Render,1,425.000,34.937873600,34.937920900,34.937920900,34.938345900,1/10/1
6568,5992,Render,1,425.000,35.858862800,35.858886300,35.858886300,35.859311300,1/10/1
6568,5992,Render,1,424.900,31.898768600,31.898787600,31.898787600,31.899212500,1/10/1
6568,5992,Render,1,424.700,31.849212400,31.849274600,31.849274600,31.849699300,1/10/1
6568,5992,Render,1,424.700,36.727823500,36.727843200,36.727843200,36.728267900,1/10/1
6568,5992,Render,1,424.700,39.237852800,39.237917000,39.237917000,39.238341700,1/10/1
6568,5992,Render,1,424.600,24.825705300,24.825733700,24.825733700,24.826158300,1/10/1
6568,5992,Render,1,424.600,30.854378500,30.854394600,30.854394600,30.854819200,1/10/1
6568,5992,Render,1,424.500,38.924896700,38.924917300,38.924917300,38.925341800,1/10/1
6568,5992,Render,1,424.400,33.544413500,33.544497300,33.544497300,33.544921700,1/10/1
6568,5992,Render,1,424.200,31.083442600,31.083463000,31.083463000,31.083887200,1/10/1
6568,5992,Render,1,424.000,23.003023100,23.003043000,23.003043000,23.003467000,1/10/1
6568,5992,Render,1,423.900,25.044079000,25.044097800,25.044097800,25.044521700,1/10/1
6568,5992,Render,1,423.900,32.949675800,32.949704900,32.949704900,32.950128800,1/10/1
6568,5992,Render,1,423.500,40.842010000,40.842034300,40.842034300,40.842457800,1/10/1
6568,5992,Render,1,423.500,41.693446500,41.693466000,41.693466000,41.693889500,1/10/1
6568,5992,Render,1,423.400,30.107917600,30.107937000,30.107937000,30.108360400,1/10/1
6568,5992,Render,1,423.400,32.155454800,32.155472300,32.155472300,32.155895700,1/10/1
6568,5992,Render,1,423.400,40.612645000,40.612667700,40.612667700,40.613091100,1/10/1
6568,5992,Render,1,423.300,27.644159800,27.644174700,27.644174700,27.644598000,1/10/1
6568,5992,Render,1,423.100,23.360296100,23.360322100,23.360322100,23.360745200,1/10/1
6568,5992,Render,1,423.100,30.456591600,30.456654100,30.456654100,30.457077200,1/10/1
6568,5992,Render,1,423.000,24.180078900,24.180106500,24.180106500,24.180529500,1/10/1
6568,5992,Render,1,423.000,26.877519800,26.877614500,26.877614500,26.878037500,1/10/1
6568,5992,Render,1,423.000,29.832880200,29.832940700,29.832940700,29.833363700,1/10/1
6568,5992,Render,1,422.600,36.719129400,36.719163800,36.719163800,36.719586400,1/10/1
6568,5992,Render,1,422.500,32.211020300,32.211050000,32.211050000,32.211472500,1/10/1
6568,5992,Render,1,422.300,25.243465500,25.243485200,25.243485200,25.243907500,1/10/1
6568,5992,Render,1,422.100,38.794578600,38.794666400,38.794666400,38.795088500,1/10/1
6568,5992,Render,1,421.900,24.225589000,24.225607500,24.225607500,24.226029400,1/10/1
6568,5992,Render,1,421.800,22.519369600,22.519386900,22.519386900,22.519808700,1/10/1
6568,5992,Render,1,421.800,27.610875500,27.610956200,27.610956200,27.611378000,1/10/1
6568,5992,Render,1,421.500,31.338733500,31.338763000,31.338763000,31.339184500,1/10/1
6568,5992,Render,1,421.400,23.488091100,23.488117600,23.488117600,23.488539000,1/10/1
6568,5992,Render,1,421.400,25.720977700,25.721002400,25.721002400,25.721423800,1/10/1
6568,5992,Render,1,421.400,40.255043400,40.255126500,40.255126500,40.255547900,1/10/1
6568,5992,Render,1,421.300,29.301270000,29.301290100,29.301290100,29.301711400,1/10/1
6568,5992,Render,1,421.200,34.810331000,34.810352400,34.810352400,34.810773600,1/10/1
6568,5992,Render,1,421.200,40.994573700,40.994637300,40.994637300,40.995058500,1/10/1
6568,5992,Render,1,421.000,33.493739700,33.493759100,33.493759100,33.494180100,1/10/1
6568,5992,Render,1,421.000,35.019450400,35.019474400,35.019474400,35.019895400,1/10/1
6568,5992,Render,1,421.000,39.927679900,39.927694800,39.927694800,39.928115800,1/10/1
6568,5992,Render,1,420.900,26.075209400,26.075244700,26.075244700,26.075665600,1/10/1
6568,5992,Render,1,420.900,30.360385500,30.360401100,30.360401100,30.360822000,1/10/1
6568,5992,Render,1,420.700,35.234959900,35.235048800,35.235048800,35.235469500,1/10/1
6568,5992,Render,1,420.700,36.073986700,36.074055300,36.074055300,36.074476000,1/10/1
6568,5992,Render,1,420.600,38.527530900,38.527594400,38.527594400,38.528015000,1/10/1
6568,5992,Render,1,420.500,24.302831200,24.302892600,24.302892600,24.303313100,1/10/1
6568,5992,Render,1,420.500,25.510724800,25.510741700,25.510741700,25.511162200,1/10/1
6568,5992,Render,1,420.400,22.527412200,22.527438100,22.527438100,22.527858500,1/10/1
6568,5992,Render,1,420.400,27.184551900,27.184572200,27.184572200,27.184992600,1/10/1
6568,5992,Render,1,420.300,25.094106800,25.094169700,25.094169700,25.094590000,1/10/1
6568,5992,Render,1,420.300,27.238482200,27.238499100,27.238499100,27.238919400,1/10/1
6568,5992,Render,1,420.300,41.690529200,41.690612300,41.690612300,41.691032600,1/10/1
6568,5992,Render,1,420.200,24.432729400,24.432750800,24.432750800,24.433171000,1/10/1
6568,5992,Render,1,420.100,30.501411500,30.501497800,30.501497800,30.501917900,1/10/1
6568,5992,Render,1,420.100,31.453565400,31.453598900,31.453598900,31.454019000,1/10/1
6568,5992,Render,1,420.000,22.127402500,22.127426900,22.127426900,22.127846900,1/10/1
6568,5992,Render,1,420.000,26.333310000,26.333365900,26.333365900,26.333785900,1/10/1
6568,5992,Render,1,419.900,41.202173400,41.202227200,41.202227200,41.202647100,1/10/1
6568,5992,Render,1,419.800,29.844335400,29.844431000,29.844431000,29.844850800,1/10/1
6568,5992,Render,1,419.700,23.494164000,23.494190000,23.494190000,23.494609700,1/10/1
6568,5992,Render,1,419.500,22.063447700,22.063466800,22.063466800,22.063886300,1/10/1
6568,5992,Render,1,419.500,37.211165900,37.211184900,37.211184900,37.211604400,1/10/1
6568,5992,Render,1,419.500,38.227211400,38.227226100,38.227226100,38.227645600,1/10/1
6568,5992,Render,1,419.400,36.807905900,36.807930200,36.807930200,36.808349600,1/10/1
6568,5992,Render,1,419.200,32.822549800,32.822569400,32.822569400,32.822988600,1/10/1
6568,5992,Render,1,419.100,35.898292200,35.898329800,35.898329800,35.898748900,1/10/1
6568,5992,Render,1,419.100,41.605038700,41.605075400,41.605075400,41.605494500,1/10/1
6568,5992,Render,1,418.900,37.772480500,37.772497300,37.772497300,37.772916200,1/10/1
6568,5992,Render,1,418.700,36.123434900,36.123455400,36.123455400,36.123874100,1/10/1
6568,5992,Render,1,418.400,29.755205800,29.755234300,29.755234300,29.755652700,1/10/1
6568,5992,Render,1,418.300,25.990859500,25.990876000,25.990876000,25.991294300,1/10/1
6568,5992,Render,1,418.300,33.035126200,33.035176900,33.035176900,33.035595200,1/10/1
6568,5992,Render,1,418.200,25.394453200,25.394512000,25.394512000,25.394930200,1/10/1
6568,5992,Render,1,418.100,40.160558900,40.160581800,40.160581800,40.160999900,1/10/1
6568,5992,Render,1,417.900,34.279409300,34.279429800,34.279429800,34.279847700,1/10/1
6568,5992,Render,1,417.800,35.193231300,35.193256400,35.193256400,35.193674200,1/10/1
6568,5992,Render,1,417.800,37.419401400,37.419421800,37.419421800,37.419839600,1/10/1
6568,5992,Render,1,417.700,28.559304700,28.559335300,28.559335300,28.559753000,1/10/1
6568,5992,Render,1,417.700,40.206764900,40.206789900,40.206789900,40.207207600,1/10/1
6568,5992,Render,1,417.600,23.410757500,23.410774200,23.410774200,23.411191800,1/10/1
6568,5992,Render,1,417.600,24.875278500,24.875301600,24.875301600,24.875719200,1/10/1
6568,5992,Render,1,417.600,26.823382100,26.823398800,26.823398800,26.823816400,1/10/1
6568,5992,Render,1,417.500,33.487940300,33.487967500,33.487967500,33.488385000,1/10/1
6568,5992,Render,1,417.500,34.809179800,34.809200600,34.809200600,34.809618100,1/10/1
6568,5992,Render,1,417.500,40.811322500,40.811429300,40.811429300,40.811846800,1/10/1
6568,5992,Render,1,417.300,35.194384400,35.194417200,35.194417200,35.194834500,1/10/1
6568,5992,Render,1,417.200,35.114485800,35.114517800,35.114517800,35.114935000,1/10/1
6568,5992,Render,1,417.200,38.144630000,38.144722800,38.144722800,38.145140000,1/10/1
6568,5992,Render,1,417.100,22.858625700,22.858645100,22.858645100,22.859062200,1/10/1
6568,5992,Render,1,417.100,36.715837900,36.715889800,36.715889800,36.716306900,1/10/1
6568,5992,Render,1,417.000,39.366382600,39.366434900,39.366434900,39.366851900,1/10/1
6568,5992,Render,1,416.900,27.244173500,27.244195900,27.244195900,27.244612800,1/10/1
6568,5992,Render,1,416.900,41.744626700,41.744729200,41.744729200,41.745146100,1/10/1
6568,4612,Render,1,416.800,38.269363600,38.269426600,38.269426600,38.269843400,1/1/1
6568,5992,Render,1,416.400,36.393666400,36.393686000,36.393686000,36.394102400,1/10/1
6568,5992,Render,1,416.200,24.346977500,24.346994900,24.346994900,24.347411100,1/10/1
6568,5992,Render,1,416.200,25.629389000,25.629405100,25.629405100,25.629821300,1/10/1
6568,5992,Render,1,416.200,39.578924900,39.578943600,39.578943600,39.579359800,1/10/1
6568,5992,Render,1,416.100,35.021419600,35.021434300,35.021434300,35.021850400,1/10/1
6568,5992,Render,1,416.100,41.460575000,41.460604000,41.460604000,41.461020100,1/10/1
6568,5992,Render,1,415.900,38.654422700,38.654449700,38.654449700,38.654865600,1/10/1
6568,5992,Render,1,415.700,39.294559500,39.294643500,39.294643500,39.295059200,1/10/1
6568,5992,Render,1,415.600,22.773776900,22.773800800,22.773800800,22.774216400,1/10/1
6568,5992,Render,1,415.400,25.631480900,25.631502200,25.631502200,25.631917600,1/10/1
6568,5992,Render,1,415.300,23.711002400,23.711041400,23.711041400,23.711456700,1/10/1
6568,5992,Render,1,415.300,33.801274100,33.801339000,33.801339000,33.801754300,1/10/1
6568,5992,Render,1,415.200,27.734192200,27.734255500,27.734255500,27.734670700,1/10/1
6568,5992,Render,1,415.200,28.094217200,28.094238300,28.094238300,28.094653500,1/10/1
6568,5992,Render,1,415.200,35.709641800,35.709726300,35.709726300,35.710141500,1/10/1
6568,5992,Render,1,414.900,30.499318700,30.499338500,30.499338500,30.499753400,1/10/1
6568,5992,Render,1,414.800,38.398365000,38.398390700,38.398390700,38.398805500,1/10/1
6568,5992,Render,1,414.700,32.601638800,32.601703000,32.601703000,32.602117700,1/10/1
6568,5992,Render,1,414.700,34.102632600,34.102651700,34.102651700,34.103066400,1/10/1
6568,5992,Render,1,414.700,34.361221200,34.361314500,34.361314500,34.361729200,1/10/1
6568,5992,Render,1,414.700,36.672289600,36.672314100,36.672314100,36.672728800,1/10/1
6568,5992,Render,1,414.700,40.154568000,40.154593300,40.154593300,40.155008000,1/10/1
6568,5992,Render,1,414.600,31.944319200,31.944340100,31.944340100,31.944754700,1/10/1
6568,5992,Render,1,414.500,25.344134600,25.344216200,25.344216200,25.344630700,1/10/1
6568,5992,Render,1,414.500,25.550212800,25.550260800,25.550260800,25.550675300,1/10/1
6568,5992,Render,1,414.500,31.498193000,31.498232200,31.498232200,31.498646700,1/10/1
6568,5992,Render,1,414.500,40.011323300,40.011341300,40.011341300,40.011755800,1/10/1
6568,5992,Render,1,414.500,40.105481500,40.105567100,40.105567100,40.105981600,1/10/1
6568,5992,Render,1,414.400,24.927513500,24.927620200,24.927620200,24.928034600,1/10/1
6568,5992,Render,1,414.300,36.311152900,36.311176900,36.311176900,36.311591200,1/10/1
6568,5992,Render,1,414.300,39.710488400,39.710508600,39.710508600,39.710922900,1/10/1
6568,5992,Render,1,413.900,34.756454400,34.756491400,34.756491400,34.756905300,1/10/1
6568,5992,Render,1,413.900,36.035383400,36.035402900,36.035402900,36.035816800,1/10/1
6568,5992,Render,1,413.900,37.777814200,37.777837100,37.777837100,37.778251000,1/10/1
6568,5992,Render,1,413.900,40.569605600,40.569646500,40.569646500,40.570060400,1/10/1
6568,5992,Render,1,413.900,41.031779800,41.031801000,41.031801000,41.032214900,1/10/1
6568,5992,Render,1,413.800,31.994376600,31.994402600,31.994402600,31.994816400,1/10/1
6568,5992,Render,1,413.800,35.196523500,35.196539900,35.196539900,35.196953700,1/10/1
6568,5992,Render,1,413.600,31.852584600,31.852604000,31.852604000,31.853017600,1/10/1
6568,5992,Render,1,413.600,35.540995900,35.541111700,35.541111700,35.541525300,1/10/1
6568,5992,Render,1,413.500,22.077381900,22.077466500,22.077466500,22.077880000,1/10/1
6568,5992,Render,1,413.500,22.688260600,22.688288800,22.688288800,22.688702300,1/10/1
6568,5992,Render,1,413.500,34.855185500,34.855201100,34.855201100,34.855614600,1/10/1
6568,5992,Render,1,413.500,37.288182300,37.288243400,37.288243400,37.288656900,1/10/1
6568,5992,Render,1,413.500,41.394651400,41.394680600,41.394680600,41.395094100,1/10/1
6568,5992,Render,1,413.400,37.594522300,37.594614000,37.594614000,37.595027400,1/10/1
6568,5992,Render,1,413.200,22.610742500,22.610829300,22.610829300,22.611242500,1/10/1
6568,5992,Render,1,413.200,37.127815800,37.127906800,37.127906800,37.128320000,1/10/1
6568,5992,Render,1,413.100,24.046904600,24.046926800,24.046926800,24.047339900,1/10/1
6568,5992,Render,1,413.100,31.594365400,31.594466800,31.594466800,31.594879900,1/10/1
6568,5992,Render,1,413.000,23.780991000,23.781032600,23.781032600,23.781445600,1/10/1
6568,5992,Render,1,412.900,23.442130800,23.442200700,23.442200700,23.442613600,1/10/1
6568,5992,Render,1,412.900,24.277488800,24.277593300,24.277593300,24.278006200,1/10/1
6568,5992,Render,1,412.900,35.496050700,35.496071300,35.496071300,35.496484200,1/10/1
6568,5992,Render,1,412.700,22.997196800,22.997260700,22.997260700,22.997673400,1/10/1
6568,5992,Render,1,412.600,27.693962300,27.693981700,27.693981700,27.694394300,1/10/1
6568,5992,Render,1,412.500,33.296359700,33.296385200,33.296385200,33.296797700,1/10/1
6568,5992,Render,1,412.300,23.977603500,23.977629200,23.977629200,23.978041500,1/10/1
6568,5992,Render,1,412.300,29.260924000,29.260946200,29.260946200,29.261358500,1/10/1
6568,5992,Render,1,412.200,32.063723500,32.063754500,32.063754500,32.064166700,1/10/1
6568,5992,Render,1,412.100,22.248440800,22.248462400,22.248462400,22.248874500,1/10/1
6568,5992,Render,1,412.100,41.285352900,41.285381800,41.285381800,41.285793900,1/10/1
6568,5992,Render,1,412.000,32.021240400,32.021268000,32.021268000,32.021680000,1/10/1
6568,5992,Render,1,411.900,28.389982300,28.390010500,28.390010500,28.390422400,1/10/1
6568,5992,Render,1,411.700,32.110464000,32.110483100,32.110483100,32.110894800,1/10/1
6568,5992,Render,1,411.700,36.765001200,36.765089300,36.765089300,36.765501000,1/10/1
6568,5992,Render,1,411.600,34.027727200,34.027791100,34.027791100,34.028202700,1/10/1
6568,5992,Render,1,411.600,38.965426700,38.965499500,38.965499500,38.965911100,1/10/1
6568,5992,Render,1,411.300,31.094328200,31.094407100,31.094407100,31.094818400,1/10/1
6568,5992,Render,1,411.200,35.277352200,35.277372100,35.277372100,35.277783300,1/10/1
6568,5992,Render,1,411.200,35.359648200,35.359678700,35.359678700,35.360089900,1/10/1
6568,5992,Render,1,411.200,39.377851000,39.377868500,39.377868500,39.378279700,1/10/1
6568,5992,Render,1,411.200,39.594579300,39.594674300,39.594674300,39.595085500,1/10/1
6568,5992,Render,1,411.100,25.548161800,25.548178200,25.548178200,25.548589300,1/10/1
6568,5992,Render,1,411.100,31.208091000,31.208147500,31.208147500,31.208558600,1/10/1
6568,5992,Render,1,411.000,22.260731400,22.260753900,22.260753900,22.261164900,1/10/1
6568,5992,Render,1,411.000,29.448808400,29.448871700,29.448871700,29.449282700,1/10/1
6568,5992,Render,1,411.000,32.344369600,32.344393400,32.344393400,32.344804400,1/10/1
6568,5992,Render,1,410.900,34.144458200,34.144484100,34.144484100,34.144895000,1/10/1
6568,5992,Render,1,410.800,36.626358300,36.626380700,36.626380700,36.626791500,1/10/1
6568,5992,Render,1,410.600,25.948725100,25.948763100,25.948763100,25.949173700,1/10/1
6568,5992,Render,1,410.600,29.404922900,29.404947100,29.404947100,29.405357700,1/10/1
6568,5992,Render,1,410.500,37.153480300,37.153500800,37.153500800,37.153911300,1/10/1
6568,5992,Render,1,410.500,39.161229500,39.161325600,39.161325600,39.161736100,1/10/1
6568,5992,Render,1,410.500,41.546693800,41.546715500,41.546715500,41.547126000,1/10/1
6568,5992,Render,1,410.400,24.794151100,24.794233100,24.794233100,24.794643500,1/10/1
6568,5992,Render,1,410.400,26.910858000,26.910881000,26.910881000,26.911291400,1/10/1
6568,5992,Render,1,410.400,40.627970000,40.628069500,40.628069500,40.628479900,1/10/1
6568,5992,Render,1,410.200,23.865519100,23.865541900,23.865541900,23.865952100,1/10/1
6568,5992,Render,1,410.100,27.794263300,27.794336700,27.794336700,27.794746800,1/10/1
6568,5992,Render,1,410.100,34.060100100,34.060117000,34.060117000,34.060527100,1/10/1
6568,5992,Render,1,410.000,31.011264500,31.011353200,31.011353200,31.011763200,1/10/1
6568,4612,Render,1,409.900,28.390319100,28.390334900,28.390334900,28.390744800,1/1/1
6568,5992,Render,1,409.900,29.667020900,29.667055500,29.667055500,29.667465400,1/10/1
6568,5992,Render,1,409.800,22.603195800,22.603242600,22.603242600,22.603652400,1/10/1
6568,5992,Render,1,409.800,25.694144400,25.694221100,25.694221100,25.694630900,1/10/1
6568,5992,Render,1,409.800,32.337450200,32.337477600,32.337477600,32.337887400,1/10/1
6568,5992,Render,1,409.800,33.044358700,33.044381800,33.044381800,33.044791600,1/10/1
6568,5992,Render,1,409.600,40.927456400,40.927479600,40.927479600,40.927889200,1/10/1
6568,5992,Render,1,409.500,32.556770000,32.556792400,32.556792400,32.557201900,1/10/1
6568,5992,Render,1,409.500,39.811254300,39.811339200,39.811339200,39.811748700,1/10/1
6568,5992,Render,1,409.400,28.277822000,28.277938800,28.277938800,28.278348200,1/10/1
6568,5992,Render,1,409.300,23.527431600,23.527453000,23.527453000,23.527862300,1/10/1
6568,5992,Render,1,409.300,41.331288900,41.331309800,41.331309800,41.331719100,1/10/1
6568,5992,Render,1,409.200,25.960875400,25.960902100,25.960902100,25.961311300,1/10/1
6568,5992,Render,1,409.100,30.318407300,30.318426600,30.318426600,30.318835700,1/10/1
6568,5992,Render,1,409.100,39.965328000,39.965351600,39.965351600,39.965760700,1/10/1
6568,5992,Render,1,409.000,28.194210800,28.194295600,28.194295600,28.194704600,1/10/1
6568,5992,Render,1,408.900,26.293962000,26.294040300,26.294040300,26.294449200,1/10/1
6568,5992,Render,1,408.800,36.044427600,36.044443800,36.044443800,36.044852600,1/10/1
6568,5992,Render,1,408.800,41.794610000,41.794673900,41.794673900,41.795082700,1/10/1
6568,5992,Render,1,408.600,34.511091200,34.511198800,34.511198800,34.511607400,1/10/1
6568,5992,Render,1,408.500,34.111115900,34.111209000,34.111209000,34.111617500,1/10/1
6568,5992,Render,1,408.300,22.559964700,22.559984600,22.559984600,22.560392900,1/10/1
6568,5992,Render,1,408.300,30.510985900,30.511075600,30.511075600,30.511483900,1/10/1
6568,5992,Render,1,408.300,36.854621700,36.854646900,36.854646900,36.855055200,1/10/1
6568,5992,Render,1,408.000,25.860909900,25.860932100,25.860932100,25.861340100,1/10/1
6568,5992,Render,1,408.000,27.477550800,27.477577900,27.477577900,27.477985900,1/10/1
6568,5992,Render,1,407.900,38.627943200,38.628041100,38.628041100,38.628449000,1/10/1
6568,5992,Render,1,407.600,24.219303600,24.219372900,24.219372900,24.219780500,1/10/1
6568,5992,Render,1,407.600,24.844120600,24.844189500,24.844189500,24.844597100,1/10/1
6568,5992,Render,1,407.600,35.077809000,35.077897700,35.077897700,35.078305300,1/10/1
6568,5992,Render,1,407.600,36.939631100,36.939721700,36.939721700,36.940129300,1/10/1
6568,5992,Render,1,407.500,38.894549300,38.894640900,38.894640900,38.895048400,1/10/1
6568,5992,Render,1,407.400,26.694213800,26.694231200,26.694231200,26.694638600,1/10/1
6568,5992,Render,1,407.400,41.379184000,41.379234500,41.379234500,41.379641900,1/10/1
6568,5992,Render,1,407.300,22.426333900,22.426357000,22.426357000,22.426764300,1/10/1
6568,5992,Render,1,407.300,28.710885600,28.710907700,28.710907700,28.711315000,1/10/1
6568,5992,Render,1,407.300,34.812472800,34.812488000,34.812488000,34.812895300,1/10/1
6568,5992,Render,1,407.300,36.544491300,36.544518900,36.544518900,36.544926200,1/10/1
6568,5992,Render,1,407.200,30.594335500,30.594363200,30.594363200,30.594770400,1/10/1
6568,5992,Render,1,407.200,36.177794800,36.177884900,36.177884900,36.178292100,1/10/1
6568,5992,Render,1,407.100,34.539673400,34.539700500,34.539700500,34.540107600,1/10/1
6568,4612,Render,1,407.000,37.894620900,37.896017600,37.896017600,37.896424600,1/1/1
6568,5992,Render,1,407.000,39.096109400,39.096129300,39.096129300,39.096536300,1/10/1
6568,5992,Render,1,407.000,41.127892300,41.127908200,41.127908200,41.128315200,1/10/1
6568,5992,Render,1,406.900,21.892938900,21.892967100,21.892967100,21.893374000,1/10/1
6568,5992,Render,1,406.900,26.859878300,26.859938500,26.859938500,26.860345400,1/10/1
6568,5992,Render,1,406.900,31.720084800,31.720134800,31.720134800,31.720541700,1/10/1
6568,5992,Render,1,406.900,33.811052700,33.811134300,33.811134300,33.811541200,1/10/1
6568,5992,Render,1,406.800,22.292962300,22.292981700,22.292981700,22.293388500,1/10/1
6568,5992,Render,1,406.800,27.861088900,27.861110000,27.861110000,27.861516800,1/10/1
6568,5992,Render,1,406.800,31.510994700,31.511013500,31.511013500,31.511420300,1/10/1
6568,5992,Render,1,406.800,32.244334500,32.244355800,32.244355800,32.244762600,1/10/1
6568,5992,Render,1,406.700,24.060752900,24.060818100,24.060818100,24.061224800,1/10/1
6568,5992,Render,1,406.700,38.061197200,38.061261800,38.061261800,38.061668500,1/10/1
6568,5992,Render,1,406.600,33.711040400,33.711065000,33.711065000,33.711471600,1/10/1
6568,5992,Render,1,406.600,38.090900900,38.090922100,38.090922100,38.091328700,1/10/1
6568,5992,Render,1,406.600,38.312891800,38.312912600,38.312912600,38.313319200,1/10/1
6568,5992,Render,1,406.500,24.177243000,24.177314900,24.177314900,24.177721400,1/10/1
6568,5992,Render,1,406.500,28.627590100,28.627665900,28.627665900,28.628072400,1/10/1
6568,5992,Render,1,406.400,26.421203200,26.421226500,26.421226500,26.421632900,1/10/1
6568,5992,Render,1,406.400,36.861203000,36.861227700,36.861227700,36.861634100,1/10/1
6568,5992,Render,1,406.400,38.327859900,38.327924500,38.327924500,38.328330900,1/10/1
6568,5992,Render,1,406.400,39.511217900,39.511239600,39.511239600,39.511646000,1/10/1
6568,5992,Render,1,406.300,38.354498400,38.354513200,38.354513200,38.354919500,1/10/1
6568,5992,Render,1,406.300,38.881281400,38.881300600,38.881300600,38.881706900,1/10/1
6568,5992,Render,1,406.200,26.634441000,26.634467300,26.634467300,26.634873500,1/10/1
6568,5992,Render,1,406.100,31.177651900,31.177678800,31.177678800,31.178084900,1/10/1
6568,5992,Render,1,406.100,32.780651100,32.780671200,32.780671200,32.781077300,1/10/1
6568,5992,Render,1,406.000,26.681061800,26.681082600,26.681082600,26.681488600,1/10/1
6568,5992,Render,1,405.900,27.910860400,27.910874900,27.910874900,27.911280800,1/10/1
6568,5992,Render,1,405.900,29.094268600,29.094338100,29.094338100,29.094744000,1/10/1
6568,5992,Render,1,405.900,31.540810300,31.540861600,31.540861600,31.541267500,1/10/1
6568,5992,Render,1,405.900,33.437434300,33.437457900,33.437457900,33.437863800,1/10/1
6568,5992,Render,1,405.800,28.345284900,28.345306800,28.345306800,28.345712600,1/10/1
6568,5992,Render,1,405.800,41.044675600,41.044782700,41.044782700,41.045188500,1/10/1
6568,5992,Render,1,405.800,41.211306600,41.211403200,41.211403200,41.211809000,1/10/1
6568,5992,Render,1,405.600,29.497960100,29.497986300,29.497986300,29.498391900,1/10/1
6568,5992,Render,1,405.600,36.580666200,36.580688400,36.580688400,36.581094000,1/10/1
6568,5992,Render,1,405.600,39.147476200,39.147515200,39.147515200,39.147920800,1/10/1
6568,5992,Render,1,405.500,32.739315200,32.739338600,32.739338600,32.739744100,1/10/1
6568,5992,Render,1,405.500,34.211100300,34.211127900,34.211127900,34.211533400,1/10/1
6568,5992,Render,1,405.400,31.582331200,31.582350800,31.582350800,31.582756200,1/10/1
6568,5992,Render,1,405.400,34.018209400,34.018224200,34.018224200,34.018629600,1/10/1
6568,5992,Render,1,405.300,26.210821700,26.210847700,26.210847700,26.211253000,1/10/1
6568,5992,Render,1,405.300,28.910775100,28.910807800,28.910807800,28.911213100,1/10/1
6568,5992,Render,1,405.300,35.911083500,35.911149800,35.911149800,35.911555100,1/10/1
6568,5992,Render,1,405.200,25.727501000,25.727527100,25.727527100,25.727932300,1/10/1
6568,5992,Render,1,405.200,35.994424900,35.994448400,35.994448400,35.994853600,1/10/1
6568,5992,Render,1,405.200,39.894557100,39.894627300,39.894627300,39.895032500,1/10/1
6568,5992,Render,1,405.100,41.427925300,41.427959800,41.427959800,41.428364900,1/10/1
6568,5992,Render,1,405.000,33.713011900,33.713053300,33.713053300,33.713458300,1/10/1
6568,5992,Render,1,404.900,22.177409800,22.177470100,22.177470100,22.177875000,1/10/1
6568,5992,Render,1,404.900,26.636539400,26.636581500,26.636581500,26.636986400,1/10/1
6568,5992,Render,1,404.900,38.131685400,38.131704600,38.131704600,38.132109500,1/10/1
6568,5992,Render,1,404.900,39.835596500,39.835624400,39.835624400,39.836029300,1/10/1
6568,5992,Render,1,404.700,26.031358700,26.031385500,26.031385500,26.031790200,1/10/1
6568,5992,Render,1,404.700,37.944684200,37.944761700,37.944761700,37.945166400,1/10/1
6568,5992,Render,1,404.700,39.839104100,39.839118700,39.839118700,39.839523400,1/10/1
6568,5992,Render,1,404.600,26.292012500,26.292038200,26.292038200,26.292442800,1/10/1
6568,5992,Render,1,404.600,32.777914700,32.777939400,32.777939400,32.778344000,1/10/1
6568,5992,Render,1,404.600,37.644504300,37.644574400,37.644574400,37.644979000,1/10/1
6568,5992,Render,1,404.500,22.020929400,22.020970100,22.020970100,22.021374600,1/10/1
6568,5992,Render,1,404.500,25.778999700,25.779015600,25.779015600,25.779420100,1/10/1
6568,5992,Render,1,404.400,25.877526800,25.877629800,25.877629800,25.878034200,1/10/1
6568,5992,Render,1,404.300,41.294605300,41.294629600,41.294629600,41.295033900,1/10/1
6568,5992,Render,1,404.200,28.960896100,28.960917400,28.960917400,28.961321600,1/10/1
6568,5992,Render,1,404.100,25.042743700,25.042763200,25.042763200,25.043167300,1/10/1
6568,5992,Render,1,404.100,32.294367500,32.294445200,32.294445200,32.294849300,1/10/1
6568,5992,Render,1,404.000,27.461032500,27.461058900,27.461058900,27.461462900,1/10/1
6568,5992,Render,1,404.000,31.251156400,31.251220700,31.251220700,31.251624700,1/10/1
6568,5992,Render,1,403.900,24.444101200,24.444120000,24.444120000,24.444523900,1/10/1
6568,5992,Render,1,403.900,35.493886000,35.493903400,35.493903400,35.494307300,1/10/1
6568,5992,Render,1,403.900,41.462924700,41.462945000,41.462945000,41.463348900,1/10/1
6568,5992,Render,1,403.800,22.863831200,22.863915600,22.863915600,22.864319400,1/10/1
6568,5992,Render,1,403.800,38.977834700,38.977852600,38.977852600,38.978256400,1/10/1
6568,5992,Render,1,403.700,23.354766900,23.354795700,23.354795700,23.355199400,1/10/1
6568,5992,Render,1,403.700,25.822634000,25.822703000,25.822703000,25.823106700,1/10/1
6568,5992,Render,1,403.700,28.261883900,28.261910500,28.261910500,28.262314200,1/10/1
6568,5992,Render,1,403.700,30.294387000,30.294458700,30.294458700,30.294862400,1/10/1
6568,5992,Render,1,403.700,30.362464900,30.362486300,30.362486300,30.362890000,1/10/1
6568,5992,Render,1,403.700,35.236017000,35.236037900,35.236037900,35.236441600,1/10/1
6568,5992,Render,1,403.600,36.669971500,36.669992500,36.669992500,36.670396100,1/10/1
6568,5992,Render,1,403.600,40.728078900,40.728099900,40.728099900,40.728503500,1/10/1
6568,5992,Render,1,403.500,26.552646500,26.552667900,26.552667900,26.553071400,1/10/1
6568,5992,Render,1,403.500,29.760897800,29.760964000,29.760964000,29.761367500,1/10/1
6568,5992,Render,1,403.400,32.910225500,32.910249300,32.910249300,32.910652700,1/10/1
6568,5992,Render,1,403.400,33.227698200,33.227720900,33.227720900,33.228124300,1/10/1
6568,5992,Render,1,403.300,29.791490900,29.791523200,29.791523200,29.791926500,1/10/1
6568,5992,Render,1,403.300,33.710073900,33.710162200,33.710162200,33.710565500,1/10/1
6568,5992,Render,1,403.200,24.527465500,24.527560900,24.527560900,24.527964100,1/10/1
6568,5992,Render,1,403.100,21.977520100,21.977540500,21.977540500,21.977943600,1/10/1
6568,4612,Render,1,403.100,23.027545500,23.027573600,23.027573600,23.027976700,1/1/1
6568,5992,Render,1,403.100,24.132008900,24.132032100,24.132032100,24.132435200,1/10/1
6568,5992,Render,1,403.100,30.027628600,30.027695700,30.027695700,30.028098800,1/10/1
6568,5992,Render,1,403.100,34.294381400,34.294444900,34.294444900,34.294848000,1/10/1
6568,5992,Render,1,403.000,30.994362200,30.994380800,30.994380800,30.994783800,1/10/1
6568,5992,Render,1,403.000,35.452757300,35.452776100,35.452776100,35.453179100,1/10/1
6568,5992,Render,1,402.800,24.642893600,24.642913900,24.642913900,24.643316700,1/10/1
6568,5992,Render,1,402.800,30.667089800,30.667113700,30.667113700,30.667516500,1/10/1
6568,5992,Render,1,402.800,32.649571600,32.649597100,32.649597100,32.649999900,1/10/1
6568,5992,Render,1,402.600,25.237705300,25.237799500,25.237799500,25.238202100,1/10/1
6568,5992,Render,1,402.600,29.177642500,29.177671000,29.177671000,29.178073600,1/10/1
6568,5992,Render,1,402.600,38.494513500,38.494541700,38.494541700,38.494944300,1/10/1
6568,5992,Render,1,402.500,40.484069500,40.484098700,40.484098700,40.484501200,1/10/1
6568,5992,Render,1,402.400,29.667980700,29.668000700,29.668000700,29.668403100,1/10/1
6568,5992,Render,1,402.400,34.911116300,34.911203200,34.911203200,34.911605600,1/10/1
6568,5992,Render,1,402.400,37.289222200,37.289243400,37.289243400,37.289645800,1/10/1
6568,5992,Render,1,402.400,38.655551800,38.655579300,38.655579300,38.655981700,1/10/1
6568,5992,Render,1,402.400,40.393271900,40.393298600,40.393298600,40.393701000,1/10/1
6568,5992,Render,1,402.300,22.775627400,22.775645400,22.775645400,22.776047700,1/10/1
6568,5992,Render,1,402.300,26.260871300,26.260898300,26.260898300,26.261300600,1/10/1
6568,5992,Render,1,402.300,26.549363800,26.549447300,26.549447300,26.549849600,1/10/1
6568,5992,Render,1,402.300,29.037970900,29.037990900,29.037990900,29.038393200,1/10/1
6568,5992,Render,1,402.300,33.252471900,33.252500300,33.252500300,33.252902600,1/10/1
6568,5992,Render,1,402.200,33.884259800,33.884275300,33.884275300,33.884677500,1/10/1
6568,5992,Render,1,402.200,41.377075700,41.377096400,41.377096400,41.377498600,1/10/1
6568,5992,Render,1,402.100,29.252994000,29.253020200,29.253020200,29.253422300,1/10/1
6568,5992,Render,1,402.000,23.602289400,23.602332600,23.602332600,23.602734600,1/10/1
6568,5992,Render,1,402.000,31.727689300,31.727771200,31.727771200,31.728173200,1/10/1
6568,5992,Render,1,402.000,35.580884700,35.580900400,35.580900400,35.581302400,1/10/1
6568,5992,Render,1,402.000,37.628020500,37.628040000,37.628040000,37.628442000,1/10/1
6568,5992,Render,1,402.000,38.839300700,38.839315600,38.839315600,38.839717600,1/10/1
6568,5992,Render,1,401.900,22.558097800,22.558114800,22.558114800,22.558516700,1/10/1
6568,5992,Render,1,401.900,29.349035400,29.349059800,29.349059800,29.349461700,1/10/1
6568,5992,Render,1,401.800,23.606919500,23.606934400,23.606934400,23.607336200,1/10/1
6568,5992,Render,1,401.800,23.691601500,23.691699700,23.691699700,23.692101500,1/10/1
6568,5992,Render,1,401.800,25.794190000,25.794267800,25.794267800,25.794669600,1/10/1
6568,5992,Render,1,401.700,23.867624800,23.867640000,23.867640000,23.868041700,1/10/1
6568,5992,Render,1,401.700,23.960655900,23.960713400,23.960713400,23.961115100,1/10/1
6568,5992,Render,1,401.700,28.515998600,28.516018200,28.516018200,28.516419900,1/10/1
6568,5992,Render,1,401.700,36.762283400,36.762311700,36.762311700,36.762713400,1/10/1
6568,5992,Render,1,401.600,33.755937400,33.755961300,33.755961300,33.756362900,1/10/1
6568,5992,Render,1,401.600,35.062917300,35.062933100,35.062933100,35.063334700,1/10/1
6568,5992,Render,1,401.500,28.867958600,28.867986900,28.867986900,28.868388400,1/10/1
6568,5992,Render,1,401.500,29.227763300,29.227785700,29.227785700,29.228187200,1/10/1
6568,5992,Render,1,401.500,33.163344900,33.163368900,33.163368900,33.163770400,1/10/1
6568,5992,Render,1,401.500,40.861282600,40.861376400,40.861376400,40.861777900,1/10/1
6568,5992,Render,1,401.500,40.894595800,40.894615200,40.894615200,40.895016700,1/10/1
6568,5992,Render,1,401.400,30.405090500,30.405148300,30.405148300,30.405549700,1/10/1
6568,5992,Render,1,401.400,32.661040700,32.661063600,32.661063600,32.661465000,1/10/1
6568,5992,Render,1,401.400,33.931114100,33.931173700,33.931173700,33.931575100,1/10/1
6568,5992,Render,1,401.300,26.033473900,26.033490500,26.033490500,26.033891800,1/10/1
6568,5992,Render,1,401.300,26.960855800,26.960874200,26.960874200,26.961275500,1/10/1
6568,5992,Render,1,401.300,29.541532900,29.541600900,29.541600900,29.542002200,1/10/1
6568,5992,Render,1,401.300,32.611027400,32.611050200,32.611050200,32.611451500,1/10/1
6568,5992,Render,1,401.300,33.254941200,33.254961200,33.254961200,33.255362500,1/10/1
6568,5992,Render,1,401.300,33.669428500,33.669459000,33.669459000,33.669860300,1/10/1
6568,5992,Render,1,401.300,38.352560200,38.352584100,38.352584100,38.352985400,1/10/1
6568,5992,Render,1,401.300,41.511269300,41.511285200,41.511285200,41.511686500,1/10/1
6568,5992,Render,1,401.200,25.427504100,25.427527100,25.427527100,25.427928300,1/10/1
6568,5992,Render,1,401.200,32.382365500,32.382385100,32.382385100,32.382786300,1/10/1
6568,5992,Render,1,401.200,37.926667200,37.926684900,37.926684900,37.927086100,1/10/1
6568,5992,Render,1,401.100,22.027364900,22.027381000,22.027381000,22.027782100,1/10/1
6568,5992,Render,1,401.100,34.852679100,34.852702400,34.852702400,34.853103500,1/10/1
6568,5992,Render,1,401.100,39.926304500,39.926324900,39.926324900,39.926726000,1/10/1
6568,5992,Render,1,401.000,22.116556600,22.116584200,22.116584200,22.116985200,1/10/1
6568,5992,Render,1,401.000,41.328665300,41.328680900,41.328680900,41.329081900,1/10/1
6568,5992,Render,1,400.900,27.421055200,27.421071800,27.421071800,27.421472700,1/10/1
6568,5992,Render,1,400.900,32.744339800,32.744360300,32.744360300,32.744761200,1/10/1
6568,5992,Render,1,400.900,34.020276900,34.020302300,34.020302300,34.020703200,1/10/1
6568,5992,Render,1,400.900,39.452563900,39.452578800,39.452578800,39.452979700,1/10/1
6568,5992,Render,1,400.900,41.344668400,41.344697500,41.344697500,41.345098400,1/10/1
6568,5992,Render,1,400.700,22.816397700,22.816486800,22.816486800,22.816887500,1/10/1
6568,5992,Render,1,400.700,41.420058400,41.420126400,41.420126400,41.420527100,1/10/1
6568,5992,Render,1,400.600,32.394379700,32.394406700,32.394406700,32.394807300,1/10/1
6568,5992,Render,1,400.400,25.477520600,25.477548400,25.477548400,25.477948800,1/10/1
6568,5992,Render,1,400.400,36.439847600,36.439867600,36.439867600,36.440268000,1/10/1
6568,5992,Render,1,400.300,24.144088700,24.144106200,24.144106200,24.144506500,1/10/1
6568,5992,Render,1,400.300,26.159459900,26.159486800,26.159486800,26.159887100,1/10/1
6568,5992,Render,1,400.300,35.492729300,35.492818600,35.492818600,35.493218900,1/10/1
6568,5992,Render,1,400.300,39.145348000,39.145382300,39.145382300,39.145782600,1/10/1
6568,5992,Render,1,400.200,23.544093800,23.544166200,23.544166200,23.544566400,1/10/1
6568,5992,Render,1,400.200,30.727617200,30.727635300,30.727635300,30.728035500,1/10/1
6568,5992,Render,1,400.100,36.891588800,36.891668100,36.891668100,36.892068200,1/10/1
6568,5992,Render,1,400.100,38.711163100,38.711181200,38.711181200,38.711581300,1/10/1
6568,5992,Render,1,400.000,33.531853100,33.531900800,33.531900800,33.532300800,1/10/1
6568,5992,Render,1,399.900,22.444042100,22.444110000,22.444110000,22.444509900,1/10/1
6568,5992,Render,1,399.900,24.044204500,24.044223300,24.044223300,24.044623200,1/10/1
6568,5992,Render,1,399.900,30.543772600,30.543799500,30.543799500,30.544199400,1/10/1
6568,5992,Render,1,399.900,37.590038700,37.590056300,37.590056300,37.590456200,1/10/1
6568,5992,Render,1,399.800,29.924512300,29.924597000,29.924597000,29.924996800,1/10/1
6568,5992,Render,1,399.700,22.827400900,22.827466000,22.827466000,22.827865700,1/10/1
6568,5992,Render,1,399.700,32.992599600,32.992624300,32.992624300,32.993024000,1/10/1
6568,5992,Render,1,399.700,35.677782600,35.677805300,35.677805300,35.678205000,1/10/1
6568,5992,Render,1,399.600,24.916288800,24.916312500,24.916312500,24.916712100,1/10/1
6568,5992,Render,1,399.600,31.447788200,31.447858300,31.447858300,31.448257900,1/10/1
6568,5992,Render,1,399.600,31.977912800,31.977939100,31.977939100,31.978338700,1/10/1
6568,5992,Render,1,399.600,37.511137000,37.511152400,37.511152400,37.511552000,1/10/1
6568,5992,Render,1,399.600,37.814149200,37.814200400,37.814200400,37.814600000,1/10/1
6568,5992,Render,1,399.600,40.843123300,40.843146900,40.843146900,40.843546500,1/10/1
6568,5992,Render,1,399.600,41.327631600,41.327722900,41.327722900,41.328122500,1/10/1
6568,5992,Render,1,399.500,24.307975800,24.308001200,24.308001200,24.308400700,1/10/1
6568,5992,Render,1,399.500,29.927547600,29.927563200,29.927563200,29.927962700,1/10/1
6568,5992,Render,1,399.500,36.261153500,36.261177700,36.261177700,36.261577200,1/10/1
6568,5992,Render,1,399.400,24.088030600,24.088062200,24.088062200,24.088461600,1/10/1
6568,5992,Render,1,399.400,26.462772200,26.462791900,26.462791900,26.463191300,1/10/1
6568,5992,Render,1,399.400,36.677843900,36.677874000,36.677874000,36.678273400,1/10/1
6568,5992,Render,1,399.300,26.727481600,26.727500300,26.727500300,26.727899600,1/10/1
6568,5992,Render,1,399.300,29.594295600,29.594315700,29.594315700,29.594715000,1/10/1
6568,5992,Render,1,399.200,25.592173600,25.592189700,25.592189700,25.592588900,1/10/1
6568,5992,Render,1,399.200,25.910792800,25.910809000,25.910809000,25.911208200,1/10/1
6568,5992,Render,1,399.200,31.252084400,31.252104300,31.252104300,31.252503500,1/10/1
6568,5992,Render,1,399.200,33.585598300,33.585643700,33.585643700,33.586042900,1/10/1
6568,5992,Render,1,399.200,33.798429200,33.798473500,33.798473500,33.798872700,1/10/1
6568,5992,Render,1,399.200,34.935855900,34.935876100,34.935876100,34.936275300,1/10/1
6568,5992,Render,1,399.200,34.945135300,34.945156500,34.945156500,34.945555700,1/10/1
6568,5992,Render,1,399.100,27.946943400,27.946972300,27.946972300,27.947371400,1/10/1
6568,5992,Render,1,399.100,37.375372500,37.375392600,37.375392600,37.375791700,1/10/1
6568,5992,Render,1,399.100,39.708612900,39.708627700,39.708627700,39.709026800,1/10/1
6568,5992,Render,1,399.000,22.732408600,22.732439900,22.732439900,22.732838900,1/10/1
6568,5992,Render,1,399.000,29.882634700,29.882657100,29.882657100,29.883056100,1/10/1
6568,5992,Render,1,398.900,26.127506600,26.127531800,26.127531800,26.127930700,1/10/1
6568,5992,Render,1,398.900,26.989729300,26.989753800,26.989753800,26.990152700,1/10/1
6568,5992,Render,1,398.900,32.106315000,32.106341700,32.106341700,32.106740600,1/10/1
6568,5992,Render,1,398.900,39.061221000,39.061312700,39.061312700,39.061711600,1/10/1
6568,5992,Render,1,398.900,41.691535400,41.691553800,41.691553800,41.691952700,1/10/1
6568,5992,Render,1,398.800,28.227535900,28.227558400,28.227558400,28.227957200,1/10/1
6568,5992,Render,1,398.800,30.805434000,30.805455200,30.805455200,30.805854000,1/10/1
6568,5992,Render,1,398.800,33.894366800,33.894383600,33.894383600,33.894782400,1/10/1
6568,5992,Render,1,398.800,36.852404300,36.852424700,36.852424700,36.852823500,1/10/1
6568,5992,Render,1,398.700,27.232822200,27.232883100,27.232883100,27.233281800,1/10/1
6568,5992,Render,1,398.700,37.925581700,37.925655200,37.925655200,37.926053900,1/10/1
6568,5992,Render,1,398.600,38.968456700,38.968481400,38.968481400,38.968880000,1/10/1
6568,5992,Render,1,398.500,25.863913500,25.863928100,25.863928100,25.864326600,1/10/1
6568,5992,Render,1,398.500,26.119812600,26.119827800,26.119827800,26.120226300,1/10/1
6568,5992,Render,1,398.400,34.235648600,34.235668500,34.235668500,34.236066900,1/10/1
6568,5992,Render,1,398.300,24.743063400,24.743079700,24.743079700,24.743478000,1/10/1
6568,5992,Render,1,398.300,32.651954800,32.651969400,32.651969400,32.652367700,1/10/1
6568,5992,Render,1,398.300,38.310910700,38.310925800,38.310925800,38.311324100,1/10/1
6568,5992,Render,1,398.200,34.584147800,34.584168300,34.584168300,34.584566500,1/10/1
6568,5992,Render,1,398.200,36.645369500,36.645436100,36.645436100,36.645834300,1/10/1
6568,5992,Render,1,398.200,39.493850100,39.493867800,39.493867800,39.494266000,1/10/1
6568,5992,Render,1,398.100,32.961011400,32.961034600,32.961034600,32.961432700,1/10/1
6568,5992,Render,1,398.100,37.154385900,37.154402000,37.154402000,37.154800100,1/10/1
6568,5992,Render,1,398.000,25.820103700,25.820123400,25.820123400,25.820521400,1/10/1
6568,5992,Render,1,398.000,28.785628300,28.785648000,28.785648000,28.786046000,1/10/1
6568,5992,Render,1,398.000,38.009757600,38.009777800,38.009777800,38.010175800,1/10/1
6568,5992,Render,1,397.900,37.459915500,37.459937000,37.459937000,37.460334900,1/10/1
6568,5992,Render,1,397.800,22.206201200,22.206223100,22.206223100,22.206620900,1/10/1
6568,5992,Render,1,397.800,27.083931200,27.083949800,27.083949800,27.084347600,1/10/1
6568,5992,Render,1,397.800,28.176236900,28.176265400,28.176265400,28.176663200,1/10/1
6568,5992,Render,1,397.800,28.217987700,28.218011000,28.218011000,28.218408800,1/10/1
6568,5992,Render,1,397.800,29.670434200,29.670449500,29.670449500,29.670847300,1/10/1
6568,5992,Render,1,397.800,38.270314700,38.270348600,38.270348600,38.270746400,1/10/1
6568,5992,Render,1,397.700,26.821436700,26.821457900,26.821457900,26.821855600,1/10/1
6568,5992,Render,1,397.700,29.894258600,29.894276600,29.894276600,29.894674300,1/10/1
6568,5992,Render,1,397.700,39.756149400,39.756167400,39.756167400,39.756565100,1/10/1
6568,5992,Render,1,397.600,30.626457700,30.626478800,30.626478800,30.626876400,1/10/1
6568,5992,Render,1,397.500,32.782597200,32.782622900,32.782622900,32.783020400,1/10/1
6568,5992,Render,1,397.500,37.161170800,37.161193300,37.161193300,37.161590800,1/10/1
6568,5992,Render,1,397.400,30.459691200,30.459712500,30.459712500,30.460109900,1/10/1
6568,5992,Render,1,397.400,36.483686800,36.483707800,36.483707800,36.484105200,1/10/1
6568,5992,Render,1,397.300,22.018767600,22.018783900,22.018783900,22.019181200,1/10/1
6568,5992,Render,1,397.300,25.418470100,25.418498700,25.418498700,25.418896000,1/10/1
6568,5992,Render,1,397.300,26.560845000,26.560912500,26.560912500,26.561309800,1/10/1
6568,5992,Render,1,397.300,34.098602300,34.098624500,34.098624500,34.099021800,1/10/1
6568,5992,Render,1,397.300,34.710977400,34.711001600,34.711001600,34.711398900,1/10/1
6568,5992,Render,1,397.300,39.211435400,39.211469800,39.211469800,39.211867100,1/10/1
6568,5992,Render,1,397.200,22.022957000,22.022976600,22.022976600,22.023373800,1/10/1
6568,5992,Render,1,397.100,31.892253800,31.892339200,31.892339200,31.892736300,1/10/1
6568,5992,Render,1,397.100,35.398980700,35.398996200,35.398996200,35.399393300,1/10/1
6568,5992,Render,1,397.000,24.741166700,24.741188900,24.741188900,24.741585900,1/10/1
6568,4612,Render,1,397.000,27.110994000,27.111072900,27.111072900,27.111469900,1/1/1
6568,5992,Render,1,397.000,31.538746600,31.538766700,31.538766700,31.539163700,1/10/1
6568,5992,Render,1,396.900,24.702168700,24.702190200,24.702190200,24.702587100,1/10/1
6568,5992,Render,1,396.900,28.993100600,28.993125400,28.993125400,28.993522300,1/10/1
6568,5992,Render,1,396.900,29.626206500,29.626234500,29.626234500,29.626631400,1/10/1
6568,5992,Render,1,396.900,36.118815800,36.118830500,36.118830500,36.119227400,1/10/1
6568,5992,Render,1,396.900,36.761065000,36.761167200,36.761167200,36.761564100,1/10/1
6568,5992,Render,1,396.900,38.007867500,38.007888600,38.007888600,38.008285500,1/10/1
6568,5992,Render,1,396.900,39.923249600,39.923275100,39.923275100,39.923672000,1/10/1
6568,5992,Render,1,396.800,27.088049300,27.088073600,27.088073600,27.088470400,1/10/1
6568,5992,Render,1,396.800,34.709041900,34.709063300,34.709063300,34.709460100,1/10/1
6568,5992,Render,1,396.800,38.487592800,38.487609300,38.487609300,38.488006100,1/10/1
6568,5992,Render,1,396.700,29.542693100,29.542719300,29.542719300,29.543116000,1/10/1
6568,5992,Render,1,396.700,35.127780000,35.127880700,35.127880700,35.128277400,1/10/1
6568,5992,Render,1,396.700,39.011151500,39.011180000,39.011180000,39.011576700,1/10/1
6568,5992,Render,1,396.700,39.792739400,39.792759500,39.792759500,39.793156200,1/10/1
6568,5992,Render,1,396.600,27.510887500,27.510905900,27.510905900,27.511302500,1/10/1
6568,5992,Render,1,396.600,28.349609200,28.349650900,28.349650900,28.350047500,1/10/1
6568,5992,Render,1,396.600,28.825919500,28.825957700,28.825957700,28.826354300,1/10/1
6568,5992,Render,1,396.600,29.793463400,29.793481000,29.793481000,29.793877600,1/10/1
6568,5992,Render,1,396.600,38.443380200,38.443398700,38.443398700,38.443795300,1/10/1
6568,5992,Render,1,396.500,31.850423500,31.850449200,31.850449200,31.850845700,1/10/1
6568,5992,Render,1,396.500,34.627125500,34.627144700,34.627144700,34.627541200,1/10/1
6568,5992,Render,1,396.500,36.978875900,36.978891800,36.978891800,36.979288300,1/10/1
6568,5992,Render,1,396.400,25.903861100,25.903884200,25.903884200,25.904280600,1/10/1
6568,5992,Render,1,396.400,26.504634700,26.504694700,26.504694700,26.505091100,1/10/1
6568,5992,Render,1,396.400,29.122542900,29.122560300,29.122560300,29.122956700,1/10/1
6568,5992,Render,1,396.400,41.157630800,41.157743300,41.157743300,41.158139700,1/10/1
6568,5992,Render,1,396.300,26.202891800,26.202918200,26.202918200,26.203314500,1/10/1
6568,5992,Render,1,396.300,30.461053400,30.461080500,30.461080500,30.461476800,1/10/1
6568,5992,Render,1,396.300,30.943998100,30.944095600,30.944095600,30.944491900,1/10/1
6568,5992,Render,1,396.300,32.235354400,32.235376900,32.235376900,32.235773200,1/10/1
6568,5992,Render,1,396.300,33.842328300,33.842343600,33.842343600,33.842739900,1/10/1
6568,5992,Render,1,396.300,34.016244500,34.016270700,34.016270700,34.016667000,1/10/1
6568,5992,Render,1,396.100,24.599532200,24.599547300,24.599547300,24.599943400,1/10/1
6568,5992,Render,1,396.100,38.926898200,38.926917100,38.926917100,38.927313200,1/10/1
6568,5992,Render,1,396.100,40.655163900,40.655183700,40.655183700,40.655579800,1/10/1
6568,5992,Render,1,396.000,24.640936500,24.640959000,24.640959000,24.641355000,1/10/1
6568,5992,Render,1,396.000,31.127595000,31.127609800,31.127609800,31.128005800,1/10/1
6568,5992,Render,1,395.800,41.158863800,41.158888400,41.158888400,41.159284200,1/10/1
6568,5992,Render,1,395.800,41.503195500,41.503221300,41.503221300,41.503617100,1/10/1
6568,5992,Render,1,395.700,22.291093700,22.291114600,22.291114600,22.291510300,1/10/1
6568,5992,Render,1,395.700,22.643971000,22.643999800,22.643999800,22.644395500,1/10/1
6568,5992,Render,1,395.600,28.824774600,28.824864000,28.824864000,28.825259600,1/10/1
6568,5992,Render,1,395.600,32.866214800,32.866235500,32.866235500,32.866631100,1/10/1
6568,5992,Render,1,395.600,38.532964700,38.532985500,38.532985500,38.533381100,1/10/1
6568,5992,Render,1,395.500,24.826767800,24.826794600,24.826794600,24.827190100,1/10/1
6568,5992,Render,1,395.500,25.590181700,25.590198400,25.590198400,25.590593900,1/10/1
6568,5992,Render,1,395.500,31.580337200,31.580354700,31.580354700,31.580750200,1/10/1
6568,5992,Render,1,395.500,31.670420400,31.670440200,31.670440200,31.670835700,1/10/1
6568,5992,Render,1,395.500,38.088362200,38.088394800,38.088394800,38.088790300,1/10/1
6568,5992,Render,1,395.400,34.101282100,34.101333700,34.101333700,34.101729100,1/10/1
6568,5992,Render,1,395.400,34.814441800,34.814497500,34.814497500,34.814892900,1/10/1
6568,5992,Render,1,395.400,38.528793600,38.528811300,38.528811300,38.529206700,1/10/1
6568,5992,Render,1,395.400,39.924326700,39.924346800,39.924346800,39.924742200,1/10/1
6568,5992,Render,1,395.300,27.595174000,27.595191400,27.595191400,27.595586700,1/10/1
6568,5992,Render,1,395.300,29.925663100,29.925679700,29.925679700,29.926075000,1/10/1
6568,5992,Render,1,395.300,33.077877500,33.077902900,33.077902900,33.078298200,1/10/1
6568,5992,Render,1,395.200,27.508982900,27.509006900,27.509006900,27.509402100,1/10/1
6568,5992,Render,1,395.200,27.552159700,27.552181500,27.552181500,27.552576700,1/10/1
6568,5992,Render,1,395.200,33.594422800,33.594517300,33.594517300,33.594912500,1/10/1
6568,5992,Render,1,395.200,37.671363200,37.671379300,37.671379300,37.671774500,1/10/1
6568,5992,Render,1,395.100,22.344093400,22.344180100,22.344180100,22.344575200,1/10/1
6568,5992,Render,1,395.100,23.908730300,23.908758100,23.908758100,23.909153200,1/10/1
6568,5992,Render,1,395.100,28.703459500,28.703478000,28.703478000,28.703873100,1/10/1
6568,5992,Render,1,395.100,33.927957500,33.927979400,33.927979400,33.928374500,1/10/1
6568,5992,Render,1,395.000,24.303835600,24.303858800,24.303858800,24.304253800,1/10/1
6568,5992,Render,1,394.900,23.778884000,23.778899500,23.778899500,23.779294400,1/10/1
6568,5992,Render,1,394.900,29.886845000,29.886865400,29.886865400,29.887260300,1/10/1
6568,5992,Render,1,394.900,32.192768900,32.192785700,32.192785700,32.193180600,1/10/1
6568,5992,Render,1,394.900,37.331992900,37.332008200,37.332008200,37.332403100,1/10/1
6568,5992,Render,1,394.900,38.175511000,38.175547600,38.175547600,38.175942500,1/10/1
6568,5992,Render,1,394.800,34.495984400,34.496003700,34.496003700,34.496398500,1/10/1
6568,5992,Render,1,394.800,41.376102200,41.376185200,41.376185200,41.376580000,1/10/1
6568,5992,Render,1,394.700,25.719034200,25.719050600,25.719050600,25.719445300,1/10/1
6568,5992,Render,1,394.700,26.591734400,26.591754500,26.591754500,26.592149200,1/10/1
6568,5992,Render,1,394.700,33.757902100,33.757937800,33.757937800,33.758332500,1/10/1
6568,5992,Render,1,394.700,34.851579900,34.851600500,34.851600500,34.851995200,1/10/1
6568,5992,Render,1,394.700,36.297762900,36.297782800,36.297782800,36.298177500,1/10/1
6568,5992,Render,1,394.700,40.348099500,40.348115800,40.348115800,40.348510500,1/10/1
6568,5992,Render,1,394.700,41.244060100,41.244077000,41.244077000,41.244471700,1/10/1
6568,5992,Render,1,394.600,23.399909400,23.399927400,23.399927400,23.400322000,1/10/1
6568,5992,Render,1,394.600,30.327593200,30.327612300,30.327612300,30.328006900,1/10/1
6568,5992,Render,1,394.600,32.059966600,32.060030200,32.060030200,32.060424800,1/10/1
6568,4612,Render,1,394.500,22.164547700,22.164600600,22.164600600,22.164995100,1/1/1
6568,5992,Render,1,394.500,29.210071700,29.210095000,29.210095000,29.210489500,1/10/1
6568,5992,Render,1,394.500,40.304808900,40.304826500,40.304826500,40.305221000,1/10/1
6568,5992,Render,1,394.500,41.289524000,41.289547900,41.289547900,41.289942400,1/10/1
6568,5992,Render,1,394.400,27.992642900,27.992729700,27.992729700,27.993124100,1/10/1
6568,5992,Render,1,394.400,31.036733600,31.036754600,31.036754600,31.037149000,1/10/1
6568,5992,Render,1,394.300,22.600844700,22.600865000,22.600865000,22.601259300,1/10/1
6568,5992,Render,1,394.300,24.556326000,24.556343300,24.556343300,24.556737600,1/10/1
6568,5992,Render,1,394.300,26.509887500,26.509906900,26.509906900,26.510301200,1/10/1
6568,5992,Render,1,394.300,30.010233300,30.010328000,30.010328000,30.010722300,1/10/1
6568,5992,Render,1,394.200,23.310738600,23.310759800,23.310759800,23.311154000,1/10/1
6568,5992,Render,1,394.200,31.861041900,31.861077800,31.861077800,31.861472000,1/10/1
6568,5992,Render,1,394.200,40.009234400,40.009257900,40.009257900,40.009652100,1/10/1
6568,5992,Render,1,394.100,25.946699700,25.946722000,25.946722000,25.947116100,1/10/1
6568,5992,Render,1,394.100,30.896169800,30.896197300,30.896197300,30.896591400,1/10/1
6568,5992,Render,1,394.000,34.244391200,34.244412700,34.244412700,34.244806700,1/10/1
6568,5992,Render,1,394.000,35.154350200,35.154365800,35.154365800,35.154759800,1/10/1
6568,5992,Render,1,393.900,27.948102100,27.948121100,27.948121100,27.948515000,1/10/1
6568,5992,Render,1,393.900,36.076899400,36.076914400,36.076914400,36.077308300,1/10/1
6568,5992,Render,1,393.900,38.741636000,38.741656800,38.741656800,38.742050700,1/10/1
6568,5992,Render,1,393.900,40.523195800,40.523215800,40.523215800,40.523609700,1/10/1
6568,5992,Render,1,393.800,26.638539100,26.638558400,26.638558400,26.638952200,1/10/1
6568,5992,Render,1,393.800,38.461193000,38.461216800,38.461216800,38.461610600,1/10/1
6568,5992,Render,1,393.800,40.577889100,40.577906500,40.577906500,40.578300300,1/10/1
6568,5992,Render,1,393.700,25.988772500,25.988794100,25.988794100,25.989187800,1/10/1
6568,5992,Render,1,393.700,26.076199100,26.076219200,26.076219200,26.076612900,1/10/1
6568,5992,Render,1,393.700,30.586693100,30.586711600,30.586711600,30.587105300,1/10/1
6568,4612,Render,1,393.600,28.244342900,28.245634900,28.245634900,28.246028500,1/1/1
6568,5992,Render,1,393.600,36.252679700,36.252694500,36.252694500,36.253088100,1/10/1
6568,5992,Render,1,393.600,40.657378900,40.657402600,40.657402600,40.657796200,1/10/1
6568,5992,Render,1,393.500,23.735749600,23.735772200,23.735772200,23.736165700,1/10/1
6568,5992,Render,1,393.500,27.692093300,27.692111000,27.692111000,27.692504500,1/10/1
6568,5992,Render,1,393.500,32.950608400,32.950623900,32.950623900,32.951017400,1/10/1
6568,5992,Render,1,393.500,34.897448400,34.897462900,34.897462900,34.897856400,1/10/1
6568,5992,Render,1,393.500,39.009147400,39.009165900,39.009165900,39.009559400,1/10/1
6568,5992,Render,1,393.500,41.649391700,41.649408400,41.649408400,41.649801900,1/10/1
6568,5992,Render,1,393.400,28.908944300,28.908960200,28.908960200,28.909353600,1/10/1
6568,5992,Render,1,393.400,33.212531500,33.212551000,33.212551000,33.212944400,1/10/1
6568,5992,Render,1,393.400,35.667026500,35.667041900,35.667041900,35.667435300,1/10/1
6568,5992,Render,1,393.400,39.836721200,39.836738700,39.836738700,39.837132100,1/10/1
6568,5992,Render,1,393.300,28.652271100,28.652286100,28.652286100,28.652679400,1/10/1
6568,5992,Render,1,393.300,30.848862600,30.848930100,30.848930100,30.849323400,1/10/1
6568,5992,Render,1,393.300,31.937237800,31.937255500,31.937255500,31.937648800,1/10/1
6568,5992,Render,1,393.200,28.259841200,28.259864600,28.259864600,28.260257800,1/10/1
6568,5992,Render,1,393.200,33.162264500,33.162297300,33.162297300,33.162690500,1/10/1
6568,5992,Render,1,393.200,36.033410300,36.033454300,36.033454300,36.033847500,1/10/1
6568,5992,Render,1,393.200,38.922806400,38.922826200,38.922826200,38.923219400,1/10/1
6568,5992,Render,1,393.200,41.077662800,41.077683400,41.077683400,41.078076600,1/10/1
6568,5992,Render,1,393.100,21.975594200,21.975609300,21.975609300,21.976002400,1/10/1
6568,5992,Render,1,393.100,24.088985000,24.089005600,24.089005600,24.089398700,1/10/1
6568,5992,Render,1,393.000,22.660751900,22.660847200,22.660847200,22.661240200,1/10/1
6568,5992,Render,1,393.000,28.428567400,28.428584200,28.428584200,28.428977200,1/10/1
6568,5992,Render,1,393.000,37.542879700,37.542898000,37.542898000,37.543291000,1/10/1
6568,5992,Render,1,392.900,30.624525400,30.624548300,30.624548300,30.624941200,1/10/1
6568,5992,Render,1,392.900,31.626168300,31.626188600,31.626188600,31.626581500,1/10/1
6568,5992,Render,1,392.900,35.622426700,35.622447200,35.622447200,35.622840100,1/10/1
6568,5992,Render,1,392.800,23.303847100,23.303861900,23.303861900,23.304254700,1/10/1
6568,5992,Render,1,392.800,26.158301500,26.158383300,26.158383300,26.158776100,1/10/1
6568,5992,Render,1,392.800,33.944441600,33.944471600,33.944471600,33.944864400,1/10/1
6568,5992,Render,1,392.800,33.971977000,33.971998700,33.971998700,33.972391500,1/10/1
6568,5992,Render,1,392.800,40.610510400,40.610526200,40.610526200,40.610919000,1/10/1
6568,5992,Render,1,392.800,41.242125800,41.242150000,41.242150000,41.242542800,1/10/1
6568,5992,Render,1,392.700,25.505969000,25.505995200,25.505995200,25.506387900,1/10/1
6568,5992,Render,1,392.700,26.945151400,26.945180400,26.945180400,26.945573100,1/10/1
6568,5992,Render,1,392.600,22.332481300,22.332497400,22.332497400,22.332890000,1/10/1
6568,5992,Render,1,392.600,25.865297400,25.865317300,25.865317300,25.865709900,1/10/1
6568,5992,Render,1,392.600,26.860816300,26.860837500,26.860837500,26.861230100,1/10/1
6568,5992,Render,1,392.600,27.638181600,27.638205900,27.638205900,27.638598500,1/10/1
6568,5992,Render,1,392.600,34.754115800,34.754131300,34.754131300,34.754523900,1/10/1
6568,5992,Render,1,392.600,37.458037100,37.458056900,37.458056900,37.458449500,1/10/1
6568,5992,Render,1,392.600,37.501501300,37.501520800,37.501520800,37.501913400,1/10/1
6568,5992,Render,1,392.600,39.881794200,39.881812600,39.881812600,39.882205200,1/10/1
6568,5992,Render,1,392.500,26.677086600,26.677162900,26.677162900,26.677555400,1/10/1
6568,5992,Render,1,392.500,34.427945100,34.428001200,34.428001200,34.428393700,1/10/1
6568,5992,Render,1,392.500,35.275473400,35.275489100,35.275489100,35.275881600,1/10/1
6568,5992,Render,1,392.500,39.966370100,39.966390000,39.966390000,39.966782500,1/10/1
6568,5992,Render,1,392.500,40.439822200,40.439842300,40.439842300,40.440234800,1/10/1
6568,5992,Render,1,392.400,24.470882500,24.470898000,24.470898000,24.471290400,1/10/1
6568,5992,Render,1,392.400,27.744242500,27.744330200,27.744330200,27.744722600,1/10/1
6568,5992,Render,1,392.400,28.039408700,28.039428100,28.039428100,28.039820500,1/10/1
6568,5992,Render,1,392.400,28.609166900,28.609185400,28.609185400,28.609577800,1/10/1
6568,5992,Render,1,392.400,32.234348600,32.234450400,32.234450400,32.234842800,1/10/1
6568,5992,Render,1,392.400,32.279421700,32.279440000,32.279440000,32.279832400,1/10/1
6568,5992,Render,1,392.300,30.541640900,30.541665000,30.541665000,30.542057300,1/10/1
6568,5992,Render,1,392.300,33.670328400,33.670345000,33.670345000,33.670737300,1/10/1
6568,5992,Render,1,392.300,38.176446100,38.176463500,38.176463500,38.176855800,1/10/1
6568,5992,Render,1,392.300,39.238810000,39.238827500,39.238827500,39.239219800,1/10/1
6568,5992,Render,1,392.300,41.561312900,41.561401900,41.561401900,41.561794200,1/10/1
6568,5992,Render,1,392.200,28.699325200,28.699342800,28.699342800,28.699735000,1/10/1
6568,5992,Render,1,392.200,29.163535400,29.163553600,29.163553600,29.163945800,1/10/1
6568,5992,Render,1,392.200,33.888421700,33.888440900,33.888440900,33.888833100,1/10/1
6568,5992,Render,1,392.200,34.894442700,34.894464700,34.894464700,34.894856900,1/10/1
6568,5992,Render,1,392.200,35.357693700,35.357713000,35.357713000,35.358105200,1/10/1
6568,5992,Render,1,392.100,29.502133400,29.502155000,29.502155000,29.502547100,1/10/1
6568,5992,Render,1,392.100,33.532779000,33.532799500,33.532799500,33.533191600,1/10/1
6568,5992,Render,1,392.100,33.977739200,33.977757900,33.977757900,33.978150000,1/10/1
6568,5992,Render,1,392.100,41.781496800,41.781517000,41.781517000,41.781909100,1/10/1
6568,5992,Render,1,391.900,23.692754900,23.692772900,23.692772900,23.693164800,1/10/1
6568,5992,Render,1,391.900,24.477439800,24.477459300,24.477459300,24.477851200,1/10/1
6568,5992,Render,1,391.900,25.676348500,25.676369200,25.676369200,25.676761100,1/10/1
6568,5992,Render,1,391.900,27.032062000,27.032077500,27.032077500,27.032469400,1/10/1
6568,5992,Render,1,391.900,39.144171400,39.144263600,39.144263600,39.144655500,1/10/1
6568,5992,Render,1,391.900,40.052355900,40.052382900,40.052382900,40.052774800,1/10/1
6568,5992,Render,1,391.800,24.176081600,24.176146100,24.176146100,24.176537900,1/10/1
6568,5992,Render,1,391.800,36.350549700,36.350572700,36.350572700,36.350964500,1/10/1
6568,5992,Render,1,391.700,27.639075200,27.639090800,27.639090800,27.639482500,1/10/1
6568,5992,Render,1,391.700,30.457601900,30.457627100,30.457627100,30.458018800,1/10/1
6568,5992,Render,1,391.700,34.058189600,34.058222200,34.058222200,34.058613900,1/10/1
6568,5992,Render,1,391.700,35.987311400,35.987331500,35.987331500,35.987723200,1/10/1
6568,5992,Render,1,391.700,37.973734200,37.973756500,37.973756500,37.974148200,1/10/1
6568,5992,Render,1,391.700,39.754221700,39.754249300,39.754249300,39.754641000,1/10/1
6568,5992,Render,1,391.700,41.421001900,41.421022100,41.421022100,41.421413800,1/10/1
6568,5992,Render,1,391.600,25.462112600,25.462138200,25.462138200,25.462529800,1/10/1
6568,5992,Render,1,391.600,26.722433900,26.722449500,26.722449500,26.722841100,1/10/1
6568,5992,Render,1,391.600,31.893439900,31.893467300,31.893467300,31.893858900,1/10/1
6568,5992,Render,1,391.500,23.443082000,23.443103300,23.443103300,23.443494800,1/10/1
6568,5992,Render,1,391.500,26.776582400,26.776602800,26.776602800,26.776994300,1/10/1
6568,5992,Render,1,391.500,29.677617900,29.677649500,29.677649500,29.678041000,1/10/1
6568,5992,Render,1,391.500,29.978797900,29.978843600,29.978843600,29.979235100,1/10/1
6568,5992,Render,1,391.500,33.040267500,33.040293600,33.040293600,33.040685100,1/10/1
6568,5992,Render,1,391.500,35.942806100,35.942821800,35.942821800,35.943213300,1/10/1
6568,5992,Render,1,391.400,28.086881700,28.086899600,28.086899600,28.087291000,1/10/1
6568,5992,Render,1,391.400,30.060901400,30.060915900,30.060915900,30.061307300,1/10/1
6568,5992,Render,1,391.400,33.121592100,33.121610200,33.121610200,33.122001600,1/10/1
6568,5992,Render,1,391.400,33.581212900,33.581232600,33.581232600,33.581624000,1/10/1
6568,5992,Render,1,391.400,38.783172800,38.783192400,38.783192400,38.783583800,1/10/1
6568,5992,Render,1,391.300,27.560891200,27.560912900,27.560912900,27.561304200,1/10/1
6568,5992,Render,1,391.300,28.301836300,28.301851600,28.301851600,28.302242900,1/10/1
6568,5992,Render,1,391.300,33.036078400,33.036095200,33.036095200,33.036486500,1/10/1
6568,5992,Render,1,391.300,34.625262000,34.625277800,34.625277800,34.625669100,1/10/1
6568,5992,Render,1,391.300,39.461235500,39.461261200,39.461261200,39.461652500,1/10/1
6568,5992,Render,1,391.200,23.744119600,23.744145500,23.744145500,23.744536700,1/10/1
6568,5992,Render,1,391.200,27.776506100,27.776545600,27.776545600,27.776936800,1/10/1
6568,5992,Render,1,391.200,32.150440100,32.150455300,32.150455300,32.150846500,1/10/1
6568,5992,Render,1,391.200,35.538307000,35.538322200,35.538322200,35.538713400,1/10/1
6568,5992,Render,1,391.200,36.533740600,36.533761200,36.533761200,36.534152400,1/10/1
6568,5992,Render,1,391.200,39.577798300,39.577887000,39.577887000,39.578278200,1/10/1
6568,5992,Render,1,391.100,27.878335200,27.878376700,27.878376700,27.878767800,1/10/1
6568,5992,Render,1,391.100,32.475246200,32.475283500,32.475283500,32.475674600,1/10/1
6568,5992,Render,1,391.100,36.075003600,36.075022500,36.075022500,36.075413600,1/10/1
6568,5992,Render,1,391.000,30.710893900,30.710911300,30.710911300,30.711302300,1/10/1
6568,5992,Render,1,391.000,36.892578000,36.892593900,36.892593900,36.892984900,1/10/1
6568,5992,Render,1,391.000,39.325355000,39.325370400,39.325370400,39.325761400,1/10/1
6568,5992,Render,1,390.900,26.334258300,26.334277900,26.334277900,26.334668800,1/10/1
6568,5992,Render,1,390.900,28.991010500,28.991032100,28.991032100,28.991423000,1/10/1
6568,5992,Render,1,390.900,34.193098200,34.193118300,34.193118300,34.193509200,1/10/1
6568,5992,Render,1,390.900,36.166881900,36.166904100,36.166904100,36.167295000,1/10/1
6568,5992,Render,1,390.800,28.310867600,28.310885000,28.310885000,28.311275800,1/10/1
6568,5992,Render,1,390.700,22.859708900,22.859727500,22.859727500,22.860118200,1/10/1
6568,5992,Render,1,390.700,25.950747800,25.950767100,25.950767100,25.951157800,1/10/1
6568,5992,Render,1,390.700,30.187742500,30.187760900,30.187760900,30.188151600,1/10/1
6568,5992,Render,1,390.700,31.777660200,31.777726400,31.777726400,31.778117100,1/10/1
6568,5992,Render,1,390.700,35.059882500,35.059971800,35.059971800,35.060362500,1/10/1
6568,5992,Render,1,390.600,26.825397600,26.825421700,26.825421700,26.825812300,1/10/1
6568,5992,Render,1,390.600,30.102482600,30.102500000,30.102500000,30.102890600,1/10/1
6568,5992,Render,1,390.600,31.293644600,31.293659700,31.293659700,31.294050300,1/10/1
6568,5992,Render,1,390.600,31.718091300,31.718107700,31.718107700,31.718498300,1/10/1
6568,5992,Render,1,390.600,32.427568800,32.427588200,32.427588200,32.427978800,1/10/1
6568,5992,Render,1,390.600,33.076673700,33.076764400,33.076764400,33.077155000,1/10/1
6568,5992,Render,1,390.600,35.112506900,35.112526700,35.112526700,35.112917300,1/10/1
6568,5992,Render,1,390.500,24.260261800,24.260284500,24.260284500,24.260675000,1/10/1
6568,5992,Render,1,390.500,32.516661400,32.516684100,32.516684100,32.517074600,1/10/1
6568,5992,Render,1,390.500,40.435556600,40.435576000,40.435576000,40.435966500,1/10/1
6568,5992,Render,1,390.400,26.376564200,26.376579300,26.376579300,26.376969700,1/10/1
6568,5992,Render,1,390.400,38.396262400,38.396281000,38.396281000,38.396671400,1/10/1
6568,5992,Render,1,390.300,24.956413200,24.956432200,24.956432200,24.956822500,1/10/1
6568,5992,Render,1,390.300,36.228072900,36.228166800,36.228166800,36.228557100,1/10/1
6568,5992,Render,1,390.300,36.391797500,36.391812200,36.391812200,36.392202500,1/10/1
6568,5992,Render,1,390.300,36.944491300,36.944514600,36.944514600,36.944904900,1/10/1
6568,5992,Render,1,390.300,37.111991100,37.112006000,37.112006000,37.112396300,1/10/1
6568,5992,Render,1,390.300,39.052487300,39.052502400,39.052502400,39.052892700,1/10/1
6568,5992,Render,1,390.300,41.777269900,41.777288900,41.777288900,41.777679200,1/10/1
6568,5992,Render,1,390.200,32.599624500,32.599640300,32.599640300,32.600030500,1/10/1
6568,5992,Render,1,390.200,41.118900000,41.118920900,41.118920900,41.119311100,1/10/1
6568,5992,Render,1,390.100,24.342550100,24.342566700,24.342566700,24.342956800,1/10/1
6568,5992,Render,1,390.100,25.552257100,25.552279000,25.552279000,25.552669100,1/10/1
6568,5992,Render,1,390.100,35.411240300,35.411270500,35.411270500,35.411660600,1/10/1
6568,5992,Render,1,390.100,36.936791900,36.936813600,36.936813600,36.937203700,1/10/1
6568,5992,Render,1,390.000,26.906313500,26.906342200,26.906342200,26.906732200,1/10/1
6568,5992,Render,1,390.000,27.819704900,27.819722300,27.819722300,27.820112300,1/10/1
6568,5992,Render,1,390.000,28.144258700,28.144357400,28.144357400,28.144747400,1/10/1
6568,5992,Render,1,390.000,39.538179700,39.538195800,39.538195800,39.538585800,1/10/1
6568,5992,Render,1,389.900,26.467087800,26.467115900,26.467115900,26.467505800,1/10/1
6568,5992,Render,1,389.900,29.251788100,29.251883300,29.251883300,29.252273200,1/10/1
6568,5992,Render,1,389.900,30.754525400,30.754541300,30.754541300,30.754931200,1/10/1
6568,5992,Render,1,389.900,38.659900000,38.659920300,38.659920300,38.660310200,1/10/1
6568,5992,Render,1,389.800,22.692634100,22.692656400,22.692656400,22.693046200,1/10/1
6568,5992,Render,1,389.800,25.818921100,25.819000700,25.819000700,25.819390500,1/10/1
6568,5992,Render,1,389.800,26.380840300,26.380860400,26.380860400,26.381250200,1/10/1
6568,5992,Render,1,389.800,29.969665400,29.969680600,29.969680600,29.970070400,1/10/1
6568,5992,Render,1,389.800,30.849882200,30.849899700,30.849899700,30.850289500,1/10/1
6568,5992,Render,1,389.800,37.373495800,37.373517200,37.373517200,37.373907000,1/10/1
6568,5992,Render,1,389.700,35.991506500,35.991525400,35.991525400,35.991915100,1/10/1
6568,5992,Render,1,389.700,37.195797300,37.195816600,37.195816600,37.196206300,1/10/1
6568,5992,Render,1,389.700,39.977907000,39.977929200,39.977929200,39.978318900,1/10/1
6568,5992,Render,1,389.600,27.376648200,27.376672300,27.376672300,27.377061900,1/10/1
6568,5992,Render,1,389.600,33.626375100,33.626402200,33.626402200,33.626791800,1/10/1
6568,5992,Render,1,389.600,35.544441800,35.544465700,35.544465700,35.544855300,1/10/1
6568,5992,Render,1,389.500,23.821865200,23.821880300,23.821880300,23.822269800,1/10/1
6568,5992,Render,1,389.500,28.360950900,28.361040200,28.361040200,28.361429700,1/10/1
6568,5992,Render,1,389.500,29.709455200,29.709473600,29.709473600,29.709863100,1/10/1
6568,5992,Render,1,389.500,31.805888200,31.805909200,31.805909200,31.806298700,1/10/1
6568,5992,Render,1,389.500,32.737245300,32.737261100,32.737261100,32.737650600,1/10/1
6568,5992,Render,1,389.500,35.578768300,35.578785800,35.578785800,35.579175300,1/10/1
6568,5992,Render,1,389.400,24.870619500,24.870640200,24.870640200,24.871029600,1/10/1
6568,5992,Render,1,389.400,25.372810000,25.372825700,25.372825700,25.373215100,1/10/1
6568,5992,Render,1,389.400,31.121853700,31.121869100,31.121869100,31.122258500,1/10/1
6568,5992,Render,1,389.400,31.544278200,31.544293800,31.544293800,31.544683200,1/10/1
6568,5992,Render,1,389.400,34.761084600,34.761103000,34.761103000,34.761492400,1/10/1
6568,5992,Render,1,389.400,36.209210000,36.209230000,36.209230000,36.209619400,1/10/1
6568,5992,Render,1,389.400,37.067899100,37.067917600,37.067917600,37.068307000,1/10/1
6568,5992,Render,1,389.400,38.743518600,38.743538100,38.743538100,38.743927500,1/10/1
6568,5992,Render,1,389.300,22.375515500,22.375531100,22.375531100,22.375920400,1/10/1
6568,5992,Render,1,389.300,22.471372000,22.471387200,22.471387200,22.471776500,1/10/1
6568,5992,Render,1,389.300,27.905646500,27.905661900,27.905661900,27.906051200,1/10/1
6568,5992,Render,1,389.300,32.426409300,32.426476600,32.426476600,32.426865900,1/10/1
6568,5992,Render,1,389.300,32.954767500,32.954787500,32.954787500,32.955176800,1/10/1
6568,5992,Render,1,389.300,37.194811700,37.194859800,37.194859800,37.195249100,1/10/1
6568,5992,Render,1,389.300,39.667388800,39.667410000,39.667410000,39.667799300,1/10/1
6568,5992,Render,1,389.200,23.958746900,23.958762400,23.958762400,23.959151600,1/10/1
6568,4612,Render,1,389.200,24.410968800,24.412270700,24.412270700,24.412659900,1/1/1
6568,5992,Render,1,389.200,27.044249500,27.044335900,27.044335900,27.044725100,1/10/1
6568,5992,Render,1,389.200,39.367324000,39.367339400,39.367339400,39.367728600,1/10/1
6568,5992,Render,1,389.100,25.010776700,25.010793900,25.010793900,25.011183000,1/10/1
6568,5992,Render,1,389.100,30.144083700,30.144151000,30.144151000,30.144540100,1/10/1
6568,5992,Render,1,389.100,31.260974700,31.261042200,31.261042200,31.261431300,1/10/1
6568,5992,Render,1,389.100,34.142563600,34.142583600,34.142583600,34.142972700,1/10/1
6568,5992,Render,1,389.100,38.225223600,38.225241300,38.225241300,38.225630400,1/10/1
6568,5992,Render,1,389.100,39.877712100,39.877786100,39.877786100,39.878175200,1/10/1
6568,5992,Render,1,389.000,29.585868400,29.585883800,29.585883800,29.586272800,1/10/1
6568,5992,Render,1,388.900,23.906669300,23.906691000,23.906691000,23.907079900,1/10/1
6568,5992,Render,1,388.900,25.040811400,25.040828600,25.040828600,25.041217500,1/10/1
6568,5992,Render,1,388.900,38.544511400,38.544579900,38.544579900,38.544968800,1/10/1
6568,5992,Render,1,388.800,24.002361300,24.002376000,24.002376000,24.002764800,1/10/1
6568,5992,Render,1,388.800,25.777023100,25.777043500,25.777043500,25.777432300,1/10/1
6568,5992,Render,1,388.700,22.817361400,22.817380300,22.817380300,22.817769000,1/10/1
6568,5992,Render,1,388.700,27.818625400,27.818661200,27.818661200,27.819049900,1/10/1
6568,5992,Render,1,388.600,24.960691300,24.960713300,24.960713300,24.961101900,1/10/1
6568,5992,Render,1,388.600,25.422698600,25.422719600,25.422719600,25.423108200,1/10/1
6568,5992,Render,1,388.600,34.321101600,34.321116600,34.321116600,34.321505200,1/10/1
6568,5992,Render,1,388.600,40.931506400,40.931528000,40.931528000,40.931916600,1/10/1
6568,5992,Render,1,388.500,22.430741300,22.430766100,22.430766100,22.431154600,1/10/1
6568,5992,Render,1,388.500,31.078657400,31.078676200,31.078676200,31.079064700,1/10/1
6568,5992,Render,1,388.500,35.327775100,35.327876100,35.327876100,35.328264600,1/10/1
6568,5992,Render,1,388.400,24.220255900,24.220290600,24.220290600,24.220679000,1/10/1
6568,5992,Render,1,388.400,28.742490800,28.742506100,28.742506100,28.742894500,1/10/1
6568,5992,Render,1,388.400,33.294257500,33.294281900,33.294281900,33.294670300,1/10/1
6568,5992,Render,1,388.400,34.404352200,34.404371700,34.404371700,34.404760100,1/10/1
6568,5992,Render,1,388.300,24.469928300,24.469991300,24.469991300,24.470379600,1/10/1
6568,5992,Render,1,388.300,27.960909000,27.960932400,27.960932400,27.961320700,1/10/1
6568,5992,Render,1,388.300,33.799326700,33.799341700,33.799341700,33.799730000,1/10/1
6568,5992,Render,1,388.200,27.909807300,27.909825800,27.909825800,27.910214000,1/10/1
6568,5992,Render,1,388.200,28.471454000,28.471469400,28.471469400,28.471857600,1/10/1
6568,5992,Render,1,388.200,38.699410100,38.699427500,38.699427500,38.699815700,1/10/1
6568,5992,Render,1,388.100,24.264737800,24.264754400,24.264754400,24.265142500,1/10/1
6568,5992,Render,1,388.100,27.735131300,27.735147400,27.735147400,27.735535500,1/10/1
6568,5992,Render,1,388.100,34.976807400,34.976824000,34.976824000,34.977212100,1/10/1
6568,5992,Render,1,388.100,36.806955400,36.807013300,36.807013300,36.807401400,1/10/1
6568,5992,Render,1,388.100,40.397625600,40.397641000,40.397641000,40.398029100,1/10/1
6568,5992,Render,1,388.000,21.933347000,21.933368200,21.933368200,21.933756200,1/10/1
6568,5992,Render,1,388.000,26.425539500,26.425560100,26.425560100,26.425948100,1/10/1
6568,5992,Render,1,388.000,28.515046700,28.515136200,28.515136200,28.515524200,1/10/1
6568,5992,Render,1,388.000,32.736322200,32.736369800,32.736369800,32.736757800,1/10/1
6568,5992,Render,1,388.000,35.060933400,35.060989900,35.060989900,35.061377900,1/10/1
6568,5992,Render,1,387.900,31.982703700,31.982730000,31.982730000,31.983117900,1/10/1
6568,5992,Render,1,387.900,32.561064100,32.561084000,32.561084000,32.561471900,1/10/1
6568,5992,Render,1,387.900,36.585106100,36.585128300,36.585128300,36.585516200,1/10/1
6568,5992,Render,1,387.900,40.886703700,40.886719100,40.886719100,40.887107000,1/10/1
6568,5992,Render,1,387.800,32.826575700,32.826595300,32.826595300,32.826983100,1/10/1
6568,5992,Render,1,387.700,31.630554900,31.630596100,31.630596100,31.630983800,1/10/1
6568,5992,Render,1,387.700,31.810155500,31.810174500,31.810174500,31.810562200,1/10/1
6568,5992,Render,1,387.600,31.035596900,31.035665600,31.035665600,31.036053200,1/10/1
6568,5992,Render,1,387.500,31.761828300,31.761855700,31.761855700,31.762243200,1/10/1
6568,5992,Render,1,387.500,36.349432100,36.349523000,36.349523000,36.349910500,1/10/1
6568,5992,Render,1,387.400,24.310769700,24.310786700,24.310786700,24.311174100,1/10/1
6568,5992,Render,1,387.400,37.239661600,37.239680700,37.239680700,37.240068100,1/10/1
6568,5992,Render,1,387.400,38.486685600,38.486736700,38.486736700,38.487124100,1/10/1
6568,5992,Render,1,387.300,28.872309000,28.872329900,28.872329900,28.872717200,1/10/1
6568,5992,Render,1,387.300,31.209192500,31.209213300,31.209213300,31.209600600,1/10/1
6568,5992,Render,1,387.300,36.210112600,36.210132500,36.210132500,36.210519800,1/10/1
6568,5992,Render,1,387.300,37.461337700,37.461364200,37.461364200,37.461751500,1/10/1
6568,5992,Render,1,387.300,39.197934200,39.197953800,39.197953800,39.198341100,1/10/1
6568,5992,Render,1,387.300,40.794360700,40.794466200,40.794466200,40.794853500,1/10/1
6568,5992,Render,1,387.300,40.795563900,40.795581100,40.795581100,40.795968400,1/10/1
6568,5992,Render,1,387.200,33.261050100,33.261073200,33.261073200,33.261460400,1/10/1
6568,5992,Render,1,387.200,39.094175100,39.094190200,39.094190200,39.094577400,1/10/1
6568,5992,Render,1,387.100,21.891044200,21.891059900,21.891059900,21.891447000,1/10/1
6568,5992,Render,1,387.100,24.639750600,24.639844500,24.639844500,24.640231600,1/10/1
6568,5992,Render,1,386.900,23.307942200,23.307961500,23.307961500,23.308348400,1/10/1
6568,5992,Render,1,386.900,35.461118900,35.461141200,35.461141200,35.461528100,1/10/1
6568,5992,Render,1,386.900,41.160799600,41.160814300,41.160814300,41.161201200,1/10/1
6568,5992,Render,1,386.800,26.780798700,26.780816900,26.780816900,26.781203700,1/10/1
6568,5992,Render,1,386.800,30.401375100,30.401397100,30.401397100,30.401783900,1/10/1
6568,5992,Render,1,386.800,39.622380100,39.622396500,39.622396500,39.622783300,1/10/1
6568,5992,Render,1,386.800,40.056480200,40.056501900,40.056501900,40.056888700,1/10/1
6568,5992,Render,1,386.700,26.644186600,26.644209400,26.644209400,26.644596100,1/10/1
6568,5992,Render,1,386.700,34.981040900,34.981061300,34.981061300,34.981448000,1/10/1
6568,5992,Render,1,386.700,35.577543900,35.577673100,35.577673100,35.578059800,1/10/1
6568,5992,Render,1,386.600,29.078492600,29.078511900,29.078511900,29.078898500,1/10/1
6568,5992,Render,1,386.600,32.693872400,32.693888600,32.693888600,32.694275200,1/10/1
6568,5992,Render,1,386.500,24.998943200,24.998959400,24.998959400,24.999345900,1/10/1
6568,5992,Render,1,386.500,25.087813900,25.087835900,25.087835900,25.088222400,1/10/1
6568,5992,Render,1,386.500,32.335302200,32.335322400,32.335322400,32.335708900,1/10/1
6568,5992,Render,1,386.500,39.497901800,39.497925600,39.497925600,39.498312100,1/10/1
6568,5992,Render,1,386.400,33.120609400,33.120647000,33.120647000,33.121033400,1/10/1
6568,5992,Render,1,386.400,37.585629300,37.585648500,37.585648500,37.586034900,1/10/1
6568,5992,Render,1,386.300,22.252765500,22.252786000,22.252786000,22.253172300,1/10/1
6568,5992,Render,1,386.300,26.080266800,26.080290000,26.080290000,26.080676300,1/10/1
6568,5992,Render,1,386.300,35.451804400,35.451855400,35.451855400,35.452241700,1/10/1
6568,5992,Render,1,386.300,37.377547100,37.377571800,37.377571800,37.377958100,1/10/1
6568,5992,Render,1,386.200,22.061522500,22.061540100,22.061540100,22.061926300,1/10/1
6568,5992,Render,1,386.200,23.650254300,23.650273700,23.650273700,23.650659900,1/10/1
6568,5992,Render,1,386.200,26.420100000,26.420125200,26.420125200,26.420511400,1/10/1
6568,5992,Render,1,386.200,27.036158600,27.036177700,27.036177700,27.036563900,1/10/1
6568,5992,Render,1,386.200,28.444262000,28.444284300,28.444284300,28.444670500,1/10/1
6568,5992,Render,1,386.100,26.163766700,26.163794900,26.163794900,26.164181000,1/10/1
6568,5992,Render,1,386.100,27.466356800,27.466377300,27.466377300,27.466763400,1/10/1
6568,5992,Render,1,386.100,30.276428100,30.276447400,30.276447400,30.276833500,1/10/1
6568,5992,Render,1,386.100,30.809473300,30.809493200,30.809493200,30.809879300,1/10/1
6568,5992,Render,1,386.100,38.267967100,38.267982300,38.267982300,38.268368400,1/10/1
6568,5992,Render,1,386.100,39.280196200,39.280214700,39.280214700,39.280600800,1/10/1
6568,5992,Render,1,386.000,21.860729500,21.860822200,21.860822200,21.861208200,1/10/1
6568,5992,Render,1,386.000,27.998003300,27.998018200,27.998018200,27.998404200,1/10/1
6568,5992,Render,1,386.000,32.060911000,32.060926400,32.060926400,32.061312400,1/10/1
6568,5992,Render,1,386.000,33.082640100,33.082660800,33.082660800,33.083046800,1/10/1
6568,5992,Render,1,386.000,37.199963600,37.199993800,37.199993800,37.200379800,1/10/1
6568,5992,Render,1,386.000,37.969655500,37.969672400,37.969672400,37.970058400,1/10/1
6568,5992,Render,1,385.900,27.507930200,27.508002700,27.508002700,27.508388600,1/10/1
6568,5992,Render,1,385.900,32.510937200,32.511045200,32.511045200,32.511431100,1/10/1
6568,5992,Render,1,385.900,34.677753000,34.677774200,34.677774200,34.678160100,1/10/1
6568,5992,Render,1,385.800,22.425281400,22.425304700,22.425304700,22.425690500,1/10/1
6568,5992,Render,1,385.800,25.460932300,25.461020200,25.461020200,25.461406000,1/10/1
6568,5992,Render,1,385.800,28.520187900,28.520202500,28.520202500,28.520588300,1/10/1
6568,5992,Render,1,385.800,29.753105700,29.753125100,29.753125100,29.753510900,1/10/1
6568,5992,Render,1,385.800,32.283735100,32.283754100,32.283754100,32.284139900,1/10/1
6568,5992,Render,1,385.800,36.851342400,36.851411300,36.851411300,36.851797100,1/10/1
6568,5992,Render,1,385.700,26.505673700,26.505694200,26.505694200,26.506079900,1/10/1
6568,5992,Render,1,385.700,33.714978200,33.714997200,33.714997200,33.715382900,1/10/1
6568,5992,Render,1,385.600,30.992474100,30.992491000,30.992491000,30.992876600,1/10/1
6568,5992,Render,1,385.500,23.739842100,23.739858200,23.739858200,23.740243700,1/10/1
6568,5992,Render,1,385.500,31.765915400,31.765935000,31.765935000,31.766320500,1/10/1
6568,5992,Render,1,385.500,38.491786000,38.491804000,38.491804000,38.492189500,1/10/1
6568,5992,Render,1,385.400,22.694070200,22.694095800,22.694095800,22.694481200,1/10/1
6568,5992,Render,1,385.400,27.344273800,27.344352700,27.344352700,27.344738100,1/10/1
6568,5992,Render,1,385.400,39.410722200,39.410744700,39.410744700,39.411130100,1/10/1
6568,5992,Render,1,385.300,23.697163000,23.697183300,23.697183300,23.697568600,1/10/1
6568,5992,Render,1,385.300,25.560815900,25.560907100,25.560907100,25.561292400,1/10/1
6568,5992,Render,1,385.300,37.078769300,37.078936100,37.078936100,37.079321400,1/10/1
6568,5992,Render,1,385.300,37.977863500,37.977908400,37.977908400,37.978293700,1/10/1
6568,5992,Render,1,385.300,39.844578000,39.844603100,39.844603100,39.844988400,1/10/1
6568,5992,Render,1,385.300,40.352344800,40.352362700,40.352362700,40.352748000,1/10/1
6568,5992,Render,1,385.200,24.910289000,24.910381100,24.910381100,24.910766300,1/10/1
6568,5992,Render,1,385.200,25.644135700,25.644201200,25.644201200,25.644586400,1/10/1
6568,5992,Render,1,385.200,32.907260500,32.907327400,32.907327400,32.907712600,1/10/1
6568,5992,Render,1,385.200,34.994428200,34.994454500,34.994454500,34.994839700,1/10/1
6568,5992,Render,1,385.200,40.309023700,40.309043500,40.309043500,40.309428700,1/10/1
6568,5992,Render,1,385.100,26.247489900,26.247506300,26.247506300,26.247891400,1/10/1
6568,5992,Render,1,385.100,26.251520300,26.251539300,26.251539300,26.251924400,1/10/1
6568,5992,Render,1,385.100,30.402315500,30.402331200,30.402331200,30.402716300,1/10/1
6568,5992,Render,1,385.100,30.677777800,30.677801800,30.677801800,30.678186900,1/10/1
6568,5992,Render,1,385.100,32.471495800,32.471511500,32.471511500,32.471896600,1/10/1
6568,5992,Render,1,385.100,32.908214900,32.908230100,32.908230100,32.908615200,1/10/1
6568,5992,Render,1,385.100,34.975764100,34.975859900,34.975859900,34.976245000,1/10/1
6568,5992,Render,1,385.100,36.361144300,36.361232800,36.361232800,36.361617900,1/10/1
6568,5992,Render,1,385.100,36.766637200,36.766659100,36.766659100,36.767044200,1/10/1
6568,5992,Render,1,385.100,40.659511500,40.659530900,40.659530900,40.659916000,1/10/1
6568,5992,Render,1,385.000,24.428186500,24.428307600,24.428307600,24.428692600,1/10/1
6568,5992,Render,1,385.000,32.077682700,32.077768000,32.077768000,32.078153000,1/10/1
6568,5992,Render,1,385.000,38.224200200,38.224229000,38.224229000,38.224614000,1/10/1
6568,5992,Render,1,385.000,39.677899200,39.677920800,39.677920800,39.678305800,1/10/1
6568,5992,Render,1,385.000,40.571622800,40.571641500,40.571641500,40.572026500,1/10/1
6568,5992,Render,1,384.900,26.683089600,26.683109200,26.683109200,26.683494100,1/10/1
6568,5992,Render,1,384.900,28.912647700,28.912691700,28.912691700,28.913076600,1/10/1
6568,5992,Render,1,384.900,30.230758800,30.230773700,30.230773700,30.231158600,1/10/1
6568,5992,Render,1,384.900,30.961016000,30.961043100,30.961043100,30.961428000,1/10/1
6568,5992,Render,1,384.900,31.077715900,31.077791900,31.077791900,31.078176800,1/10/1
6568,5992,Render,1,384.900,31.500238800,31.500257600,31.500257600,31.500642500,1/10/1
6568,5992,Render,1,384.800,27.556186700,27.556205900,27.556205900,27.556590700,1/10/1
6568,5992,Render,1,384.800,34.449532400,34.449548800,34.449548800,34.449933600,1/10/1
6568,5992,Render,1,384.800,36.977913900,36.977989100,36.977989100,36.978373900,1/10/1
6568,5992,Render,1,384.800,40.753422300,40.753437400,40.753437400,40.753822200,1/10/1
6568,5992,Render,1,384.700,22.336769200,22.336789200,22.336789200,22.337173900,1/10/1
6568,5992,Render,1,384.700,24.510792600,24.510882900,24.510882900,24.511267600,1/10/1
6568,5992,Render,1,384.700,36.302091900,36.302111300,36.302111300,36.302496000,1/10/1
6568,5992,Render,1,384.600,23.864519800,23.864547100,23.864547100,23.864931700,1/10/1
6568,5992,Render,1,384.600,26.427509200,26.427525600,26.427525600,26.427910200,1/10/1
6568,5992,Render,1,384.600,26.593657200,26.593673100,26.593673100,26.594057700,1/10/1
6568,5992,Render,1,384.600,28.698146100,28.698217600,28.698217600,28.698602200,1/10/1
6568,5992,Render,1,384.600,40.710427500,40.710442600,40.710442600,40.710827200,1/10/1
6568,5992,Render,1,384.600,41.381307500,41.381327000,41.381327000,41.381711600,1/10/1
6568,5992,Render,1,384.500,21.848712200,21.848733800,21.848733800,21.849118300,1/10/1
6568,5992,Render,1,384.500,22.599906900,22.599961900,22.599961900,22.600346400,1/10/1
6568,5992,Render,1,384.500,23.532457200,23.532472800,23.532472800,23.532857300,1/10/1
6568,5992,Render,1,384.500,25.083775700,25.083793700,25.083793700,25.084178200,1/10/1
6568,5992,Render,1,384.500,28.952694900,28.952752300,28.952752300,28.953136800,1/10/1
6568,5992,Render,1,384.500,33.975897500,33.975915300,33.975915300,33.976299800,1/10/1
6568,5992,Render,1,384.500,38.051206600,38.051227600,38.051227600,38.051612100,1/10/1
6568,5992,Render,1,384.500,38.314911400,38.314931300,38.314931300,38.315315800,1/10/1
6568,5992,Render,1,384.400,23.783026400,23.783045200,23.783045200,23.783429600,1/10/1
6568,5992,Render,1,384.400,27.865777800,27.865797500,27.865797500,27.866181900,1/10/1
6568,5992,Render,1,384.400,31.542847800,31.542874700,31.542874700,31.543259100,1/10/1
6568,5992,Render,1,384.400,35.158457300,35.158476400,35.158476400,35.158860800,1/10/1
6568,5992,Render,1,384.300,36.127814700,36.127838100,36.127838100,36.128222400,1/10/1
6568,5992,Render,1,384.300,38.612846200,38.612872900,38.612872900,38.613257200,1/10/1
6568,5992,Render,1,384.300,41.073425100,41.073440500,41.073440500,41.073824800,1/10/1
6568,5992,Render,1,384.300,41.464985900,41.465003500,41.465003500,41.465387800,1/10/1
6568,5992,Render,1,384.200,25.417329000,25.417354400,25.417354400,25.417738600,1/10/1
6568,5992,Render,1,384.200,29.973810600,29.973829600,29.973829600,29.974213800,1/10/1
6568,5992,Render,1,384.200,36.579603700,36.579681900,36.579681900,36.580066100,1/10/1
6568,5992,Render,1,384.200,36.716840000,36.716856300,36.716856300,36.717240500,1/10/1
6568,5992,Render,1,384.100,27.599286900,27.599307500,27.599307500,27.599691600,1/10/1
6568,5992,Render,1,384.100,29.208932500,29.209007600,29.209007600,29.209391700,1/10/1
6568,5992,Render,1,384.100,30.054937800,30.054953100,30.054953100,30.055337200,1/10/1
6568,5992,Render,1,384.100,30.582781400,30.582796500,30.582796500,30.583180600,1/10/1
6568,5992,Render,1,384.100,32.555873000,32.555906600,32.555906600,32.556290700,1/10/1
6568,5992,Render,1,384.100,34.500156100,34.500179100,34.500179100,34.500563200,1/10/1
6568,5992,Render,1,384.100,38.572336700,38.572351700,38.572351700,38.572735800,1/10/1
6568,5992,Render,1,384.100,39.193034100,39.193062500,39.193062500,39.193446600,1/10/1
6568,5992,Render,1,384.100,40.983372200,40.983390500,40.983390500,40.983774600,1/10/1
6568,5992,Render,1,383.900,29.044232700,29.044251500,29.044251500,29.044635400,1/10/1
6568,5992,Render,1,383.900,31.936269500,31.936361100,31.936361100,31.936745000,1/10/1
6568,5992,Render,1,383.900,35.457088600,35.457108600,35.457108600,35.457492500,1/10/1
6568,5992,Render,1,383.900,36.631356500,36.631401400,36.631401400,36.631785300,1/10/1
6568,5992,Render,1,383.900,39.111216900,39.111285600,39.111285600,39.111669500,1/10/1
6568,5992,Render,1,383.800,23.826130900,23.826148700,23.826148700,23.826532500,1/10/1
6568,5992,Render,1,383.800,25.994155800,25.994180500,25.994180500,25.994564300,1/10/1
6568,5992,Render,1,383.800,29.835313800,29.835333400,29.835333400,29.835717200,1/10/1
6568,5992,Render,1,383.800,41.735114100,41.735130200,41.735130200,41.735514000,1/10/1
6568,5992,Render,1,383.700,25.061742900,25.061909600,25.061909600,25.062293300,1/10/1
6568,5992,Render,1,383.700,27.335092700,27.335112000,27.335112000,27.335495700,1/10/1
6568,5992,Render,1,383.700,30.810979500,30.810998600,30.810998600,30.811382300,1/10/1
6568,5992,Render,1,383.700,31.584366300,31.584384900,31.584384900,31.584768600,1/10/1
6568,5992,Render,1,383.700,41.507432900,41.507454000,41.507454000,41.507837700,1/10/1
6568,5992,Render,1,383.600,27.593966000,27.594087200,27.594087200,27.594470800,1/10/1
6568,5992,Render,1,383.600,30.186800000,30.186881100,30.186881100,30.187264700,1/10/1
6568,5992,Render,1,383.600,35.027755200,35.027775800,35.027775800,35.028159400,1/10/1
6568,5992,Render,1,383.600,39.542483800,39.542502500,39.542502500,39.542886100,1/10/1
6568,5992,Render,1,383.600,41.459270600,41.459329300,41.459329300,41.459712900,1/10/1
6568,5992,Render,1,383.500,22.065467700,22.065486200,22.065486200,22.065869700,1/10/1
6568,5992,Render,1,383.500,38.616902000,38.616921200,38.616921200,38.617304700,1/10/1
6568,5992,Render,1,383.400,27.643258400,27.643277100,27.643277100,27.643660500,1/10/1
6568,5992,Render,1,383.300,26.044153500,26.044219300,26.044219300,26.044602600,1/10/1
6568,5992,Render,1,383.300,35.198498700,35.198519900,35.198519900,35.198903200,1/10/1
6568,5992,Render,1,383.300,35.211100400,35.211122600,35.211122600,35.211505900,1/10/1
6568,5992,Render,1,383.300,38.400418400,38.400437700,38.400437700,38.400821000,1/10/1
6568,5992,Render,1,383.200,25.377054100,25.377072600,25.377072600,25.377455800,1/10/1
6568,5992,Render,1,383.200,30.148269700,30.148289400,30.148289400,30.148672600,1/10/1
6568,5992,Render,1,383.200,35.018323300,35.018399600,35.018399600,35.018782800,1/10/1
6568,5992,Render,1,383.100,36.214311300,36.214331000,36.214331000,36.214714100,1/10/1
6568,5992,Render,1,383.100,36.935891000,36.935917700,36.935917700,36.936300800,1/10/1
6568,5992,Render,1,383.100,37.293602300,37.293621700,37.293621700,37.294004800,1/10/1
6568,5992,Render,1,383.000,24.516273200,24.516293900,24.516293900,24.516676900,1/10/1
6568,5992,Render,1,383.000,38.883268000,38.883286900,38.883286900,38.883669900,1/10/1
6568,5992,Render,1,383.000,40.662250600,40.662272600,40.662272600,40.662655600,1/10/1
6568,5992,Render,1,382.900,21.937317900,21.937336600,21.937336600,21.937719500,1/10/1
6568,5992,Render,1,382.900,32.432571800,32.432589900,32.432589900,32.432972800,1/10/1
6568,5992,Render,1,382.900,37.344474200,37.344540200,37.344540200,37.344923100,1/10/1
6568,5992,Render,1,382.900,38.843416100,38.843435300,38.843435300,38.843818200,1/10/1
6568,5992,Render,1,382.900,39.412097000,39.412122200,39.412122200,39.412505100,1/10/1
6568,5992,Render,1,382.800,26.246557000,26.246622500,26.246622500,26.247005300,1/10/1
6568,5992,Render,1,382.800,28.126863600,28.126947300,28.126947300,28.127330100,1/10/1
6568,5992,Render,1,382.800,39.970481300,39.970497600,39.970497600,39.970880400,1/10/1
6568,5992,Render,1,382.700,34.667425800,34.667442400,34.667442400,34.667825100,1/10/1
6568,5992,Render,1,382.700,40.614674400,40.614690700,40.614690700,40.615073400,1/10/1
6568,5992,Render,1,382.700,41.425220800,41.425239600,41.425239600,41.425622300,1/10/1
6568,5992,Render,1,382.600,26.338527800,26.338542300,26.338542300,26.338924900,1/10/1
6568,5992,Render,1,382.600,30.059220500,30.059237200,30.059237200,30.059619800,1/10/1
6568,5992,Render,1,382.600,32.827648800,32.827666900,32.827666900,32.828049500,1/10/1
6568,5992,Render,1,382.600,36.856750600,36.856770700,36.856770700,36.857153300,1/10/1
6568,5992,Render,1,382.500,24.955384600,24.955411300,24.955411300,24.955793800,1/10/1
6568,5992,Render,1,382.500,31.044294300,31.044319800,31.044319800,31.044702300,1/10/1
6568,5992,Render,1,382.500,32.695263300,32.695296600,32.695296600,32.695679100,1/10/1
6568,5992,Render,1,382.400,26.721535000,26.721579700,26.721579700,26.721962100,1/10/1
6568,5992,Render,1,382.400,30.715842400,30.715859800,30.715859800,30.716242200,1/10/1
6568,5992,Render,1,382.300,22.605291600,22.605307600,22.605307600,22.605689900,1/10/1
6568,5992,Render,1,382.300,24.603663000,24.603679100,24.603679100,24.604061400,1/10/1
6568,5992,Render,1,382.300,25.859767800,25.859858800,25.859858800,25.860241100,1/10/1
6568,5992,Render,1,382.200,25.827514100,25.827537900,25.827537900,25.827920100,1/10/1
6568,5992,Render,1,382.200,26.944090500,26.944205900,26.944205900,26.944588100,1/10/1
6568,5992,Render,1,382.200,31.297714200,31.297731400,31.297731400,31.298113600,1/10/1
6568,5992,Render,1,382.200,32.821472600,32.821493200,32.821493200,32.821875400,1/10/1
6568,5992,Render,1,382.200,39.761209600,39.761269500,39.761269500,39.761651700,1/10/1
6568,5992,Render,1,382.100,22.205141400,22.205167200,22.205167200,22.205549300,1/10/1
6568,5992,Render,1,382.100,37.677795700,37.677817400,37.677817400,37.678199500,1/10/1
6568,5992,Render,1,382.100,38.661191900,38.661213100,38.661213100,38.661595200,1/10/1
6568,5992,Render,1,382.000,40.944564600,40.944583400,40.944583400,40.944965400,1/10/1
6568,5992,Render,1,382.000,41.204573400,41.204594300,41.204594300,41.204976300,1/10/1
6568,5992,Render,1,381.900,24.010742300,24.010807200,24.010807200,24.011189100,1/10/1
6568,5992,Render,1,381.900,35.666100900,35.666157700,35.666157700,35.666539600,1/10/1
6568,5992,Render,1,381.800,31.854647400,31.854672700,31.854672700,31.855054500,1/10/1
6568,5992,Render,1,381.800,38.277891100,38.277908100,38.277908100,38.278289900,1/10/1
6568,5992,Render,1,381.800,39.671612800,39.671629500,39.671629500,39.672011300,1/10/1
6568,5992,Render,1,381.700,41.163341600,41.163360900,41.163360900,41.163742600,1/10/1
6568,5992,Render,1,381.600,28.557217600,28.557232700,28.557232700,28.557614300,1/10/1
6568,5992,Render,1,381.600,29.077280100,29.077390100,29.077390100,29.077771700,1/10/1
6568,5992,Render,1,381.600,30.860976100,30.860995100,30.860995100,30.861376700,1/10/1
6568,5992,Render,1,381.600,31.677621000,31.677643800,31.677643800,31.678025400,1/10/1
6568,5992,Render,1,381.600,33.754729500,33.754834500,33.754834500,33.755216100,1/10/1
6568,5992,Render,1,381.600,37.505718700,37.505736300,37.505736300,37.506117900,1/10/1
6568,5992,Render,1,381.500,25.907957700,25.907974800,25.907974800,25.908356300,1/10/1
6568,5992,Render,1,381.500,26.030227100,26.030285100,26.030285100,26.030666600,1/10/1
6568,5992,Render,1,381.500,30.280894900,30.280915200,30.280915200,30.281296700,1/10/1
6568,5992,Render,1,381.500,36.941165600,36.941183900,36.941183900,36.941565400,1/10/1
6568,5992,Render,1,381.500,39.008154700,39.008256400,39.008256400,39.008637900,1/10/1
6568,5992,Render,1,381.400,28.305970800,28.305987600,28.305987600,28.306369000,1/10/1
6568,5992,Render,1,381.400,32.386815300,32.386835900,32.386835900,32.387217300,1/10/1
6568,5992,Render,1,381.400,32.776773000,32.776838300,32.776838300,32.777219700,1/10/1
6568,5992,Render,1,381.400,33.677714800,33.677735200,33.677735200,33.678116600,1/10/1
6568,5992,Render,1,381.400,36.528005700,36.528103400,36.528103400,36.528484800,1/10/1
6568,5992,Render,1,381.300,33.970894800,33.970954200,33.970954200,33.971335500,1/10/1
6568,5992,Render,1,381.300,35.403220500,35.403240000,35.403240000,35.403621300,1/10/1
6568,5992,Render,1,381.300,36.037681800,36.037701100,36.037701100,36.038082400,1/10/1
6568,5992,Render,1,381.300,36.897659200,36.897697200,36.897697200,36.898078500,1/10/1
6568,5992,Render,1,381.300,37.584580200,37.584636200,37.584636200,37.585017500,1/10/1
6568,5992,Render,1,381.200,30.503475700,30.503494800,30.503494800,30.503876000,1/10/1
6568,5992,Render,1,381.200,33.761013600,33.761029600,33.761029600,33.761410800,1/10/1
6568,5992,Render,1,381.200,37.675614800,37.675634300,37.675634300,37.676015500,1/10/1
6568,5992,Render,1,381.100,24.877463900,24.877484200,24.877484200,24.877865300,1/10/1
6568,5992,Render,1,381.100,40.303722800,40.303806000,40.303806000,40.304187100,1/10/1
6568,5992,Render,1,381.000,33.759896100,33.759915300,33.759915300,33.760296300,1/10/1
6568,5992,Render,1,381.000,41.661261600,41.661279000,41.661279000,41.661660000,1/10/1
6568,5992,Render,1,380.900,23.447327200,23.447348200,23.447348200,23.447729100,1/10/1
6568,5992,Render,1,380.900,24.131009400,24.131033800,24.131033800,24.131414700,1/10/1
6568,5992,Render,1,380.900,25.593506200,25.593532600,25.593532600,25.593913500,1/10/1
6568,5992,Render,1,380.900,31.717168200,31.717228200,31.717228200,31.717609100,1/10/1
6568,5992,Render,1,380.800,40.522068900,40.522107500,40.522107500,40.522488300,1/10/1
6568,5992,Render,1,380.700,27.082852200,27.082888700,27.082888700,27.083269400,1/10/1
6568,5992,Render,1,380.700,29.042181500,29.042197300,29.042197300,29.042578000,1/10/1
6568,5992,Render,1,380.600,22.120733600,22.120753700,22.120753700,22.121134300,1/10/1
6568,5992,Render,1,380.600,23.490240700,23.490256300,23.490256300,23.490636900,1/10/1
6568,5992,Render,1,380.600,32.877663700,32.877685200,32.877685200,32.878065800,1/10/1
6568,5992,Render,1,380.600,37.457077400,37.457165500,37.457165500,37.457546100,1/10/1
6568,5992,Render,1,380.600,39.149518400,39.149536800,39.149536800,39.149917400,1/10/1
6568,5992,Render,1,380.500,21.944013900,21.944030100,21.944030100,21.944410600,1/10/1
6568,5992,Render,1,380.500,22.648177600,22.648192500,22.648192500,22.648573000,1/10/1
6568,5992,Render,1,380.500,32.027630200,32.027646800,32.027646800,32.028027300,1/10/1
6568,5992,Render,1,380.300,23.660739200,23.660755400,23.660755400,23.661135700,1/10/1
6568,5992,Render,1,380.300,34.057076400,34.057099800,34.057099800,34.057480100,1/10/1
6568,5992,Render,1,380.300,36.296623800,36.296687900,36.296687900,36.297068200,1/10/1
6568,5992,Render,1,380.200,31.976886900,31.976912300,31.976912300,31.977292500,1/10/1
6568,5992,Render,1,380.200,33.177704400,33.177727100,33.177727100,33.178107300,1/10/1
6568,5992,Render,1,380.200,38.844485800,38.844500200,38.844500200,38.844880400,1/10/1
6568,5992,Render,1,380.100,24.830760300,24.830779400,24.830779400,24.831159500,1/10/1
6568,5992,Render,1,380.100,29.257220500,29.257241000,29.257241000,29.257621100,1/10/1
6568,5992,Render,1,380.100,30.194235700,30.194250400,30.194250400,30.194630500,1/10/1
6568,5992,Render,1,380.100,36.444143400,36.444163800,36.444163800,36.444543900,1/10/1
6568,5992,Render,1,380.000,25.039868300,25.039943900,25.039943900,25.040323900,1/10/1
6568,5992,Render,1,380.000,25.633578600,25.633595400,25.633595400,25.633975400,1/10/1
6568,5992,Render,1,380.000,36.625409600,36.625466200,36.625466200,36.625846200,1/10/1
6568,5992,Render,1,380.000,40.761248500,40.761335200,40.761335200,40.761715200,1/10/1
6568,5992,Render,1,379.900,26.344173200,26.344200200,26.344200200,26.344580100,1/10/1
6568,5992,Render,1,379.900,30.364507500,30.364523400,30.364523400,30.364903300,1/10/1
6568,5992,Render,1,379.900,36.160561900,36.160663300,36.160663300,36.161043200,1/10/1
6568,5992,Render,1,379.800,28.789922500,28.789940900,28.789940900,28.790320700,1/10/1
6568,5992,Render,1,379.800,40.361245700,40.361268900,40.361268900,40.361648700,1/10/1
6568,5992,Render,1,379.600,24.560625400,24.560678700,24.560678700,24.561058300,1/10/1
6568,5992,Render,1,379.600,32.691718000,32.691739300,32.691739300,32.692118900,1/10/1
6568,5992,Render,1,379.600,34.408745000,34.408763300,34.408763300,34.409142900,1/10/1
6568,5992,Render,1,379.600,34.588516700,34.588532100,34.588532100,34.588911700,1/10/1
6568,5992,Render,1,379.500,29.546888200,29.546906000,29.546906000,29.547285500,1/10/1
6568,5992,Render,1,379.500,31.167321700,31.167344300,31.167344300,31.167723800,1/10/1
6568,5992,Render,1,379.500,40.311198700,40.311214400,40.311214400,40.311593900,1/10/1
6568,5992,Render,1,379.500,41.241151800,41.241176900,41.241176900,41.241556400,1/10/1
6568,5992,Render,1,379.400,22.210315400,22.210331300,22.210331300,22.210710700,1/10/1
6568,5992,Render,1,379.400,25.987819400,25.987917100,25.987917100,25.988296500,1/10/1
6568,5992,Render,1,379.300,24.610775700,24.610795500,24.610795500,24.611174800,1/10/1
6568,5992,Render,1,379.300,35.511088600,35.511107600,35.511107600,35.511486900,1/10/1
6568,5992,Render,1,379.200,26.827491900,26.827509800,26.827509800,26.827889000,1/10/1
6568,5992,Render,1,379.200,35.240318400,35.240333200,35.240333200,35.240712400,1/10/1
6568,5992,Render,1,379.100,25.945743900,25.945806000,25.945806000,25.946185100,1/10/1
6568,5992,Render,1,379.100,26.035478300,26.035497100,26.035497100,26.035876200,1/10/1
6568,5992,Render,1,379.100,29.214284300,29.214299600,29.214299600,29.214678700,1/10/1
6568,5992,Render,1,379.100,30.709934400,30.710043100,30.710043100,30.710422200,1/10/1
6568,5992,Render,1,379.100,30.991337200,30.991437600,30.991437600,30.991816700,1/10/1
6568,5992,Render,1,379.100,31.040933300,31.040951700,31.040951700,31.041330800,1/10/1
6568,5992,Render,1,379.000,22.736523900,22.736543800,22.736543800,22.736922800,1/10/1
6568,5992,Render,1,379.000,35.897147300,35.897200400,35.897200400,35.897579400,1/10/1
6568,5992,Render,1,379.000,38.877945700,38.878035300,38.878035300,38.878414300,1/10/1
6568,5992,Render,1,379.000,39.279207100,39.279252100,39.279252100,39.279631100,1/10/1
6568,5992,Render,1,378.900,26.864751300,26.864768300,26.864768300,26.865147200,1/10/1
6568,5992,Render,1,378.900,30.804454900,30.804478800,30.804478800,30.804857700,1/10/1
6568,5992,Render,1,378.800,37.022104400,37.022169400,37.022169400,37.022548200,1/10/1
6568,5992,Render,1,378.800,39.544523700,39.544543800,39.544543800,39.544922600,1/10/1
6568,5992,Render,1,378.700,34.234683800,34.234782700,34.234782700,34.235161400,1/10/1
6568,5992,Render,1,378.600,35.902434400,35.902453400,35.902453400,35.902832000,1/10/1
6568,5992,Render,1,378.600,38.272332900,38.272351600,38.272351600,38.272730200,1/10/1
6568,5992,Render,1,378.500,38.448004500,38.448053800,38.448053800,38.448432300,1/10/1
6568,5992,Render,1,378.400,28.263998900,28.264017700,28.264017700,28.264396100,1/10/1
6568,5992,Render,1,378.400,29.752167700,29.752229500,29.752229500,29.752607900,1/10/1
6568,5992,Render,1,378.400,30.760934700,30.760955300,30.760955300,30.761333700,1/10/1
6568,5992,Render,1,378.400,31.126070700,31.126089800,31.126089800,31.126468200,1/10/1
6568,5992,Render,1,378.400,34.192085500,34.192113400,34.192113400,34.192491800,1/10/1
6568,5992,Render,1,378.400,38.356542600,38.356562500,38.356562500,38.356940900,1/10/1
6568,5992,Render,1,378.300,24.136414100,24.136433900,24.136433900,24.136812200,1/10/1
6568,5992,Render,1,378.300,29.510901700,29.510919200,29.510919200,29.511297500,1/10/1
6568,5992,Render,1,378.300,32.025461800,32.025483500,32.025483500,32.025861800,1/10/1
6568,5992,Render,1,378.300,33.126020300,33.126040500,33.126040500,33.126418800,1/10/1
6568,5992,Render,1,378.300,37.633166000,37.633186100,37.633186100,37.633564400,1/10/1
6568,5992,Render,1,378.300,41.603980600,41.604007400,41.604007400,41.604385700,1/10/1
6568,5992,Render,1,378.200,28.344146000,28.344235200,28.344235200,28.344613400,1/10/1
6568,5992,Render,1,378.200,35.582915900,35.582936900,35.582936900,35.583315100,1/10/1
6568,5992,Render,1,378.200,38.133019500,38.133042400,38.133042400,38.133420600,1/10/1
6568,5992,Render,1,378.200,40.061220400,40.061238800,40.061238800,40.061617000,1/10/1
6568,5992,Render,1,378.100,27.380836100,27.380854900,27.380854900,27.381233000,1/10/1
6568,5992,Render,1,378.100,38.703509000,38.703528100,38.703528100,38.703906200,1/10/1
6568,5992,Render,1,378.000,28.180738800,28.180766800,28.180766800,28.181144800,1/10/1
6568,5992,Render,1,378.000,30.581880100,30.581927600,30.581927600,30.582305600,1/10/1
6568,5992,Render,1,377.900,35.064880400,35.064899900,35.064899900,35.065277800,1/10/1
6568,5992,Render,1,377.800,22.643010700,22.643043500,22.643043500,22.643421300,1/10/1
6568,5992,Render,1,377.800,29.496860400,29.496901500,29.496901500,29.497279300,1/10/1
6568,5992,Render,1,377.700,29.126715700,29.126732100,29.126732100,29.127109800,1/10/1
6568,5992,Render,1,377.700,40.347053500,40.347123300,40.347123300,40.347501000,1/10/1
6568,5992,Render,1,377.500,31.674466400,31.674486300,31.674486300,31.674863800,1/10/1
6568,5992,Render,1,377.500,34.197786200,34.197804700,34.197804700,34.198182200,1/10/1
6568,5992,Render,1,377.500,37.627120100,37.627146000,37.627146000,37.627523500,1/10/1
6568,5992,Render,1,377.400,24.006553400,24.006572100,24.006572100,24.006949500,1/10/1
6568,5992,Render,1,377.300,34.366545400,34.366572200,34.366572200,34.366949500,1/10/1
6568,5992,Render,1,377.100,25.992859200,25.992874700,25.992874700,25.993251800,1/10/1
6568,5992,Render,1,377.000,28.043595200,28.043612000,28.043612000,28.043989000,1/10/1
6568,5992,Render,1,377.000,28.660900200,28.660921400,28.660921400,28.661298400,1/10/1
6568,5992,Render,1,377.000,32.065821200,32.065839900,32.065839900,32.066216900,1/10/1
6568,5992,Render,1,377.000,32.603654000,32.603672600,32.603672600,32.604049600,1/10/1
6568,5992,Render,1,377.000,37.066980100,37.067050100,37.067050100,37.067427100,1/10/1
6568,5992,Render,1,377.000,41.611232900,41.611250400,41.611250400,41.611627400,1/10/1
6568,5992,Render,1,376.900,22.060466100,22.060574500,22.060574500,22.060951400,1/10/1
6568,5992,Render,1,376.900,26.207014200,26.207035700,26.207035700,26.207412600,1/10/1
6568,5992,Render,1,376.900,34.753192200,34.753247100,34.753247100,34.753624000,1/10/1
6568,5992,Render,1,376.900,37.931260500,37.931293600,37.931293600,37.931670500,1/10/1
6568,5992,Render,1,376.900,41.609263800,41.609303500,41.609303500,41.609680400,1/10/1
6568,5992,Render,1,376.800,32.160997300,32.161014800,32.161014800,32.161391600,1/10/1
6568,5992,Render,1,376.700,37.336297300,37.336316300,37.336316300,37.336693000,1/10/1
6568,5992,Render,1,376.700,41.545545600,41.545619600,41.545619600,41.545996300,1/10/1
6568,5992,Render,1,376.600,31.256313300,31.256327700,31.256327700,31.256704300,1/10/1
6568,5992,Render,1,376.600,34.411043300,34.411060000,34.411060000,34.411436600,1/10/1
6568,5992,Render,1,376.500,22.744063100,22.744085800,22.744085800,22.744462300,1/10/1
6568,5992,Render,1,376.500,24.998047500,24.998078700,24.998078700,24.998455200,1/10/1
6568,5992,Render,1,376.500,38.011305200,38.011326200,38.011326200,38.011702700,1/10/1
6568,5992,Render,1,376.400,24.706586200,24.706605800,24.706605800,24.706982200,1/10/1
6568,5992,Render,1,376.400,29.162401400,29.162470300,29.162470300,29.162846700,1/10/1
6568,5992,Render,1,376.400,30.275527800,30.275553900,30.275553900,30.275930300,1/10/1
6568,5992,Render,1,376.300,22.477360600,22.477380200,22.477380200,22.477756500,1/10/1
6568,5992,Render,1,376.300,30.753595000,30.753663700,30.753663700,30.754040000,1/10/1
6568,5992,Render,1,376.300,33.214519500,33.214538000,33.214538000,33.214914300,1/10/1
6568,5992,Render,1,376.300,38.361176000,38.361198500,38.361198500,38.361574800,1/10/1
6568,5992,Render,1,376.200,33.127662900,33.127677900,33.127677900,33.128054100,1/10/1
6568,5992,Render,1,376.100,26.461900600,26.461926400,26.461926400,26.462302500,1/10/1
6568,5992,Render,1,376.100,32.020095600,32.020175100,32.020175100,32.020551200,1/10/1
6568,5992,Render,1,376.100,33.251473500,33.251561500,33.251561500,33.251937600,1/10/1
6568,5992,Render,1,376.000,21.852668600,21.852688700,21.852688700,21.853064700,1/10/1
6568,5992,Render,1,376.000,23.654212800,23.654229100,23.654229100,23.654605100,1/10/1
6568,5992,Render,1,376.000,34.594399000,34.594418500,34.594418500,34.594794500,1/10/1
6568,5992,Render,1,375.900,28.784455600,28.784559400,28.784559400,28.784935300,1/10/1
6568,5992,Render,1,375.900,41.653613200,41.653633100,41.653633100,41.654009000,1/10/1
6568,5992,Render,1,375.800,24.710755800,24.710777000,24.710777000,24.711152800,1/10/1
6568,5992,Render,1,375.800,39.798288200,39.798308100,39.798308100,39.798683900,1/10/1
6568,5992,Render,1,375.800,40.444543100,40.444560800,40.444560800,40.444936600,1/10/1
6568,5992,Render,1,375.700,36.487954800,36.487974700,36.487974700,36.488350400,1/10/1
6568,5992,Render,1,375.600,28.614246100,28.614266400,28.614266400,28.614642000,1/10/1
6568,5992,Render,1,375.600,30.229808200,30.229855700,30.229855700,30.230231300,1/10/1
6568,5992,Render,1,375.600,30.900315700,30.900338600,30.900338600,30.900714200,1/10/1
6568,5992,Render,1,375.600,32.191772500,32.191864400,32.191864400,32.192240000,1/10/1
6568,5992,Render,1,375.500,35.320580500,35.320602700,35.320602700,35.320978200,1/10/1
6568,5992,Render,1,375.400,28.877542300,28.877558500,28.877558500,28.877933900,1/10/1
6568,5992,Render,1,375.300,28.475711300,28.475731000,28.475731000,28.476106300,1/10/1
6568,5992,Render,1,375.200,24.427199300,24.427316800,24.427316800,24.427692000,1/10/1
6568,5992,Render,1,375.200,32.477650400,32.477666000,32.477666000,32.478041200,1/10/1
6568,5992,Render,1,375.200,35.116550400,35.116566600,35.116566600,35.116941800,1/10/1
6568,5992,Render,1,375.200,38.740720300,38.740773000,38.740773000,38.741148200,1/10/1
6568,5992,Render,1,375.100,30.110939700,30.110960500,30.110960500,30.111335600,1/10/1
6568,5992,Render,1,375.000,32.339504400,32.339521100,32.339521100,32.339896100,1/10/1
6568,5992,Render,1,374.900,35.671273500,35.671290400,35.671290400,35.671665300,1/10/1
6568,5992,Render,1,374.800,22.475551100,22.475569100,22.475569100,22.475943900,1/10/1
6568,5992,Render,1,374.800,31.120982500,31.121001000,31.121001000,31.121375800,1/10/1
6568,5992,Render,1,374.800,33.537034800,33.537055600,33.537055600,33.537430400,1/10/1
6568,5992,Render,1,374.700,24.227394400,24.227436000,24.227436000,24.227810700,1/10/1
6568,5992,Render,1,374.700,28.794240400,28.794324200,28.794324200,28.794698900,1/10/1
6568,5992,Render,1,374.700,32.870184800,32.870204100,32.870204100,32.870578800,1/10/1
6568,5992,Render,1,374.700,34.015147100,34.015206500,34.015206500,34.015581200,1/10/1
6568,5992,Render,1,374.700,38.094520300,38.094540900,38.094540900,38.094915600,1/10/1
6568,5992,Render,1,374.500,34.939938500,34.939957800,34.939957800,34.940332300,1/10/1
6568,5992,Render,1,374.500,39.056515400,39.056536000,39.056536000,39.056910500,1/10/1
6568,5992,Render,1,374.400,25.082799900,25.082865600,25.082865600,25.083240000,1/10/1
6568,5992,Render,1,374.400,35.161062300,35.161082300,35.161082300,35.161456700,1/10/1
6568,5992,Render,1,374.400,38.970519100,38.970538500,38.970538500,38.970912900,1/10/1
6568,5992,Render,1,374.300,27.859963600,27.860050200,27.860050200,27.860424500,1/10/1
6568,5992,Render,1,374.300,28.477527900,28.477543000,28.477543000,28.477917300,1/10/1
6568,5992,Render,1,374.300,28.990030300,28.990094200,28.990094200,28.990468500,1/10/1
6568,5992,Render,1,374.200,34.278520800,34.278574000,34.278574000,34.278948200,1/10/1
6568,5992,Render,1,374.200,39.051606000,39.051650800,39.051650800,39.052025000,1/10/1
6568,5992,Render,1,374.100,27.739208600,27.739225900,27.739225900,27.739600000,1/10/1
6568,5992,Render,1,374.100,28.392050000,28.392069000,28.392069000,28.392443100,1/10/1
6568,5992,Render,1,374.100,39.840539700,39.840565900,39.840565900,39.840940000,1/10/1
6568,5992,Render,1,374.000,30.665930400,30.665959200,30.665959200,30.666333200,1/10/1
6568,5992,Render,1,374.000,34.327737300,34.327756600,34.327756600,34.328130600,1/10/1
6568,5992,Render,1,373.900,36.354763000,36.354779700,36.354779700,36.355153600,1/10/1
6568,5992,Render,1,373.900,38.787511100,38.787531300,38.787531300,38.787905200,1/10/1
6568,5992,Render,1,373.900,41.033763800,41.033785600,41.033785600,41.034159500,1/10/1
6568,5992,Render,1,373.800,28.222069900,28.222089200,28.222089200,28.222463000,1/10/1
6568,5992,Render,1,373.700,24.785066300,24.785082800,24.785082800,24.785456500,1/10/1
6568,5992,Render,1,373.700,30.406553300,30.406602500,30.406602500,30.406976200,1/10/1
6568,5992,Render,1,373.600,26.726524700,26.726541900,26.726541900,26.726915500,1/10/1
6568,5992,Render,1,373.600,29.790513200,29.790576600,29.790576600,29.790950200,1/10/1
6568,5992,Render,1,373.400,30.623571700,30.623660800,30.623660800,30.624034200,1/10/1
6568,5992,Render,1,373.400,35.244392300,35.244414100,35.244414100,35.244787500,1/10/1
6568,5992,Render,1,373.400,37.027471300,37.027491800,37.027491800,37.027865200,1/10/1
6568,5992,Render,1,373.300,29.757239200,29.757257800,29.757257800,29.757631100,1/10/1
6568,5992,Render,1,373.200,30.054068300,30.054086500,30.054086500,30.054459700,1/10/1
6568,5992,Render,1,373.200,33.803360500,33.803379600,33.803379600,33.803752800,1/10/1
6568,5992,Render,1,373.100,25.824458100,25.824476900,25.824476900,25.824850000,1/10/1
6568,5992,Render,1,373.100,34.283546400,34.283565400,34.283565400,34.283938500,1/10/1
6568,5992,Render,1,373.100,37.158634300,37.158651500,37.158651500,37.159024600,1/10/1
6568,5992,Render,1,373.000,32.197688400,32.197703400,32.197703400,32.198076400,1/10/1
6568,5992,Render,1,373.000,37.116123000,37.116138700,37.116138700,37.116511700,1/10/1
6568,5992,Render,1,373.000,39.244500000,39.244515300,39.244515300,39.244888300,1/10/1
6568,5992,Render,1,373.000,41.123427500,41.123447100,41.123447100,41.123820100,1/10/1
6568,5992,Render,1,372.900,24.182110200,24.182127000,24.182127000,24.182499900,1/10/1
6568,5992,Render,1,372.900,28.741590700,28.741638900,28.741638900,28.742011800,1/10/1
6568,5992,Render,1,372.900,37.541957200,37.542008900,37.542008900,37.542381800,1/10/1
6568,5992,Render,1,372.600,22.160200500,22.160273200,22.160273200,22.160645800,1/10/1
6568,5992,Render,1,372.500,37.243824100,37.243841100,37.243841100,37.244213600,1/10/1
6568,5992,Render,1,372.400,31.579437500,31.579502500,31.579502500,31.579874900,1/10/1
6568,5992,Render,1,372.400,35.986395400,35.986420800,35.986420800,35.986793200,1/10/1
6568,5992,Render,1,372.300,36.984656900,36.984677700,36.984677700,36.985050000,1/10/1
6568,5992,Render,1,372.200,23.827388900,23.827408500,23.827408500,23.827780700,1/10/1
6568,5992,Render,1,372.200,33.256392400,33.256409800,33.256409800,33.256782000,1/10/1
6568,5992,Render,1,372.000,26.993820200,26.993842100,26.993842100,26.994214100,1/10/1
6568,5992,Render,1,372.000,27.993704100,27.993724500,27.993724500,27.994096500,1/10/1
6568,5992,Render,1,372.000,28.747583300,28.747597900,28.747597900,28.747969900,1/10/1
6568,5992,Render,1,371.800,25.681004500,25.681019500,25.681019500,25.681391300,1/10/1
6568,5992,Render,1,371.600,33.630607700,33.630623900,33.630623900,33.630995500,1/10/1
6568,5992,Render,1,371.300,28.556329700,28.556385100,28.556385100,28.556756400,1/10/1
6568,5992,Render,1,371.300,35.542505200,35.542522000,35.542522000,35.542893300,1/10/1
6568,5992,Render,1,371.200,39.621504100,39.621529500,39.621529500,39.621900700,1/10/1
6568,5992,Render,1,371.100,41.245409300,41.245427200,41.245427200,41.245798300,1/10/1
6568,5992,Render,1,370.900,38.092325800,38.092345900,38.092345900,38.092716800,1/10/1
6568,5992,Render,1,370.800,22.776964700,22.776985300,22.776985300,22.777356100,1/10/1
6568,5992,Render,1,370.800,33.298394500,33.298413100,33.298413100,33.298783900,1/10/1
6568,5992,Render,1,370.600,39.408834400,39.408851200,39.408851200,39.409221800,1/10/1
6568,5992,Render,1,370.500,25.547232200,25.547307100,25.547307100,25.547677600,1/10/1
6568,5992,Render,1,370.300,25.328517200,25.328561000,25.328561000,25.328931300,1/10/1
6568,5992,Render,1,370.200,26.594983400,26.595005100,26.595005100,26.595375300,1/10/1
6568,5992,Render,1,369.800,24.093578800,24.093598600,24.093598600,24.093968400,1/10/1
6568,5992,Render,1,369.600,39.757501700,39.757521700,39.757521700,39.757891300,1/10/1
6568,5992,Render,1,369.300,32.653319200,32.653373200,32.653373200,32.653742500,1/10/1
6568,5992,Render,1,369.100,22.513360100,22.513377300,22.513377300,22.513746400,1/10/1
6568,5992,Render,1,369.000,28.560733800,28.560802200,28.560802200,28.561171200,1/10/1
6568,5992,Render,1,368.700,29.671738500,29.671758300,29.671758300,29.672127000,1/10/1
6568,5992,Render,1,368.500,30.545153400,30.545171400,30.545171400,30.545539900,1/10/1
6568,5992,Render,1,368.400,35.361025100,35.361041500,35.361041500,35.361409900,1/10/1
6568,5992,Render,1,368.300,23.601429300,23.601477700,23.601477700,23.601846000,1/10/1
6568,5992,Render,1,368.200,34.097550200,34.097616100,34.097616100,34.097984300,1/10/1
6568,5992,Render,1,367.600,27.330048000,27.330097900,27.330097900,27.330465500,1/10/1
6568,5992,Render,1,367.600,34.856561900,34.856581800,34.856581800,34.856949400,1/10/1
6568,4612,Render,1,366.500,40.462325800,40.463239000,40.463496800,40.463863300,1/1/1
6568,5992,Render,1,366.100,23.869662100,23.869686800,23.869686800,23.870052900,1/10/1
6568,5992,Render,1,365.900,33.580352400,33.580380300,33.580380300,33.580746200,1/10/1
6568,5992,Render,1,365.900,39.407905800,39.407991600,39.407991600,39.408357500,1/10/1
6568,5992,Render,1,365.000,38.127259000,38.127357200,38.127357200,38.127722200,1/10/1
6568,4612,Render,1,364.500,24.744264500,24.744283600,24.744283600,24.744648100,1/1/1
6568,5992,Render,1,364.400,33.932487600,33.932506600,33.932506600,33.932871000,1/10/1
6568,5992,Render,1,364.300,23.570962700,23.571264500,23.571264500,23.571628800,1/10/1
6568,4612,Render,1,363.600,38.744669200,38.744694700,38.744694700,38.745058300,1/1/1
6568,5992,Render,1,363.400,28.091120100,28.091138800,28.091138800,28.091502200,1/10/1
6568,5992,Render,1,361.900,23.910059700,23.910076100,23.910076100,23.910438000,1/10/1
6568,4612,Render,1,360.400,23.694177900,23.694222300,23.694222300,23.694582700,1/1/1
6568,5992,Render,1,359.400,25.628496500,25.628540500,25.628540500,25.628899900,1/10/1
6568,5992,Render,1,358.400,30.322595700,30.322612200,30.322612200,30.322970600,1/10/1
6568,5992,Render,1,355.000,23.573443200,23.573466100,23.573466100,23.573821100,1/10/1
6568,5992,Render,1,350.700,40.885868500,40.885886400,40.885886400,40.886237100,1/10/1
6568,4612,Render,1,350.100,28.994279600,28.994297200,28.994297200,28.994647300,1/1/1
6568,5992,Render,1,348.500,26.775573000,26.775596700,26.775596700,26.775945200,1/10/1
6568,5992,Render,1,343.500,34.444632200,34.444647400,34.444647400,34.444990900,1/10/1
6568,5992,Render,1,343.000,33.293377800,33.293442800,33.293442800,33.293785800,1/10/1
6568,5992,Render,1,342.100,23.734886500,23.734932100,23.734932100,23.735274200,1/10/1
6568,4612,Render,1,341.000,24.095355600,24.095662300,24.095909400,24.096250400,1/1/1
6568,5992,Render,1,337.800,31.804862300,31.804887200,31.804887200,31.805225000,1/10/1
6568,4612,BLT,1,337.400,31.342874900,31.343302400,31.344604400,31.344941800,1/1/1
6568,5992,Render,1,336.700,23.905636700,23.905695700,23.905695700,23.906032400,1/10/1
6568,4612,Render,1,336.000,37.844627300,37.844723400,37.844723400,37.845059400,1/1/1
6568,5992,Render,1,335.700,33.927103800,33.927165400,33.927165400,33.927501100,1/10/1
6568,5992,Render,1,334.700,38.838468400,38.838486400,38.838486400,38.838821100,1/10/1
6568,5992,Render,1,332.900,35.274634600,35.274678200,35.274678200,35.275011100,1/10/1
6568,5992,Render,1,332.500,37.415079600,37.415099500,37.415099500,37.415432000,1/10/1
6568,4612,Render,1,330.700,25.444385300,25.444507700,25.444507700,25.444838400,1/1/1
6568,5992,Render,1,329.100,26.554851300,26.554872100,26.554872100,26.555201200,1/10/1
6568,5992,Render,1,327.900,26.510832900,26.510853400,26.510853400,26.511181300,1/10/1
6568,5992,Render,1,327.700,35.398123500,35.398169000,35.398169000,35.398496700,1/10/1
6568,5992,Render,1,327.300,30.627750800,30.627769600,30.627769600,30.628096900,1/10/1
6568,5992,Render,1,325.300,29.628174400,29.628243100,29.628243100,29.628568400,1/10/1
6568,5992,Render,1,325.100,38.178497600,38.178527100,38.178527100,38.178852200,1/10/1
6568,5992,Render,1,323.800,28.994441100,28.994455800,28.994455800,28.994779600,1/10/1
6568,5992,Render,1,323.500,35.944740600,35.945114200,35.945114200,35.945437700,1/10/1
6568,5992,Render,1,322.700,37.544796400,37.545158800,37.545158800,37.545481500,1/10/1
6568,5992,Render,1,322.400,28.744651300,28.744908500,28.744908500,28.745230900,1/10/1
6568,5992,Render,1,322.100,24.344459200,24.344797400,24.344797400,24.345119500,1/10/1
6568,5992,Render,1,321.600,27.696722000,27.696768200,27.696768200,27.697089800,1/10/1
6568,5992,Render,1,320.700,38.310039800,38.310104000,38.310104000,38.310424700,1/10/1
6568,5992,Render,1,320.400,29.711571200,29.711710200,29.711710200,29.712030600,1/10/1
6568,4612,Render,1,320.400,32.411194400,32.411267500,32.411267500,32.411587900,1/1/1
6568,4612,Render,1,320.300,39.430456400,39.430477300,39.430477300,39.430797600,1/1/1
6568,5992,Render,1,318.100,37.928762400,37.929104200,37.929104200,37.929422300,1/10/1
6568,5992,Render,1,317.900,40.845106700,40.845204600,40.845204600,40.845522500,1/10/1
6568,5992,Render,1,317.600,34.583315600,34.583362900,34.583362900,34.583680500,1/10/1
6568,5992,Render,1,317.300,32.194697100,32.195024700,32.195024700,32.195342000,1/10/1
6568,5992,Render,1,315.700,22.861904800,22.861932300,22.861932300,22.862248000,1/10/1
6568,5992,Render,1,315.100,31.211300000,31.211655600,31.211655600,31.211970700,1/10/1
6568,4612,Render,1,314.900,38.994661600,38.994748600,38.994748600,38.995063500,1/1/1
6568,5992,Render,1,314.500,25.678424900,25.678727300,25.678727300,25.679041800,1/10/1
6568,5992,Render,1,313.000,28.827850700,28.828231600,28.828231600,28.828544600,1/10/1
6568,5992,Render,1,312.600,37.111125300,37.111188800,37.111188800,37.111501400,1/10/1
6568,4612,Render,1,311.700,37.744762200,37.744852200,37.744852200,37.745163900,1/1/1
6568,5992,Render,1,310.000,22.115577700,22.115601500,22.115601500,22.115911500,1/10/1
6568,5992,Render,1,310.000,37.331164800,37.331209100,37.331209100,37.331519100,1/10/1
6568,4612,Render,1,309.500,25.396164300,25.396327700,25.396327700,25.396637200,1/1/1
6568,4612,Render,1,307.400,40.078015300,40.078105700,40.078105700,40.078413100,1/1/1
6568,4612,Render,1,307.300,22.977592800,22.977673100,22.977673100,22.977980400,1/1/1
6568,5992,Render,1,306.900,22.017913100,22.017981700,22.017981700,22.018288600,1/10/1
6568,4612,Render,1,306.600,26.361139700,26.361245400,26.361245400,26.361552000,1/1/1
6568,5992,Render,1,304.700,34.624346900,34.624418500,34.624418500,34.624723200,1/10/1
6568,4612,Render,1,304.500,41.311460800,41.311571300,41.311571300,41.311875800,1/1/1
6568,5992,Render,1,304.400,40.609653700,40.609716100,40.609716100,40.610020500,1/10/1
6568,4612,Render,1,303.200,22.277600200,22.277703900,22.277703900,22.278007100,1/1/1
6568,4612,Render,1,303.200,39.694715200,39.694818000,39.694818000,39.695121200,1/1/1
6568,4612,Render,1,302.200,36.328021500,36.328126800,36.328126800,36.328429000,1/1/1
6568,4612,Render,1,302.100,39.178062500,39.178162300,39.178162300,39.178464400,1/1/1
6568,4612,Render,1,301.900,31.194591000,31.194701800,31.194701800,31.195003700,1/1/1
6568,4612,Render,1,301.800,25.744346700,25.744450600,25.744450600,25.744752400,1/1/1
6568,5992,Render,1,301.700,22.907753800,22.907762300,22.908138900,22.908440600,1/10/1
6568,5992,Render,1,301.600,37.766883700,37.766950100,37.766950100,37.767251700,1/10/1
6568,4612,Render,1,301.000,24.677609400,24.677710200,24.677710200,24.678011200,1/1/1
6568,5992,Render,1,300.900,29.708636600,29.708698600,29.708698600,29.708999500,1/10/1
6568,4612,Render,1,300.700,28.395852200,28.396107800,28.396107800,28.396408500,1/1/1
6568,4612,Render,1,300.700,29.477853100,29.477954100,29.477954100,29.478254800,1/1/1
6568,5992,Render,1,300.700,38.267170500,38.267188300,38.267188300,38.267489000,1/10/1
6568,4612,Render,1,300.500,39.128068400,39.128157200,39.128157200,39.128457700,1/1/1
6568,4612,Render,1,299.700,38.727999200,38.728093100,38.728093100,38.728392800,1/1/1
6568,5992,Render,1,299.500,38.442317500,38.442338900,38.442338900,38.442638400,1/10/1
6568,4612,Render,1,299.200,31.477954400,31.477988200,31.477988200,31.478287400,1/1/1
6568,4612,Render,1,297.800,40.828055400,40.828131300,40.828131300,40.828429100,1/1/1
6568,4612,Render,1,296.900,29.377726000,29.377798400,29.377798400,29.378095300,1/1/1
6568,4612,Render,1,296.700,22.144333800,22.144458100,22.144458100,22.144754800,1/1/1
6568,4612,Render,1,296.500,28.727667900,28.727737900,28.727737900,28.728034400,1/1/1
6568,4612,Render,1,294.600,31.377739300,31.377808500,31.377808500,31.378103100,1/1/1
6568,5992,Render,1,294.300,21.894636300,21.894712300,21.894712300,21.895006600,1/10/1
6568,5992,Render,1,294.100,28.386769700,28.386791200,28.386791200,28.387085300,1/10/1
6568,4612,Render,1,294.100,41.678192900,41.678285700,41.678285700,41.678579800,1/1/1
6568,5992,Render,1,293.900,41.502195200,41.502219200,41.502219200,41.502513100,1/10/1
6568,4612,Render,1,293.600,30.877786400,30.877863700,30.877863700,30.878157300,1/1/1
6568,5992,Render,1,293.200,40.654206900,40.654234300,40.654234300,40.654527500,1/10/1
6568,4612,Render,1,292.800,29.911110500,29.911188700,29.911188700,29.911481500,1/1/1
6568,5992,Render,1,291.700,29.881743500,29.881769200,29.881769200,29.882060900,1/10/1
6568,5992,Render,1,291.500,28.427735200,28.427754700,28.427754700,28.428046200,1/10/1
6568,4612,Render,1,291.400,36.744705200,36.744812100,36.744812100,36.745103500,1/1/1
6568,5992,Render,1,290.900,36.395691200,36.395924000,36.395924000,36.396214900,1/10/1
6568,5992,Render,1,290.900,38.087529500,38.087555100,38.087555100,38.087846000,1/10/1
6568,5992,Render,1,290.700,41.284454700,41.284478800,41.284478800,41.284769500,1/10/1
6568,5992,Render,1,290.000,34.061482100,34.061792200,34.061792200,34.062082200,1/10/1
6568,4612,Render,1,289.600,23.944206400,23.944307400,23.944307400,23.944597000,1/1/1
6568,4612,Render,1,289.300,25.110926600,25.111004700,25.111004700,25.111294000,1/1/1
6568,5992,Render,1,289.100,37.717600400,37.717618800,37.717618800,37.717907900,1/10/1
6568,5992,Render,1,288.900,38.351662400,38.351689900,38.351689900,38.351978800,1/10/1
6568,5992,Render,1,288.100,22.294772100,22.294832700,22.294832700,22.295120800,1/10/1
6568,4612,Render,1,287.400,32.627809300,32.627884700,32.627884700,32.628172100,1/1/1
6568,4612,Render,1,287.300,35.694621300,35.694717400,35.694717400,35.695004700,1/1/1
6568,4612,Render,1,286.800,29.694480100,29.694575600,29.694575600,29.694862400,1/1/1
6568,4612,Render,1,286.600,41.228073600,41.228149600,41.228149600,41.228436200,1/1/1
6568,4612,Render,1,286.500,22.844222100,22.844298400,22.844298400,22.844584900,1/1/1
6568,4612,Render,1,286.300,22.044118400,22.044185600,22.044185600,22.044471900,1/1/1
6568,5992,Render,1,285.900,41.648608200,41.648632500,41.648632500,41.648918400,1/10/1
6568,4612,Render,1,285.800,23.760905200,23.761004000,23.761004000,23.761289800,1/1/1
6568,4612,Render,1,285.500,26.661038200,26.661121400,26.661121400,26.661406900,1/1/1
6568,4612,Render,1,285.000,37.361269700,37.361346000,37.361346000,37.361631000,1/1/1
6568,4612,Render,1,284.600,37.911295000,37.911370600,37.911370600,37.911655200,1/1/1
6568,4612,Render,1,284.600,39.394643100,39.394712500,39.394712500,39.394997100,1/1/1
6568,4612,Render,1,283.500,32.261160100,32.261260000,32.261260000,32.261543500,1/1/1
6568,5992,Render,1,283.000,27.775487900,27.775514800,27.775514800,27.775797800,1/10/1
6568,4612,Render,1,282.700,29.527744900,29.527835700,29.527835700,29.528118400,1/1/1
6568,4612,Render,1,281.200,34.694600600,34.694674100,34.694674100,34.694955300,1/1/1
6568,4612,Render,1,280.400,38.211308500,38.211401600,38.211401600,38.211682000,1/1/1
6568,4612,Render,1,280.100,23.427697600,23.427797400,23.427797400,23.428077500,1/1/1
6568,4612,Render,1,279.900,37.611318000,37.611388600,37.611388600,37.611668500,1/1/1
6568,4612,Render,1,279.700,39.911344400,39.911419600,39.911419600,39.911699300,1/1/1
6568,5992,Render,1,279.200,24.043249800,24.043275000,24.043275000,24.043554200,1/10/1
6568,4612,Render,1,279.000,32.311080600,32.311151300,32.311151300,32.311430300,1/1/1
6568,4612,Render,1,278.900,38.161382400,38.161472700,38.161472700,38.161751600,1/1/1
6568,4612,Render,1,278.500,34.261326300,34.261417000,34.261417000,34.261695500,1/1/1
6568,5992,Render,1,278.300,32.470662900,32.470730300,32.470730300,32.471008600,1/10/1
6568,4612,Render,1,278.200,41.578226300,41.578333500,41.578333500,41.578611700,1/1/1
6568,4612,Render,1,277.800,36.561258200,36.561342300,36.561342300,36.561620100,1/1/1
6568,4612,Render,1,277.000,30.694454500,30.694526700,30.694526700,30.694803700,1/1/1
6568,5992,Render,1,276.900,23.571889200,23.571906900,23.571950800,23.572227700,1/10/1
6568,5992,Render,1,276.400,28.175384200,28.175412200,28.175412200,28.175688600,1/10/1
6568,5992,Render,1,275.800,33.625400800,33.625428500,33.625428500,33.625704300,1/10/1
6568,4612,Render,1,275.400,28.160972600,28.161045100,28.161045100,28.161320500,1/1/1
6568,5992,Render,1,274.900,28.217038000,28.217062400,28.217062400,28.217337300,1/10/1
6568,5992,Render,1,274.800,40.478198500,40.478268700,40.478268700,40.478543500,1/10/1
6568,5992,Render,1,274.700,34.708189100,34.708280200,34.708280200,34.708554900,1/10/1
6568,4612,Render,1,274.500,37.094655100,37.094731000,37.094731000,37.095005500,1/1/1
6568,4612,Render,1,274.100,26.060919300,26.061002200,26.061002200,26.061276300,1/1/1
6568,4612,Render,1,272.300,35.094468100,35.094538200,35.094538200,35.094810500,1/1/1
6568,4612,Render,1,271.900,32.361200900,32.361290300,32.361290300,32.361562200,1/1/1
6568,5992,Render,1,271.500,27.375692500,27.375718700,27.375718700,27.375990200,1/10/1
6568,4612,Render,1,271.500,27.677584300,27.677650000,27.677650000,27.677921500,1/1/1
6568,4612,Render,1,271.300,23.677516000,23.677587300,23.677587300,23.677858600,1/1/1
6568,5992,Render,1,269.700,29.544686500,29.544696800,29.544696800,29.544966500,1/10/1
6568,5992,Render,1,269.500,36.482748800,36.482773600,36.482773600,36.483043100,1/10/1
6568,4612,Render,1,269.500,40.961507700,40.961535900,40.961535900,40.961805400,1/1/1
6568,5992,Render,1,269.300,38.698462400,38.698497300,38.698497300,38.698766600,1/10/1
6568,5992,Render,1,269.200,34.898759200,34.898776100,34.898776100,34.899045300,1/10/1
6568,4612,Render,1,269.000,24.160871600,24.160941300,24.160941300,24.161210300,1/1/1
6568,4612,Render,1,268.300,28.894336900,28.894406300,28.894406300,28.894674600,1/1/1
6568,4612,Render,1,267.700,26.577607300,26.577687200,26.577687200,26.577954900,1/1/1
6568,4612,BLT,1,267.600,33.347279000,33.347917000,33.347917000,33.348184600,1/1/1
6568,5992,Render,1,267.300,34.403493900,34.403519000,34.403519000,34.403786300,1/10/1
6568,5992,Render,1,266.400,23.877486000,23.877512500,23.877512500,23.877778900,1/10/1
6568,5992,Render,1,266.100,27.904874900,27.904894200,27.904894200,27.905160300,1/10/1
6568,5992,Render,1,265.000,24.341720000,24.341807600,24.341807600,24.342072600,1/10/1
6568,5992,Render,1,264.100,25.902893200,25.902919700,25.902919700,25.903183800,1/10/1
6568,5992,Render,1,263.600,30.143223200,30.143314100,30.143314100,30.143577700,1/10/1
6568,4612,BLT,1,262.800,31.346022700,31.346669200,31.346669200,31.346932000,1/1/1
6568,5992,Render,1,262.800,32.690741600,32.690794000,32.690794000,32.691056800,1/10/1
6568,5992,Render,1,261.700,36.251920300,36.251939700,36.251939700,36.252201400,1/10/1
6568,5992,Render,1,260.900,39.093337500,39.093358400,39.093358400,39.093619300,1/10/1
6568,4612,Render,1,260.700,26.077673800,26.077740900,26.077740900,26.078001600,1/1/1
6568,4612,Render,1,260.200,29.544343800,29.544390700,29.544390700,29.544650900,1/1/1
6568,5992,Render,1,259.900,34.195006600,34.195030100,34.195030100,34.195290000,1/10/1
6568,5992,Render,1,259.600,26.633485100,26.633509800,26.633509800,26.633769400,1/10/1
6568,5992,Render,1,259.500,22.731433100,22.731464900,22.731464900,22.731724400,1/10/1
6568,5992,Render,1,259.000,25.675449300,25.675476100,25.675476100,25.675735100,1/10/1
6568,4612,Render,1,258.500,32.677837800,32.677914800,32.677914800,32.678173300,1/1/1
6568,4612,Render,1,258.400,34.194663800,34.194722500,34.194722500,34.194980900,1/1/1
6568,5992,Render,1,258.400,38.922002700,38.922030400,38.922030400,38.922288800,1/10/1
6568,5992,Render,1,257.700,24.740169000,24.740229600,24.740229600,24.740487300,1/10/1
6568,4612,BLT,1,256.800,23.066268300,23.066873500,23.066873500,23.067130300,1/1/1
6568,5992,Render,1,256.600,41.117971500,41.117996300,41.117996300,41.118252900,1/10/1
6568,5992,Render,1,256.500,27.551174600,27.551206000,27.551206000,27.551462500,1/10/1
6568,4612,Render,1,256.400,36.027843400,36.027904300,36.027904300,36.028160700,1/1/1
6568,5992,Render,1,255.300,30.101717800,30.101747100,30.101747100,30.102002400,1/10/1
6568,5992,Render,1,254.800,40.614725900,40.614739200,40.615073400,40.615328200,1/10/1
6568,5992,Render,1,254.600,31.669488000,31.669514000,31.669514000,31.669768600,1/10/1
6568,5992,Render,1,254.000,40.051417300,40.051470400,40.051470400,40.051724400,1/10/1
6568,5992,Render,1,252.900,40.434669600,40.434693700,40.434693700,40.434946600,1/10/1
6568,5992,Render,1,252.100,31.625258200,31.625284400,31.625284400,31.625536500,1/10/1
6568,5992,Render,1,251.800,30.503526600,30.503540400,30.503876000,30.504127800,1/10/1
6568,5992,Render,1,249.900,24.259335000,24.259395800,24.259395800,24.259645700,1/10/1
6568,5992,Render,1,249.300,25.718286100,25.718304600,25.718304600,25.718553900,1/10/1
6568,5992,Render,1,248.900,28.908149700,28.908218000,28.908218000,28.908466900,1/10/1
6568,5992,Render,1,248.500,39.881843500,39.881869400,39.882205200,39.882453700,1/10/1
6568,5992,Render,1,248.200,25.633629200,25.633646600,25.633975400,25.634223600,1/10/1
6568,5992,Render,1,247.300,40.571673000,40.571686700,40.572026500,40.572273800,1/10/1
6568,5992,Render,1,246.800,31.500291700,31.500305300,31.500642500,31.500889300,1/10/1
6568,5992,Render,1,246.100,31.542899600,31.542915400,31.543259100,31.543505200,1/10/1
6568,5992,Render,1,244.600,22.331706700,22.331755800,22.331755800,22.332000400,1/10/1
6568,4612,Render,1,244.500,26.160947300,26.160991700,26.160991700,26.161236200,1/1/1
6568,5992,Render,1,244.500,30.498416400,30.498462500,30.498462500,30.498707000,1/10/1
6568,5992,Render,1,244.500,32.741689900,32.741703200,32.742160600,32.742405100,1/10/1
6568,5992,Render,1,244.200,32.603703800,32.603717300,32.604049600,32.604293800,1/10/1
6568,5992,Render,1,243.500,23.003073200,23.003087300,23.003467000,23.003710500,1/10/1
6568,5992,Render,1,243.300,39.798356700,39.798370100,39.798683900,39.798927200,1/10/1
6568,5992,Render,1,242.400,31.584414800,31.584428200,31.584768600,31.585011000,1/10/1
6568,4612,BLT,1,242.000,23.229769800,23.229790300,23.229790300,23.230032300,1/1/1
6568,5992,Render,1,242.000,25.681062600,25.681075600,25.681391300,25.681633300,1/10/1
6568,5992,Render,1,241.300,25.908036100,25.908049700,25.908356300,25.908597600,1/10/1
6568,5992,Render,1,240.700,23.697289100,23.697305600,23.697568600,23.697809300,1/10/1
6568,5992,Render,1,239.100,32.653371000,32.653395200,32.653742500,32.653981600,1/10/1
6568,5992,Render,1,238.900,25.552308900,25.552322100,25.552669100,25.552908000,1/10/1
6568,5992,Render,1,238.800,30.406605100,30.406623800,30.406976200,30.407215000,1/10/1
6568,4612,BLT,1,238.800,31.413466700,31.413491100,31.413491100,31.413729900,1/1/1
6568,5992,Render,1,238.000,29.757288800,29.757302500,29.757631100,29.757869100,1/10/1
6568,5992,Render,1,237.900,24.744464700,24.744631700,24.744631700,24.744869600,1/10/1
6568,5992,Render,1,237.200,38.970574400,38.970596600,38.970912900,38.971150100,1/10/1
6568,5992,Render,1,236.900,25.593556900,25.593569900,25.593913500,25.594150400,1/10/1
6568,4612,BLT,1,236.300,35.830160500,35.830176800,35.830176800,35.830413100,1/1/1
6568,4612,BLT,1,236.200,33.463809600,33.463830600,33.463830600,33.464066800,1/1/1
6568,4612,BLT,1,236.000,37.779910600,37.779931500,37.779931500,37.780167500,1/1/1
6568,5992,Render,1,236.000,38.744887800,38.745047200,38.745047200,38.745283200,1/10/1
6568,5992,Render,1,236.000,38.883317300,38.883330900,38.883669900,38.883905900,1/10/1
6568,4612,BLT,1,234.800,33.413465200,33.413500100,33.413500100,33.413734900,1/1/1
6568,5992,Render,1,234.100,34.856615300,34.856629400,34.856949400,34.857183500,1/10/1
6568,5992,Render,1,233.900,30.364559100,30.364572400,30.364903300,30.365137200,1/10/1
6568,5992,Render,1,233.900,33.803413100,33.803427000,33.803752800,33.803986700,1/10/1
6568,4612,BLT,1,233.900,35.780257900,35.780274700,35.780274700,35.780508600,1/1/1
6568,4612,BLT,1,233.700,31.313493000,31.313508000,31.313508000,31.313741700,1/1/1
6568,5992,Render,1,233.200,23.654265400,23.654278600,23.654605100,23.654838300,1/10/1
6568,4612,BLT,1,233.000,25.262970300,25.262995500,25.262995500,25.263228500,1/1/1
6568,5992,Render,1,232.300,40.659584600,40.659599200,40.659916000,40.660148300,1/10/1
6568,4612,BLT,1,232.000,37.830051600,37.830067000,37.830067000,37.830299000,1/1/1
6568,4612,BLT,1,231.700,27.246191700,27.246211900,27.246211900,27.246443600,1/1/1
6568,5992,Render,1,231.700,33.715028900,33.715042300,33.715382900,33.715614600,1/10/1
6568,5992,Render,1,231.700,34.939988000,34.940001600,34.940332300,34.940564000,1/10/1
6568,4612,BLT,1,231.400,23.012986600,23.013024300,23.013024300,23.013255700,1/1/1
6568,5992,Render,1,231.400,38.926948100,38.926961900,38.927313200,38.927544600,1/10/1
6568,4612,BLT,1,231.300,40.180266100,40.180286200,40.180286200,40.180517500,1/1/1
6568,5992,Render,1,231.200,29.671788900,29.671803500,29.672127000,29.672358200,1/10/1
6568,4612,BLT,1,231.200,40.130486800,40.130501300,40.130501300,40.130732500,1/1/1
6568,4612,BLT,1,230.800,31.479989000,31.480004900,31.480004900,31.480235700,1/1/1
6568,4612,BLT,1,230.700,23.262344200,23.262818400,23.263608300,23.263839000,1/1/1
6568,4612,BLT,1,230.400,35.863263900,35.863279400,35.863279400,35.863509800,1/1/1
6568,4612,BLT,1,230.000,33.364143000,33.364163700,33.364163700,33.364393700,1/1/1
6568,4612,BLT,1,229.500,23.129769900,23.129784800,23.129784800,23.130014300,1/1/1
6568,4612,BLT,1,229.500,25.296267600,25.296292100,25.296292100,25.296521600,1/1/1
6568,4612,BLT,1,229.300,33.313432000,33.313447100,33.313447100,33.313676400,1/1/1
6568,4612,BLT,1,229.200,22.979618900,22.979633500,22.979633500,22.979862700,1/1/1
6568,4612,BLT,1,229.100,23.214214200,23.214600500,23.215391500,23.215620600,1/1/1
6568,4612,BLT,1,229.000,40.163134100,40.163154400,40.163154400,40.163383400,1/1/1
6568,4612,BLT,1,228.900,33.446714400,33.446734700,33.446734700,33.446963600,1/1/1
6568,4612,BLT,1,228.700,31.430299200,31.430316800,31.430316800,31.430545500,1/1/1
6568,5992,Render,1,228.500,37.723104700,37.723148500,37.723504700,37.723733200,1/10/1
6568,4612,BLT,1,228.100,40.230136700,40.230152000,40.230152000,40.230380100,1/1/1
6568,4612,BLT,1,227.800,22.929767500,22.929782200,22.929782200,22.930010000,1/1/1
6568,4612,BLT,1,227.600,27.113081000,27.113101000,27.113101000,27.113328600,1/1/1
6568,4612,BLT,1,227.600,31.363303900,31.363318800,31.363318800,31.363546400,1/1/1
6568,4612,BLT,1,227.500,29.479959000,29.479988900,29.479988900,29.480216400,1/1/1
6568,4612,BLT,1,227.400,23.029642300,23.029661700,23.029661700,23.029889100,1/1/1
6568,4612,BLT,1,227.400,40.231060700,40.231075000,40.231075000,40.231302400,1/1/1
6568,4612,BLT,1,227.200,29.413209600,29.413238600,29.413238600,29.413465800,1/1/1
6568,4612,BLT,1,227.100,23.279843800,23.279859900,23.279859900,23.280087000,1/1/1
6568,4612,BLT,1,227.000,33.397062500,33.397082300,33.397082300,33.397309300,1/1/1
6568,4612,BLT,1,226.800,25.213457800,25.213478700,25.213478700,25.213705500,1/1/1
6568,5992,Render,1,226.800,38.133071800,38.133085000,38.133420600,38.133647400,1/10/1
6568,5992,Render,1,226.500,34.814508300,34.814523800,34.814892900,34.815119400,1/10/1
6568,5992,Render,1,226.400,34.898809300,34.898822800,34.899045300,34.899271700,1/10/1
6568,4612,BLT,1,226.300,29.430354300,29.430370700,29.430370700,29.430597000,1/1/1
6568,5992,Render,1,225.600,38.272386900,38.272400600,38.272730200,38.272955800,1/10/1
6568,4612,BLT,1,225.500,25.112892100,25.112907200,25.112907200,25.113132700,1/1/1
6568,4612,BLT,1,225.300,22.912819800,22.912835200,22.912835200,22.913060500,1/1/1
6568,4612,BLT,1,225.100,37.796866800,37.796887600,37.796887600,37.797112700,1/1/1
6568,4612,BLT,1,225.000,29.363051300,29.363071500,29.363071500,29.363296500,1/1/1
6568,4612,BLT,1,224.200,31.379651600,31.379671200,31.379671200,31.379895400,1/1/1
6568,4612,BLT,1,224.200,37.729925800,37.729941600,37.729941600,37.730165800,1/1/1
6568,4612,BLT,1,224.100,25.182392200,25.182824700,25.184170700,25.184394800,1/1/1
6568,4612,BLT,1,223.900,23.165375800,23.165892500,23.166672500,23.166896400,1/1/1
6568,4612,BLT,1,223.700,35.880127300,35.880142200,35.880142200,35.880365900,1/1/1
6568,4612,BLT,1,223.500,35.730007600,35.730022800,35.730022800,35.730246300,1/1/1
6568,4612,BLT,1,223.300,27.196366400,27.196381900,27.196381900,27.196605200,1/1/1
6568,4612,BLT,1,223.200,37.746855900,37.746872000,37.746872000,37.747095200,1/1/1
6568,4612,BLT,1,222.700,35.713705900,35.714240500,35.715588800,35.715811500,1/1/1
6568,4612,BLT,1,222.300,25.146328800,25.146357900,25.146357900,25.146580200,1/1/1
6568,4612,BLT,1,222.300,29.379697900,29.379715300,29.379715300,29.379937600,1/1/1
6568,4612,BLT,1,222.300,40.264474600,40.264494800,40.264494800,40.264717100,1/1/1
6568,4612,BLT,1,222.200,29.313139100,29.313153700,29.313153700,29.313375900,1/1/1
6568,4612,BLT,1,222.100,40.111925300,40.111947000,40.111947000,40.112169100,1/1/1
6568,4612,BLT,1,221.900,22.962871300,22.962885800,22.962885800,22.963107700,1/1/1
6568,4612,BLT,1,221.900,23.115677900,23.116156300,23.116936200,23.117158100,1/1/1
6568,4612,BLT,1,221.900,35.811785200,35.812367700,35.813139800,35.813361700,1/1/1
6568,4612,BLT,1,221.800,23.080176900,23.080196600,23.080196600,23.080418400,1/1/1
6568,4612,Render,1,221.700,23.760905200,23.761384700,23.761640600,23.761862300,1/1/1
6568,4612,BLT,1,221.300,31.463248200,31.463270000,31.463270000,31.463491300,1/1/1
6568,4612,BLT,1,221.100,29.463260700,29.463276500,29.463276500,29.463497600,1/1/1
6568,5992,Render,1,220.700,39.840642800,39.840658600,39.840940000,39.841160700,1/10/1
6568,4612,Render,1,220.700,40.230583300,40.230607200,40.230607200,40.230827900,1/1/1
6568,4612,BLT,1,220.400,23.063027200,23.063540300,23.064889100,23.065109500,1/1/1
6568,4612,BLT,1,219.800,27.296327100,27.296345200,27.296345200,27.296565000,1/1/1
6568,4612,BLT,1,219.600,23.179754700,23.179769400,23.179769400,23.179989000,1/1/1
6568,4612,BLT,1,219.400,25.196296100,25.196310800,25.196310800,25.196530200,1/1/1
6568,4612,BLT,1,219.000,27.163877100,27.163892500,27.163892500,27.164111500,1/1/1
6568,4612,BLT,1,218.500,25.245907600,25.245927400,25.245927400,25.246145900,1/1/1
6568,5992,Render,1,218.500,26.638614900,26.638630400,26.638952200,26.639170700,1/10/1
6568,4612,BLT,1,218.400,35.764733400,35.765246800,35.766017400,35.766235800,1/1/1
6568,4612,BLT,1,218.300,27.146338900,27.146364500,27.146364500,27.146582800,1/1/1
6568,4612,BLT,1,216.700,33.344124100,33.344563700,33.345951000,33.346167700,1/1/1
6568,5992,Render,1,216.500,22.693226800,22.693254100,22.693254100,22.693470600,1/10/1
6568,4612,BLT,1,215.700,29.452640200,29.453158000,29.454473000,29.454688700,1/1/1
6568,4612,Render,1,215.500,28.160972600,28.161426000,28.161702900,28.161918400,1/1/1
6568,4612,BLT,1,215.500,40.280238100,40.280253200,40.280253200,40.280468700,1/1/1
6568,4612,BLT,1,215.400,37.869755800,37.870301700,37.871575000,37.871790400,1/1/1
6568,4612,BLT,1,214.900,40.210821600,40.211315700,40.212616100,40.212831000,1/1/1
6568,4612,BLT,1,214.800,23.113188700,23.113685100,23.115030400,23.115245200,1/1/1
6568,4612,BLT,1,214.400,23.259956800,23.260394700,23.261701200,23.261915600,1/1/1
6568,4612,BLT,1,214.300,37.879867000,37.879882000,37.879882000,37.880096300,1/1/1
6568,4612,BLT,1,214.200,23.211662400,23.212174800,23.213475300,23.213689500,1/1/1
6568,4612,BLT,1,213.600,35.762272100,35.762768100,35.764111700,35.764325300,1/1/1
6568,4612,BLT,1,213.500,35.856993700,35.857427000,35.858712900,35.858926400,1/1/1
6568,4612,BLT,1,212.600,37.770453200,37.770937600,37.772244000,37.772456600,1/1/1
6568,4612,BLT,1,212.500,23.162989300,23.163419300,23.164761200,23.164973700,1/1/1
6568,4612,BLT,1,212.000,29.298854500,29.299171600,29.300448800,29.300660800,1/1/1
6568,4612,BLT,1,211.800,40.258799900,40.259329400,40.260646700,40.260858500,1/1/1
6568,4612,BLT,1,211.700,27.182537300,27.183082000,27.184407400,27.184619100,1/1/1
6568,4612,BLT,1,211.200,22.952255200,22.952762600,22.954060600,22.954271800,1/1/1
6568,4612,BLT,1,210.600,27.236454400,27.236951300,27.238234700,27.238445300,1/1/1
6568,4612,BLT,1,210.300,37.817859300,37.818305100,37.819620700,37.819831000,1/1/1
6568,4612,BLT,1,210.200,27.134790100,27.135231100,27.136529400,27.136739600,1/1/1
6568,4612,BLT,1,210.000,23.000927300,23.001432500,23.002717400,23.002927400,1/1/1
6568,5992,Render,1,209.800,25.865347000,25.865373000,25.865709900,25.865919700,1/10/1
6568,4612,BLT,1,209.700,31.451887000,31.452088900,31.453384800,31.453594500,1/1/1
6568,4612,BLT,1,209.700,33.391596800,33.392092200,33.393464700,33.393674400,1/1/1
6568,4612,BLT,1,209.700,33.491799400,33.492222500,33.493573800,33.493783500,1/1/1
6568,5992,Render,1,209.400,33.759946400,33.759969500,33.760296300,33.760505700,1/10/1
6568,4612,BLT,1,208.800,33.441401200,33.441864100,33.443175400,33.443384200,1/1/1
6568,4612,Render,1,208.700,32.311080600,32.311533600,32.311779400,32.311988100,1/1/1
6568,4612,BLT,1,208.700,40.158422900,40.158911100,40.160210800,40.160419500,1/1/1
6568,5992,Render,1,208.400,29.454793900,29.454809100,29.455187000,29.455395400,1/10/1
6568,4612,BLT,1,208.300,37.721126100,37.721600800,37.722921200,37.723129500,1/1/1
6568,4612,BLT,1,208.100,27.291655300,27.292166400,27.293486000,27.293694100,1/1/1
6568,4612,BLT,1,207.600,22.905630100,22.906172900,22.907535600,22.907743200,1/1/1
6568,5992,Render,1,207.600,27.184600500,27.184637000,27.184992600,27.185200200,1/10/1
6568,5992,Render,1,207.600,33.493791900,33.493807500,33.494180100,33.494387700,1/10/1
6568,4612,BLT,1,207.600,35.809305100,35.809815400,35.811144600,35.811352200,1/1/1
6568,5992,Render,1,207.200,37.872525500,37.872540100,37.872918900,37.873126100,1/10/1
6568,4612,BLT,1,206.900,25.241571500,25.242010500,25.243332500,25.243539400,1/1/1
6568,5992,Render,1,206.400,31.407206200,31.407225600,31.407605600,31.407812000,1/10/1
6568,4612,BLT,1,206.000,40.109489600,40.110004100,40.111288800,40.111494800,1/1/1
6568,5992,Render,1,205.600,27.238532500,27.238546000,27.238919400,27.239125000,1/10/1
6568,4612,BLT,1,205.600,31.405182800,31.405550200,31.406883900,31.407089500,1/1/1
6568,4612,BLT,1,205.500,29.402828900,29.403243800,29.404560600,29.404766100,1/1/1
6568,5992,Render,1,205.100,29.404986800,29.405001800,29.405357700,29.405562800,1/10/1
6568,5992,Render,1,204.900,37.819813600,37.819844500,37.820213500,37.820418400,1/10/1
6568,5992,Render,1,204.600,33.443474700,33.443490100,33.443853700,33.444058300,1/10/1
6568,4612,BLT,1,203.900,25.132316900,25.132849900,25.134175400,25.134379300,1/1/1
6568,4612,BLT,1,203.900,25.288449800,25.288906700,25.290260200,25.290464100,1/1/1
6568,5992,Render,1,203.800,32.870237100,32.870250900,32.870578800,32.870782600,1/10/1
6568,5992,Render,1,203.500,37.772532200,37.772546400,37.772916200,37.773119700,1/10/1
6568,5992,Render,1,203.400,33.393653600,33.393688100,33.394059600,33.394263000,1/10/1
6568,4612,BLT,1,202.900,29.352931200,29.353358400,29.354636700,29.354839600,1/1/1
6568,5992,Render,1,202.300,26.864802700,26.864816400,26.865147200,26.865349500,1/10/1
6568,5992,Render,1,201.800,29.301338900,29.301353600,29.301711400,29.301913200,1/10/1
6568,5992,Render,1,201.600,31.453628400,31.453642000,31.454019000,31.454220600,1/10/1
6568,5992,Render,1,201.100,25.243516500,25.243552700,25.243907500,25.244108600,1/10/1
6568,5992,Render,1,200.100,32.826626500,32.826640100,32.826983100,32.827183200,1/10/1
6568,5992,Render,1,200.000,22.954797500,22.954810900,22.955239400,22.955439400,1/10/1
6568,5992,Render,1,199.700,35.715753400,35.715778200,35.716172000,35.716371700,1/10/1
6568,5992,Render,1,199.200,40.160612000,40.160630400,40.160999900,40.161199100,1/10/1
6568,5992,Render,1,198.500,26.825450900,26.825469600,26.825812300,26.826010800,1/10/1
6568,5992,Render,1,198.300,35.858915500,35.858940200,35.859311300,35.859509600,1/10/1
6568,5992,Render,1,198.100,29.355572500,29.355589700,29.356261800,29.356459900,1/10/1
6568,5992,Render,1,198.100,40.112393100,40.112407400,40.112784500,40.112982600,1/10/1
6568,5992,Render,1,197.500,31.765965000,31.765983200,31.766320500,31.766518000,1/10/1
6568,5992,Render,1,197.200,27.136816700,27.136831000,27.137219700,27.137416900,1/10/1
6568,5992,Render,1,196.600,32.782664900,32.782693200,32.783020400,32.783217000,1/10/1
6568,5992,Render,1,196.400,21.852745900,21.852762900,21.853064700,21.853261100,1/10/1
6568,5992,Render,1,196.400,21.937368300,21.937382200,21.937719500,21.937915900,1/10/1
6568,5992,Render,1,196.400,25.185369100,25.185384000,25.185844300,25.186040700,1/10/1
6568,5992,Render,1,195.700,25.134567600,25.134585900,25.134956900,25.135152600,1/10/1
6568,5992,Render,1,195.500,30.586746600,30.586765900,30.587105300,30.587300800,1/10/1
6568,5992,Render,1,195.300,23.910112000,23.910125500,23.910438000,23.910633300,1/10/1
6568,5992,Render,1,194.500,35.498876100,35.498890400,35.499274900,35.499469400,1/10/1
6568,5992,Render,1,194.300,26.780848300,26.780861700,26.781203700,26.781398000,1/10/1
6568,5992,Render,1,193.500,25.723851300,25.723870500,25.724243800,25.724437300,1/10/1
6568,5992,Render,1,193.200,25.291331700,25.291345300,25.292301500,25.292494700,1/10/1
6568,4612,Render,1,192.800,23.213300100,23.213325100,23.213689500,23.213882300,1/1/1
6568,5992,Render,1,191.900,39.056604600,39.056620900,39.056910500,39.057102400,1/10/1
6568,5992,Render,1,191.100,27.293686400,27.293707300,27.294086600,27.294277700,1/10/1
6568,4612,Render,1,190.600,35.763955900,35.763974300,35.764325300,35.764515900,1/1/1
6568,5992,Render,1,189.700,40.213261700,40.213276000,40.213779100,40.213968800,1/10/1
6568,5992,Render,1,189.600,33.975951000,33.975964400,33.976299800,33.976489400,1/10/1
6568,4612,Render,1,188.200,23.164579300,23.164595800,23.164973700,23.165161900,1/1/1
6568,5992,Render,1,187.600,38.314963200,38.314977300,38.315315800,38.315503400,1/10/1
6568,4612,Render,1,185.700,40.111261100,40.111307400,40.111494800,40.111680500,1/1/1
6568,5992,Render,1,185.300,33.888471500,33.888485200,33.888833100,33.889018400,1/10/1
6568,5992,Render,1,184.900,35.064931700,35.064945200,35.065277800,35.065462700,1/10/1
6568,5992,Render,1,183.600,36.631437000,36.631451700,36.631785300,36.631968900,1/10/1
6568,5992,Render,1,183.100,24.308033200,24.308052900,24.308400700,24.308583800,1/10/1
6568,4612,Render,1,182.900,23.261521700,23.261538000,23.261915600,23.262098500,1/1/1
6568,5992,Render,1,182.600,33.298444300,33.298457700,33.298783900,33.298966500,1/10/1
6568,5992,Render,1,182.400,23.739892800,23.739905900,23.740243700,23.740426100,1/10/1
6568,4612,Render,1,182.400,35.811130500,35.811160000,35.811352200,35.811534600,1/1/1
6568,5992,Render,1,182.000,41.739527000,41.739541600,41.740024500,41.740206500,1/10/1
6568,5992,Render,1,181.800,41.033817900,41.033836900,41.034159500,41.034341300,1/10/1
6568,5992,Render,1,181.800,41.653695800,41.653709300,41.654009000,41.654190800,1/10/1
6568,5992,Render,1,181.500,33.932538400,33.932565100,33.932871000,33.933052500,1/10/1
6568,5992,Render,1,181.200,29.214335700,29.214348700,29.214678700,29.214859900,1/10/1
6568,4612,Render,1,180.900,23.114891500,23.114912400,23.115245200,23.115426100,1/1/1
6568,5992,Render,1,180.200,31.982781700,31.982814500,31.983117900,31.983298100,1/10/1
6568,5992,Render,1,180.200,36.444199300,36.444213500,36.444543900,36.444724100,1/10/1
6568,5992,Render,1,180.200,40.439891300,40.439909800,40.440234800,40.440415000,1/10/1
6568,5992,Render,1,180.100,41.381355900,41.381369600,41.381711600,41.381891700,1/10/1
6568,5992,Render,1,179.700,40.931577400,40.931595900,40.931916600,40.932096300,1/10/1
6568,5992,Render,1,179.300,32.954819000,32.954832800,32.955176800,32.955356100,1/10/1
6568,5992,Render,1,178.500,39.970538800,39.970552200,39.970880400,39.971058900,1/10/1
6568,5992,Render,1,178.500,41.465038400,41.465052200,41.465387800,41.465566300,1/10/1
6568,5992,Render,1,178.400,36.721418900,36.721433900,36.721893600,36.722072000,1/10/1
6568,5992,Render,1,178.000,22.210367400,22.210380500,22.210710700,22.210888700,1/10/1
6568,5992,Render,1,178.000,30.715894300,30.715907900,30.716242200,30.716420200,1/10/1
6568,5992,Render,1,178.000,32.432621900,32.432640300,32.432972800,32.433150800,1/10/1
6568,5992,Render,1,177.800,26.726576300,26.726594900,26.726915500,26.727093300,1/10/1
6568,5992,Render,1,177.700,32.283785900,32.283799400,32.284139900,32.284317600,1/10/1
6568,5992,Render,1,177.500,37.505772300,37.505786100,37.506117900,37.506295400,1/10/1
6568,5992,Render,1,177.500,41.077738100,41.077807700,41.078076600,41.078254100,1/10/1
6568,5992,Render,1,177.400,29.167933400,29.167946600,29.168406700,29.168584100,1/10/1
6568,5992,Render,1,177.300,25.087865400,25.087879000,25.088222400,25.088399700,1/10/1
6568,5992,Render,1,177.300,32.561117600,32.561136400,32.561471900,32.561649200,1/10/1
6568,5992,Render,1,177.200,29.257291800,29.257306300,29.257621100,29.257798300,1/10/1
6568,5992,Render,1,177.100,35.320657500,35.320676300,35.320978200,35.321155300,1/10/1
6568,5992,Render,1,176.900,41.551967500,41.551981000,41.552362100,41.552539000,1/10/1
6568,5992,Render,1,176.600,23.532507800,23.532521100,23.532857300,23.533033900,1/10/1
6568,5992,Render,1,176.300,22.120803600,22.120818000,22.121134300,22.121310600,1/10/1
6568,5992,Render,1,176.200,25.422748800,25.422763300,25.423108200,25.423284400,1/10/1
6568,5992,Render,1,176.200,41.609346100,41.609368800,41.609680400,41.609856600,1/10/1
6568,5992,Render,1,176.100,22.777013000,22.777030600,22.777356100,22.777532200,1/10/1
6568,5992,Render,1,176.100,39.197983500,39.197997000,39.198341100,39.198517200,1/10/1
6568,5992,Render,1,175.900,22.065518100,22.065532100,22.065869700,22.066045600,1/10/1
6568,5992,Render,1,175.900,35.991583500,35.991597100,35.991915100,35.992091000,1/10/1
6568,5992,Render,1,175.800,24.875350600,24.875369600,24.875719200,24.875895000,1/10/1
6568,5992,Render,1,175.800,41.163393500,41.163411900,41.163742600,41.163918400,1/10/1
6568,5992,Render,1,175.700,24.264791100,24.264804700,24.265142500,24.265318200,1/10/1
6568,5992,Render,1,175.700,40.983419900,40.983433600,40.983774600,40.983950300,1/10/1
6568,5992,Render,1,175.600,24.603714300,24.603727900,24.604061400,24.604237000,1/10/1
6568,5992,Render,1,175.600,35.542556700,35.542570400,35.542893300,35.543068900,1/10/1
6568,5992,Render,1,175.600,36.674738300,36.674757000,36.675086600,36.675262200,1/10/1
6568,5992,Render,1,175.600,41.334183500,41.334203400,41.334568600,41.334744200,1/10/1
6568,5992,Render,1,175.500,25.377106300,25.377120100,25.377455800,25.377631300,1/10/1
6568,5992,Render,1,175.400,26.467160500,26.467180300,26.467505800,26.467681200,1/10/1
6568,5992,Render,1,175.300,32.197738800,32.197760100,32.198076400,32.198251700,1/10/1
6568,5992,Render,1,175.300,32.339553800,32.339567500,32.339896100,32.340071400,1/10/1
6568,5992,Render,1,175.200,31.674541400,31.674557200,31.674863800,31.675039000,1/10/1
6568,5992,Render,1,175.200,33.214567500,33.214581400,33.214914300,33.215089500,1/10/1
6568,5992,Render,1,175.100,29.126766700,29.126779600,29.127109800,29.127284900,1/10/1
6568,5992,Render,1,175.000,23.826180900,23.826194400,23.826532500,23.826707500,1/10/1
6568,5992,Render,1,175.000,26.338576200,26.338589400,26.338924900,26.339099900,1/10/1
6568,5992,Render,1,174.900,25.992909900,25.992924100,25.993251800,25.993426700,1/10/1
6568,5992,Render,1,174.800,22.336822000,22.336836100,22.337173900,22.337348700,1/10/1
6568,5992,Render,1,174.800,22.430790600,22.430817700,22.431154600,22.431329400,1/10/1
6568,5992,Render,1,174.800,40.848415600,40.848429300,40.848840600,40.849015400,1/10/1
6568,5992,Render,1,174.800,41.425272400,41.425286200,41.425622300,41.425797100,1/10/1
6568,5992,Render,1,174.700,22.605340700,22.605354600,22.605689900,22.605864600,1/10/1
6568,5992,Render,1,174.400,26.207090700,26.207111400,26.207412600,26.207587000,1/10/1
6568,5992,Render,1,174.400,35.671325500,35.671339600,35.671665300,35.671839700,1/10/1
6568,5992,Render,1,174.200,33.168408300,33.168422000,33.168805500,33.168979700,1/10/1
6568,5992,Render,1,174.100,32.386886700,32.386905400,32.387217300,32.387391400,1/10/1
6568,5992,Render,1,174.000,22.252817000,22.252830500,22.253172300,22.253346300,1/10/1
6568,5992,Render,1,174.000,24.390196700,24.390210700,24.390604000,24.390778000,1/10/1
6568,5992,Render,1,174.000,35.582992300,35.583013300,35.583315100,35.583489100,1/10/1
6568,5992,Render,1,174.000,38.448055900,38.448089700,38.448432300,38.448606300,1/10/1
6568,5992,Render,1,174.000,41.123476600,41.123494600,41.123820100,41.123994100,1/10/1
6568,5992,Render,1,173.900,24.049321500,24.049335400,24.049719600,24.049893500,1/10/1
6568,5992,Render,1,173.900,41.204622200,41.204644900,41.204976300,41.205150200,1/10/1
6568,5992,Render,1,173.900,41.289579400,41.289598200,41.289942400,41.290116300,1/10/1
6568,5992,Render,1,173.800,31.854714400,31.854740700,31.855054500,31.855228300,1/10/1
6568,5992,Render,1,173.800,39.757552900,39.757570500,39.757891300,39.758065100,1/10/1
6568,5992,Render,1,173.700,35.403271200,35.403285300,35.403621300,35.403795000,1/10/1
6568,5992,Render,1,173.700,40.757884600,40.757899400,40.758261300,40.758435000,1/10/1
6568,5992,Render,1,173.600,26.425615000,26.425641400,26.425948100,26.426121700,1/10/1
6568,5992,Render,1,173.600,35.457139600,35.457153700,35.457492500,35.457666100,1/10/1
6568,5992,Render,1,173.500,26.683142800,26.683156600,26.683494100,26.683667600,1/10/1
6568,5992,Render,1,173.500,27.088127400,27.088145700,27.088470400,27.088643900,1/10/1
6568,5992,Render,1,173.500,40.309075100,40.309096100,40.309428700,40.309602200,1/10/1
6568,5992,Render,1,173.400,23.869726000,23.869744200,23.870052900,23.870226300,1/10/1
6568,5992,Render,1,173.400,31.941778100,31.941791800,31.942177000,31.942350400,1/10/1
6568,5992,Render,1,173.300,22.166834100,22.166847900,22.167200700,22.167374000,1/10/1
6568,5992,Render,1,173.300,28.614302200,28.614316300,28.614642000,28.614815300,1/10/1
6568,5992,Render,1,173.300,39.627582100,39.627601200,39.627997800,39.628171100,1/10/1
6568,5992,Render,1,173.300,40.484147200,40.484166700,40.484501200,40.484674500,1/10/1
6568,5992,Render,1,173.100,28.222118200,28.222132200,28.222463000,28.222636100,1/10/1
6568,5992,Render,1,173.100,31.297764500,31.297778000,31.298113600,31.298286700,1/10/1
6568,5992,Render,1,173.100,36.897728900,36.897743700,36.898078500,36.898251600,1/10/1
6568,5992,Render,1,173.000,23.404620600,23.404634400,23.405026400,23.405199400,1/10/1
6568,5992,Render,1,173.000,26.251569600,26.251583800,26.251924400,26.252097400,1/10/1
6568,5992,Render,1,172.900,22.736572000,22.736585500,22.736922800,22.737095700,1/10/1
6568,5992,Render,1,172.900,33.040336200,33.040355600,33.040685100,33.040858000,1/10/1
6568,5992,Render,1,172.900,33.082713200,33.082734300,33.083046800,33.083219700,1/10/1
6568,5992,Render,1,172.800,24.182161200,24.182175200,24.182499900,24.182672700,1/10/1
6568,5992,Render,1,172.700,32.025549600,32.025565900,32.025861800,32.026034500,1/10/1
6568,5992,Render,1,172.600,24.225637100,24.225650400,24.226029400,24.226202000,1/10/1
6568,5992,Render,1,172.500,36.354815600,36.354828900,36.355153600,36.355326100,1/10/1
6568,5992,Render,1,172.400,23.963899500,23.963913500,23.964353700,23.964526100,1/10/1
6568,5992,Render,1,172.400,24.006605000,24.006618600,24.006949500,24.007121900,1/10/1
6568,5992,Render,1,172.400,24.560725700,24.560745800,24.561058300,24.561230700,1/10/1
6568,5992,Render,1,172.400,32.065880200,32.065894500,32.066216900,32.066389300,1/10/1
6568,5992,Render,1,172.400,37.675667500,37.675681400,37.676015500,37.676187900,1/10/1
6568,5992,Render,1,172.300,23.307992900,23.308006500,23.308348400,23.308520700,1/10/1
6568,5992,Render,1,172.300,24.136463500,24.136481200,24.136812200,24.136984500,1/10/1
6568,5992,Render,1,172.300,37.377596000,37.377605900,37.377958100,37.378130400,1/10/1
6568,5992,Render,1,172.100,31.126120700,31.126134100,31.126468200,31.126640300,1/10/1
6568,5992,Render,1,172.100,32.155503200,32.155516500,32.155895700,32.156067800,1/10/1
6568,5992,Render,1,172.100,37.293653300,37.293667100,37.294004800,37.294176900,1/10/1
6568,5992,Render,1,172.100,38.400469100,38.400482600,38.400821000,38.400993100,1/10/1
6568,5992,Render,1,172.000,26.124244700,26.124258500,26.124634500,26.124806500,1/10/1
6568,5992,Render,1,171.900,22.519417300,22.519430800,22.519808700,22.519980600,1/10/1
6568,5992,Render,1,171.900,29.973861900,29.973875500,29.974213800,29.974385700,1/10/1
6568,5992,Render,1,171.800,36.166934100,36.166952500,36.167295000,36.167466800,1/10/1
6568,5992,Render,1,171.700,30.900387800,30.900411600,30.900714200,30.900885900,1/10/1
6568,5992,Render,1,171.600,24.432779900,24.432794100,24.433171000,24.433342600,1/10/1
6568,5992,Render,1,171.500,24.706654800,24.706668100,24.706982200,24.707153700,1/10/1
6568,5992,Render,1,171.500,32.240303100,32.240322400,32.240679300,32.240850800,1/10/1
6568,5992,Render,1,171.500,38.843467200,38.843480600,38.843818200,38.843989700,1/10/1
6568,5992,Render,1,171.500,40.352394600,40.352408400,40.352748000,40.352919500,1/10/1
6568,5992,Render,1,171.500,41.781572600,41.781587100,41.781909100,41.782080600,1/10/1
6568,5992,Render,1,171.400,23.783087500,23.783101900,23.783429600,23.783601000,1/10/1
6568,5992,Render,1,171.400,33.126093500,33.126108400,33.126418800,33.126590200,1/10/1
6568,5992,Render,1,171.300,24.516342400,24.516356900,24.516676900,24.516848200,1/10/1
6568,5992,Render,1,171.300,28.952753800,28.952778100,28.953136800,28.953308100,1/10/1
6568,5992,Render,1,171.300,38.491837800,38.491851400,38.492189500,38.492360800,1/10/1
6568,5992,Render,1,171.200,37.027543000,37.027558000,37.027865200,37.028036400,1/10/1
6568,5992,Render,1,171.100,24.830812500,24.830827300,24.831159500,24.831330600,1/10/1
6568,5992,Render,1,171.100,26.554911600,26.554925800,26.555201200,26.555372300,1/10/1
6568,5992,Render,1,171.000,36.214362400,36.214376400,36.214714100,36.214885100,1/10/1
6568,5992,Render,1,170.900,26.509938100,26.509951700,26.510301200,26.510472100,1/10/1
6568,5992,Render,1,170.900,39.149567500,39.149580900,39.149917400,39.150088300,1/10/1
6568,5992,Render,1,170.800,27.824423200,27.824436800,27.824826700,27.824997500,1/10/1
6568,5992,Render,1,170.800,37.336348500,37.336362500,37.336693000,37.336863800,1/10/1
6568,5992,Render,1,170.700,22.648226900,22.648240000,22.648573000,22.648743700,1/10/1
6568,5992,Render,1,170.700,36.488007700,36.488021400,36.488350400,36.488521100,1/10/1
6568,5992,Render,1,170.700,36.856802000,36.856820000,36.857153300,36.857324000,1/10/1
6568,5992,Render,1,170.700,37.116182200,37.116195300,37.116511700,37.116682400,1/10/1
6568,5992,Render,1,170.600,38.356593800,38.356614700,38.356940900,38.357111500,1/10/1
6568,5992,Render,1,170.500,28.306022300,28.306041200,28.306369000,28.306539500,1/10/1
6568,5992,Render,1,170.500,39.497954800,39.497980300,39.498312100,39.498482600,1/10/1
6568,5992,Render,1,170.400,22.475600600,22.475613800,22.475943900,22.476114300,1/10/1
6568,5992,Render,1,170.400,32.475319900,32.475339900,32.475674600,32.475845000,1/10/1
6568,5992,Render,1,170.400,38.051281800,38.051296700,38.051612100,38.051782500,1/10/1
6568,5992,Render,1,170.300,25.044128100,25.044150000,25.044521700,25.044692000,1/10/1
6568,5992,Render,1,170.300,40.800362900,40.800376400,40.800771200,40.800941500,1/10/1
6568,5992,Render,1,170.200,24.785117700,24.785131300,24.785456500,24.785626700,1/10/1
6568,5992,Render,1,170.200,26.906391600,26.906424400,26.906732200,26.906902400,1/10/1
6568,5992,Render,1,170.200,39.927762200,39.927783400,39.928115800,39.928286000,1/10/1
6568,5992,Render,1,170.100,25.950799500,25.950818200,25.951157800,25.951327900,1/10/1
6568,5992,Render,1,170.100,28.872378400,28.872396700,28.872717200,28.872887300,1/10/1
6568,5992,Render,1,170.100,40.056564300,40.056583300,40.056888700,40.057058800,1/10/1
6568,5992,Render,1,170.000,30.997684200,30.997698000,30.998079500,30.998249500,1/10/1
6568,5992,Render,1,170.000,32.516747800,32.516774800,32.517074600,32.517244600,1/10/1
6568,5992,Render,1,170.000,34.197836400,34.197850300,34.198182200,34.198352200,1/10/1
6568,5992,Render,1,170.000,39.542534700,39.542548700,39.542886100,39.543056100,1/10/1
6568,5992,Render,1,169.900,29.042232000,29.042245400,29.042578000,29.042747900,1/10/1
6568,5992,Render,1,169.800,38.616952200,38.616979200,38.617304700,38.617474500,1/10/1
6568,5992,Render,1,169.700,22.821803300,22.821817900,22.822262600,22.822432300,1/10/1
6568,5992,Render,1,169.700,37.158685800,37.158699400,37.159024600,37.159194300,1/10/1
6568,5992,Render,1,169.600,22.023006100,22.023019800,22.023373800,22.023543400,1/10/1
6568,5992,Render,1,169.600,22.949933700,22.949957700,22.949957700,22.950127300,1/10/1
6568,5992,Render,1,169.600,36.123504500,36.123519100,36.123874100,36.124043700,1/10/1
6568,5992,Render,1,169.500,27.335143900,27.335157800,27.335495700,27.335665200,1/10/1
6568,5992,Render,1,169.400,31.256372000,31.256385200,31.256704300,31.256873700,1/10/1
6568,5992,Render,1,169.200,27.643307700,27.643321100,27.643660500,27.643829700,1/10/1
6568,5992,Render,1,169.200,31.898818600,31.898832200,31.899212500,31.899381700,1/10/1
6568,5992,Render,1,169.100,25.334601400,25.334615500,25.335001500,25.335170600,1/10/1
6568,5992,Render,1,169.100,26.035526800,26.035545000,26.035876200,26.036045300,1/10/1
6568,5992,Render,1,169.100,28.043644700,28.043658100,28.043989000,28.044158100,1/10/1
6568,5992,Render,1,169.100,35.902482800,35.902496600,35.902832000,35.903001100,1/10/1
6568,5992,Render,1,169.100,40.714903600,40.714917700,40.715301600,40.715470700,1/10/1
6568,5992,Render,1,169.000,27.599361900,27.599376900,27.599691600,27.599860600,1/10/1
6568,5992,Render,1,168.900,27.909857400,27.909871000,27.910214000,27.910382900,1/10/1
6568,5992,Render,1,168.900,39.671665400,39.671679000,39.672011300,39.672180200,1/10/1
6568,5992,Render,1,168.800,26.993871100,26.993884400,26.994214100,26.994382900,1/10/1
6568,5992,Render,1,168.800,39.457169300,39.457184000,39.457556300,39.457725100,1/10/1
6568,5992,Render,1,168.700,30.107968000,30.107982800,30.108360400,30.108529100,1/10/1
6568,5992,Render,1,168.700,30.322648300,30.322661700,30.322970600,30.323139300,1/10/1
6568,5992,Render,1,168.700,31.810205500,31.810218900,31.810562200,31.810730900,1/10/1
6568,5992,Render,1,168.700,37.931343600,37.931357200,37.931670500,37.931839200,1/10/1
6568,5992,Render,1,168.700,38.659976800,38.659991900,38.660310200,38.660478900,1/10/1
6568,5992,Render,1,168.600,36.941218100,36.941236900,36.941565400,36.941734000,1/10/1
6568,5992,Render,1,168.500,26.949638000,26.949651600,26.950047000,26.950215500,1/10/1
6568,5992,Render,1,168.500,30.759260800,30.759276000,30.759640200,30.759808700,1/10/1
6568,5992,Render,1,168.500,31.723336000,31.723350300,31.723746400,31.723914900,1/10/1
6568,5992,Render,1,168.500,36.533810500,36.533825300,36.534152400,36.534320900,1/10/1
6568,5992,Render,1,168.400,33.256439400,33.256452700,33.256782000,33.256950400,1/10/1
6568,5992,Render,1,168.300,28.264049100,28.264063300,28.264396100,28.264564400,1/10/1
6568,5992,Render,1,168.300,35.116601600,35.116615000,35.116941800,35.117110100,1/10/1
6568,5992,Render,1,168.300,37.633226400,37.633240300,37.633564400,37.633732700,1/10/1
6568,5992,Render,1,168.200,34.588568100,34.588580800,34.588911700,34.589079900,1/10/1
6568,5992,Render,1,168.200,37.200054600,37.200073600,37.200379800,37.200548000,1/10/1
6568,5992,Render,1,168.200,41.507519100,41.507540100,41.507837700,41.508005900,1/10/1
6568,5992,Render,1,168.100,25.003863400,25.003877600,25.004247200,25.004415300,1/10/1
6568,5992,Render,1,168.100,27.865826500,27.865844600,27.866181900,27.866350000,1/10/1
6568,5992,Render,1,168.000,30.950343800,30.950357600,30.950739100,30.950907100,1/10/1
6568,5992,Render,1,167.900,23.593484900,23.593549100,23.593549100,23.593717000,1/5/1
6568,5992,Render,1,167.900,37.072817400,37.072838700,37.073199300,37.073367200,1/10/1
6568,5992,Render,1,167.800,27.380892600,27.380917200,27.381233000,27.381400800,1/10/1
6568,5992,Render,1,167.700,29.502209000,29.502223500,29.502547100,29.502714800,1/10/1
6568,5992,Render,1,167.600,31.083512600,31.083527400,31.083887200,31.084054800,1/10/1
6568,5992,Render,1,167.500,31.040982500,31.040996000,31.041330800,31.041498300,1/10/1
6568,5992,Render,1,167.400,35.198551400,35.198569400,35.198903200,35.199070600,1/10/1
6568,5992,Render,1,167.400,36.984707500,36.984725600,36.985050000,36.985217400,1/10/1
6568,5992,Render,1,167.100,30.280995500,30.281013400,30.281296700,30.281463800,1/10/1
6568,5992,Render,1,166.900,27.556235200,27.556252900,27.556590700,27.556757600,1/10/1
6568,5992,Render,1,166.900,38.576958700,38.576972300,38.577360000,38.577526900,1/10/1
6568,5992,Render,1,166.800,35.158533800,35.158546900,35.158860800,35.159027600,1/10/1
6568,5992,Render,1,166.700,29.886899300,29.886915300,29.887260300,29.887427000,1/10/1
6568,5992,Render,1,166.600,30.059270700,30.059283800,30.059619800,30.059786400,1/10/1
6568,5992,Render,1,166.400,25.781798200,25.781812300,25.782215500,25.782381900,1/10/1
6568,5992,Render,1,166.400,30.148319400,30.148338200,30.148672600,30.148839000,1/10/1
6568,5992,Render,1,166.300,24.916353900,24.916383200,24.916712100,24.916878400,1/10/1
6568,5992,Render,1,166.300,39.584043800,39.584058300,39.584511800,39.584678100,1/10/1
6568,5992,Render,1,166.200,25.467425100,25.467444600,25.467820200,25.467986400,1/10/1
6568,5992,Render,1,166.200,31.167398300,31.167425800,31.167723800,31.167890000,1/10/1
6568,5992,Render,1,166.200,34.500230700,34.500255600,34.500563200,34.500729400,1/10/1
6568,5992,Render,1,166.100,23.490293600,23.490306800,23.490636900,23.490803000,1/10/1
6568,5992,Render,1,165.800,28.180810500,28.180850400,28.181144800,28.181310600,1/10/1
6568,5992,Render,1,165.800,29.835363100,29.835376900,29.835717200,29.835883000,1/10/1
6568,5992,Render,1,165.600,28.475761100,28.475774900,28.476106300,28.476271900,1/10/1
6568,5992,Render,1,165.600,34.325692900,34.325707100,34.326070700,34.326236300,1/10/1
6568,5992,Render,1,165.500,28.091172600,28.091186500,28.091502200,28.091667700,1/10/1
6568,5992,Render,1,165.400,28.703513300,28.703527200,28.703873100,28.704038500,1/10/1
6568,5992,Render,1,165.400,30.192758500,30.192773100,30.193142600,30.193308000,1/10/1
6568,5992,Render,1,165.300,30.016931100,30.016945000,30.017328400,30.017493700,1/10/1
6568,5992,Render,1,165.300,30.854428800,30.854442200,30.854819200,30.854984500,1/10/1
6568,5992,Render,1,165.200,28.392101100,28.392114800,28.392443100,28.392608300,1/10/1
6568,5992,Render,1,165.200,40.891385600,40.891404700,40.891777700,40.891942900,1/10/1
6568,5992,Render,1,165.100,28.520237200,28.520252600,28.520588300,28.520753400,1/10/1
6568,5992,Render,1,165.100,28.789971000,28.789985400,28.790320700,28.790485800,1/10/1
6568,5992,Render,1,165.000,37.590088600,37.590102500,37.590456200,37.590621200,1/10/1
6568,5992,Render,1,164.800,27.739262700,27.739276300,27.739600000,27.739764800,1/10/1
6568,5992,Render,1,164.800,38.787561300,38.787579300,38.787905200,38.788070000,1/10/1
6568,5992,Render,1,164.700,34.366598000,34.366616800,34.366949500,34.367114200,1/10/1
6568,5992,Render,1,164.600,28.349662400,28.349677800,28.350047500,28.350212100,1/10/1
6568,5992,Render,1,164.600,28.657060000,28.657074500,28.657436100,28.657600700,1/10/1
6568,5992,Render,1,164.400,36.302153400,36.302167700,36.302496000,36.302660400,1/10/1
6568,5992,Render,1,164.200,33.537106000,33.537120800,33.537430400,33.537594600,1/10/1
6568,5992,Render,1,164.200,37.243875200,37.243888900,37.244213600,37.244377800,1/10/1
6568,5992,Render,1,164.100,35.240366900,35.240380100,35.240712400,35.240876500,1/10/1
6568,5992,Render,1,164.100,36.585208400,36.585222600,36.585516200,36.585680300,1/10/1
6568,5992,Render,1,164.000,35.627107100,35.627121200,35.627506200,35.627670200,1/10/1
6568,5992,Render,1,164.000,36.037731300,36.037745000,36.038082400,36.038246400,1/10/1
6568,5992,Render,1,163.800,28.134082400,28.134096300,28.134479500,28.134643300,1/10/1
6568,5992,Render,1,163.700,36.257127400,36.257141200,36.257658500,36.257822200,1/10/1
6568,5992,Render,1,163.600,34.283594000,34.283607800,34.283938500,34.284102100,1/10/1
6568,5992,Render,1,163.600,38.092378000,38.092391800,38.092716800,38.092880400,1/10/1
6568,5992,Render,1,163.500,25.824511000,25.824524700,25.824850000,25.825013500,1/10/1
6568,5992,Render,1,163.500,27.998052600,27.998067900,27.998404200,27.998567700,1/10/1
6568,5992,Render,1,163.400,28.560828300,28.560841700,28.561171200,28.561334600,1/10/1
6568,5992,Render,1,163.400,29.590781400,29.590795900,29.591156400,29.591319800,1/10/1
6568,5992,Render,1,163.400,34.981117600,34.981135800,34.981448000,34.981611400,1/10/1
6568,5992,Render,1,163.100,39.099114100,39.099132300,39.099515400,39.099678500,1/10/1
6568,5992,Render,1,163.000,34.759420100,34.759435100,34.759869800,34.760032800,1/10/1
6568,5992,Render,1,162.900,27.425503400,27.425517200,27.425936600,27.426099500,1/10/1
6568,5992,Render,1,162.800,39.243142500,39.243156100,39.243628800,39.243791600,1/10/1
6568,5992,Render,1,162.700,24.093631200,24.093649400,24.093968400,24.094131100,1/10/1
6568,5992,Render,1,162.600,36.766694600,36.766719100,36.767044200,36.767206800,1/10/1
6568,5992,Render,1,162.500,28.747638100,28.747653200,28.747969900,28.748132400,1/10/1
6568,5992,Render,1,162.500,37.419451600,37.419465600,37.419839600,37.420002100,1/10/1
6568,5992,Render,1,162.400,27.036210300,27.036224300,27.036563900,27.036726300,1/10/1
6568,5992,Render,1,162.300,34.408795400,34.408809300,34.409142900,34.409305200,1/10/1
6568,5992,Render,1,162.200,37.973785900,37.973813100,37.974148200,37.974310400,1/10/1
6568,5992,Render,1,162.100,30.672087700,30.672101300,30.672503100,30.672665200,1/10/1
6568,5992,Render,1,162.000,23.360360600,23.360375500,23.360745200,23.360907200,1/10/1
6568,5992,Render,1,162.000,34.449587400,34.449606500,34.449933600,34.450095600,1/10/1
6568,5992,Render,1,161.900,27.466406300,27.466421400,27.466763400,27.466925300,1/10/1
6568,5992,Render,1,161.900,38.703569600,38.703591900,38.703906200,38.704068100,1/10/1
6568,5992,Render,1,161.800,27.781548200,27.781561800,27.781941700,27.782103500,1/10/1
6568,5992,Render,1,161.700,28.432899100,28.432913200,28.433429200,28.433590900,1/10/1
6568,5992,Render,1,161.500,27.289109900,27.289132300,27.289132300,27.289293800,1/10/1
6568,5992,Render,1,161.500,39.371675500,39.371689200,39.372143000,39.372304500,1/10/1
6568,5992,Render,1,160.800,23.209160800,23.209181500,23.209181500,23.209342300,1/10/1
6568,5992,Render,1,160.700,27.696793500,27.696809500,27.697089800,27.697250500,1/10/1
6568,5992,Render,1,160.700,30.235402700,30.235416200,30.235803800,30.235964500,1/10/1
6568,5992,Render,1,160.500,26.380913800,26.380928400,26.381250200,26.381410700,1/10/1
6568,5992,Render,1,160.500,34.020346900,34.020377500,34.020703200,34.020863700,1/10/1
6568,5992,Render,1,159.900,34.102685500,34.102699900,34.103066400,34.103226300,1/10/1
6568,5992,Render,1,159.900,35.024386200,35.024405000,35.024772900,35.024932800,1/10/1
6568,5992,Render,1,159.800,39.285468200,39.285482800,39.285860400,39.286020200,1/10/1
6568,5992,Render,1,159.300,33.585650600,33.585668700,33.586042900,33.586202200,1/10/1
6568,5992,Render,1,159.100,29.083756900,29.083771300,29.084144800,29.084303900,1/10/1
6568,5992,Render,1,159.000,27.952442100,27.952457200,27.952919100,27.953078100,1/10/1
6568,5992,Render,1,158.500,34.240128500,34.240142300,34.240583100,34.240741600,1/10/1
6568,5992,Render,1,158.400,30.809521200,30.809542800,30.809879300,30.810037700,1/10/1
6568,5992,Render,1,158.100,27.132266900,27.132281900,27.132281900,27.132440000,1/10/1
6568,5992,Render,1,156.200,34.672404700,34.672423000,34.672783400,34.672939600,1/10/1
6568,5992,Render,1,155.100,33.675230100,33.675244200,33.675628700,33.675783800,1/10/1
6568,5992,Render,1,154.700,38.533014500,38.533038400,38.533381100,38.533535800,1/10/1
6568,5992,Render,1,152.400,32.110513800,32.110531700,32.110894800,32.111047200,1/10/1
6568,5992,Render,1,139.700,24.475828800,24.475843800,24.476236200,24.476375900,1/10/1
6568,5992,Render,1,134.900,33.494458000,33.494473400,33.494473400,33.494608300,1/10/1
6568,5992,Render,1,133.900,23.572390000,23.572421700,23.572421700,23.572555600,1/10/1
6568,5992,Render,1,131.600,22.949041000,22.949123400,22.949123400,22.949255000,1/10/1
6568,5992,Render,1,126.900,27.294361600,27.294380800,27.294380800,27.294507700,1/10/1
6568,5992,Render,1,126.200,25.284660400,25.284727300,25.284727300,25.284853500,1/10/1
6568,5992,Render,1,126.000,31.494352100,31.494398400,31.494398400,31.494524400,1/10/1
6568,5992,Render,1,125.900,25.244173800,25.244188700,25.244188700,25.244314600,1/10/1
6568,5992,Render,1,119.900,33.394384300,33.394399500,33.394399500,33.394519400,1/10/1
6568,5992,Render,1,116.200,27.288284700,27.288350900,27.288350900,27.288467100,1/10/1
6568,5992,Render,1,115.600,23.159406900,23.159426100,23.159426100,23.159541700,1/10/1
6568,5992,Render,1,115.300,23.109495500,23.109521800,23.109521800,23.109637100,1/10/1
6568,4612,BLT,1,112.200,22.212603300,22.212631500,22.212631500,22.212743700,1/1/1
6568,5992,Render,1,112.000,40.161312800,40.161329600,40.161329600,40.161441600,1/10/1
6568,4612,BLT,1,111.400,30.329313800,30.329335800,30.329335800,30.329447200,1/1/1
6568,4612,BLT,1,110.700,33.179401200,33.179424800,33.179424800,33.179535500,1/1/1
6568,4612,BLT,1,110.600,27.696227400,27.696247900,27.696247900,27.696358500,1/1/1
6568,4612,BLT,1,110.200,39.029969100,39.029992000,39.029992000,39.030102200,1/1/1
6568,4612,BLT,1,109.600,34.101153800,34.101173500,34.101173500,34.101283100,1/1/1
6568,5992,Render,1,109.500,23.208499200,23.208523300,23.208523300,23.208632800,1/10/1
6568,4612,BLT,1,109.100,27.762995800,27.763010500,27.763010500,27.763119600,1/1/1
6568,4612,BLT,1,108.900,25.529344200,25.529364500,25.529364500,25.529473400,1/1/1
6568,4612,BLT,1,108.500,36.764906500,36.764929600,36.764929600,36.765038100,1/1/1
6568,4612,BLT,1,107.900,24.879185100,24.879201200,24.879201200,24.879309100,1/1/1
6568,4612,BLT,1,107.900,35.429793300,35.429830400,35.429830400,35.429938300,1/1/1
6568,4612,BLT,1,107.600,22.146299500,22.146315600,22.146315600,22.146423200,1/1/1
6568,4612,BLT,1,107.300,26.879495200,26.879516800,26.879516800,26.879624100,1/1/1
6568,4612,BLT,1,107.300,36.981510600,36.981536300,36.981536300,36.981643600,1/1/1
6568,4612,BLT,1,107.200,25.962744200,25.962764200,25.962764200,25.962871400,1/1/1
6568,4612,BLT,1,106.900,27.046047600,27.046063500,27.046063500,27.046170400,1/1/1
6568,4612,BLT,1,106.500,23.606855700,23.606870400,23.606870400,23.606976900,1/1/1
6568,4612,BLT,1,106.500,31.862725800,31.862740900,31.862740900,31.862847400,1/1/1
6568,4612,BLT,1,106.200,24.445912900,24.445934500,24.445934500,24.446040700,1/1/1
6568,4612,BLT,1,105.800,38.579566800,38.579586600,38.579586600,38.579692400,1/1/1
6568,4612,BLT,1,105.600,30.246625000,30.246640000,30.246640000,30.246745600,1/1/1
6568,4612,BLT,1,105.600,31.812881700,31.812905200,31.812905200,31.813010800,1/1/1
6568,4612,BLT,1,105.500,28.362845100,28.362882100,28.362882100,28.362987600,1/1/1
6568,4612,BLT,1,105.400,22.079239600,22.079268200,22.079268200,22.079373600,1/1/1
6568,5992,Render,1,105.100,27.131634200,27.131676600,27.131676600,27.131781700,1/10/1
6568,4612,BLT,1,104.800,35.546353600,35.546376800,35.546376800,35.546481600,1/1/1
6568,4612,BLT,1,104.200,22.479132600,22.479150400,22.479150400,22.479254600,1/1/1
6568,4612,BLT,1,104.100,36.696630200,36.696648800,36.696648800,36.696752900,1/1/1
6568,5992,Render,1,104.000,23.360998900,23.361018300,23.361018300,23.361122300,1/10/1
6568,4612,BLT,1,103.800,34.862851400,34.862879700,34.862879700,34.862983500,1/1/1
6568,4612,BLT,1,103.700,32.579578300,32.579602800,32.579602800,32.579706500,1/1/1
6568,4612,BLT,1,103.600,32.879456500,32.879484700,32.879484700,32.879588300,1/1/1
6568,4612,BLT,1,103.600,36.939545300,36.939569600,36.939569600,36.939673200,1/1/1
6568,4612,BLT,1,103.000,30.404986000,30.405006500,30.405006500,30.405109500,1/1/1
6568,4612,BLT,1,103.000,35.540912300,35.540928700,35.540928700,35.541031700,1/1/1
6568,4612,BLT,1,103.000,40.062960000,40.062993500,40.062993500,40.063096500,1/1/1
6568,4612,BLT,1,102.500,36.596501100,36.596527900,36.596527900,36.596630400,1/1/1
6568,4612,BLT,1,102.400,32.479462000,32.479486800,32.479486800,32.479589200,1/1/1
6568,4612,BLT,1,102.300,28.496246600,28.496275100,28.496275100,28.496377400,1/1/1
6568,4612,BLT,1,102.300,30.479548900,30.479566300,30.479566300,30.479668600,1/1/1
6568,4612,BLT,1,102.300,36.496368100,36.496391400,36.496391400,36.496493700,1/1/1
6568,4612,BLT,1,102.200,31.829719800,31.829745900,31.829745900,31.829848100,1/1/1
6568,4612,BLT,1,102.200,34.730247600,34.730275100,34.730275100,34.730377300,1/1/1
6568,4612,BLT,1,102.100,34.079727300,34.079748200,34.079748200,34.079850300,1/1/1
6568,4612,BLT,1,102.100,36.797028100,36.797045200,36.797045200,36.797147300,1/1/1
6568,4612,BLT,1,102.100,38.662933600,38.662959100,38.662959100,38.663061200,1/1/1
6568,5992,Render,1,102.000,32.111197100,32.111221400,32.111221400,32.111323400,1/10/1
6568,4612,BLT,1,101.700,24.979300500,24.979328600,24.979328600,24.979430300,1/1/1
6568,4612,BLT,1,101.500,31.679364800,31.679385900,31.679385900,31.679487400,1/1/1
6568,4612,BLT,1,101.500,32.651889700,32.651904700,32.651904700,32.652006200,1/1/1
6568,4612,BLT,1,101.400,37.946591300,37.946608700,37.946608700,37.946710100,1/1/1
6568,4612,BLT,1,101.300,26.212602000,26.212630700,26.212630700,26.212732000,1/1/1
6568,4612,BLT,1,101.300,28.479173400,28.479193600,28.479193600,28.479294900,1/1/1
6568,4612,BLT,1,101.300,37.979547100,37.979562900,37.979562900,37.979664200,1/1/1
6568,4612,BLT,1,101.200,22.612602600,22.612631600,22.612631600,22.612732800,1/1/1
6568,5992,Render,1,101.200,25.594221300,25.594249000,25.594249000,25.594350200,1/10/1
6568,4612,BLT,1,100.900,22.229674000,22.229690300,22.229690300,22.229791200,1/1/1
6568,4612,BLT,1,100.900,32.474435600,32.475139200,32.475139200,32.475240100,1/1/1
6568,4612,BLT,1,100.800,31.013080600,31.013096800,31.013096800,31.013197600,1/1/1
6568,4612,BLT,1,100.600,22.345970100,22.346000300,22.346000300,22.346100900,1/1/1
6568,4612,BLT,1,100.600,25.829307800,25.829329200,25.829329200,25.829429800,1/1/1
6568,4612,BLT,1,100.600,26.729280100,26.729295500,26.729295500,26.729396100,1/1/1
6568,4612,BLT,1,100.600,33.946357600,33.946378900,33.946378900,33.946479500,1/1/1
6568,4612,BLT,1,100.500,24.095634900,24.096333100,24.096333100,24.096433600,1/1/1
6568,4612,Render,1,100.400,29.430193900,29.430207600,29.430236800,29.430337200,1/1/1
6568,4612,BLT,1,100.300,34.029555600,34.029582600,34.029582600,34.029682900,1/1/1
6568,4612,BLT,1,100.300,35.129669600,35.129696400,35.129696400,35.129796700,1/1/1
6568,4612,BLT,1,100.300,37.512866600,37.512887700,37.512887700,37.512988000,1/1/1
6568,4612,BLT,1,100.300,41.513033300,41.513055200,41.513055200,41.513155500,1/1/1
6568,4612,BLT,1,100.200,36.880711100,36.880726500,36.880726500,36.880826700,1/1/1
6568,4612,BLT,1,100.100,26.429260100,26.429275800,26.429275800,26.429375900,1/1/1
6568,4612,BLT,1,100.000,22.762850100,22.762876200,22.762876200,22.762976200,1/1/1
6568,4612,BLT,1,100.000,35.679550000,35.679571400,35.679571400,35.679671400,1/1/1
6568,4612,BLT,1,99.900,24.312540200,24.312561100,24.312561100,24.312661000,1/1/1
6568,4612,BLT,1,99.900,26.746195800,26.746220100,26.746220100,26.746320000,1/1/1
6568,4612,BLT,1,99.900,38.131621400,38.131642100,38.131642100,38.131742000,1/1/1
6568,4612,BLT,1,99.900,38.896407900,38.896444600,38.896444600,38.896544500,1/1/1
6568,4612,BLT,1,99.700,23.679181600,23.679201500,23.679201500,23.679301200,1/1/1
6568,4612,BLT,1,99.700,24.479153400,24.479173800,24.479173800,24.479273500,1/1/1
6568,4612,BLT,1,99.700,28.962625100,28.962646300,28.962646300,28.962746000,1/1/1
6568,4612,BLT,1,99.600,23.829136800,23.829155100,23.829155100,23.829254700,1/1/1
6568,4612,BLT,1,99.500,23.652656300,23.652677600,23.652677600,23.652777100,1/1/1
6568,4612,BLT,1,99.500,28.846182700,28.846203400,28.846203400,28.846302900,1/1/1
6568,4612,BLT,1,99.500,31.729438600,31.729453300,31.729453300,31.729552800,1/1/1
6568,4612,BLT,1,99.500,33.996438600,33.996462200,33.996462200,33.996561700,1/1/1
6568,4612,BLT,1,99.500,39.546307900,39.546332200,39.546332200,39.546431700,1/1/1
6568,4612,BLT,1,99.400,29.262696600,29.262717400,29.262717400,29.262816800,1/1/1
6568,4612,BLT,1,99.400,31.179483600,31.179510800,31.179510800,31.179610200,1/1/1
6568,4612,BLT,1,99.400,34.696272200,34.696288000,34.696288000,34.696387400,1/1/1
6568,4612,BLT,1,99.300,34.429758100,34.429774900,34.429774900,34.429874200,1/1/1
6568,4612,BLT,1,99.300,34.613433500,34.613461800,34.613461800,34.613561100,1/1/1
6568,5992,Render,1,99.200,22.903381100,22.903395800,22.903395800,22.903495000,1/10/1
6568,4612,BLT,1,99.200,36.897578600,36.897593100,36.897593100,36.897692300,1/1/1
6568,4612,BLT,1,99.200,41.263300400,41.263321300,41.263321300,41.263420500,1/1/1
6568,4612,BLT,1,99.100,25.645845900,25.645865900,25.645865900,25.645965000,1/1/1
6568,4612,Render,1,99.100,26.645720100,26.645802600,26.645802600,26.645901700,1/1/1
6568,4612,BLT,1,99.100,27.929455500,27.929483000,27.929483000,27.929582100,1/1/1
6568,4612,BLT,1,99.100,36.329841400,36.329868600,36.329868600,36.329967700,1/1/1
6568,4612,BLT,1,99.100,41.146823900,41.146845700,41.146845700,41.146944800,1/1/1
6568,4612,BLT,1,99.000,29.679399900,29.679421500,29.679421500,29.679520500,1/1/1
6568,4612,BLT,1,98.900,28.413112300,28.413127200,28.413127200,28.413226100,1/1/1
6568,4612,BLT,1,98.900,39.463192300,39.463214100,39.463214100,39.463313000,1/1/1
6568,4612,BLT,1,98.800,36.279896300,36.279917800,36.279917800,36.280016600,1/1/1
6568,4612,BLT,1,98.500,26.829229000,26.829250400,26.829250400,26.829348900,1/1/1
6568,4612,BLT,1,98.500,36.814176800,36.814192700,36.814192700,36.814291200,1/1/1
6568,4612,BLT,1,98.500,41.663048800,41.663069400,41.663069400,41.663167900,1/1/1
6568,4612,BLT,1,98.400,26.579237700,26.579252400,26.579252400,26.579350800,1/1/1
6568,4612,BLT,1,98.400,35.563291400,35.563312700,35.563312700,35.563411100,1/1/1
6568,4612,BLT,1,98.400,36.179562100,36.179582200,36.179582200,36.179680600,1/1/1
6568,4612,BLT,1,98.400,38.863287500,38.863302700,38.863302700,38.863401100,1/1/1
6568,4612,BLT,1,98.200,29.846407000,29.846427100,29.846427100,29.846525300,1/1/1
6568,4612,BLT,1,98.100,22.829090700,22.829110600,22.829110600,22.829208700,1/1/1
6568,4612,BLT,1,98.100,23.592592000,23.592613300,23.592613300,23.592711400,1/1/1
6568,4612,BLT,1,98.100,33.146534600,33.146559700,33.146559700,33.146657800,1/1/1
6568,5992,Render,1,98.100,34.444012200,34.444031700,34.444031700,34.444129800,1/10/1
6568,4612,BLT,1,98.000,35.629314600,35.629328500,35.629328500,35.629426500,1/1/1
6568,4612,BLT,1,98.000,36.863183000,36.863209700,36.863209700,36.863307700,1/1/1
6568,4612,BLT,1,97.900,21.829902100,21.829928100,21.829928100,21.830026000,1/1/1
6568,4612,BLT,1,97.900,39.129790300,39.129817400,39.129817400,39.129915300,1/1/1
6568,4612,BLT,1,97.800,25.822546100,25.822562200,25.822562200,25.822660000,1/1/1
6568,4612,BLT,1,97.700,28.996944000,28.996965400,28.996965400,28.997063100,1/1/1
6568,4612,BLT,1,97.700,37.563307600,37.563330800,37.563330800,37.563428500,1/1/1
6568,4612,BLT,1,97.700,38.213067800,38.213083900,38.213083900,38.213181600,1/1/1
6568,4612,BLT,1,97.600,24.762666100,24.762693300,24.762693300,24.762790900,1/1/1
6568,4612,BLT,1,97.600,38.496306700,38.496323500,38.496323500,38.496421100,1/1/1
6568,4612,BLT,1,97.600,41.429771100,41.429808500,41.429808500,41.429906100,1/1/1
6568,4612,BLT,1,97.500,29.729847300,29.729870200,29.729870200,29.729967700,1/1/1
6568,4612,BLT,1,97.500,31.946090400,31.946113200,31.946113200,31.946210700,1/1/1
6568,4612,BLT,1,97.400,23.662501800,23.662522500,23.662522500,23.662619900,1/1/1
6568,4612,BLT,1,97.400,25.046491400,25.046506200,25.046506200,25.046603600,1/1/1
6568,4612,BLT,1,97.400,39.798008000,39.798028700,39.798028700,39.798126100,1/1/1
6568,4612,BLT,1,97.400,39.930081700,39.930102000,39.930102000,39.930199400,1/1/1
6568,4612,BLT,1,97.300,26.562549000,26.562563500,26.562563500,26.562660800,1/1/1
6568,4612,BLT,1,97.300,40.663821400,40.663841200,40.663841200,40.663938500,1/1/1
6568,4612,BLT,1,97.200,28.229295300,28.229321300,28.229321300,28.229418500,1/1/1
6568,4612,BLT,1,97.200,38.813149600,38.813164400,38.813164400,38.813261600,1/1/1
6568,4612,BLT,1,97.100,25.562538000,25.562559300,25.562559300,25.562656400,1/1/1
6568,4612,BLT,1,97.100,32.296102400,32.296122400,32.296122400,32.296219500,1/1/1
6568,4612,BLT,1,97.100,37.612941100,37.612955400,37.612955400,37.613052500,1/1/1
6568,4612,BLT,1,97.000,37.480428900,37.480454300,37.480454300,37.480551300,1/1/1
6568,4612,BLT,1,97.000,38.447924800,38.447950300,38.447950300,38.448047300,1/1/1
6568,4612,BLT,1,97.000,38.979554900,38.979574900,38.979574900,38.979671900,1/1/1
6568,4612,BLT,1,96.900,23.697096500,23.697120100,23.697120100,23.697217000,1/1/1
6568,4612,BLT,1,96.900,37.162879100,37.162899200,37.162899200,37.162996100,1/1/1
6568,4612,BLT,1,96.800,24.729350200,24.729376600,24.729376600,24.729473400,1/1/1
6568,4612,BLT,1,96.700,23.429397200,23.429413900,23.429413900,23.429510600,1/1/1
6568,4612,BLT,1,96.700,34.412631500,34.412652400,34.412652400,34.412749100,1/1/1
6568,4612,BLT,1,96.600,39.379609800,39.379630100,39.379630100,39.379726700,1/1/1
6568,4612,BLT,1,96.500,27.562659500,27.562691100,27.562691100,27.562787600,1/1/1
6568,4612,BLT,1,96.500,28.629457400,28.629484900,28.629484900,28.629581400,1/1/1
6568,4612,BLT,1,96.500,38.712884200,38.712901500,38.712901500,38.712998000,1/1/1
6568,4612,BLT,1,96.400,25.680848400,25.680864000,25.680864000,25.680960400,1/1/1
6568,4612,BLT,1,96.400,32.612742700,32.612761400,32.612761400,32.612857800,1/1/1
6568,4612,BLT,1,96.300,24.612505200,24.612526300,24.612526300,24.612622600,1/1/1
6568,4612,BLT,1,96.300,25.345880900,25.345895200,25.345895200,25.345991500,1/1/1
6568,4612,BLT,1,96.300,33.679413600,33.679431700,33.679431700,33.679528000,1/1/1
6568,4612,BLT,1,96.300,38.413580900,38.413600500,38.413600500,38.413696800,1/1/1
6568,4612,BLT,1,96.300,40.446263000,40.446284900,40.446284900,40.446381200,1/1/1
6568,4612,BLT,1,96.200,26.345939100,26.345958400,26.345958400,26.346054600,1/1/1
6568,4612,BLT,1,96.200,26.762800600,26.762827400,26.762827400,26.762923600,1/1/1
6568,4612,BLT,1,96.200,29.563013200,29.563041800,29.563041800,29.563138000,1/1/1
6568,4612,BLT,1,96.200,36.413195600,36.413210200,36.413210200,36.413306400,1/1/1
6568,4612,BLT,1,96.100,22.529127400,22.529147800,22.529147800,22.529243900,1/1/1
6568,4612,BLT,1,96.100,23.412552600,23.412573400,23.412573400,23.412669500,1/1/1
6568,4612,BLT,1,96.100,28.747519400,28.747534800,28.747534800,28.747630900,1/1/1
6568,4612,BLT,1,96.100,34.855116700,34.855133700,34.855133700,34.855229800,1/1/1
6568,5992,Render,1,96.100,36.391216300,36.391234600,36.391234600,36.391330700,1/10/1
6568,4612,BLT,1,96.100,41.563173100,41.563196700,41.563196700,41.563292800,1/1/1
6568,4612,BLT,1,96.000,24.496011000,24.496036900,24.496036900,24.496132900,1/1/1
6568,4612,BLT,1,96.000,30.112725400,30.112750300,30.112750300,30.112846300,1/1/1
6568,4612,BLT,1,96.000,33.046076900,33.046101900,33.046101900,33.046197900,1/1/1
6568,4612,BLT,1,96.000,40.629887700,40.629912400,40.629912400,40.630008400,1/1/1
6568,4612,BLT,1,95.900,21.813029400,21.813045600,21.813045600,21.813141500,1/1/1
6568,4612,BLT,1,95.800,25.912518200,25.912538700,25.912538700,25.912634500,1/1/1
6568,4612,BLT,1,95.800,28.180676400,28.180714800,28.180714800,28.180810600,1/1/1
6568,4612,BLT,1,95.800,31.096073400,31.096093100,31.096093100,31.096188900,1/1/1
6568,4612,BLT,1,95.800,31.279858400,31.279883600,31.279883600,31.279979400,1/1/1
6568,4612,BLT,1,95.800,34.463032000,34.463046600,34.463046600,34.463142400,1/1/1
6568,4612,BLT,1,95.700,35.263093100,35.263115400,35.263115400,35.263211100,1/1/1
6568,5992,Render,1,95.600,22.210979900,22.210994100,22.210994100,22.211089700,1/10/1
6568,4612,BLT,1,95.600,22.445758300,22.445778500,22.445778500,22.445874100,1/1/1
6568,4612,BLT,1,95.600,27.095961700,27.095975800,27.095975800,27.096071400,1/1/1
6568,4612,BLT,1,95.500,23.963418300,23.963435100,23.963435100,23.963530600,1/1/1
6568,4612,BLT,1,95.500,27.063089500,27.063103500,27.063103500,27.063199000,1/1/1
6568,4612,BLT,1,95.500,27.345977400,27.345992200,27.345992200,27.346087700,1/1/1
6568,4612,BLT,1,95.500,40.462589400,40.463936400,40.463936400,40.464031900,1/1/1
6568,4612,BLT,1,95.400,33.229444900,33.229461400,33.229461400,33.229556800,1/1/1
6568,4612,BLT,1,95.400,38.362919400,38.362944000,38.362944000,38.363039400,1/1/1
6568,4612,BLT,1,95.300,25.766392400,25.766409100,25.766409100,25.766504400,1/1/1
6568,5992,Render,1,95.300,35.942220400,35.942240700,35.942240700,35.942336000,1/10/1
6568,4612,BLT,1,95.300,37.380206900,37.380223200,37.380223200,37.380318500,1/1/1
6568,4612,BLT,1,95.200,22.363506200,22.363521600,22.363521600,22.363616800,1/1/1
6568,4612,BLT,1,95.200,24.062505000,24.062525000,24.062525000,24.062620200,1/1/1
6568,4612,BLT,1,95.200,29.779409400,29.779429600,29.779429600,29.779524800,1/1/1
6568,4612,BLT,1,95.200,36.262998600,36.263020300,36.263020300,36.263115500,1/1/1
6568,4612,BLT,1,95.100,22.662535500,22.662551000,22.662551000,22.662646100,1/1/1
6568,4612,BLT,1,95.100,28.096349500,28.096365200,28.096365200,28.096460300,1/1/1
6568,4612,BLT,1,95.100,30.596120500,30.596140900,30.596140900,30.596236000,1/1/1
6568,4612,BLT,1,95.100,35.096041700,35.096056200,35.096056200,35.096151300,1/1/1
6568,4612,BLT,1,95.100,39.563124000,39.563150600,39.563150600,39.563245700,1/1/1
6568,4612,BLT,1,95.000,29.013315800,29.013334700,29.013334700,29.013429700,1/1/1
6568,4612,Render,1,95.000,29.479719900,29.479735700,29.479735700,29.479830700,1/1/1
6568,4612,BLT,1,95.000,34.212876500,34.212897600,34.212897600,34.212992600,1/1/1
6568,4612,BLT,1,95.000,34.329471400,34.329491800,34.329491800,34.329586800,1/1/1
6568,4612,BLT,1,95.000,38.270227200,38.270248700,38.270248700,38.270343700,1/1/1
6568,4612,BLT,1,95.000,40.996334100,40.996354500,40.996354500,40.996449500,1/1/1
6568,4612,BLT,1,94.900,32.829364000,32.829386600,32.829386600,32.829481500,1/1/1
6568,4612,BLT,1,94.900,34.179653900,34.179674500,34.179674500,34.179769400,1/1/1
6568,4612,BLT,1,94.900,39.080256400,39.080276200,39.080276200,39.080371100,1/1/1
6568,4612,BLT,1,94.900,39.296494400,39.296512500,39.296512500,39.296607400,1/1/1
6568,4612,BLT,1,94.800,38.279548800,38.279563700,38.279563700,38.279658500,1/1/1
6568,4612,BLT,1,94.700,27.645775200,27.645803100,27.645803100,27.645897800,1/1/1
6568,4612,BLT,1,94.700,33.812780700,33.812800000,33.812800000,33.812894700,1/1/1
6568,4612,BLT,1,94.700,38.846170900,38.846191100,38.846191100,38.846285800,1/1/1
6568,4612,BLT,1,94.700,40.496472400,40.496487700,40.496487700,40.496582400,1/1/1
6568,4612,BLT,1,94.600,21.862567600,21.862588600,21.862588600,21.862683200,1/1/1
6568,4612,BLT,1,94.600,24.229133500,24.229151000,24.229151000,24.229245600,1/1/1
6568,4612,BLT,1,94.600,29.812874200,29.812896500,29.812896500,29.812991100,1/1/1
6568,4612,BLT,1,94.600,35.462875900,35.462895700,35.462895700,35.462990300,1/1/1
6568,4612,BLT,1,94.600,36.463185100,36.463205500,36.463205500,36.463300100,1/1/1
6568,4612,BLT,1,94.600,36.514384200,36.514405600,36.514405600,36.514500200,1/1/1
6568,4612,BLT,1,94.600,41.129623600,41.129644400,41.129644400,41.129739000,1/1/1
6568,4612,BLT,1,94.600,41.246632300,41.247077100,41.247077100,41.247171700,1/1/1
6568,4612,BLT,1,94.500,27.429472900,27.429496300,27.429496300,27.429590800,1/1/1
6568,4612,BLT,1,94.500,36.397735200,36.397755900,36.397755900,36.397850400,1/1/1
6568,4612,BLT,1,94.400,23.379481100,23.379500900,23.379500900,23.379595300,1/1/1
6568,4612,BLT,1,94.400,40.813120700,40.813136400,40.813136400,40.813230800,1/1/1
6568,4612,BLT,1,94.400,40.946286200,40.946302100,40.946302100,40.946396500,1/1/1
6568,4612,BLT,1,94.300,25.846168600,25.846190800,25.846190800,25.846285100,1/1/1
6568,4612,BLT,1,94.300,27.962641200,27.962672300,27.962672300,27.962766600,1/1/1
6568,4612,Render,1,94.300,28.112818400,28.112870800,28.112870800,28.112965100,1/1/1
6568,4612,BLT,1,94.300,31.146508300,31.146534900,31.146534900,31.146629200,1/1/1
6568,4612,BLT,1,94.300,36.446244200,36.446264100,36.446264100,36.446358400,1/1/1
6568,5992,Render,1,94.300,37.670776400,37.670794200,37.670794200,37.670888500,1/10/1
6568,4612,BLT,1,94.200,24.963703900,24.963724200,24.963724200,24.963818400,1/1/1
6568,4612,BLT,1,94.200,26.612813400,26.612830300,26.612830300,26.612924500,1/1/1
6568,4612,BLT,1,94.200,36.679668900,36.679688600,36.679688600,36.679782800,1/1/1
6568,4612,BLT,1,94.200,38.096329100,38.096357200,38.096357200,38.096451400,1/1/1
6568,5992,Render,1,94.100,23.958162400,23.958178900,23.958178900,23.958273000,1/10/1
6568,4612,BLT,1,94.100,26.796283100,26.796297900,26.796297900,26.796392000,1/1/1
6568,4612,BLT,1,94.100,38.113185200,38.113199800,38.113199800,38.113293900,1/1/1
6568,4612,BLT,1,94.000,30.129608600,30.129624700,30.129624700,30.129718700,1/1/1
6568,4612,BLT,1,94.000,40.913357200,40.913373300,40.913373300,40.913467300,1/1/1
6568,4612,BLT,1,94.000,41.796507400,41.796531400,41.796531400,41.796625400,1/1/1
6568,4612,BLT,1,93.900,23.913012600,23.913027400,23.913027400,23.913121300,1/1/1
6568,4612,BLT,1,93.900,31.696253400,31.696268500,31.696268500,31.696362400,1/1/1
6568,4612,Render,1,93.900,33.396853200,33.396873900,33.396873900,33.396967800,1/1/1
6568,4612,BLT,1,93.900,38.930749600,38.930769500,38.930769500,38.930863400,1/1/1
6568,4612,BLT,1,93.900,41.680037000,41.680064100,41.680064100,41.680158000,1/1/1
6568,4612,BLT,1,93.800,22.745821300,22.745842600,22.745842600,22.745936400,1/1/1
6568,4612,BLT,1,93.800,24.662566600,24.662584800,24.662584800,24.662678600,1/1/1
6568,4612,BLT,1,93.800,26.446197600,26.446212300,26.446212300,26.446306100,1/1/1
6568,4612,BLT,1,93.800,33.129394100,33.129414600,33.129414600,33.129508400,1/1/1
6568,4612,BLT,1,93.700,37.429864700,37.429884000,37.429884000,37.429977700,1/1/1
6568,4612,BLT,1,93.700,37.646338900,37.646359300,37.646359300,37.646453000,1/1/1
6568,4612,BLT,1,93.700,38.513067200,38.513082300,38.513082300,38.513176000,1/1/1
6568,4612,BLT,1,93.600,22.496051800,22.496074200,22.496074200,22.496167800,1/1/1
6568,4612,BLT,1,93.600,25.396382700,25.396713600,25.396713600,25.396807200,1/1/1
6568,5992,Render,1,93.600,32.561750000,32.561764700,32.561764700,32.561858300,1/10/1
6568,4612,BLT,1,93.600,39.213144200,39.213159100,39.213159100,39.213252700,1/1/1
6568,4612,BLT,1,93.500,22.796019800,22.796036600,22.796036600,22.796130100,1/1/1
6568,5992,Render,1,93.500,23.574809200,23.574838200,23.574838200,23.574931700,1/10/1
6568,4612,BLT,1,93.500,29.895996000,29.896012300,29.896012300,29.896105800,1/1/1
6568,4612,BLT,1,93.500,30.829619700,30.829645700,30.829645700,30.829739200,1/1/1
6568,4612,BLT,1,93.500,31.046081100,31.046096900,31.046096900,31.046190400,1/1/1
6568,4612,BLT,1,93.500,33.279913500,33.279934200,33.279934200,33.280027700,1/1/1
6568,4612,BLT,1,93.500,41.612867700,41.612882500,41.612882500,41.612976000,1/1/1
6568,4612,BLT,1,93.400,26.096123100,26.096145300,26.096145300,26.096238700,1/1/1
6568,4612,BLT,1,93.400,26.362987000,26.363005900,26.363005900,26.363099300,1/1/1
6568,4612,BLT,1,93.400,27.396382000,27.396398000,27.396398000,27.396491400,1/1/1
6568,4612,BLT,1,93.400,29.229462800,29.229483000,29.229483000,29.229576400,1/1/1
6568,4612,Render,1,93.300,23.012715800,23.012795200,23.012795200,23.012888500,1/1/1
6568,4612,Render,1,93.300,25.162996200,25.163018900,25.163018900,25.163112200,1/1/1
6568,4612,BLT,1,93.300,26.262753300,26.262769800,26.262769800,26.262863100,1/1/1
6568,4612,BLT,1,93.300,27.846415700,27.846431100,27.846431100,27.846524400,1/1/1
6568,4612,BLT,1,93.300,33.563597000,33.563611800,33.563611800,33.563705100,1/1/1
6568,4612,BLT,1,93.300,37.679512500,37.679533800,37.679533800,37.679627100,1/1/1
6568,5992,Render,1,93.300,40.752811900,40.752857000,40.752857000,40.752950300,1/10/1
6568,4612,BLT,1,93.200,22.396139200,22.396153900,22.396153900,22.396247100,1/1/1
6568,4612,BLT,1,93.200,24.196113500,24.196134200,24.196134200,24.196227400,1/1/1
6568,4612,BLT,1,93.200,25.696027800,25.696054100,25.696054100,25.696147300,1/1/1
6568,4612,BLT,1,93.100,26.512427600,26.512454600,26.512454600,26.512547700,1/1/1
6568,4612,BLT,1,93.100,29.670367900,29.670383500,29.670383500,29.670476600,1/1/1
6568,4612,BLT,1,93.100,35.246084700,35.246101100,35.246101100,35.246194200,1/1/1
6568,4612,BLT,1,93.000,25.446244500,25.446259600,25.446259600,25.446352600,1/1/1
6568,4612,BLT,1,93.000,28.830812900,28.831959100,28.831959100,28.832052100,1/1/1
6568,4612,BLT,1,93.000,36.229841700,36.229874200,36.229874200,36.229967200,1/1/1
6568,4612,BLT,1,92.900,23.846193100,23.846216100,23.846216100,23.846309000,1/1/1
6568,4612,BLT,1,92.900,27.580135700,27.580150300,27.580150300,27.580243200,1/1/1
6568,4612,BLT,1,92.900,27.612623100,27.612637600,27.612637600,27.612730500,1/1/1
6568,4612,BLT,1,92.900,28.279592000,28.279607400,28.279607400,28.279700300,1/1/1
6568,4612,BLT,1,92.900,33.254786900,33.254801900,33.254801900,33.254894800,1/1/1
6568,4612,BLT,1,92.900,34.046447600,34.046462400,34.046462400,34.046555300,1/1/1
6568,5992,Render,1,92.800,22.902811500,22.902831300,22.902831300,22.902924100,1/10/1
6568,5992,Render,1,92.800,23.649665500,23.649689500,23.649689500,23.649782300,1/10/1
6568,4612,BLT,1,92.800,25.929336300,25.929362100,25.929362100,25.929454900,1/1/1
6568,4612,BLT,1,92.700,23.329322100,23.329337200,23.329337200,23.329429900,1/1/1
6568,4612,BLT,1,92.700,24.896054400,24.896076300,24.896076300,24.896169000,1/1/1
6568,4612,BLT,1,92.700,32.762945800,32.762964400,32.762964400,32.763057100,1/1/1
6568,4612,BLT,1,92.700,39.763009600,39.763030200,39.763030200,39.763122900,1/1/1
6568,4612,BLT,1,92.700,40.762977800,40.763005000,40.763005000,40.763097700,1/1/1
6568,4612,BLT,1,92.600,24.646900700,24.646915600,24.646915600,24.647008200,1/1/1
6568,4612,BLT,1,92.600,28.930052600,28.930067800,28.930067800,28.930160400,1/1/1
6568,4612,BLT,1,92.600,29.696260600,29.696281800,29.696281800,29.696374400,1/1/1
6568,4612,BLT,1,92.600,30.912745700,30.912760800,30.912760800,30.912853400,1/1/1
6568,4612,BLT,1,92.600,32.529487900,32.529502600,32.529502600,32.529595200,1/1/1
6568,4612,BLT,1,92.500,23.929214900,23.929230100,23.929230100,23.929322600,1/1/1
6568,4612,BLT,1,92.500,25.029438900,25.029466100,25.029466100,25.029558600,1/1/1
6568,4612,BLT,1,92.500,26.229444100,26.229470800,26.229470800,26.229563300,1/1/1
6568,4612,BLT,1,92.500,32.496285400,32.496305000,32.496305000,32.496397500,1/1/1
6568,4612,BLT,1,92.500,36.729681700,36.729708700,36.729708700,36.729801200,1/1/1
6568,4612,BLT,1,92.400,25.746053400,25.746073600,25.746073600,25.746166000,1/1/1
6568,4612,BLT,1,92.300,25.379663400,25.379679300,25.379679300,25.379771600,1/1/1
6568,4612,BLT,1,92.300,30.613473500,30.613489600,30.613489600,30.613581900,1/1/1
6568,4612,BLT,1,92.300,32.796741700,32.796756200,32.796756200,32.796848500,1/1/1
6568,4612,BLT,1,92.300,34.913015000,34.913040500,34.913040500,34.913132800,1/1/1
6568,5992,Render,1,92.300,39.451951700,39.451971500,39.451971500,39.452063800,1/10/1
6568,4612,BLT,1,92.300,41.163081700,41.163099000,41.163099000,41.163191300,1/1/1
6568,4612,BLT,1,92.200,28.396038400,28.396464200,28.396464200,28.396556400,1/1/1
6568,4612,BLT,1,92.200,28.763661500,28.763677500,28.763677500,28.763769700,1/1/1
6568,4612,BLT,1,92.200,29.630917700,29.632067900,29.632067900,29.632160100,1/1/1
6568,4612,BLT,1,92.200,34.197524400,34.197542000,34.197542000,34.197634200,1/1/1
6568,4612,BLT,1,92.200,35.364217600,35.364237500,35.364237500,35.364329700,1/1/1
6568,5992,Render,1,92.100,21.890473600,21.890493800,21.890493800,21.890585900,1/10/1
6568,4612,BLT,1,92.100,30.463625000,30.463640400,30.463640400,30.463732500,1/1/1
6568,4612,BLT,1,92.100,34.762924600,34.762948300,34.762948300,34.763040400,1/1/1
6568,4612,BLT,1,92.100,38.090824400,38.090853700,38.090853700,38.090945800,1/1/1
6568,4612,BLT,1,92.100,40.696931200,40.696951800,40.696951800,40.697043900,1/1/1
6568,4612,Render,1,92.000,23.279577900,23.279673600,23.279673600,23.279765600,1/1/1
6568,4612,BLT,1,92.000,24.112906800,24.112923200,24.112923200,24.113015200,1/1/1
6568,4612,BLT,1,92.000,27.012743000,27.012770600,27.012770600,27.012862600,1/1/1
6568,4612,BLT,1,92.000,36.829730300,36.829758800,36.829758800,36.829850800,1/1/1
6568,4612,BLT,1,91.900,23.312427700,23.312447600,23.312447600,23.312539500,1/1/1
6568,4612,BLT,1,91.900,36.780722400,36.780746300,36.780746300,36.780838200,1/1/1
6568,4612,BLT,1,91.800,25.729278100,25.729293600,25.729293600,25.729385400,1/1/1
6568,4612,BLT,1,91.800,30.696060800,30.696075800,30.696075800,30.696167600,1/1/1
6568,4612,BLT,1,91.800,35.379655900,35.379671700,35.379671700,35.379763500,1/1/1
6568,4612,BLT,1,91.800,35.947676300,35.948841100,35.948841100,35.948932900,1/1/1
6568,4612,Render,1,91.800,36.696292100,36.696314800,36.696314800,36.696406600,1/1/1
6568,4612,BLT,1,91.700,28.196061000,28.196081300,28.196081300,28.196173000,1/1/1
6568,4612,Render,1,91.700,29.846176000,29.846211800,29.846211800,29.846303500,1/1/1
6568,4612,BLT,1,91.700,31.963001000,31.963024100,31.963024100,31.963115800,1/1/1
6568,4612,BLT,1,91.700,34.346386500,34.346408300,34.346408300,34.346500000,1/1/1
6568,4612,BLT,1,91.600,32.246159200,32.246176600,32.246176600,32.246268200,1/1/1
6568,4612,BLT,1,91.600,33.012989100,33.013011800,33.013011800,33.013103400,1/1/1
6568,4612,BLT,1,91.600,33.830051100,33.830073800,33.830073800,33.830165400,1/1/1
6568,4612,BLT,1,91.600,39.479967500,39.479982800,39.479982800,39.480074400,1/1/1
6568,4612,BLT,1,91.500,26.846110300,26.846130300,26.846130300,26.846221800,1/1/1
6568,4612,BLT,1,91.500,32.212832800,32.212850200,32.212850200,32.212941700,1/1/1
6568,4612,BLT,1,91.500,36.096437800,36.096455200,36.096455200,36.096546700,1/1/1
6568,5992,Render,1,91.400,26.119243500,26.119261300,26.119261300,26.119352700,1/10/1
6568,4612,BLT,1,91.400,30.213540400,30.213559200,30.213559200,30.213650600,1/1/1
6568,4612,BLT,1,91.400,32.745976700,32.745996800,32.745996800,32.746088200,1/1/1
6568,4612,BLT,1,91.400,33.913510200,33.913531200,33.913531200,33.913622600,1/1/1
6568,4612,BLT,1,91.400,40.579671900,40.579692300,40.579692300,40.579783700,1/1/1
6568,4612,BLT,1,91.300,22.779700600,22.779716400,22.779716400,22.779807700,1/1/1
6568,4612,BLT,1,91.300,22.879247900,22.879267700,22.879267700,22.879359000,1/1/1
6568,4612,BLT,1,91.300,32.679432700,32.679447300,32.679447300,32.679538600,1/1/1
6568,4612,BLT,1,91.300,36.746463700,36.746481000,36.746481000,36.746572300,1/1/1
6568,4612,BLT,1,91.300,37.396511700,37.396530700,37.396530700,37.396622000,1/1/1
6568,4612,BLT,1,91.200,30.412966100,30.412987000,30.412987000,30.413078200,1/1/1
6568,4612,BLT,1,91.200,35.413006700,35.413027600,35.413027600,35.413118800,1/1/1
6568,4612,BLT,1,91.200,36.080777200,36.080792400,36.080792400,36.080883600,1/1/1
6568,4612,BLT,1,91.100,21.912661900,21.912682900,21.912682900,21.912774000,1/1/1
6568,4612,BLT,1,91.100,24.679360200,24.679374700,24.679374700,24.679465800,1/1/1
6568,4612,BLT,1,91.100,28.980013000,28.980038700,28.980038700,28.980129800,1/1/1
6568,4612,BLT,1,91.100,29.179446000,29.179463600,29.179463600,29.179554700,1/1/1
6568,4612,BLT,1,91.100,31.996452500,31.996467900,31.996467900,31.996559000,1/1/1
6568,4612,BLT,1,91.100,33.979479300,33.979497400,33.979497400,33.979588500,1/1/1
6568,4612,BLT,1,91.100,34.379665600,34.379680000,34.379680000,34.379771100,1/1/1
6568,4612,BLT,1,91.100,34.996103300,34.996118200,34.996118200,34.996209300,1/1/1
6568,4612,BLT,1,91.100,38.596397900,38.596424800,38.596424800,38.596515900,1/1/1
6568,4612,BLT,1,91.000,28.712532800,28.712553300,28.712553300,28.712644300,1/1/1
6568,4612,BLT,1,91.000,34.546907300,34.546927300,34.546927300,34.547018300,1/1/1
6568,4612,BLT,1,91.000,39.246192400,39.246213800,39.246213800,39.246304800,1/1/1
6568,4612,BLT,1,91.000,41.096494700,41.096515600,41.096515600,41.096606600,1/1/1
6568,4612,BLT,1,90.900,25.012796500,25.012823200,25.012823200,25.012914100,1/1/1
6568,4612,BLT,1,90.900,25.796035400,25.796055800,25.796055800,25.796146700,1/1/1
6568,4612,BLT,1,90.800,23.979464900,23.979481700,23.979481700,23.979572500,1/1/1
6568,4612,BLT,1,90.800,29.797166600,29.797181100,29.797181100,29.797271900,1/1/1
6568,4612,BLT,1,90.800,32.129639900,32.129655700,32.129655700,32.129746500,1/1/1
6568,4612,BLT,1,90.800,38.181106000,38.182332600,38.182332600,38.182423400,1/1/1
6568,4612,BLT,1,90.700,27.679296000,27.679316300,27.679316300,27.679407000,1/1/1
6568,4612,BLT,1,90.700,32.079527000,32.079548500,32.079548500,32.079639200,1/1/1
6568,4612,BLT,1,90.700,33.762694400,33.762714700,33.762714700,33.762805400,1/1/1
6568,4612,Render,1,90.700,33.996212500,33.996285300,33.996285300,33.996376000,1/1/1
6568,4612,BLT,1,90.700,36.913284400,36.913300300,36.913300300,36.913391000,1/1/1
6568,4612,BLT,1,90.700,41.013465000,41.013486000,41.013486000,41.013576700,1/1/1
6568,4612,BLT,1,90.600,27.313045300,27.313065300,27.313065300,27.313155900,1/1/1
6568,4612,BLT,1,90.600,30.729289800,30.729310200,30.729310200,30.729400800,1/1/1
6568,4612,BLT,1,90.600,32.696524900,32.697027200,32.697027200,32.697117800,1/1/1
6568,4612,BLT,1,90.600,34.829982800,34.830001900,34.830001900,34.830092500,1/1/1
6568,4612,BLT,1,90.600,34.879738700,34.879760000,34.879760000,34.879850600,1/1/1
6568,4612,BLT,1,90.600,36.312891900,36.312913000,36.312913000,36.313003600,1/1/1
6568,4612,BLT,1,90.600,39.646403700,39.646431600,39.646431600,39.646522200,1/1/1
6568,4612,BLT,1,90.600,41.080045400,41.080060200,41.080060200,41.080150800,1/1/1
6568,4612,BLT,1,90.500,21.995988100,21.996014300,21.996014300,21.996104800,1/1/1
6568,4612,BLT,1,90.500,23.363010400,23.363026200,23.363026200,23.363116700,1/1/1
6568,4612,BLT,1,90.500,23.712733700,23.712757200,23.712757200,23.712847700,1/1/1
6568,4612,BLT,1,90.500,30.062592300,30.062613100,30.062613100,30.062703600,1/1/1
6568,4612,BLT,1,90.500,30.879465900,30.879486600,30.879486600,30.879577100,1/1/1
6568,4612,BLT,1,90.500,32.046209400,32.046229000,32.046229000,32.046319500,1/1/1
6568,4612,BLT,1,90.500,33.931022200,33.931043600,33.931043600,33.931134100,1/1/1
6568,4612,BLT,1,90.500,40.863072500,40.863088800,40.863088800,40.863179300,1/1/1
6568,4612,BLT,1,90.500,41.396518300,41.396539300,41.396539300,41.396629800,1/1/1
6568,4612,BLT,1,90.400,27.829376000,27.829392600,27.829392600,27.829483000,1/1/1
6568,4612,BLT,1,90.400,31.646280800,31.646300500,31.646300500,31.646390900,1/1/1
6568,4612,BLT,1,90.400,31.779503100,31.779523600,31.779523600,31.779614000,1/1/1
6568,4612,BLT,1,90.400,34.963078300,34.963093500,34.963093500,34.963183900,1/1/1
6568,5992,Render,1,90.400,35.153756400,35.153776700,35.153776700,35.153867100,1/10/1
6568,4612,BLT,1,90.400,37.246880100,37.246900100,37.246900100,37.246990500,1/1/1
6568,4612,BLT,1,90.400,41.763483300,41.763511700,41.763511700,41.763602100,1/1/1
6568,4612,BLT,1,90.300,22.629629600,22.629645900,22.629645900,22.629736200,1/1/1
6568,5992,Render,1,90.300,23.571842400,23.571860500,23.571860500,23.571950800,1/10/1
6568,4612,BLT,1,90.300,27.713633500,27.713648200,27.713648200,27.713738500,1/1/1
6568,4612,BLT,1,90.300,30.546272500,30.546820500,30.546820500,30.546910800,1/1/1
6568,4612,BLT,1,90.300,30.862762700,30.862783300,30.862783300,30.862873600,1/1/1
6568,4612,BLT,1,90.300,31.262698900,31.262718800,31.262718800,31.262809100,1/1/1
6568,4612,BLT,1,90.300,31.912845700,31.912865800,31.912865800,31.912956100,1/1/1
6568,4612,BLT,1,90.300,33.779644600,33.779665300,33.779665300,33.779755600,1/1/1
6568,4612,BLT,1,90.300,37.696606600,37.696623500,37.696623500,37.696713800,1/1/1
6568,4612,BLT,1,90.200,24.413025000,24.413039900,24.413039900,24.413130100,1/1/1
6568,4612,BLT,1,90.200,26.596098000,26.596666800,26.596666800,26.596757000,1/1/1
6568,4612,BLT,1,90.200,39.113030100,39.113050700,39.113050700,39.113140900,1/1/1
6568,4612,BLT,1,90.200,39.263112300,39.263132400,39.263132400,39.263222600,1/1/1
6568,4612,BLT,1,90.200,39.846226600,39.846241600,39.846241600,39.846331800,1/1/1
6568,5992,Render,1,90.100,22.470802100,22.470821600,22.470821600,22.470911700,1/10/1
6568,4612,BLT,1,90.100,22.546207200,22.546222300,22.546222300,22.546312400,1/1/1
6568,4612,BLT,1,90.100,26.930203800,26.930218800,26.930218800,26.930308900,1/1/1
6568,4612,BLT,1,90.100,27.796123400,27.796143600,27.796143600,27.796233700,1/1/1
6568,4612,BLT,1,90.100,29.714342700,29.715519500,29.715519500,29.715609600,1/1/1
6568,4612,BLT,1,90.100,29.996239100,29.996254200,29.996254200,29.996344300,1/1/1
6568,4612,BLT,1,90.100,31.129292900,31.129314100,31.129314100,31.129404200,1/1/1
6568,4612,BLT,1,90.100,35.329581800,35.329596600,35.329596600,35.329686700,1/1/1
6568,4612,BLT,1,90.100,35.596747900,35.596762200,35.596762200,35.596852300,1/1/1
6568,4612,BLT,1,90.100,36.631287000,36.631303700,36.631303700,36.631393800,1/1/1
6568,4612,BLT,1,90.100,41.046476000,41.046491100,41.046491100,41.046581200,1/1/1
6568,5992,Render,1,90.000,22.374941700,22.374962800,22.374962800,22.375052800,1/10/1
6568,4612,BLT,1,90.000,24.347365600,24.348536000,24.348536000,24.348626000,1/1/1
6568,4612,BLT,1,90.000,27.912669400,27.912690300,27.912690300,27.912780300,1/1/1
6568,4612,BLT,1,90.000,29.946199400,29.946221100,29.946221100,29.946311100,1/1/1
6568,4612,BLT,1,90.000,33.895985900,33.896008400,33.896008400,33.896098400,1/1/1
6568,4612,BLT,1,90.000,40.597204000,40.597219900,40.597219900,40.597309900,1/1/1
6568,4612,BLT,1,89.900,22.179332100,22.179352100,22.179352100,22.179442000,1/1/1
6568,4612,BLT,1,89.900,22.712795900,22.712816300,22.712816300,22.712906200,1/1/1
6568,5992,Render,1,89.900,23.601326300,23.601346200,23.601346200,23.601436100,1/5/1
6568,4612,BLT,1,89.900,24.363343000,24.363359200,24.363359200,24.363449100,1/1/1
6568,4612,BLT,1,89.900,30.779656900,30.779672100,30.779672100,30.779762000,1/1/1
6568,4612,BLT,1,89.900,31.229619900,31.229641500,31.229641500,31.229731400,1/1/1
6568,4612,BLT,1,89.900,33.063123100,33.063138200,33.063138200,33.063228100,1/1/1
6568,4612,BLT,1,89.900,34.063989300,34.064010200,34.064010200,34.064100100,1/1/1
6568,4612,BLT,1,89.900,36.012958700,36.012973200,36.012973200,36.013063100,1/1/1
6568,4612,BLT,1,89.800,31.513263000,31.513283400,31.513283400,31.513373200,1/1/1
6568,5992,Render,1,89.800,37.244474200,37.244488700,37.244488700,37.244578500,1/10/1
6568,4612,BLT,1,89.800,37.596395000,37.596409900,37.596409900,37.596499700,1/1/1
6568,4612,BLT,1,89.800,38.463015400,38.463035700,38.463035700,38.463125500,1/1/1
6568,4612,BLT,1,89.800,41.446686900,41.446702100,41.446702100,41.446791900,1/1/1
6568,4612,BLT,1,89.700,24.562970400,24.562990000,24.562990000,24.563079700,1/1/1
6568,5992,Render,1,89.700,28.044255700,28.044270800,28.044270800,28.044360500,1/10/1
6568,4612,BLT,1,89.700,28.062789700,28.062810400,28.062810400,28.062900100,1/1/1
6568,4612,BLT,1,89.600,26.179326700,26.179348900,26.179348900,26.179438500,1/1/1
6568,4612,Render,1,89.600,29.846076300,29.846098100,29.846098100,29.846187700,1/1/1
6568,4612,BLT,1,89.600,31.214331400,31.215414700,31.215414700,31.215504300,1/1/1
6568,4612,BLT,1,89.600,32.162614900,32.162635400,32.162635400,32.162725000,1/1/1
6568,4612,BLT,1,89.600,32.562897200,32.562911600,32.562911600,32.563001200,1/1/1
6568,4612,BLT,1,89.600,33.512851900,33.512872000,33.512872000,33.512961600,1/1/1
6568,4612,BLT,1,89.600,40.329945600,40.329966700,40.329966700,40.330056300,1/1/1
6568,4612,BLT,1,89.600,41.529992800,41.530016400,41.530016400,41.530106000,1/1/1
6568,4612,BLT,1,89.500,28.445972300,28.445987600,28.445987600,28.446077100,1/1/1
6568,4612,BLT,1,89.500,29.129375700,29.129396900,29.129396900,29.129486400,1/1/1
6568,4612,BLT,1,89.500,35.046350700,35.046367300,35.046367300,35.046456800,1/1/1
6568,4612,BLT,1,89.500,36.963287300,36.963309100,36.963309100,36.963398600,1/1/1
6568,4612,BLT,1,89.500,39.512960600,39.512975300,39.512975300,39.513064800,1/1/1
6568,4612,BLT,1,89.500,40.413233400,40.413248300,40.413248300,40.413337800,1/1/1
6568,4612,BLT,1,89.400,24.279261000,24.279275900,24.279275900,24.279365300,1/1/1
6568,4612,BLT,1,89.400,28.045655200,28.045676200,28.045676200,28.045765600,1/1/1
6568,4612,BLT,1,89.400,32.712845200,32.712865500,32.712865500,32.712954900,1/1/1
6568,4612,BLT,1,89.400,35.162718100,35.162738700,35.162738700,35.162828100,1/1/1
6568,4612,BLT,1,89.400,38.763040000,38.763058700,38.763058700,38.763148100,1/1/1
6568,5992,Render,1,89.400,39.707967000,39.708032000,39.708032000,39.708121400,1/10/1
6568,4612,BLT,1,89.400,39.713610700,39.714773600,39.714773600,39.714863000,1/1/1
6568,4612,BLT,1,89.400,39.779827600,39.779847900,39.779847900,39.779937300,1/1/1
6568,4612,BLT,1,89.300,22.129187300,22.129207700,22.129207700,22.129297000,1/1/1
6568,4612,BLT,1,89.300,22.279380800,22.279396700,22.279396700,22.279486000,1/1/1
6568,4612,BLT,1,89.300,25.595853000,25.595868300,25.595868300,25.595957600,1/1/1
6568,4612,BLT,1,89.300,30.195837300,30.195857500,30.195857500,30.195946800,1/1/1
6568,4612,BLT,1,89.300,32.446396200,32.446411600,32.446411600,32.446500900,1/1/1
6568,4612,BLT,1,89.300,35.079536600,35.079551600,35.079551600,35.079640900,1/1/1
6568,4612,BLT,1,89.200,24.629474800,24.629495700,24.629495700,24.629584900,1/1/1
6568,4612,BLT,1,89.200,30.162794800,30.162815600,30.162815600,30.162904800,1/1/1
6568,4612,BLT,1,89.200,30.296152000,30.296170500,30.296170500,30.296259700,1/1/1
6568,4612,BLT,1,89.200,33.262844800,33.262860200,33.262860200,33.262949400,1/1/1
6568,5992,Render,1,89.200,35.627789900,35.627804600,35.627804600,35.627893800,1/10/1
6568,4612,BLT,1,89.200,41.479960700,41.479981500,41.479981500,41.480070700,1/1/1
6568,4612,Render,1,89.100,23.963117500,23.963184100,23.963184100,23.963273200,1/1/1
6568,4612,BLT,1,89.100,26.312635200,26.312655300,26.312655300,26.312744400,1/1/1
6568,5992,Render,1,89.100,28.867192900,28.867218100,28.867218100,28.867307200,1/10/1
6568,4612,BLT,1,89.100,35.479718300,35.479735900,35.479735900,35.479825000,1/1/1
6568,4612,BLT,1,89.100,36.647053700,36.647068900,36.647068900,36.647158000,1/1/1
6568,4612,BLT,1,89.100,38.379953900,38.379969000,38.379969000,38.380058100,1/1/1
6568,4612,BLT,1,89.100,39.413295700,39.413746500,39.413746500,39.413835600,1/1/1
6568,4612,BLT,1,89.000,23.512721900,23.512737400,23.512737400,23.512826400,1/1/1
6568,4612,BLT,1,89.000,25.863849600,25.863864200,25.863864200,25.863953200,1/1/1
6568,4612,BLT,1,89.000,27.529350300,27.529369500,27.529369500,27.529458500,1/1/1
6568,4612,BLT,1,89.000,30.562761800,30.562776800,30.562776800,30.562865800,1/1/1
6568,4612,BLT,1,89.000,36.063112800,36.063127700,36.063127700,36.063216700,1/1/1
6568,4612,BLT,1,89.000,38.729677800,38.729692200,38.729692200,38.729781200,1/1/1
6568,4612,BLT,1,89.000,41.630010500,41.630030600,41.630030600,41.630119600,1/1/1
6568,4612,BLT,1,88.900,27.446307100,27.446324900,27.446324900,27.446413800,1/1/1
6568,4612,BLT,1,88.900,29.063051300,29.063066600,29.063066600,29.063155500,1/1/1
6568,4612,BLT,1,88.900,29.095997800,29.096012400,29.096012400,29.096101300,1/1/1
6568,4612,BLT,1,88.900,34.646376100,34.646390600,34.646390600,34.646479500,1/1/1
6568,4612,BLT,1,88.900,39.946381700,39.946398100,39.946398100,39.946487000,1/1/1
6568,4612,BLT,1,88.800,28.146018700,28.146033800,28.146033800,28.146122600,1/1/1
6568,4612,BLT,1,88.800,30.346402900,30.346429000,30.346429000,30.346517800,1/1/1
6568,4612,BLT,1,88.800,30.380320700,30.380336100,30.380336100,30.380424900,1/1/1
6568,4612,BLT,1,88.800,37.179961700,37.179976500,37.179976500,37.180065300,1/1/1
6568,4612,BLT,1,88.800,37.313188100,37.313203300,37.313203300,37.313292100,1/1/1
6568,4612,BLT,1,88.700,26.529917200,26.529932300,26.529932300,26.530021000,1/1/1
6568,4612,BLT,1,88.700,28.246317000,28.246332100,28.246332100,28.246420800,1/1/1
6568,4612,BLT,1,88.700,28.813043300,28.813058600,28.813058600,28.813147300,1/1/1
6568,4612,BLT,1,88.700,32.930162400,32.930177200,32.930177200,32.930265900,1/1/1
6568,4612,BLT,1,88.700,33.696490600,33.696506500,33.696506500,33.696595200,1/1/1
6568,4612,BLT,1,88.700,37.046635300,37.046650300,37.046650300,37.046739000,1/1/1
6568,4612,BLT,1,88.700,37.096326400,37.096341600,37.096341600,37.096430300,1/1/1
6568,4612,BLT,1,88.700,38.756496300,38.756513300,38.756513300,38.756602000,1/1/1
6568,4612,BLT,1,88.700,39.396377700,39.396404300,39.396404300,39.396493000,1/1/1
6568,4612,BLT,1,88.600,22.029005000,22.029020400,22.029020400,22.029109000,1/1/1
6568,4612,BLT,1,88.600,28.896099700,28.896121500,28.896121500,28.896210100,1/1/1
6568,4612,BLT,1,88.600,29.646070000,29.646084600,29.646084600,29.646173200,1/1/1
6568,4612,BLT,1,88.600,37.446835200,37.446850500,37.446850500,37.446939100,1/1/1
6568,5992,Render,1,88.600,39.324782100,39.324802700,39.324802700,39.324891300,1/10/1
6568,4612,BLT,1,88.500,22.312460600,22.312475300,22.312475300,22.312563800,1/1/1
6568,4612,BLT,1,88.500,23.462652300,23.462666700,23.462666700,23.462755200,1/1/1
6568,4612,BLT,1,88.500,28.263043600,28.263885300,28.263885300,28.263973800,1/1/1
6568,4612,BLT,1,88.500,32.979666600,32.979682000,32.979682000,32.979770500,1/1/1
6568,4612,BLT,1,88.500,35.280749900,35.280765300,35.280765300,35.280853800,1/1/1
6568,4612,BLT,1,88.500,37.212848900,37.212863800,37.212863800,37.212952300,1/1/1
6568,4612,BLT,1,88.500,37.547734200,37.548865900,37.548865900,37.548954400,1/1/1
6568,4612,BLT,1,88.500,40.312792700,40.312806800,40.312806800,40.312895300,1/1/1
6568,4612,BLT,1,88.500,40.546587700,40.546602400,40.546602400,40.546690900,1/1/1
6568,4612,BLT,1,88.500,41.229752400,41.229766900,41.229766900,41.229855400,1/1/1
6568,4612,BLT,1,88.400,22.045753200,22.045767900,22.045767900,22.045856300,1/1/1
6568,4612,BLT,1,88.400,24.145748400,24.145764000,24.145764000,24.145852400,1/1/1
6568,4612,BLT,1,88.400,24.529289300,24.529303900,24.529303900,24.529392300,1/1/1
6568,4612,Render,1,88.400,33.413286300,33.413343100,33.413343100,33.413431500,1/1/1
6568,4612,BLT,1,88.400,33.863403700,33.863418200,33.863418200,33.863506600,1/1/1
6568,4612,BLT,1,88.400,39.729733800,39.729749400,39.729749400,39.729837800,1/1/1
6568,4612,BLT,1,88.400,41.179972700,41.179988300,41.179988300,41.180076700,1/1/1
6568,4612,BLT,1,88.400,41.346484200,41.346498500,41.346498500,41.346586900,1/1/1
6568,4612,BLT,1,88.300,27.746009600,27.746024400,27.746024400,27.746112700,1/1/1
6568,4612,BLT,1,88.300,31.880137600,31.880152900,31.880152900,31.880241200,1/1/1
6568,4612,BLT,1,88.300,32.362954100,32.362971500,32.362971500,32.363059800,1/1/1
6568,4612,BLT,1,88.300,34.513234900,34.513249700,34.513249700,34.513338000,1/1/1
6568,4612,BLT,1,88.300,35.696307200,35.696324400,35.696324400,35.696412700,1/1/1
6568,4612,BLT,1,88.300,41.579966600,41.579981900,41.579981900,41.580070200,1/1/1
6568,5992,Render,1,88.200,22.247695500,22.247718800,22.247718800,22.247807000,1/10/1
6568,4612,BLT,1,88.200,23.879074900,23.879090300,23.879090300,23.879178500,1/1/1
6568,4612,BLT,1,88.200,26.146020000,26.146035100,26.146035100,26.146123300,1/1/1
6568,4612,BLT,1,88.200,26.479305400,26.479326300,26.479326300,26.479414500,1/1/1
6568,4612,BLT,1,88.200,29.547253300,29.548414200,29.548414200,29.548502400,1/1/1
6568,4612,BLT,1,88.200,33.730186500,33.730207900,33.730207900,33.730296100,1/1/1
6568,4612,BLT,1,88.200,38.796329700,38.796344600,38.796344600,38.796432800,1/1/1
6568,4612,BLT,1,88.200,41.708001300,41.708016400,41.708016400,41.708104600,1/1/1
6568,4612,BLT,1,88.100,29.512559400,29.512573700,29.512573700,29.512661800,1/1/1
6568,4612,BLT,1,88.100,36.996366900,36.996381400,36.996381400,36.996469500,1/1/1
6568,4612,BLT,1,88.000,23.795961400,23.795981400,23.795981400,23.796069400,1/1/1
6568,4612,BLT,1,88.000,32.396233800,32.396248400,32.396248400,32.396336400,1/1/1
6568,4612,BLT,1,88.000,34.779946100,34.779961200,34.779961200,34.780049200,1/1/1
6568,4612,BLT,1,88.000,35.212765900,35.212781000,35.212781000,35.212869000,1/1/1
6568,4612,BLT,1,88.000,36.129461800,36.129476200,36.129476200,36.129564200,1/1/1
6568,4612,BLT,1,87.900,27.879862900,27.879877800,27.879877800,27.879965700,1/1/1
6568,4612,BLT,1,87.900,28.013254900,28.013269600,28.013269600,28.013357500,1/1/1
6568,4612,BLT,1,87.900,30.530092400,30.530112100,30.530112100,30.530200000,1/1/1
6568,4612,BLT,1,87.900,30.996969700,30.996995100,30.996995100,30.997083000,1/1/1
6568,5992,Render,1,87.900,31.293086000,31.293103500,31.293103500,31.293191400,1/10/1
6568,4612,BLT,1,87.900,31.563074200,31.563088700,31.563088700,31.563176600,1/1/1
6568,4612,BLT,1,87.900,33.547081000,33.547099900,33.547099900,33.547187800,1/1/1
6568,4612,BLT,1,87.900,33.646251500,33.646266000,33.646266000,33.646353900,1/1/1
6568,4612,BLT,1,87.900,38.679896200,38.679911000,38.679911000,38.679998900,1/1/1
6568,4612,BLT,1,87.900,39.430732600,39.430865600,39.430865600,39.430953500,1/1/1
6568,4612,BLT,1,87.900,40.963127800,40.963149100,40.963149100,40.963237000,1/1/1
6568,4612,BLT,1,87.800,33.596199200,33.596213800,33.596213800,33.596301600,1/1/1
6568,4612,BLT,1,87.800,39.163855400,39.163870100,39.163870100,39.163957900,1/1/1
6568,4612,BLT,1,87.700,29.912780900,29.912795100,29.912795100,29.912882800,1/1/1
6568,5992,Render,1,87.700,37.500911600,37.500930600,37.500930600,37.501018300,1/10/1
6568,4612,BLT,1,87.700,37.996343200,37.996357800,37.996357800,37.996445500,1/1/1
6568,4612,Render,1,87.600,25.829007700,25.829102100,25.829102100,25.829189700,1/1/1
6568,4612,BLT,1,87.600,26.012770900,26.012786200,26.012786200,26.012873800,1/1/1
6568,4612,BLT,1,87.600,34.897382400,34.897397300,34.897397300,34.897484900,1/1/1
6568,4612,BLT,1,87.600,38.946865000,38.946879800,38.946879800,38.946967400,1/1/1
6568,4612,BLT,1,87.600,39.863049100,39.863063800,39.863063800,39.863151400,1/1/1
6568,4612,BLT,1,87.600,40.847778800,40.847795500,40.847795500,40.847883100,1/1/1
6568,4612,BLT,1,87.500,23.762911500,23.762927000,23.762927000,23.763014500,1/1/1
6568,4612,BLT,1,87.500,24.396100000,24.396115800,24.396115800,24.396203300,1/1/1
6568,4612,BLT,1,87.500,25.429356900,25.429386100,25.429386100,25.429473600,1/1/1
6568,5992,Render,1,87.500,29.121961500,29.121980000,29.121980000,29.122067500,1/10/1
6568,4612,BLT,1,87.500,34.262993200,34.263007900,34.263007900,34.263095400,1/1/1
6568,4612,BLT,1,87.500,34.596125600,34.596145700,34.596145700,34.596233200,1/1/1
6568,4612,BLT,1,87.500,38.063045100,38.063065600,38.063065600,38.063153100,1/1/1
6568,4612,BLT,1,87.500,38.246575400,38.246590100,38.246590100,38.246677600,1/1/1
6568,5992,Render,1,87.500,40.709849800,40.709868400,40.709868400,40.709955900,1/10/1
6568,4612,BLT,1,87.400,22.845860300,22.845874500,22.845874500,22.845961900,1/1/1
6568,4612,BLT,1,87.400,24.746783300,24.746798300,24.746798300,24.746885700,1/1/1
6568,4612,BLT,1,87.400,36.146918800,36.146934100,36.146934100,36.147021500,1/1/1
6568,4612,BLT,1,87.400,38.629763600,38.629778100,38.629778100,38.629865500,1/1/1
6568,4612,BLT,1,87.400,39.979700000,39.979715200,39.979715200,39.979802600,1/1/1
6568,4612,BLT,1,87.300,25.312635400,25.312654700,25.312654700,25.312742000,1/1/1
6568,4612,BLT,1,87.300,28.329916000,28.329930300,28.329930300,28.330017600,1/1/1
6568,4612,BLT,1,87.300,28.679690700,28.679705700,28.679705700,28.679793000,1/1/1
6568,4612,BLT,1,87.300,37.463809900,37.463824900,37.463824900,37.463912200,1/1/1
6568,4612,BLT,1,87.300,38.546238900,38.546254200,38.546254200,38.546341500,1/1/1
6568,4612,BLT,1,87.200,23.545849300,23.545871900,23.545871900,23.545959100,1/1/1
6568,4612,BLT,1,87.200,28.579355600,28.579370200,28.579370200,28.579457400,1/1/1
6568,4612,BLT,1,87.200,35.996082100,35.996097300,35.996097300,35.996184500,1/1/1
6568,4612,Render,1,87.200,40.847567300,40.847625200,40.847625200,40.847712400,1/1/1
6568,4612,BLT,1,87.200,41.313192900,41.313208000,41.313208000,41.313295200,1/1/1
6568,4612,BLT,1,87.100,26.045941700,26.045956900,26.045956900,26.046044000,1/1/1
6568,5992,Render,1,87.100,28.301241200,28.301289300,28.301289300,28.301376400,1/10/1
6568,4612,BLT,1,87.100,31.746725600,31.746740500,31.746740500,31.746827600,1/1/1
6568,4612,Render,1,87.100,32.345930700,32.346023800,32.346023800,32.346110900,1/1/1
6568,4612,BLT,1,87.100,36.379926800,36.379941700,36.379941700,36.380028800,1/1/1
6568,4612,BLT,1,87.100,39.913011100,39.913032200,39.913032200,39.913119300,1/1/1
6568,4612,BLT,1,87.000,24.329444500,24.329462600,24.329462600,24.329549600,1/1/1
6568,4612,Render,1,87.000,32.662585500,32.662666000,32.662666000,32.662753000,1/1/1
6568,4612,BLT,1,87.000,39.346557700,39.346572500,39.346572500,39.346659500,1/1/1
6568,4612,BLT,1,86.900,26.962535500,26.962550000,26.962550000,26.962636900,1/1/1
6568,4612,BLT,1,86.900,30.079442400,30.079467800,30.079467800,30.079554700,1/1/1
6568,4612,BLT,1,86.900,32.180064000,32.180083700,32.180083700,32.180170600,1/1/1
6568,5992,Render,1,86.900,33.883653600,33.883671500,33.883671500,33.883758400,1/10/1
6568,4612,BLT,1,86.900,34.679368000,34.679382800,34.679382800,34.679469700,1/1/1
6568,4612,BLT,1,86.900,35.346918500,35.346933800,35.346933800,35.347020700,1/1/1
6568,4612,Render,1,86.900,36.981190600,36.981217100,36.981217100,36.981304000,1/1/1
6568,5992,Render,1,86.800,21.974991200,21.975039500,21.975039500,21.975126300,1/10/1
6568,4612,BLT,1,86.800,24.579273900,24.579293200,24.579293200,24.579380000,1/1/1
6568,4612,BLT,1,86.800,30.446238000,30.446252900,30.446252900,30.446339700,1/1/1
6568,4612,Render,1,86.800,31.430042200,31.430062000,31.430062000,31.430148800,1/1/1
6568,4612,BLT,1,86.800,32.262902700,32.262917800,32.262917800,32.263004600,1/1/1
6568,4612,BLT,1,86.800,32.313038600,32.313053100,32.313053100,32.313139900,1/1/1
6568,4612,BLT,1,86.800,33.096114700,33.096134600,33.096134600,33.096221400,1/1/1
6568,4612,Render,1,86.800,33.463581600,33.463600200,33.463600200,33.463687000,1/1/1
6568,4612,BLT,1,86.800,35.963026500,35.963053200,35.963053200,35.963140000,1/1/1
6568,5992,Render,1,86.800,36.444792200,36.444806600,36.444806600,36.444893400,1/10/1
6568,5992,Render,1,86.700,33.841765100,33.841782700,33.841782700,33.841869400,1/10/1
6568,4612,BLT,1,86.700,37.080557200,37.080577400,37.080577400,37.080664100,1/1/1
6568,4612,BLT,1,86.700,37.362910700,37.362930700,37.362930700,37.363017400,1/1/1
6568,4612,BLT,1,86.600,27.662741200,27.662761700,27.662761700,27.662848300,1/1/1
6568,4612,BLT,1,86.600,28.546639700,28.546654400,28.546654400,28.546741000,1/1/1
6568,4612,BLT,1,86.600,31.596145100,31.596159500,31.596159500,31.596246100,1/1/1
6568,4612,Render,1,86.500,22.363263800,22.363282000,22.363282000,22.363368500,1/1/1
6568,4612,Render,1,86.500,27.296054800,27.296076300,27.296076300,27.296162800,1/1/1
6568,4612,BLT,1,86.500,34.563087500,34.563107700,34.563107700,34.563194200,1/1/1
6568,4612,BLT,1,86.500,39.596322000,39.596336700,39.596336700,39.596423200,1/1/1
6568,4612,BLT,1,86.500,40.079738000,40.079777700,40.079777700,40.079864200,1/1/1
6568,4612,Render,1,86.400,25.429136000,25.429222800,25.429222800,25.429309200,1/1/1
6568,4612,BLT,1,86.400,29.863069600,29.863084300,29.863084300,29.863170700,1/1/1
6568,4612,BLT,1,86.400,39.696525100,39.696545200,39.696545200,39.696631600,1/1/1
6568,4612,BLT,1,86.400,39.813063000,39.813086500,39.813086500,39.813172900,1/1/1
6568,4612,BLT,1,86.400,39.839041300,39.839056300,39.839056300,39.839142700,1/1/1
6568,4612,BLT,1,86.400,40.779869600,40.779885500,40.779885500,40.779971900,1/1/1
6568,4612,BLT,1,86.300,24.029885100,24.029905900,24.029905900,24.029992200,1/1/1
6568,4612,Render,1,86.300,27.562388200,27.562476900,27.562476900,27.562563200,1/1/1
6568,4612,BLT,1,86.300,30.962672600,30.962687600,30.962687600,30.962773900,1/1/1
6568,4612,BLT,1,86.300,32.197624900,32.197640000,32.197640000,32.197726300,1/1/1
6568,4612,BLT,1,86.200,24.845862900,24.845882700,24.845882700,24.845968900,1/1/1
6568,4612,BLT,1,86.200,26.996314500,26.996340800,26.996340800,26.996427000,1/1/1
6568,4612,Render,1,86.100,26.345684000,26.345781500,26.345781500,26.345867600,1/1/1
6568,4612,BLT,1,86.100,26.662740300,26.662755100,26.662755100,26.662841200,1/1/1
6568,4612,BLT,1,86.100,31.062757600,31.062772200,31.062772200,31.062858300,1/1/1
6568,4612,BLT,1,86.100,32.112740400,32.112755600,32.112755600,32.112841700,1/1/1
6568,5992,Render,1,86.100,37.294461000,37.294478200,37.294478200,37.294564300,1/10/1
6568,4612,BLT,1,86.000,23.896029900,23.896044600,23.896044600,23.896130600,1/1/1
6568,4612,Render,1,86.000,28.096000000,28.096027100,28.096027100,28.096113100,1/1/1
6568,4612,BLT,1,86.000,28.529356400,28.529371900,28.529371900,28.529457900,1/1/1
6568,4612,BLT,1,86.000,28.663492700,28.663507300,28.663507300,28.663593300,1/1/1
6568,4612,BLT,1,86.000,32.896925700,32.896951300,32.896951300,32.897037300,1/1/1
6568,4612,BLT,1,86.000,34.113042000,34.113062200,34.113062200,34.113148200,1/1/1
6568,4612,Render,1,86.000,34.879477200,34.879494600,34.879494600,34.879580600,1/1/1
6568,5992,Render,1,86.000,36.118210100,36.118255100,36.118255100,36.118341100,1/10/1
6568,4612,BLT,1,86.000,37.896704500,37.896719300,37.896719300,37.896805300,1/1/1
6568,4612,BLT,1,85.900,26.129255600,26.129270500,26.129270500,26.129356400,1/1/1
6568,4612,BLT,1,85.900,30.429868100,30.429882900,30.429882900,30.429968800,1/1/1
6568,4612,BLT,1,85.900,38.013705000,38.013719900,38.013719900,38.013805800,1/1/1
6568,4612,BLT,1,85.800,38.329653300,38.329673500,38.329673500,38.329759300,1/1/1
6568,4612,Render,1,85.800,40.596971900,40.597003100,40.597003100,40.597088900,1/1/1
6568,4612,BLT,1,85.700,21.896904300,21.896918700,21.896918700,21.897004400,1/1/1
6568,4612,Render,1,85.700,23.229508200,23.229531400,23.229531400,23.229617100,1/1/1
6568,4612,BLT,1,85.600,22.568773000,22.568788200,22.568788200,22.568873800,1/1/1
6568,4612,Render,1,85.600,28.112758200,28.112779300,28.112779300,28.112864900,1/1/1
6568,4612,BLT,1,85.600,36.362905500,36.362932600,36.362932600,36.363018200,1/1/1
6568,4612,Render,1,85.500,29.430134600,29.430151300,29.430151300,29.430236800,1/1/1
6568,5992,Render,1,85.500,32.149862800,32.149880000,32.149880000,32.149965500,1/10/1
6568,4612,Render,1,85.500,34.429477000,34.429499500,34.429499500,34.429585000,1/1/1
6568,4612,BLT,1,85.500,38.029711000,38.029736200,38.029736200,38.029821700,1/1/1
6568,4612,BLT,1,85.500,40.679727000,40.679746600,40.679746600,40.679832100,1/1/1
6568,5992,Render,1,85.400,21.847975400,21.847992500,21.847992500,21.848077900,1/10/1
6568,4612,BLT,1,85.400,25.479271200,25.479286400,25.479286400,25.479371800,1/1/1
6568,4612,Render,1,85.400,26.879245700,26.879275300,26.879275300,26.879360700,1/1/1
6568,4612,BLT,1,85.400,39.062936000,39.062950100,39.062950100,39.063035500,1/1/1
6568,5992,Render,1,85.300,24.598925600,24.598967300,24.598967300,24.599052600,1/10/1
6568,4612,BLT,1,85.300,25.612694500,25.612708600,25.612708600,25.612793900,1/1/1
6568,4612,BLT,1,85.300,29.612852500,29.612867300,29.612867300,29.612952600,1/1/1
6568,4612,BLT,1,85.300,32.846226000,32.846241300,32.846241300,32.846326600,1/1/1
6568,4612,Render,1,85.200,29.412994900,29.413025200,29.413025200,29.413110400,1/1/1
6568,4612,BLT,1,85.200,30.929823900,30.929839000,30.929839000,30.929924200,1/1/1
6568,4612,BLT,1,85.200,40.896429700,40.896445500,40.896445500,40.896530700,1/1/1
6568,4612,BLT,1,85.100,22.297021700,22.297041600,22.297041600,22.297126700,1/1/1
6568,4612,Render,1,85.100,25.146180300,25.146243100,25.146243100,25.146328200,1/1/1
6568,4612,BLT,1,85.100,26.695893600,26.695908200,26.695908200,26.695993300,1/1/1
6568,4612,Render,1,85.100,27.146063600,27.146158600,27.146158600,27.146243700,1/1/1
6568,4612,BLT,1,85.100,28.596218400,28.596233300,28.596233300,28.596318400,1/1/1
6568,4612,BLT,1,85.100,30.029361300,30.029375700,30.029375700,30.029460800,1/1/1
6568,5992,Render,1,85.100,35.357099300,35.357118700,35.357118700,35.357203800,1/10/1
6568,4612,BLT,1,85.000,28.614081300,28.614101100,28.614101100,28.614186100,1/1/1
6568,5992,Render,1,84.900,21.932775900,21.932793300,21.932793300,21.932878200,1/10/1
6568,4612,BLT,1,84.900,23.945965300,23.945984000,23.945984000,23.946068900,1/1/1
6568,4612,BLT,1,84.900,30.762645100,30.762677900,30.762677900,30.762762800,1/1/1
6568,4612,BLT,1,84.900,32.662861800,32.662886800,32.662886800,32.662971700,1/1/1
6568,4612,Render,1,84.900,33.413213500,33.413239700,33.413239700,33.413324600,1/1/1
6568,4612,Render,1,84.800,29.379478800,29.379505800,29.379505800,29.379590600,1/1/1
6568,4612,Render,1,84.800,31.363003300,31.363027600,31.363027600,31.363112400,1/1/1
6568,4612,BLT,1,84.700,30.679400300,30.679420900,30.679420900,30.679505600,1/1/1
6568,4612,Render,1,84.700,35.779950000,35.780024600,35.780024600,35.780109300,1/1/1
6568,4612,BLT,1,84.700,38.146407100,38.146421800,38.146421800,38.146506500,1/1/1
6568,4612,BLT,1,84.600,21.963251800,21.963273400,21.963273400,21.963358000,1/1/1
6568,4612,BLT,1,84.600,26.913177600,26.913198400,26.913198400,26.913283000,1/1/1
6568,4612,BLT,1,84.600,32.346193700,32.346210400,32.346210400,32.346295000,1/1/1
6568,4612,Render,1,84.600,34.112810500,34.112828500,34.112828500,34.112913100,1/1/1
6568,4612,BLT,1,84.500,35.296291600,35.296313800,35.296313800,35.296398300,1/1/1
6568,5992,Render,1,84.400,23.910741700,23.910756600,23.910756600,23.910841000,1/10/1
6568,4612,BLT,1,84.400,24.795943000,24.795958100,24.795958100,24.796042500,1/1/1
6568,4612,BLT,1,84.400,28.563192100,28.563206700,28.563206700,28.563291100,1/1/1
6568,4612,Render,1,84.400,40.896147100,40.896251900,40.896251900,40.896336300,1/1/1
6568,4612,BLT,1,84.400,41.296308100,41.296328700,41.296328700,41.296413100,1/1/1
6568,4612,BLT,1,84.300,22.579128200,22.579148300,22.579148300,22.579232600,1/1/1
6568,5992,Render,1,84.300,23.526692000,23.526737200,23.526737200,23.526821500,1/10/1
6568,4612,Render,1,84.300,28.445760000,28.445837200,28.445837200,28.445921500,1/1/1
6568,4612,Render,1,84.300,40.329634500,40.329655700,40.329655700,40.329740000,1/1/1
6568,4612,Render,1,84.200,22.212247600,22.212265800,22.212265800,22.212350000,1/1/1
6568,5992,Render,1,84.200,22.290499800,22.290546000,22.290546000,22.290630200,1/10/1
6568,4612,BLT,1,84.200,35.029544600,35.029561200,35.029561200,35.029645400,1/1/1
6568,4612,BLT,1,84.200,36.046226200,36.046246500,36.046246500,36.046330700,1/1/1
6568,4612,BLT,1,84.200,37.530251000,37.530266900,37.530266900,37.530351100,1/1/1
6568,4612,BLT,1,84.100,28.729367100,28.729381700,28.729381700,28.729465800,1/1/1
6568,4612,Render,1,84.100,29.479785800,29.479849200,29.479849200,29.479933300,1/1/1
6568,4612,BLT,1,84.100,32.629585300,32.629606000,32.629606000,32.629690100,1/1/1
6568,4612,BLT,1,84.100,32.962694400,32.962709200,32.962709200,32.962793300,1/1/1
6568,4612,Render,1,84.000,23.029400800,23.029493300,23.029493300,23.029577300,1/1/1
6568,4612,BLT,1,84.000,26.645975700,26.645991100,26.645991100,26.646075100,1/1/1
6568,4612,Render,1,84.000,28.895847100,28.895872700,28.895872700,28.895956700,1/1/1
6568,4612,Render,1,84.000,31.313259700,31.313278100,31.313278100,31.313362100,1/1/1
6568,4612,Render,1,84.000,31.413134500,31.413159600,31.413159600,31.413243600,1/1/1
6568,4612,Render,1,84.000,36.764623900,36.764651700,36.764651700,36.764735700,1/1/1
6568,4612,BLT,1,83.900,24.246023600,24.246043600,24.246043600,24.246127500,1/1/1
6568,4612,BLT,1,83.900,36.562932600,36.562956400,36.562956400,36.563040300,1/1/1
6568,4612,BLT,1,83.800,21.945674000,21.945696500,21.945696500,21.945780300,1/1/1
6568,4612,Render,1,83.800,25.296057100,25.296078100,25.296078100,25.296161900,1/1/1
6568,4612,Render,1,83.800,38.812909700,38.812928500,38.812928500,38.813012300,1/1/1
6568,4612,BLT,1,83.800,40.729859400,40.729881700,40.729881700,40.729965500,1/1/1
6568,4612,Render,1,83.600,21.963002500,21.963029300,21.963029300,21.963112900,1/1/1
6568,4612,BLT,1,83.500,29.279424100,29.279445900,29.279445900,29.279529400,1/1/1
6568,4612,BLT,1,83.500,39.752535400,39.752550500,39.752550500,39.752634000,1/1/1
6568,4612,Render,1,83.400,25.262742000,25.262821800,25.262821800,25.262905200,1/1/1
6568,4612,Render,1,83.400,31.945793500,31.945866600,31.945866600,31.945950000,1/1/1
6568,4612,BLT,1,83.400,34.247049000,34.247063700,34.247063700,34.247147100,1/1/1
6568,4612,Render,1,83.400,36.897204700,36.897224700,36.897224700,36.897308100,1/1/1
6568,4612,BLT,1,83.400,40.362921500,40.362942600,40.362942600,40.363026000,1/1/1
6568,4612,BLT,1,83.300,28.112988200,28.113005400,28.113005400,28.113088700,1/1/1
6568,4612,Render,1,83.300,29.045819000,29.045852600,29.045852600,29.045935900,1/1/1
6568,4612,BLT,1,83.300,34.479895500,34.479917000,34.479917000,34.480000300,1/1/1
6568,4612,Render,1,83.300,39.129573200,39.129593000,39.129593000,39.129676300,1/1/1
6568,4612,BLT,1,83.300,39.679640100,39.679658300,39.679658300,39.679741600,1/1/1
6568,4612,BLT,1,83.200,25.063410500,25.063425200,25.063425200,25.063508400,1/1/1
6568,4612,BLT,1,83.200,25.879279300,25.879294600,25.879294600,25.879377800,1/1/1
6568,4612,Render,1,83.200,31.829427200,31.829450800,31.829450800,31.829534000,1/1/1
6568,5992,Render,1,83.200,32.865478400,32.865496000,32.865496000,32.865579200,1/10/1
6568,4612,BLT,1,83.200,34.162941900,34.162962400,34.162962400,34.163045600,1/1/1
6568,4612,Render,1,83.200,34.179445600,34.179465000,34.179465000,34.179548200,1/1/1
6568,4612,BLT,1,83.200,39.896301600,39.896321500,39.896321500,39.896404700,1/1/1
6568,4612,Render,1,83.100,24.395865400,24.395885000,24.395885000,24.395968100,1/1/1
6568,4612,BLT,1,83.100,29.146087400,29.146109100,29.146109100,29.146192200,1/1/1
6568,4612,BLT,1,83.100,37.346150000,37.346164500,37.346164500,37.346247600,1/1/1
6568,4612,Render,1,83.000,22.662298800,22.662316700,22.662316700,22.662399700,1/1/1
6568,4612,BLT,1,83.000,32.029237200,32.029257000,32.029257000,32.029340000,1/1/1
6568,4612,BLT,1,83.000,37.262966200,37.262986500,37.262986500,37.263069500,1/1/1
6568,4612,Render,1,82.900,25.245714400,25.245738600,25.245738600,25.245821500,1/1/1
6568,4612,BLT,1,82.900,25.579533300,25.579549300,25.579549300,25.579632200,1/1/1
6568,4612,BLT,1,82.900,37.129620200,37.129634700,37.129634700,37.129717600,1/1/1
6568,4612,BLT,1,82.900,40.030047700,40.030067700,40.030067700,40.030150600,1/1/1
6568,4612,BLT,1,82.800,25.095812800,25.095832700,25.095832700,25.095915500,1/1/1
6568,4612,BLT,1,82.800,30.630144200,30.630158500,30.630158500,30.630241300,1/1/1
6568,4612,BLT,1,82.800,35.646398300,35.646418800,35.646418800,35.646501600,1/1/1
6568,4612,BLT,1,82.800,41.213029700,41.213044800,41.213044800,41.213127600,1/1/1
6568,4612,BLT,1,82.700,29.046077200,29.046093300,29.046093300,29.046176000,1/1/1
6568,4612,Render,1,82.700,34.079415900,34.079441800,34.079441800,34.079524500,1/1/1
6568,4612,BLT,1,82.700,36.546151200,36.546165800,36.546165800,36.546248500,1/1/1
6568,5992,Render,1,82.600,24.001766300,24.001810300,24.001810300,24.001892900,1/10/1
6568,4612,BLT,1,82.600,25.513837800,25.513857500,25.513857500,25.513940100,1/1/1
6568,4612,Render,1,82.600,27.112866300,27.112887100,27.112887100,27.112969700,1/1/1
6568,4612,BLT,1,82.600,35.179738400,35.179754100,35.179754100,35.179836700,1/1/1
6568,4612,Render,1,82.600,36.496125900,36.496193100,36.496193100,36.496275700,1/1/1
6568,4612,Render,1,82.600,37.162653600,37.162717700,37.162717700,37.162800300,1/1/1
6568,4612,BLT,1,82.500,24.929350000,24.929364600,24.929364600,24.929447100,1/1/1
6568,4612,Render,1,82.500,27.245958700,27.246031700,27.246031700,27.246114200,1/1/1
6568,4612,BLT,1,82.500,38.996339100,38.996359200,38.996359200,38.996441700,1/1/1
6568,4612,BLT,1,82.500,39.629906300,39.629920800,39.629920800,39.630003300,1/1/1
6568,4612,BLT,1,82.400,22.262596100,22.262611400,22.262611400,22.262693800,1/1/1
6568,4612,Render,1,82.400,25.446034800,25.446056600,25.446056600,25.446139000,1/1/1
6568,4612,BLT,1,82.400,27.479331100,27.479350300,27.479350300,27.479432700,1/1/1
6568,5992,Render,1,82.400,28.651691800,28.651709600,28.651709600,28.651792000,1/10/1
6568,5992,Render,1,82.400,34.893656800,34.893728300,34.893728300,34.893810700,1/10/1
6568,4612,BLT,1,82.300,30.646124400,30.646139600,30.646139600,30.646221900,1/1/1
6568,4612,Render,1,82.300,31.430107300,31.430170500,31.430170500,31.430252800,1/1/1
6568,4612,BLT,1,82.300,38.230862400,38.230877000,38.230877000,38.230959300,1/1/1
6568,4612,BLT,1,82.200,24.712377000,24.712392700,24.712392700,24.712474900,1/1/1
6568,4612,Render,1,82.200,25.146114600,25.146134500,25.146134500,25.146216700,1/1/1
6568,4612,BLT,1,82.200,25.995797000,25.995812200,25.995812200,25.995894400,1/1/1
6568,5992,Render,1,82.200,29.625377500,29.625451100,29.625451100,29.625533300,1/10/1
6568,4612,Render,1,82.200,35.962759400,35.962833600,35.962833600,35.962915800,1/1/1
6568,4612,BLT,1,82.100,23.629183500,23.629203000,23.629203000,23.629285100,1/1/1
6568,4612,Render,1,82.100,31.463036500,31.463115000,31.463115000,31.463197100,1/1/1
6568,4612,BLT,1,82.100,38.196389300,38.196409700,38.196409700,38.196491800,1/1/1
6568,4612,Render,1,82.000,32.651681800,32.651724600,32.651724600,32.651806600,1/1/1
6568,4612,BLT,1,82.000,35.512737100,35.512757900,35.512757900,35.512839900,1/1/1
6568,4612,BLT,1,82.000,37.931192500,37.931207200,37.931207200,37.931289200,1/1/1
6568,4612,BLT,1,81.900,29.980462700,29.980477700,29.980477700,29.980559600,1/1/1
6568,4612,BLT,1,81.900,34.946677000,34.946691800,34.946691800,34.946773700,1/1/1
6568,5992,Render,1,81.800,27.031476400,27.031521000,27.031521000,27.031602800,1/10/1
6568,4612,BLT,1,81.800,30.812573000,30.812587700,30.812587700,30.812669500,1/1/1
6568,4612,BLT,1,81.800,31.545901500,31.545922500,31.545922500,31.546004300,1/1/1
6568,4612,Render,1,81.800,35.540666900,35.540729100,35.540729100,35.540810900,1/1/1
6568,4612,Render,1,81.800,36.897352100,36.897366600,36.897366600,36.897448400,1/1/1
6568,4612,BLT,1,81.700,22.096025400,22.096041200,22.096041200,22.096122900,1/1/1
6568,4612,BLT,1,81.700,23.495827700,23.495843100,23.495843100,23.495924800,1/1/1
6568,4612,BLT,1,81.700,23.745754500,23.745769400,23.745769400,23.745851100,1/1/1
6568,4612,Render,1,81.700,26.212325000,26.212415900,26.212415900,26.212497600,1/1/1
6568,4612,BLT,1,81.700,28.795946000,28.795961800,28.795961800,28.796043500,1/1/1
6568,4612,BLT,1,81.700,29.595963500,29.595978000,29.595978000,29.596059700,1/1/1
6568,4612,BLT,1,81.700,37.296801500,37.296816700,37.296816700,37.296898400,1/1/1
6568,4612,BLT,1,81.600,28.879250900,28.879270800,28.879270800,28.879352400,1/1/1
6568,4612,Render,1,81.600,33.446518200,33.446533600,33.446533600,33.446615200,1/1/1
6568,4612,Render,1,81.600,38.212798200,38.212835000,38.212835000,38.212916600,1/1/1
6568,4612,BLT,1,81.600,38.296817700,38.296837800,38.296837800,38.296919400,1/1/1
6568,4612,Render,1,81.600,39.029664200,39.029772400,39.029772400,39.029854000,1/1/1
6568,4612,BLT,1,81.500,34.296081100,34.296101600,34.296101600,34.296183100,1/1/1
6568,4612,Render,1,81.500,36.746221900,36.746239400,36.746239400,36.746320900,1/1/1
6568,4612,Render,1,81.500,37.729724700,37.729792200,37.729792200,37.729873700,1/1/1
6568,4612,BLT,1,81.500,40.530772200,40.530787400,40.530787400,40.530868900,1/1/1
6568,4612,BLT,1,81.400,22.412861900,22.412876700,22.412876700,22.412958100,1/1/1
6568,4612,Render,1,81.400,34.100836300,34.100910000,34.100910000,34.100991400,1/1/1
6568,4612,Render,1,81.400,34.462786500,34.462874000,34.462874000,34.462955400,1/1/1
6568,4612,Render,1,81.400,40.062664200,40.062695400,40.062695400,40.062776800,1/1/1
6568,4612,Render,1,81.400,40.079577800,40.079647900,40.079647900,40.079729300,1/1/1
6568,4612,Render,1,81.400,40.629586100,40.629612400,40.629612400,40.629693800,1/1/1
6568,4612,Render,1,81.300,23.845919200,23.845937900,23.845937900,23.846019200,1/1/1
6568,4612,Render,1,81.300,39.562906500,39.562927800,39.562927800,39.563009100,1/1/1
6568,4612,Render,1,81.300,39.679404100,39.679502600,39.679502600,39.679583900,1/1/1
6568,4612,Render,1,81.200,23.979188400,23.979288800,23.979288800,23.979370000,1/1/1
6568,4612,BLT,1,81.200,36.946121100,36.946135500,36.946135500,36.946216700,1/1/1
6568,5992,Render,1,81.100,34.320535500,34.320554200,34.320554200,34.320635300,1/10/1
6568,4612,BLT,1,81.100,35.912787300,35.912807100,35.912807100,35.912888200,1/1/1
6568,4612,Render,1,81.100,37.746578100,37.746594100,37.746594100,37.746675200,1/1/1
6568,5992,Render,1,81.100,38.007278800,38.007323400,38.007323400,38.007404500,1/10/1
6568,4612,BLT,1,81.000,22.695661800,22.695676400,22.695676400,22.695757400,1/1/1
6568,4612,Render,1,81.000,35.562959600,35.563038700,35.563038700,35.563119700,1/1/1
6568,4612,BLT,1,80.900,23.612868400,23.612882200,23.612882200,23.612963100,1/1/1
6568,4612,Render,1,80.900,27.695964000,27.696021200,27.696021200,27.696102100,1/1/1
6568,4612,BLT,1,80.900,28.312486500,28.312501700,28.312501700,28.312582600,1/1/1
6568,4612,Render,1,80.900,28.495945800,28.496022400,28.496022400,28.496103300,1/1/1
6568,4612,BLT,1,80.900,29.762585600,29.762600600,29.762600600,29.762681500,1/1/1
6568,4612,BLT,1,80.900,36.029433000,36.029447300,36.029447300,36.029528200,1/1/1
6568,4612,Render,1,80.900,36.764715400,36.764751400,36.764751400,36.764832300,1/1/1
6568,4612,BLT,1,80.900,41.713132800,41.713147700,41.713147700,41.713228600,1/1/1
6568,4612,Render,1,80.800,22.912615300,22.912675100,22.912675100,22.912755900,1/1/1
6568,4612,Render,1,80.800,27.163646500,27.163664900,27.163664900,27.163745700,1/1/1
6568,4612,Render,1,80.800,27.429177600,27.429213600,27.429213600,27.429294400,1/1/1
6568,4612,Render,1,80.700,25.962433400,25.962510000,25.962510000,25.962590700,1/1/1
6568,4612,Render,1,80.700,34.197295300,34.197320000,34.197320000,34.197400700,1/1/1
6568,4612,Render,1,80.600,22.863882700,22.863896700,22.863896700,22.863977300,1/1/1
6568,4612,Render,1,80.600,33.146231700,33.146267600,33.146267600,33.146348200,1/1/1
6568,4612,Render,1,80.600,33.946011100,33.946038800,33.946038800,33.946119400,1/1/1
6568,4612,Render,1,80.500,28.180452100,28.180511300,28.180511300,28.180591800,1/1/1
6568,4612,Render,1,80.500,30.404656800,30.404678900,30.404678900,30.404759400,1/1/1
6568,4612,BLT,1,80.500,33.497400300,33.497415300,33.497415300,33.497495800,1/1/1
6568,4612,Render,1,80.500,33.595981700,33.595998300,33.595998300,33.596078800,1/1/1
6568,4612,Render,1,80.400,28.362544900,28.362572500,28.362572500,28.362652900,1/1/1
6568,4612,BLT,1,80.400,30.512753400,30.512768400,30.512768400,30.512848800,1/1/1
6568,4612,BLT,1,80.400,37.029981500,37.029995800,37.029995800,37.030076200,1/1/1
6568,4612,BLT,1,80.300,24.012410200,24.012424900,24.012424900,24.012505200,1/1/1
6568,4612,Render,1,80.300,27.962424900,27.962505500,27.962505500,27.962585800,1/1/1
6568,4612,Render,1,80.300,31.862510300,31.862572800,31.862572800,31.862653100,1/1/1
6568,4612,Render,1,80.200,38.447715800,38.447735600,38.447735600,38.447815800,1/1/1
6568,4612,Render,1,80.100,27.095751200,27.095792800,27.095792800,27.095872900,1/1/1
6568,4612,Render,1,80.100,28.478959600,28.479010800,28.479010800,28.479090900,1/1/1
6568,4612,Render,1,80.100,35.879901000,35.879924100,35.879924100,35.880004200,1/1/1
6568,4612,Render,1,80.100,36.080551800,36.080573200,36.080573200,36.080653300,1/1/1
6568,4612,Render,1,80.000,33.396922400,33.396986300,33.396986300,33.397066300,1/1/1
6568,4612,Render,1,79.900,21.812798800,21.812819100,21.812819100,21.812899000,1/1/1
6568,4612,Render,1,79.900,37.779667700,37.779755500,37.779755500,37.779835400,1/1/1
6568,4612,BLT,1,79.900,41.746367100,41.746381500,41.746381500,41.746461400,1/1/1
6568,4612,Render,1,79.800,22.612423700,22.612461000,22.612461000,22.612540800,1/1/1
6568,4612,Render,1,79.800,36.596234500,36.596259500,36.596259500,36.596339300,1/1/1
6568,4612,Render,1,79.700,22.612328200,22.612362800,22.612362800,22.612442500,1/1/1
6568,4612,Render,1,79.700,38.096059300,38.096086300,38.096086300,38.096166000,1/1/1
6568,4612,Render,1,79.700,41.512770400,41.512861900,41.512861900,41.512941600,1/1/1
6568,4612,Render,1,79.500,26.762595000,26.762617900,26.762617900,26.762697400,1/1/1
6568,4612,Render,1,79.500,34.029284000,34.029303800,34.029303800,34.029383300,1/1/1
6568,4612,Render,1,79.500,36.981277200,36.981328000,36.981328000,36.981407500,1/1/1
6568,4612,Render,1,79.500,41.796301700,41.796337500,41.796337500,41.796417000,1/1/1
6568,4612,Render,1,79.400,22.078959900,22.078979600,22.078979600,22.079059000,1/1/1
6568,4612,Render,1,79.400,23.828854400,23.828875200,23.828875200,23.828954600,1/1/1
6568,4612,Render,1,79.300,23.179530900,23.179547000,23.179547000,23.179626300,1/1/1
6568,4612,Render,1,79.300,27.396166700,27.396187000,27.396187000,27.396266300,1/1/1
6568,4612,Render,1,79.300,35.296129600,35.296171100,35.296171100,35.296250400,1/1/1
6568,4612,Render,1,79.200,27.829114200,27.829202900,27.829202900,27.829282100,1/1/1
6568,4612,Render,1,79.100,23.412290800,23.412370700,23.412370700,23.412449800,1/1/1
6568,4612,Render,1,79.100,23.945733200,23.945759300,23.945759300,23.945838400,1/1/1
6568,4612,Render,1,79.100,35.462658600,35.462734700,35.462734700,35.462813800,1/1/1
6568,4612,Render,1,79.100,35.479502200,35.479517500,35.479517500,35.479596600,1/1/1
6568,4612,Render,1,79.000,28.613846100,28.613866900,28.613866900,28.613945900,1/1/1
6568,4612,Render,1,79.000,31.313331100,31.313374900,31.313374900,31.313453900,1/1/1
6568,4612,Render,1,79.000,32.079232700,32.079259400,32.079259400,32.079338400,1/1/1
6568,4612,Render,1,79.000,41.429465000,41.429485400,41.429485400,41.429564400,1/1/1
6568,4612,Render,1,78.900,22.762634600,22.762653000,22.762653000,22.762731900,1/1/1
6568,4612,Render,1,78.900,23.429183700,23.429205200,23.429205200,23.429284100,1/1/1
6568,4612,Render,1,78.900,25.112674400,25.112690300,25.112690300,25.112769200,1/1/1
6568,4612,Render,1,78.900,27.312735900,27.312756900,27.312756900,27.312835800,1/1/1
6568,4612,Render,1,78.900,39.379369100,39.379449200,39.379449200,39.379528100,1/1/1
6568,4612,Render,1,78.800,29.779198700,29.779217600,29.779217600,29.779296400,1/1/1
6568,4612,Render,1,78.800,33.313110900,33.313129100,33.313129100,33.313207900,1/1/1
6568,4612,Render,1,78.800,33.913276800,33.913297000,33.913297000,33.913375800,1/1/1
6568,4612,Render,1,78.800,37.429643000,37.429659900,37.429659900,37.429738700,1/1/1
6568,4612,Render,1,78.800,40.111728200,40.111749300,40.111749300,40.111828100,1/1/1
6568,4612,Render,1,78.700,22.568538100,22.568601200,22.568601200,22.568679900,1/1/1
6568,4612,Render,1,78.700,28.747290600,28.747337000,28.747337000,28.747415700,1/1/1
6568,4612,Render,1,78.700,31.812606600,31.812633400,31.812633400,31.812712100,1/1/1
6568,4612,Render,1,78.700,35.546068100,35.546131300,35.546131300,35.546210000,1/1/1
6568,4612,Render,1,78.700,37.679249900,37.679319600,37.679319600,37.679398300,1/1/1
6568,4612,Render,1,78.600,29.729420000,29.729444400,29.729444400,29.729523000,1/1/1
6568,4612,Render,1,78.600,30.862487400,30.862508200,30.862508200,30.862586800,1/1/1
6568,4612,Render,1,78.600,37.829832700,37.829850200,37.829850200,37.829928800,1/1/1
6568,4612,Render,1,78.500,23.662235000,23.662320600,23.662320600,23.662399100,1/1/1
6568,4612,Render,1,78.500,25.379402500,25.379421200,25.379421200,25.379499700,1/1/1
6568,4612,Render,1,78.500,26.512206700,26.512229200,26.512229200,26.512307700,1/1/1
6568,4612,Render,1,78.500,36.631010700,36.631030600,36.631030600,36.631109100,1/1/1
6568,4612,Render,1,78.400,25.766152900,25.766180300,25.766180300,25.766258700,1/1/1
6568,4612,Render,1,78.400,26.996075600,26.996097900,26.996097900,26.996176300,1/1/1
6568,4612,Render,1,78.400,37.796646700,37.796737100,37.796737100,37.796815500,1/1/1
6568,4612,Render,1,78.300,32.129416600,32.129438200,32.129438200,32.129516500,1/1/1
6568,4612,Render,1,78.300,37.530030100,37.530053000,37.530053000,37.530131300,1/1/1
6568,4612,Render,1,78.300,40.962910900,40.962993700,40.962993700,40.963072000,1/1/1
6568,4612,Render,1,78.200,30.829401600,30.829420900,30.829420900,30.829499100,1/1/1
6568,4612,Render,1,78.200,36.445984800,36.446004200,36.446004200,36.446082400,1/1/1
6568,4612,Render,1,78.200,39.562966600,39.562992100,39.563009100,39.563087300,1/1/1
6568,4612,Render,1,78.100,25.745838700,25.745856200,25.745856200,25.745934300,1/1/1
6568,4612,Render,1,78.100,26.428994700,26.429040600,26.429040600,26.429118700,1/1/1
6568,4612,Render,1,78.100,26.612586300,26.612607500,26.612607500,26.612685600,1/1/1
6568,4612,Render,1,78.100,28.229034800,28.229104900,28.229104900,28.229183000,1/1/1
6568,4612,Render,1,78.100,29.413073500,29.413126700,29.413126700,29.413204800,1/1/1
6568,4612,Render,1,78.100,36.262707100,36.262798000,36.262798000,36.262876100,1/1/1
6568,4612,Render,1,78.000,23.592256400,23.592279200,23.592279200,23.592357200,1/1/1
6568,4612,Render,1,78.000,34.479678100,34.479745000,34.479745000,34.479823000,1/1/1
6568,4612,Render,1,78.000,35.346701300,35.346719600,35.346719600,35.346797600,1/1/1
6568,4612,Render,1,78.000,38.845919800,38.845940600,38.845940600,38.846018600,1/1/1
6568,4612,Render,1,78.000,39.462922400,39.462940700,39.462940700,39.463018700,1/1/1
6568,4612,Render,1,78.000,39.979450600,39.979516900,39.979516900,39.979594900,1/1/1
6568,4612,Render,1,78.000,41.162848200,41.162869700,41.162869700,41.162947700,1/1/1
6568,4612,Render,1,77.900,22.178982200,22.178996100,22.178996100,22.179074000,1/1/1
6568,4612,Render,1,77.900,25.680633600,25.680687900,25.680687900,25.680765800,1/1/1
6568,4612,Render,1,77.900,28.596021900,28.596037200,28.596037200,28.596115100,1/1/1
6568,4612,Render,1,77.900,30.595849600,30.595870100,30.595870100,30.595948000,1/1/1
6568,4612,Render,1,77.900,35.379383600,35.379401100,35.379401100,35.379479000,1/1/1
6568,4612,Render,1,77.800,26.879142900,26.879177900,26.879177900,26.879255700,1/1/1
6568,4612,Render,1,77.800,41.146527800,41.146561700,41.146561700,41.146639500,1/1/1
6568,4612,Render,1,77.700,23.312213400,23.312289600,23.312289600,23.312367300,1/1/1
6568,4612,Render,1,77.700,28.729152600,28.729180700,28.729180700,28.729258400,1/1/1
6568,4612,Render,1,77.700,29.262441700,29.262518400,29.262518400,29.262596100,1/1/1
6568,4612,Render,1,77.700,31.545711900,31.545768900,31.545768900,31.545846600,1/1/1
6568,4612,Render,1,77.600,26.912852400,26.912872400,26.912872400,26.912950000,1/1/1
6568,4612,Render,1,77.600,31.279581100,31.279612300,31.279612300,31.279689900,1/1/1
6568,4612,Render,1,77.600,33.679179400,33.679247600,33.679247600,33.679325200,1/1/1
6568,4612,Render,1,77.600,37.646048400,37.646069000,37.646069000,37.646146600,1/1/1
6568,4612,Render,1,77.500,26.229222900,26.229248900,26.229248900,26.229326400,1/1/1
6568,4612,Render,1,77.500,26.930042100,26.930077500,26.930077500,26.930155000,1/1/1
6568,4612,Render,1,77.500,28.663260900,28.663279800,28.663279800,28.663357300,1/1/1
6568,4612,Render,1,77.500,31.379451500,31.379470800,31.379470800,31.379548300,1/1/1
6568,4612,Render,1,77.500,32.496069600,32.496096800,32.496096800,32.496174300,1/1/1
6568,4612,Render,1,77.500,36.462895700,36.462929200,36.462929200,36.463006700,1/1/1
6568,4612,Render,1,77.500,38.496051200,38.496139200,38.496139200,38.496216700,1/1/1
6568,4612,Render,1,77.500,40.079521900,40.079537800,40.079537800,40.079615300,1/1/1
6568,4612,Render,1,77.400,24.329278300,24.329320300,24.329320300,24.329397700,1/1/1
6568,4612,Render,1,77.400,24.929191300,24.929222600,24.929222600,24.929300000,1/1/1
6568,4612,Render,1,77.400,29.312923800,29.312944000,29.312944000,29.313021400,1/1/1
6568,4612,Render,1,77.400,29.812597600,29.812619800,29.812619800,29.812697200,1/1/1
6568,4612,Render,1,77.400,30.479242300,30.479328800,30.479328800,30.479406200,1/1/1
6568,4612,Render,1,77.400,39.545981900,39.546055600,39.546055600,39.546133000,1/1/1
6568,4612,Render,1,77.300,22.128959700,22.128979300,22.128979300,22.129056600,1/1/1
6568,4612,Render,1,77.300,24.612243200,24.612328100,24.612328100,24.612405400,1/1/1
6568,4612,Render,1,77.300,37.246669200,37.246690300,37.246690300,37.246767600,1/1/1
6568,4612,Render,1,77.300,38.062763400,38.062783700,38.062783700,38.062861000,1/1/1
6568,4612,Render,1,77.200,22.145945400,22.145967300,22.145967300,22.146044500,1/1/1
6568,4612,Render,1,77.200,22.345660500,22.345680800,22.345680800,22.345758000,1/1/1
6568,4612,Render,1,77.200,28.546420800,28.546438300,28.546438300,28.546515500,1/1/1
6568,4612,Render,1,77.200,30.996734700,30.996786700,30.996786700,30.996863900,1/1/1
6568,4612,Render,1,77.200,31.413219700,31.413260100,31.413260100,31.413337300,1/1/1
6568,4612,Render,1,77.200,33.446581700,33.446628600,33.446628600,33.446705800,1/1/1
6568,4612,Render,1,77.100,22.229354000,22.229379700,22.229379700,22.229456800,1/1/1
6568,4612,Render,1,77.100,33.313202600,33.313219200,33.313219200,33.313296300,1/1/1
6568,4612,Render,1,77.100,36.679448700,36.679510900,36.679510900,36.679588000,1/1/1
6568,4612,Render,1,77.000,23.129533400,23.129555300,23.129555300,23.129632300,1/1/1
6568,4612,Render,1,77.000,29.362852800,29.362905100,29.362905100,29.362982100,1/1/1
6568,4612,Render,1,76.900,34.063759500,34.063785000,34.063785000,34.063861900,1/1/1
6568,4612,Render,1,76.900,34.729999400,34.730025700,34.730025700,34.730102600,1/1/1
6568,4612,Render,1,76.900,35.129364500,35.129384300,35.129384300,35.129461200,1/1/1
6568,4612,Render,1,76.900,40.180038900,40.180062000,40.180062000,40.180138900,1/1/1
6568,4612,Render,1,76.900,41.662779700,41.662864500,41.662864500,41.662941400,1/1/1
6568,4612,Render,1,76.800,22.979379400,22.979394300,22.979394300,22.979471100,1/1/1
6568,4612,Render,1,76.800,25.529068100,25.529088500,25.529088500,25.529165300,1/1/1
6568,4612,Render,1,76.800,29.679138100,29.679220900,29.679220900,29.679297700,1/1/1
6568,4612,Render,1,76.800,35.245825700,35.245897300,35.245897300,35.245974100,1/1/1
6568,4612,Render,1,76.800,35.729748200,35.729765800,35.729765800,35.729842600,1/1/1
6568,4612,Render,1,76.800,37.946288400,37.946309100,37.946309100,37.946385900,1/1/1
6568,4612,Render,1,76.700,27.196154200,27.196219100,27.196219100,27.196295800,1/1/1
6568,4612,Render,1,76.700,29.179213400,29.179288700,29.179288700,29.179365400,1/1/1
6568,4612,Render,1,76.700,35.429532900,35.429551100,35.429551100,35.429627800,1/1/1
6568,4612,Render,1,76.700,35.429595100,35.429647100,35.429647100,35.429723800,1/1/1
6568,4612,Render,1,76.700,36.562759400,36.562801400,36.562801400,36.562878100,1/1/1
6568,4612,Render,1,76.700,38.756247900,38.756317300,38.756317300,38.756394000,1/1/1
6568,4612,Render,1,76.700,40.996112300,40.996131900,40.996131900,40.996208600,1/1/1
6568,4612,Render,1,76.600,22.478838800,22.478892700,22.478892700,22.478969300,1/1/1
6568,4612,Render,1,76.600,23.628975300,23.628994600,23.628994600,23.629071200,1/1/1
6568,4612,Render,1,76.600,29.463049200,29.463125700,29.463125700,29.463202300,1/1/1
6568,4612,Render,1,76.600,41.529790600,41.529824300,41.529824300,41.529900900,1/1/1
6568,4612,Render,1,76.500,33.179180300,33.179252100,33.179252100,33.179328600,1/1/1
6568,4612,Render,1,76.500,34.212602500,34.212671600,34.212671600,34.212748100,1/1/1
6568,4612,Render,1,76.500,37.080335300,37.080355800,37.080355800,37.080432300,1/1/1
6568,4612,Render,1,76.500,41.562879000,41.562903800,41.562903800,41.562980300,1/1/1
6568,4612,Render,1,76.400,27.296137900,27.296179800,27.296179800,27.296256200,1/1/1
6568,4612,Render,1,76.400,38.862984500,38.863000200,38.863000200,38.863076600,1/1/1
6568,4612,Render,1,76.300,24.445616400,24.445694400,24.445694400,24.445770700,1/1/1
6568,4612,Render,1,76.300,24.495820400,24.495880300,24.495880300,24.495956600,1/1/1
6568,4612,Render,1,76.300,24.662372400,24.662396700,24.662396700,24.662473000,1/1/1
6568,4612,Render,1,76.300,24.762380300,24.762473800,24.762473800,24.762550100,1/1/1
6568,4612,Render,1,76.300,27.312618400,27.312646700,27.312646700,27.312723000,1/1/1
6568,4612,Render,1,76.300,32.829118600,32.829139500,32.829139500,32.829215800,1/1/1
6568,4612,Render,1,76.300,33.363851100,33.363872400,33.363872400,33.363948700,1/1/1
6568,4612,Render,1,76.200,23.229582600,23.229633100,23.229633100,23.229709300,1/1/1
6568,4612,Render,1,76.200,25.562329100,25.562350500,25.562350500,25.562426700,1/1/1
6568,4612,Render,1,76.200,27.479102900,27.479122500,27.479122500,27.479198700,1/1/1
6568,4612,Render,1,76.200,35.296055600,35.296080200,35.296080200,35.296156400,1/1/1
6568,4612,Render,1,76.200,35.329360400,35.329383000,35.329383000,35.329459200,1/1/1
6568,4612,Render,1,76.200,35.863067100,35.863109500,35.863109500,35.863185700,1/1/1
6568,4612,Render,1,76.200,37.212632200,37.212699200,37.212699200,37.212775400,1/1/1
6568,5992,Render,1,76.100,23.604457000,23.604516800,23.604516800,23.604592900,1/5/1
6568,4612,Render,1,76.100,25.213256000,25.213275200,25.213275200,25.213351300,1/1/1
6568,4612,Render,1,76.100,27.429274400,27.429312500,27.429312500,27.429388600,1/1/1
6568,4612,Render,1,76.100,37.512600700,37.512692100,37.512692100,37.512768200,1/1/1
6568,4612,Render,1,76.100,41.396198600,41.396219700,41.396219700,41.396295800,1/1/1
6568,4612,Render,1,76.000,29.812680200,29.812716100,29.812716100,29.812792100,1/1/1
6568,4612,Render,1,76.000,35.829917400,35.829935200,35.829935200,35.830011200,1/1/1
6568,4612,Render,1,76.000,36.939277300,36.939301700,36.939301700,36.939377700,1/1/1
6568,4612,Render,1,76.000,39.996842200,39.996860200,39.996860200,39.996936200,1/1/1
6568,4612,Render,1,76.000,41.212828000,41.212843100,41.212843100,41.212919100,1/1/1
6568,4612,Render,1,75.900,31.746514400,31.746585000,31.746585000,31.746660900,1/1/1
6568,4612,Render,1,75.900,32.629426700,32.629478100,32.629478100,32.629554000,1/1/1
6568,4612,Render,1,75.900,34.862627600,34.862690300,34.862690300,34.862766200,1/1/1
6568,4612,Render,1,75.900,38.131384700,38.131411100,38.131411100,38.131487000,1/1/1
6568,4612,Render,1,75.800,27.645589700,27.645609100,27.645609100,27.645684900,1/1/1
6568,4612,Render,1,75.700,40.264224500,40.264244700,40.264244700,40.264320400,1/1/1
6568,4612,Render,1,75.700,40.629669600,40.629711100,40.629711100,40.629786800,1/1/1
6568,4612,Render,1,75.700,41.796214300,41.796238100,41.796238100,41.796313800,1/1/1
6568,4612,Render,1,75.600,26.045750500,26.045785300,26.045785300,26.045860900,1/1/1
6568,4612,Render,1,75.600,38.090571000,38.090649800,38.090649800,38.090725400,1/1/1
6568,4612,Render,1,75.600,41.296088300,41.296165300,41.296165300,41.296240900,1/1/1
6568,4612,Render,1,75.500,25.196085200,25.196148700,25.196148700,25.196224200,1/1/1
6568,4612,Render,1,75.500,25.345664800,25.345679800,25.345679800,25.345755300,1/1/1
6568,4612,Render,1,75.500,30.112443900,30.112522200,30.112522200,30.112597700,1/1/1
6568,4612,Render,1,75.500,30.346183500,30.346202300,30.346202300,30.346277800,1/1/1
6568,4612,Render,1,75.400,22.929544600,22.929560800,22.929560800,22.929636200,1/1/1
6568,4612,Render,1,75.400,31.012847800,31.012868300,31.012868300,31.012943700,1/1/1
6568,4612,Render,1,75.400,35.679261400,35.679324500,35.679324500,35.679399900,1/1/1
6568,4612,Render,1,75.400,36.880360500,36.880378700,36.880378700,36.880454100,1/1/1
6568,4612,Render,1,75.400,39.838811600,39.838864000,39.838864000,39.838939400,1/1/1
6568,4612,Render,1,75.300,31.479775100,31.479849800,31.479849800,31.479925100,1/1/1
6568,4612,Render,1,75.300,33.279663800,33.279689600,33.279689600,33.279764900,1/1/1
6568,4612,Render,1,75.200,23.678970200,23.678989900,23.678989900,23.679065100,1/1/1
6568,4612,Render,1,75.200,30.129371900,30.129386900,30.129386900,30.129462100,1/1/1
6568,4612,Render,1,75.200,32.846010700,32.846025700,32.846025700,32.846100900,1/1/1
6568,4612,Render,1,75.200,33.829790000,33.829808100,33.829808100,33.829883300,1/1/1
6568,4612,Render,1,75.200,34.854873700,34.854926000,34.854926000,34.855001200,1/1/1
6568,4612,Render,1,75.200,36.279731100,36.279772500,36.279772500,36.279847700,1/1/1
6568,4612,Render,1,75.200,36.696389500,36.696424200,36.696424200,36.696499400,1/1/1
6568,4612,Render,1,75.200,36.796795400,36.796862000,36.796862000,36.796937200,1/1/1
6568,4612,Render,1,75.200,39.396115200,39.396138300,39.396138300,39.396213500,1/1/1
6568,4612,Render,1,75.100,22.262381400,22.262449200,22.262449200,22.262524300,1/1/1
6568,4612,Render,1,75.100,23.495629500,23.495690800,23.495690800,23.495765900,1/1/1
6568,5992,Render,1,75.100,24.094196000,24.094214200,24.094214200,24.094289300,1/10/1
6568,4612,Render,1,75.100,24.629257100,24.629288100,24.629288100,24.629363200,1/1/1
6568,4612,Render,1,75.100,35.729816700,35.729853400,35.729853400,35.729928500,1/1/1
6568,4612,Render,1,75.000,24.112683600,24.112707000,24.112707000,24.112782000,1/1/1
6568,4612,Render,1,75.000,27.762761100,27.762781400,27.762781400,27.762856400,1/1/1
6568,4612,Render,1,75.000,28.362629800,28.362667400,28.362667400,28.362742400,1/1/1
6568,4612,Render,1,75.000,31.129050200,31.129106800,31.129106800,31.129181800,1/1/1
6568,4612,Render,1,75.000,34.762616100,34.762636700,34.762636700,34.762711700,1/1/1
6568,4612,Render,1,75.000,36.046009100,36.046083900,36.046083900,36.046158900,1/1/1
6568,4612,Render,1,74.900,22.962673000,22.962737100,22.962737100,22.962812000,1/1/1
6568,4612,Render,1,74.900,24.795726600,24.795742700,24.795742700,24.795817600,1/1/1
6568,4612,Render,1,74.900,28.412886400,28.412902800,28.412902800,28.412977700,1/1/1
6568,4612,Render,1,74.900,30.812390800,30.812433200,30.812433200,30.812508100,1/1/1
6568,4612,Render,1,74.900,32.245844300,32.245930900,32.245930900,32.246005800,1/1/1
6568,4612,Render,1,74.900,36.362679700,36.362704600,36.362704600,36.362779500,1/1/1
6568,4612,Render,1,74.900,37.396277600,37.396298100,37.396298100,37.396373000,1/1/1
6568,4612,Render,1,74.900,41.529714500,41.529735100,41.529735100,41.529810000,1/1/1
6568,4612,Render,1,74.800,22.745555300,22.745644500,22.745644500,22.745719300,1/1/1
6568,4612,Render,1,74.800,24.312244300,24.312301200,24.312301200,24.312376000,1/1/1
6568,4612,Render,1,74.800,29.013102500,29.013123100,29.013123100,29.013197900,1/1/1
6568,4612,Render,1,74.800,31.179198700,31.179274500,31.179274500,31.179349300,1/1/1
6568,4612,Render,1,74.800,32.197405500,32.197422400,32.197422400,32.197497200,1/1/1
6568,4612,Render,1,74.800,37.480139300,37.480163600,37.480163600,37.480238400,1/1/1
6568,4612,Render,1,74.800,37.696281400,37.696304700,37.696304700,37.696379500,1/1/1
6568,4612,Render,1,74.800,40.229909500,40.229973600,40.229973600,40.230048400,1/1/1
6568,4612,Render,1,74.700,28.895929200,28.895974200,28.895974200,28.896048900,1/1/1
6568,4612,Render,1,74.700,29.695993700,29.696016500,29.696016500,29.696091200,1/1/1
6568,4612,Render,1,74.700,29.762367100,29.762386400,29.762386400,29.762461100,1/1/1
6568,4612,Render,1,74.700,30.029135700,30.029150300,30.029150300,30.029225000,1/1/1
6568,4612,Render,1,74.700,32.479229500,32.479310200,32.479310200,32.479384900,1/1/1
6568,4612,Render,1,74.700,33.062905000,33.062920500,33.062920500,33.062995200,1/1/1
6568,4612,Render,1,74.700,36.996111900,36.996133500,36.996133500,36.996208200,1/1/1
6568,4612,Render,1,74.700,38.896126200,38.896147000,38.896147000,38.896221700,1/1/1
6568,4612,Render,1,74.700,40.413075200,40.413108800,40.413108800,40.413183500,1/1/1
6568,4612,Render,1,74.600,24.495760800,24.495782800,24.495782800,24.495857400,1/1/1
6568,4612,Render,1,74.600,30.213228800,30.213251300,30.213251300,30.213325900,1/1/1
6568,4612,Render,1,74.600,31.045781000,31.045852700,31.045852700,31.045927300,1/1/1
6568,4612,Render,1,74.500,22.779468200,22.779484000,22.779484000,22.779558500,1/1/1
6568,4612,Render,1,74.500,24.878924300,24.878975500,24.878975500,24.879050000,1/1/1
6568,4612,Render,1,74.500,26.662523400,26.662549600,26.662549600,26.662624100,1/1/1
6568,4612,Render,1,74.500,38.362652100,38.362737900,38.362737900,38.362812400,1/1/1
6568,4612,Render,1,74.400,23.696876600,23.696900600,23.696900600,23.696975000,1/1/1
6568,4612,Render,1,74.400,24.329210300,24.329229700,24.329229700,24.329304100,1/1/1
6568,4612,Render,1,74.400,28.529133700,28.529205600,28.529205600,28.529280000,1/1/1
6568,4612,Render,1,74.400,32.962483700,32.962546800,32.962546800,32.962621200,1/1/1
6568,4612,Render,1,74.400,34.262766800,34.262785700,34.262785700,34.262860100,1/1/1
6568,4612,Render,1,74.300,23.079971800,23.079990700,23.079990700,23.080065000,1/1/1
6568,4612,Render,1,74.300,23.379282500,23.379297200,23.379297200,23.379371500,1/1/1
6568,4612,Render,1,74.300,26.095766400,26.095795700,26.095795700,26.095870000,1/1/1
6568,4612,Render,1,74.300,40.496232400,40.496258000,40.496258000,40.496332300,1/1/1
6568,4612,Render,1,74.300,41.013216800,41.013239500,41.013239500,41.013313800,1/1/1
6568,4612,Render,1,74.200,31.812684500,31.812730100,31.812730100,31.812804300,1/1/1
6568,4612,Render,1,74.200,32.745777100,32.745798000,32.745798000,32.745872200,1/1/1
6568,4612,Render,1,74.200,36.514055700,36.514077000,36.514077000,36.514151200,1/1/1
6568,4612,Render,1,74.200,39.797714000,39.797737500,39.797737500,39.797811700,1/1/1
6568,4612,Render,1,74.100,22.296797800,22.296840300,22.296840300,22.296914400,1/1/1
6568,4612,Render,1,74.100,22.495739300,22.495774900,22.495774900,22.495849000,1/1/1
6568,4612,Render,1,74.100,24.712168500,24.712229800,24.712229800,24.712303900,1/1/1
6568,4612,Render,1,74.100,32.612535600,32.612611700,32.612611700,32.612685800,1/1/1
6568,4612,Render,1,74.100,32.629369100,32.629386300,32.629386300,32.629460400,1/1/1
6568,4612,Render,1,74.100,35.079313100,35.079328300,35.079328300,35.079402400,1/1/1
6568,4612,Render,1,74.000,23.652370700,23.652431300,23.652431300,23.652505300,1/1/1
6568,4612,Render,1,74.000,31.146270500,31.146293400,31.146293400,31.146367400,1/1/1
6568,4612,Render,1,74.000,37.879654100,37.879670900,37.879670900,37.879744900,1/1/1
6568,4612,Render,1,73.900,21.862288600,21.862313700,21.862313700,21.862387600,1/1/1
6568,4612,Render,1,73.900,22.478935800,22.478984300,22.478984300,22.479058200,1/1/1
6568,4612,Render,1,73.900,26.362743000,26.362768100,26.362768100,26.362842000,1/1/1
6568,4612,Render,1,73.900,27.062848900,27.062863400,27.062863400,27.062937300,1/1/1
6568,4612,Render,1,73.900,29.696067500,29.696108200,29.696108200,29.696182100,1/1/1
6568,4612,Render,1,73.900,34.412432600,34.412473000,34.412473000,34.412546900,1/1/1
6568,4612,Render,1,73.900,36.813924500,36.813941200,36.813941200,36.814015100,1/1/1
6568,4612,Render,1,73.900,39.112744400,39.112765200,39.112765200,39.112839100,1/1/1
6568,4612,Render,1,73.900,39.245931700,39.245987900,39.245987900,39.246061800,1/1/1
6568,4612,Render,1,73.900,39.629709900,39.629729200,39.629729200,39.629803100,1/1/1
6568,4612,Render,1,73.900,40.679525300,40.679545300,40.679545300,40.679619200,1/1/1
6568,4612,Render,1,73.800,24.979094100,24.979148000,24.979148000,24.979221800,1/1/1
6568,4612,Render,1,73.800,27.579914200,27.579930700,27.579930700,27.580004500,1/1/1
6568,4612,Render,1,73.800,33.146327300,33.146363000,33.146363000,33.146436800,1/1/1
6568,4612,Render,1,73.800,38.662663400,38.662687000,38.662687000,38.662760800,1/1/1
6568,4612,Render,1,73.800,39.696296200,39.696317900,39.696317900,39.696391700,1/1/1
6568,4612,Render,1,73.700,23.745552400,23.745566800,23.745566800,23.745640500,1/1/1
6568,4612,Render,1,73.700,25.845926700,25.845946500,25.845946500,25.846020200,1/1/1
6568,4612,Render,1,73.700,26.695677100,26.695720300,26.695720300,26.695794000,1/1/1
6568,4612,Render,1,73.700,28.962341600,28.962397500,28.962397500,28.962471200,1/1/1
6568,4612,Render,1,73.700,30.463392800,30.463442500,30.463442500,30.463516200,1/1/1
6568,4612,Render,1,73.700,33.729958600,33.729974400,33.729974400,33.730048100,1/1/1
6568,4612,Render,1,73.700,35.046112800,35.046137500,35.046137500,35.046211200,1/1/1
6568,4612,Render,1,73.700,35.412818900,35.412849100,35.412849100,35.412922800,1/1/1
6568,4612,Render,1,73.700,37.829900000,37.829941800,37.829941800,37.830015500,1/1/1
6568,4612,Render,1,73.700,38.996135400,38.996155200,38.996155200,38.996228900,1/1/1
6568,4612,Render,1,73.700,40.663634800,40.663653600,40.663653600,40.663727300,1/1/1
6568,4612,Render,1,73.600,23.845981700,23.846035000,23.846035000,23.846108600,1/1/1
6568,4612,Render,1,73.600,24.895747100,24.895774600,24.895774600,24.895848200,1/1/1
6568,4612,Render,1,73.600,27.012447800,27.012466500,27.012466500,27.012540100,1/1/1
6568,4612,Render,1,73.600,33.762435600,33.762462200,33.762462200,33.762535800,1/1/1
6568,4612,Render,1,73.600,40.162904800,40.162924700,40.162924700,40.162998300,1/1/1
6568,4612,Render,1,73.600,41.612645500,41.612686400,41.612686400,41.612760000,1/1/1
6568,4612,Render,1,73.500,24.529053500,24.529070400,24.529070400,24.529143900,1/1/1
6568,4612,Render,1,73.500,27.679084100,27.679106300,27.679106300,27.679179800,1/1/1
6568,4612,Render,1,73.500,28.979803000,28.979824300,28.979824300,28.979897800,1/1/1
6568,4612,Render,1,73.500,34.079519200,34.079540700,34.079540700,34.079614200,1/1/1
6568,4612,Render,1,73.500,37.596138800,37.596156000,37.596156000,37.596229500,1/1/1
6568,4612,Render,1,73.500,40.579449600,40.579534300,40.579534300,40.579607800,1/1/1
6568,4612,Render,1,73.500,41.262999000,41.263019500,41.263019500,41.263093000,1/1/1
6568,4612,Render,1,73.400,34.696037600,34.696053100,34.696053100,34.696126500,1/1/1
6568,4612,Render,1,73.400,35.412735000,35.412761400,35.412761400,35.412834800,1/1/1
6568,4612,Render,1,73.400,36.312656300,36.312735400,36.312735400,36.312808800,1/1/1
6568,4612,Render,1,73.400,37.429715900,37.429751400,37.429751400,37.429824800,1/1/1
6568,4612,Render,1,73.400,37.979340600,37.979390200,37.979390200,37.979463600,1/1/1
6568,4612,Render,1,73.300,22.345755400,22.345791000,22.345791000,22.345864300,1/1/1
6568,4612,Render,1,73.300,26.529704400,26.529719100,26.529719100,26.529792400,1/1/1
6568,4612,Render,1,73.300,29.129118300,29.129138400,29.129138400,29.129211700,1/1/1
6568,4612,Render,1,73.300,30.195647500,30.195702600,30.195702600,30.195775900,1/1/1
6568,4612,Render,1,73.300,30.613247600,30.613273300,30.613273300,30.613346600,1/1/1
6568,4612,Render,1,73.300,31.829508500,31.829556900,31.829556900,31.829630200,1/1/1
6568,4612,Render,1,73.300,40.762761000,40.762782800,40.762782800,40.762856100,1/1/1
6568,4612,Render,1,73.200,21.879596900,21.879623900,21.879623900,21.879697100,1/1/1
6568,4612,Render,1,73.200,22.095807400,22.095823400,22.095823400,22.095896600,1/1/1
6568,4612,Render,1,73.200,23.606624500,23.606640700,23.606640700,23.606713900,1/1/1
6568,4612,Render,1,73.200,24.646674700,24.646691300,24.646691300,24.646764500,1/1/1
6568,4612,Render,1,73.200,28.763421100,28.763439200,28.763439200,28.763512400,1/1/1
6568,4612,Render,1,73.200,29.945939100,29.946021000,29.946021000,29.946094200,1/1/1
6568,4612,Render,1,73.200,31.095854200,31.095873100,31.095873100,31.095946300,1/1/1
6568,4612,Render,1,73.200,34.379436400,34.379452500,34.379452500,34.379525700,1/1/1
6568,4612,Render,1,73.200,35.829990200,35.830023800,35.830023800,35.830097000,1/1/1
6568,4612,Render,1,73.200,39.812824300,39.812844700,39.812844700,39.812917900,1/1/1
6568,4612,Render,1,73.200,40.130256200,40.130271500,40.130271500,40.130344700,1/1/1
6568,4612,Render,1,73.100,30.062385500,30.062406400,30.062406400,30.062479500,1/1/1
6568,4612,Render,1,73.100,32.212546900,32.212632700,32.212632700,32.212705800,1/1/1
6568,4612,Render,1,73.100,33.512640800,33.512659800,33.512659800,33.512732900,1/1/1
6568,4612,Render,1,73.100,35.079380900,35.079413900,35.079413900,35.079487000,1/1/1
6568,4612,Render,1,73.100,36.096202800,36.096223500,36.096223500,36.096296600,1/1/1
6568,4612,Render,1,73.100,40.946008900,40.946050100,40.946050100,40.946123200,1/1/1
6568,4612,Render,1,73.000,25.029222000,25.029304900,25.029304900,25.029377900,1/1/1
6568,4612,Render,1,73.000,26.396166200,26.396186700,26.396186700,26.396259700,1/1/1
6568,4612,Render,1,73.000,30.512517900,30.512534000,30.512534000,30.512607000,1/1/1
6568,4612,Render,1,73.000,33.045836500,33.045930400,33.045930400,33.046003400,1/1/1
6568,4612,Render,1,73.000,39.262843500,39.262910600,39.262910600,39.262983600,1/1/1
6568,4612,Render,1,73.000,39.696365000,39.696406300,39.696406300,39.696479300,1/1/1
6568,4612,Render,1,73.000,40.230883100,40.230897500,40.230897500,40.230970500,1/1/1
6568,4612,Render,1,72.900,22.578924200,22.578943400,22.578943400,22.579016300,1/1/1
6568,4612,Render,1,72.900,27.846198200,27.846218200,27.846218200,27.846291100,1/1/1
6568,4612,Render,1,72.900,30.446003900,30.446074200,30.446074200,30.446147100,1/1/1
6568,4612,Render,1,72.900,31.512969600,31.512989700,31.512989700,31.513062600,1/1/1
6568,4612,Render,1,72.900,35.363935000,35.363956000,35.363956000,35.364028900,1/1/1
6568,4612,Render,1,72.900,36.862888100,36.862966300,36.862966300,36.863039200,1/1/1
6568,4612,Render,1,72.900,36.939371200,36.939412100,36.939412100,36.939485000,1/1/1
6568,4612,Render,1,72.900,37.463588300,37.463604800,37.463604800,37.463677700,1/1/1
6568,4612,Render,1,72.900,40.062744400,40.062799800,40.062799800,40.062872700,1/1/1
6568,4612,Render,1,72.900,40.862843800,40.862864100,40.862864100,40.862937000,1/1/1
6568,4612,Render,1,72.800,25.929063300,25.929083600,25.929083600,25.929156400,1/1/1
6568,4612,Render,1,72.800,28.579142300,28.579158200,28.579158200,28.579231000,1/1/1
6568,4612,Render,1,72.800,31.262502000,31.262521900,31.262521900,31.262594700,1/1/1
6568,4612,Render,1,72.800,33.254557800,33.254599200,33.254599200,33.254672000,1/1/1
6568,4612,Render,1,72.800,39.296171100,39.296201700,39.296201700,39.296274500,1/1/1
6568,4612,Render,1,72.800,40.029814300,40.029837000,40.029837000,40.029909800,1/1/1
6568,4612,Render,1,72.700,22.695476900,22.695525500,22.695525500,22.695598200,1/1/1
6568,4612,Render,1,72.700,24.062292200,24.062311700,24.062311700,24.062384400,1/1/1
6568,4612,Render,1,72.700,25.479028000,25.479042500,25.479042500,25.479115200,1/1/1
6568,4612,Render,1,72.700,33.979257700,33.979352900,33.979352900,33.979425600,1/1/1
6568,4612,Render,1,72.700,34.513009100,34.513024300,34.513024300,34.513097000,1/1/1
6568,4612,Render,1,72.700,37.312960700,37.312980400,37.312980400,37.313053100,1/1/1
6568,4612,Render,1,72.700,37.563060400,37.563108500,37.563108500,37.563181200,1/1/1
6568,4612,Render,1,72.700,40.913035800,40.913052400,40.913052400,40.913125100,1/1/1
6568,4612,Render,1,72.600,22.279161200,22.279176700,22.279176700,22.279249300,1/1/1
6568,4612,Render,1,72.600,23.795713700,23.795738400,23.795738400,23.795811000,1/1/1
6568,4612,Render,1,72.600,25.012581600,25.012599800,25.012599800,25.012672400,1/1/1
6568,4612,Render,1,72.600,36.229609300,36.229632500,36.229632500,36.229705100,1/1/1
6568,4612,Render,1,72.600,37.262761900,37.262816600,37.262816600,37.262889200,1/1/1
6568,4612,Render,1,72.500,22.845643500,22.845658000,22.845658000,22.845730500,1/1/1
6568,4612,Render,1,72.500,23.592371500,23.592398100,23.592398100,23.592470600,1/1/1
6568,4612,Render,1,72.500,24.729068700,24.729089100,24.729089100,24.729161600,1/1/1
6568,4612,Render,1,72.500,26.179091000,26.179106100,26.179106100,26.179178600,1/1/1
6568,4612,Render,1,72.500,28.845892900,28.845913200,28.845913200,28.845985700,1/1/1
6568,4612,Render,1,72.500,33.012692500,33.012756400,33.012756400,33.012828900,1/1/1
6568,4612,Render,1,72.500,41.079843500,41.079857800,41.079857800,41.079930300,1/1/1
6568,4612,Render,1,72.500,41.429570800,41.429596600,41.429596600,41.429669100,1/1/1
6568,4612,Render,1,72.400,21.829645800,21.829667100,21.829667100,21.829739500,1/1/1
6568,4612,Render,1,72.400,23.129607700,23.129646200,23.129646200,23.129718600,1/1/1
6568,4612,Render,1,72.400,30.329045700,30.329126400,30.329126400,30.329198800,1/1/1
6568,4612,Render,1,72.400,35.179521400,35.179538400,35.179538400,35.179610800,1/1/1
6568,4612,Render,1,72.400,38.729474800,38.729489000,38.729489000,38.729561400,1/1/1
6568,4612,Render,1,72.400,40.329710500,40.329753900,40.329753900,40.329826300,1/1/1
6568,4612,Render,1,72.300,26.745879800,26.745946400,26.745946400,26.746018700,1/1/1
6568,4612,Render,1,72.300,28.246095900,28.246171300,28.246171300,28.246243600,1/1/1
6568,4612,Render,1,72.300,34.962866900,34.962882700,34.962882700,34.962955000,1/1/1
6568,4612,Render,1,72.300,35.162501800,35.162567000,35.162567000,35.162639300,1/1/1
6568,4612,Render,1,72.300,36.545950200,36.546013800,36.546013800,36.546086100,1/1/1
6568,4612,Render,1,72.300,37.480219300,37.480254300,37.480254300,37.480326600,1/1/1
6568,4612,Render,1,72.200,22.146008300,22.146056200,22.146056200,22.146128400,1/1/1
6568,4612,Render,1,72.200,22.179108500,22.179122200,22.179122200,22.179194400,1/1/1
6568,4612,Render,1,72.200,22.629393900,22.629414800,22.629414800,22.629487000,1/1/1
6568,4612,Render,1,72.200,22.712512400,22.712533100,22.712533100,22.712605300,1/1/1
6568,4612,Render,1,72.200,28.312278900,28.312339900,28.312339900,28.312412100,1/1/1
6568,4612,Render,1,72.200,30.562537100,30.562552200,30.562552200,30.562624400,1/1/1
6568,4612,Render,1,72.200,39.779624500,39.779660900,39.779660900,39.779733100,1/1/1
6568,4612,Render,1,72.100,23.945801900,23.945857300,23.945857300,23.945929400,1/1/1
6568,4612,Render,1,72.100,24.029668000,24.029685700,24.029685700,24.029757800,1/1/1
6568,4612,Render,1,72.100,26.045661400,26.045681300,26.045681300,26.045753400,1/1/1
6568,4612,Render,1,72.100,30.879237200,30.879261100,30.879261100,30.879333200,1/1/1
6568,4612,Render,1,72.100,36.179337500,36.179357400,36.179357400,36.179429500,1/1/1
6568,4612,Render,1,72.100,38.029505300,38.029558900,38.029558900,38.029631000,1/1/1
6568,4612,Render,1,72.000,25.612481200,25.612495200,25.612495200,25.612567200,1/1/1
6568,4612,Render,1,72.000,26.129034300,26.129050000,26.129050000,26.129122000,1/1/1
6568,4612,BLT,1,72.000,27.464870000,27.465165900,27.466204300,27.466276300,1/1/1
6568,4612,Render,1,72.000,31.562847600,31.562868700,31.562868700,31.562940700,1/1/1
6568,4612,Render,1,72.000,31.996215600,31.996230400,31.996230400,31.996302400,1/1/1
6568,4612,Render,1,72.000,36.397501300,36.397521400,36.397521400,36.397593400,1/1/1
6568,4612,Render,1,72.000,39.346334600,39.346350000,39.346350000,39.346422000,1/1/1
6568,4612,Render,1,71.900,23.912794200,23.912808700,23.912808700,23.912880600,1/1/1
6568,4612,Render,1,71.900,27.745799800,27.745820100,27.745820100,27.745892000,1/1/1
6568,4612,Render,1,71.900,30.213313700,30.213349300,30.213349300,30.213421200,1/1/1
6568,4612,Render,1,71.900,32.295883300,32.295903100,32.295903100,32.295975000,1/1/1
6568,4612,Render,1,71.900,35.262816700,35.262900100,35.262900100,35.262972000,1/1/1
6568,4612,Render,1,71.900,35.280523000,35.280569200,35.280569200,35.280641100,1/1/1
6568,4612,Render,1,71.900,36.146705900,36.146721600,36.146721600,36.146793500,1/1/1
6568,4612,Render,1,71.900,36.279668800,36.279685600,36.279685600,36.279757500,1/1/1
6568,4612,Render,1,71.900,39.862836300,39.862855000,39.862855000,39.862926900,1/1/1
6568,4612,Render,1,71.800,22.312244100,22.312308500,22.312308500,22.312380300,1/1/1
6568,4612,Render,1,71.800,23.895827500,23.895842200,23.895842200,23.895914000,1/1/1
6568,4612,Render,1,71.800,28.562964600,28.562980900,28.562980900,28.563052700,1/1/1
6568,4612,Render,1,71.800,30.246302600,30.246318800,30.246318800,30.246390600,1/1/1
6568,4612,Render,1,71.800,30.912526500,30.912541900,30.912541900,30.912613700,1/1/1
6568,4612,Render,1,71.800,31.363079100,31.363126400,31.363126400,31.363198200,1/1/1
6568,4612,Render,1,71.800,31.729207200,31.729265400,31.729265400,31.729337200,1/1/1
6568,4612,Render,1,71.800,31.779203600,31.779223700,31.779223700,31.779295500,1/1/1
6568,4612,Render,1,71.800,34.029363800,34.029400100,34.029400100,34.029471900,1/1/1
6568,4612,Render,1,71.800,34.912695300,34.912722200,34.912722200,34.912794000,1/1/1
6568,4612,Render,1,71.800,36.029221600,36.029236200,36.029236200,36.029308000,1/1/1
6568,4612,Render,1,71.800,38.112942700,38.112958100,38.112958100,38.113029900,1/1/1
6568,4612,Render,1,71.700,27.879643500,27.879661100,27.879661100,27.879732800,1/1/1
6568,4612,Render,1,71.700,29.562789900,29.562824700,29.562824700,29.562896400,1/1/1
6568,4612,Render,1,71.700,30.162462800,30.162521200,30.162521200,30.162592900,1/1/1
6568,4612,Render,1,71.700,33.262578500,33.262594100,33.262594100,33.262665800,1/1/1
6568,4612,Render,1,71.700,34.613221900,34.613245300,34.613245300,34.613317000,1/1/1
6568,4612,Render,1,71.700,34.946469100,34.946484700,34.946484700,34.946556400,1/1/1
6568,4612,Render,1,71.700,38.447786400,38.447828200,38.447828200,38.447899900,1/1/1
6568,4612,Render,1,71.700,40.446003300,40.446086600,40.446086600,40.446158300,1/1/1
6568,4612,Render,1,71.600,24.245789300,24.245850200,24.245850200,24.245921800,1/1/1
6568,4612,Render,1,71.600,25.695691200,25.695714500,25.695714500,25.695786100,1/1/1
6568,4612,Render,1,71.600,29.529235400,29.529267400,29.529267400,29.529339000,1/1/1
6568,4612,Render,1,71.600,31.229319200,31.229374700,31.229374700,31.229446300,1/1/1
6568,4612,Render,1,71.600,31.595993400,31.596021400,31.596021400,31.596093000,1/1/1
6568,4612,Render,1,71.500,29.595760800,29.595818900,29.595818900,29.595890400,1/1/1
6568,4612,Render,1,71.500,32.162413300,32.162479600,32.162479600,32.162551100,1/1/1
6568,4612,Render,1,71.500,32.396089000,32.396118000,32.396118000,32.396189500,1/1/1
6568,4612,Render,1,71.500,33.129114900,33.129173400,33.129173400,33.129244900,1/1/1
6568,4612,Render,1,71.500,41.746165100,41.746179400,41.746179400,41.746250900,1/1/1
6568,4612,Render,1,71.400,24.012205200,24.012219400,24.012219400,24.012290800,1/1/1
6568,4612,Render,1,71.400,26.445990200,26.446006400,26.446006400,26.446077800,1/1/1
6568,4612,Render,1,71.400,27.345754400,27.345771500,27.345771500,27.345842900,1/1/1
6568,4612,Render,1,71.400,28.045464300,28.045483200,28.045483200,28.045554600,1/1/1
6568,4612,Render,1,71.400,29.862854600,29.862873700,29.862873700,29.862945100,1/1/1
6568,4612,Render,1,71.400,32.529273100,32.529287800,32.529287800,32.529359200,1/1/1
6568,4612,Render,1,71.400,32.896695100,32.896718800,32.896718800,32.896790200,1/1/1
6568,4612,Render,1,71.400,32.929942900,32.929959400,32.929959400,32.930030800,1/1/1
6568,4612,Render,1,71.400,34.562933500,34.562981900,34.562981900,34.563053300,1/1/1
6568,4612,Render,1,71.400,37.612732200,37.612748500,37.612748500,37.612819900,1/1/1
6568,4612,Render,1,71.400,37.746653500,37.746685900,37.746685900,37.746757300,1/1/1
6568,4612,Render,1,71.400,38.762744400,38.762809900,38.762809900,38.762881300,1/1/1
6568,4612,Render,1,71.400,39.596110600,39.596125100,39.596125100,39.596196500,1/1/1
6568,4612,Render,1,71.400,40.362699800,40.362727500,40.362727500,40.362798900,1/1/1
6568,4612,Render,1,71.300,28.996706700,28.996759000,28.996759000,28.996830300,1/1/1
6568,4612,Render,1,71.300,29.670144000,29.670159200,29.670159200,29.670230500,1/1/1
6568,4612,Render,1,71.300,36.746282100,36.746339300,36.746339300,36.746410600,1/1/1
6568,4612,Render,1,71.300,38.131470100,38.131503600,38.131503600,38.131574900,1/1/1
6568,4612,Render,1,71.300,38.662745500,38.662777500,38.662777500,38.662848800,1/1/1
6568,4612,Render,1,71.300,38.796120700,38.796136000,38.796136000,38.796207300,1/1/1
6568,4612,Render,1,71.200,22.528908100,22.528971500,22.528971500,22.529042700,1/1/1
6568,4612,Render,1,71.200,22.979441600,22.979482100,22.979482100,22.979553300,1/1/1
6568,4612,Render,1,71.200,28.679465200,28.679484100,28.679484100,28.679555300,1/1/1
6568,4612,Render,1,71.200,33.363930000,33.363963300,33.363963300,33.364034500,1/1/1
6568,4612,Render,1,71.200,36.945924200,36.945984300,36.945984300,36.946055500,1/1/1
6568,4612,Render,1,71.200,37.046408900,37.046429600,37.046429600,37.046500800,1/1/1
6568,4612,BLT,1,71.200,37.070495500,37.070819800,37.071901800,37.071973000,1/1/1
6568,4612,Render,1,71.200,41.046248800,41.046264200,41.046264200,41.046335400,1/1/1
6568,4612,Render,1,71.200,41.679823700,41.679844100,41.679844100,41.679915300,1/1/1
6568,4612,Render,1,71.200,41.707737000,41.707787900,41.707787900,41.707859100,1/1/1
6568,4612,Render,1,71.100,22.279220300,22.279261800,22.279261800,22.279332900,1/1/1
6568,4612,Render,1,71.100,24.395937300,24.395982400,24.395982400,24.396053500,1/1/1
6568,4612,Render,1,71.100,24.795794100,24.795829900,24.795829900,24.795901000,1/1/1
6568,4612,Render,1,71.100,24.895837100,24.895862500,24.895862500,24.895933600,1/1/1
6568,4612,Render,1,71.100,25.063201100,25.063215600,25.063215600,25.063286700,1/1/1
6568,4612,Render,1,71.100,26.562400200,26.562429700,26.562429700,26.562500800,1/1/1
6568,4612,Render,1,71.100,28.879019000,28.879105500,28.879105500,28.879176600,1/1/1
6568,4612,Render,1,71.100,31.962774800,31.962803800,31.962803800,31.962874900,1/1/1
6568,4612,Render,1,71.100,32.262683700,32.262705200,32.262705200,32.262776300,1/1/1
6568,4612,Render,1,71.100,32.762646700,32.762670000,32.762670000,32.762741100,1/1/1
6568,4612,Render,1,71.000,22.079041700,22.079074700,22.079074700,22.079145700,1/1/1
6568,4612,Render,1,71.000,23.612683300,23.612697400,23.612697400,23.612768400,1/1/1
6568,4612,Render,1,71.000,25.822262900,25.822308900,25.822308900,25.822379900,1/1/1
6568,4612,Render,1,71.000,26.229131900,26.229154600,26.229154600,26.229225600,1/1/1
6568,4612,Render,1,71.000,38.212887600,38.212932200,38.212932200,38.213003200,1/1/1
6568,4612,Render,1,71.000,40.264301300,40.264334200,40.264334200,40.264405200,1/1/1
6568,4612,Render,1,70.900,23.379342400,23.379386500,23.379386500,23.379457400,1/1/1
6568,4612,Render,1,70.900,24.228880800,24.228950700,24.228950700,24.229021600,1/1/1
6568,4612,Render,1,70.900,25.046246600,25.046262000,25.046262000,25.046332900,1/1/1
6568,4612,Render,1,70.900,26.262454300,26.262471900,26.262471900,26.262542800,1/1/1
6568,4612,Render,1,70.900,27.612403000,27.612417700,27.612417700,27.612488600,1/1/1
6568,4612,Render,1,70.900,27.762837500,27.762867300,27.762867300,27.762938200,1/1/1
6568,4612,Render,1,70.900,29.512314900,29.512329700,29.512329700,29.512400600,1/1/1
6568,4612,Render,1,70.900,32.879155000,32.879245900,32.879245900,32.879316800,1/1/1
6568,4612,Render,1,70.900,34.246845800,34.246861000,34.246861000,34.246931900,1/1/1
6568,4612,Render,1,70.900,37.446594300,37.446613600,37.446613600,37.446684500,1/1/1
6568,4612,Render,1,70.900,39.163600800,39.163615300,39.163615300,39.163686200,1/1/1
6568,4612,Render,1,70.900,39.212898800,39.212967400,39.212967400,39.213038300,1/1/1
6568,4612,Render,1,70.800,22.395911600,22.395927000,22.395927000,22.395997800,1/1/1
6568,4612,Render,1,70.800,25.529143400,25.529180600,25.529180600,25.529251400,1/1/1
6568,4612,Render,1,70.800,25.695773000,25.695807600,25.695807600,25.695878400,1/1/1
6568,4612,Render,1,70.800,26.479081800,26.479157600,26.479157600,26.479228400,1/1/1
6568,4612,Render,1,70.800,27.645650500,27.645700300,27.645700300,27.645771100,1/1/1
6568,4612,Render,1,70.800,28.145766800,28.145781300,28.145781300,28.145852100,1/1/1
6568,4612,Render,1,70.800,34.562876600,34.562895600,34.562895600,34.562966400,1/1/1
6568,4612,Render,1,70.800,34.679143300,34.679205600,34.679205600,34.679276400,1/1/1
6568,4612,Render,1,70.800,35.629102400,35.629139900,35.629139900,35.629210700,1/1/1
6568,4612,Render,1,70.800,39.479754100,39.479774800,39.479774800,39.479845600,1/1/1
6568,4612,BLT,1,70.800,41.331734000,41.332067200,41.333167600,41.333238400,1/1/1
6568,4612,Render,1,70.700,22.929612400,22.929647200,22.929647200,22.929717900,1/1/1
6568,4612,Render,1,70.700,26.996156200,26.996189200,26.996189200,26.996259900,1/1/1
6568,4612,Render,1,70.700,30.729075400,30.729160300,30.729160300,30.729231000,1/1/1
6568,4612,Render,1,70.700,36.329604100,36.329625200,36.329625200,36.329695900,1/1/1
6568,4612,Render,1,70.700,37.296583000,37.296626600,37.296626600,37.296697300,1/1/1
6568,4612,Render,1,70.700,38.062846000,38.062876500,38.062876500,38.062947200,1/1/1
6568,4612,Render,1,70.700,38.545999700,38.546015300,38.546015300,38.546086000,1/1/1
6568,4612,Render,1,70.600,22.412646400,22.412666400,22.412666400,22.412737000,1/1/1
6568,4612,Render,1,70.600,23.696946100,23.696990900,23.696990900,23.697061500,1/1/1
6568,4612,Render,1,70.600,25.595706400,25.595728400,25.595728400,25.595799000,1/1/1
6568,4612,Render,1,70.600,30.929607500,30.929623500,30.929623500,30.929694100,1/1/1
6568,4612,Render,1,70.600,32.029042000,32.029056300,32.029056300,32.029126900,1/1/1
6568,4612,Render,1,70.500,24.679143600,24.679158400,24.679158400,24.679228900,1/1/1
6568,4612,Render,1,70.500,27.062927000,27.062950700,27.062950700,27.063021200,1/1/1
6568,4612,Render,1,70.500,27.396241400,27.396280300,27.396280300,27.396350800,1/1/1
6568,4612,Render,1,70.500,27.445995400,27.446018400,27.446018400,27.446088900,1/1/1
6568,4612,Render,1,70.500,32.362705300,32.362727000,32.362727000,32.362797500,1/1/1
6568,4612,Render,1,70.500,33.546927300,33.546963900,33.546963900,33.547034400,1/1/1
6568,4612,Render,1,70.500,35.364034600,35.364058900,35.364058900,35.364129400,1/1/1
6568,4612,Render,1,70.500,38.413364600,38.413379300,38.413379300,38.413449800,1/1/1
6568,4612,Render,1,70.500,39.396187500,39.396230200,39.396230200,39.396300700,1/1/1
6568,4612,Render,1,70.500,39.946165700,39.946185700,39.946185700,39.946256200,1/1/1
6568,4612,Render,1,70.500,40.312601800,40.312643000,40.312643000,40.312713500,1/1/1
6568,4612,Render,1,70.400,30.862569300,30.862602200,30.862602200,30.862672600,1/1/1
6568,4612,Render,1,70.400,31.513059600,31.513080800,31.513080800,31.513151200,1/1/1
6568,4612,Render,1,70.400,32.362778800,32.362814500,32.362814500,32.362884900,1/1/1
6568,4612,Render,1,70.400,36.412936200,36.412951500,36.412951500,36.413021900,1/1/1
6568,4612,Render,1,70.400,36.462972800,36.463023200,36.463023200,36.463093600,1/1/1
6568,4612,Render,1,70.400,37.345944600,37.345959000,37.345959000,37.346029400,1/1/1
6568,4612,Render,1,70.400,37.930981000,37.931032100,37.931032100,37.931102500,1/1/1
6568,4612,Render,1,70.400,38.845998900,38.846034200,38.846034200,38.846104600,1/1/1
6568,4612,Render,1,70.300,25.312418700,25.312445600,25.312445600,25.312515900,1/1/1
6568,4612,Render,1,70.300,25.729055700,25.729133300,25.729133300,25.729203600,1/1/1
6568,4612,Render,1,70.300,33.596048400,33.596090300,33.596090300,33.596160600,1/1/1
6568,4612,Render,1,70.300,35.095846500,35.095860900,35.095860900,35.095931200,1/1/1
6568,4612,Render,1,70.300,36.913043900,36.913060000,36.913060000,36.913130300,1/1/1
6568,4612,Render,1,70.300,38.629605300,38.629633100,38.629633100,38.629703400,1/1/1
6568,4612,Render,1,70.300,41.179740500,41.179820000,41.179820000,41.179890300,1/1/1
6568,4612,Render,1,70.200,21.812859700,21.812930100,21.812930100,21.813000300,1/1/1
6568,4612,Render,1,70.200,22.212310800,22.212364600,22.212364600,22.212434800,1/1/1
6568,4612,Render,1,70.200,27.012522800,27.012557400,27.012557400,27.012627600,1/1/1
6568,4612,Render,1,70.200,28.412951900,28.412991500,28.412991500,28.413061700,1/1/1
6568,4612,Render,1,70.200,33.779424300,33.779443700,33.779443700,33.779513900,1/1/1
6568,4612,Render,1,70.200,35.696097000,35.696117900,35.696117900,35.696188100,1/1/1
6568,4612,Render,1,70.200,36.080628100,36.080666500,36.080666500,36.080736700,1/1/1
6568,4612,Render,1,70.100,24.145527600,24.145589900,24.145589900,24.145660000,1/1/1
6568,4612,Render,1,70.100,25.579302400,25.579318300,25.579318300,25.579388400,1/1/1
6568,4612,Render,1,70.100,25.595629400,25.595645200,25.595645200,25.595715300,1/1/1
6568,4612,Render,1,70.100,27.045813700,27.045831800,27.045831800,27.045901900,1/1/1
6568,4612,Render,1,70.100,31.779288600,31.779309200,31.779309200,31.779379300,1/1/1
6568,4612,Render,1,70.100,34.829671300,34.829692000,34.829692000,34.829762100,1/1/1
6568,4612,Render,1,70.100,37.379908200,37.379923800,37.379923800,37.379993900,1/1/1
6568,4612,Render,1,70.100,38.679685100,38.679704400,38.679704400,38.679774500,1/1/1
6568,4612,Render,1,70.000,32.446162100,32.446181100,32.446181100,32.446251100,1/1/1
6568,4612,Render,1,70.000,33.646022100,33.646037700,33.646037700,33.646107700,1/1/1
6568,4612,Render,1,70.000,33.930819200,33.930840500,33.930840500,33.930910500,1/1/1
6568,4612,Render,1,70.000,35.129459600,35.129481000,35.129481000,35.129551000,1/1/1
6568,4612,Render,1,70.000,35.596527300,35.596541600,35.596541600,35.596611600,1/1/1
6568,4612,Render,1,70.000,35.995879500,35.995941000,35.995941000,35.996011000,1/1/1
6568,4612,Render,1,70.000,38.546065500,38.546101300,38.546101300,38.546171300,1/1/1
6568,4612,Render,1,69.900,22.495835600,22.495866500,22.495866500,22.495936400,1/1/1
6568,4612,Render,1,69.900,23.179600800,23.179637000,23.179637000,23.179706900,1/1/1
6568,4612,Render,1,69.900,24.412729100,24.412747800,24.412747800,24.412817700,1/1/1
6568,4612,Render,1,69.900,24.746549200,24.746600300,24.746600300,24.746670200,1/1/1
6568,4612,Render,1,69.900,26.446050100,26.446090700,26.446090700,26.446160600,1/1/1
6568,4612,Render,1,69.900,26.512272600,26.512324500,26.512324500,26.512394400,1/1/1
6568,4612,Render,1,69.900,28.629172400,28.629194700,28.629194700,28.629264600,1/1/1
6568,4612,Render,1,69.900,28.845976600,28.846001100,28.846001100,28.846071000,1/1/1
6568,4612,Render,1,69.900,29.562710600,29.562731900,29.562731900,29.562801800,1/1/1
6568,4612,Render,1,69.900,33.546860100,33.546881100,33.546881100,33.546951000,1/1/1
6568,4612,Render,1,69.900,33.696264400,33.696280800,33.696280800,33.696350700,1/1/1
6568,4612,Render,1,69.900,33.895786800,33.895866100,33.895866100,33.895936000,1/1/1
6568,4612,Render,1,69.900,34.346078100,34.346099600,34.346099600,34.346169500,1/1/1
6568,4612,Render,1,69.900,34.346159400,34.346190600,34.346190600,34.346260500,1/1/1
6568,4612,Render,1,69.900,37.096108100,37.096128800,37.096128800,37.096198700,1/1/1
6568,4612,Render,1,69.900,37.646134000,37.646162100,37.646162100,37.646232000,1/1/1
6568,4612,Render,1,69.800,28.096079500,28.096142900,28.096142900,28.096212700,1/1/1
6568,4612,Render,1,69.800,29.145874500,29.145903100,29.145903100,29.145972900,1/1/1
6568,4612,Render,1,69.800,30.429655600,30.429676500,30.429676500,30.429746300,1/1/1
6568,4612,Render,1,69.800,40.696723200,40.696742600,40.696742600,40.696812400,1/1/1
6568,4612,Render,1,69.700,22.363330400,22.363381100,22.363381100,22.363450800,1/1/1
6568,4612,Render,1,69.700,30.595930800,30.595963400,30.595963400,30.596033100,1/1/1
6568,4612,Render,1,69.700,33.229179500,33.229246700,33.229246700,33.229316400,1/1/1
6568,4612,Render,1,69.700,38.196137400,38.196193000,38.196193000,38.196262700,1/1/1
6568,4612,Render,1,69.700,39.912791100,39.912812300,39.912812300,39.912882000,1/1/1
6568,4612,Render,1,69.600,22.395976800,22.396011100,22.396011100,22.396080700,1/1/1
6568,4612,Render,1,69.600,22.545994300,22.546059700,22.546059700,22.546129300,1/1/1
6568,4612,Render,1,69.600,24.929126500,24.929141900,24.929141900,24.929211500,1/1/1
6568,4612,Render,1,69.600,25.912267700,25.912356000,25.912356000,25.912425600,1/1/1
6568,4612,Render,1,69.600,31.146331000,31.146385000,31.146385000,31.146454600,1/1/1
6568,4612,Render,1,69.600,32.829196200,32.829231900,32.829231900,32.829301500,1/1/1
6568,4612,Render,1,69.600,33.730027700,33.730058900,33.730058900,33.730128500,1/1/1
6568,4612,Render,1,69.600,36.880481600,36.880496200,36.880496200,36.880565800,1/1/1
6568,4612,Render,1,69.600,37.946371700,37.946399900,37.946399900,37.946469500,1/1/1
6568,4612,Render,1,69.600,39.463005600,39.463053300,39.463053300,39.463122900,1/1/1
6568,4612,Render,1,69.600,40.280020400,40.280039100,40.280039100,40.280108700,1/1/1
6568,4612,Render,1,69.600,40.530570100,40.530588600,40.530588600,40.530658200,1/1/1
6568,4612,Render,1,69.500,23.878866700,23.878929100,23.878929100,23.878998600,1/1/1
6568,4612,Render,1,69.500,27.929158000,27.929178700,27.929178700,27.929248200,1/1/1
6568,4612,Render,1,69.500,29.996016900,29.996032700,29.996032700,29.996102200,1/1/1
6568,4612,Render,1,69.500,30.412757100,30.412776200,30.412776200,30.412845700,1/1/1
6568,4612,Render,1,69.500,30.679197500,30.679269200,30.679269200,30.679338700,1/1/1
6568,4612,Render,1,69.500,34.730080600,34.730117700,34.730117700,34.730187200,1/1/1
6568,4612,Render,1,69.500,36.397580900,36.397609200,36.397609200,36.397678700,1/1/1
6568,4612,Render,1,69.500,38.379741400,38.379756900,38.379756900,38.379826400,1/1/1
6568,4612,Render,1,69.400,22.795801800,22.795869700,22.795869700,22.795939100,1/1/1
6568,4612,Render,1,69.400,26.579022700,26.579040100,26.579040100,26.579109500,1/1/1
6568,4612,Render,1,69.400,36.379708700,36.379728500,36.379728500,36.379797900,1/1/1
6568,4612,Render,1,69.400,36.514164000,36.514186600,36.514186600,36.514256000,1/1/1
6568,4612,Render,1,69.400,41.446465200,41.446481300,41.446481300,41.446550700,1/1/1
6568,4612,Render,1,69.300,21.945458600,21.945555300,21.945555300,21.945624600,1/1/1
6568,4612,Render,1,69.300,34.329164400,34.329221300,34.329221300,34.329290600,1/1/1
6568,4612,Render,1,69.300,36.814006400,36.814042700,36.814042700,36.814112000,1/1/1
6568,4612,Render,1,69.200,23.512512300,23.512588200,23.512588200,23.512657400,1/1/1
6568,4612,Render,1,69.200,24.478892800,24.478940200,24.478940200,24.479009400,1/1/1
6568,4612,Render,1,69.200,25.995590700,25.995634300,25.995634300,25.995703500,1/1/1
6568,4612,Render,1,69.200,29.729549800,29.729568000,29.729568000,29.729637200,1/1/1
6568,4612,Render,1,69.200,31.645997800,31.646017900,31.646017900,31.646087100,1/1/1
6568,4612,Render,1,69.200,34.379503600,34.379537000,34.379537000,34.379606200,1/1/1
6568,4612,Render,1,69.200,36.729376300,36.729457700,36.729457700,36.729526900,1/1/1
6568,4612,Render,1,69.200,38.113027800,38.113041600,38.113041600,38.113110800,1/1/1
6568,4612,Render,1,69.200,39.729514400,39.729579200,39.729579200,39.729648400,1/1/1
6568,4612,Render,1,69.200,41.129371300,41.129453200,41.129453200,41.129522400,1/1/1
6568,4612,Render,1,69.200,41.679739000,41.679760700,41.679760700,41.679829900,1/1/1
6568,4612,Render,1,69.100,21.912371200,21.912392200,21.912392200,21.912461300,1/1/1
6568,4612,Render,1,69.100,21.995670700,21.995751800,21.995751800,21.995820900,1/1/1
6568,4612,BLT,1,69.100,24.914720900,24.915052500,24.916116300,24.916185400,1/1/1
6568,4612,Render,1,69.100,26.828955900,26.829014400,26.829014400,26.829083500,1/1/1
6568,4612,Render,1,69.100,28.613918000,28.613958700,28.613958700,28.614027800,1/1/1
6568,4612,Render,1,69.100,34.646150800,34.646167800,34.646167800,34.646236900,1/1/1
6568,4612,Render,1,69.100,35.046185600,35.046224100,35.046224100,35.046293200,1/1/1
6568,4612,Render,1,69.100,38.629529900,38.629552700,38.629552700,38.629621800,1/1/1
6568,4612,Render,1,69.100,38.712621500,38.712696400,38.712696400,38.712765500,1/1/1
6568,4612,Render,1,69.100,38.896210500,38.896239500,38.896239500,38.896308600,1/1/1
6568,4612,Render,1,69.100,39.896082800,39.896101700,39.896101700,39.896170800,1/1/1
6568,4612,Render,1,69.000,28.329711800,28.329727700,28.329727700,28.329796700,1/1/1
6568,4612,Render,1,69.000,30.129436000,30.129472600,30.129472600,30.129541600,1/1/1
6568,4612,Render,1,69.000,31.679095400,31.679172100,31.679172100,31.679241100,1/1/1
6568,4612,Render,1,69.000,39.779551500,39.779578000,39.779578000,39.779647000,1/1/1
6568,4612,Render,1,69.000,41.479743800,41.479763400,41.479763400,41.479832400,1/1/1
6568,4612,Render,1,69.000,41.763262300,41.763281900,41.763281900,41.763350900,1/1/1
6568,4612,Render,1,68.900,24.363055400,24.363072400,24.363072400,24.363141300,1/1/1
6568,4612,Render,1,68.900,31.879925600,31.879940800,31.879940800,31.880009700,1/1/1
6568,4612,Render,1,68.900,33.497190900,33.497208500,33.497208500,33.497277400,1/1/1
6568,4612,Render,1,68.900,36.962995400,36.963017100,36.963017100,36.963086000,1/1/1
6568,4612,Render,1,68.900,38.512849600,38.512901000,38.512901000,38.512969900,1/1/1
6568,4612,Render,1,68.900,39.296281300,39.296301200,39.296301200,39.296370100,1/1/1
6568,4612,Render,1,68.900,41.346262800,41.346276700,41.346276700,41.346345600,1/1/1
6568,4612,Render,1,68.800,26.929978500,26.929997000,26.929997000,26.930065800,1/1/1
6568,4612,BLT,1,68.800,27.950527600,27.950972800,27.952006800,27.952075600,1/1/1
6568,4612,Render,1,68.800,36.631099500,36.631122500,36.631122500,36.631191300,1/1/1
6568,4612,Render,1,68.800,37.179659400,37.179683000,37.179683000,37.179751800,1/1/1
6568,4612,Render,1,68.800,38.329418500,38.329438500,38.329438500,38.329507300,1/1/1
6568,4612,Render,1,68.800,38.863086800,38.863107400,38.863107400,38.863176200,1/1/1
6568,4612,Render,1,68.800,40.130329200,40.130355800,40.130355800,40.130424600,1/1/1
6568,4612,Render,1,68.700,26.796045800,26.796061000,26.796061000,26.796129700,1/1/1
6568,4612,Render,1,68.700,28.712329000,28.712402800,28.712402800,28.712471500,1/1/1
6568,4612,Render,1,68.700,29.612608100,29.612627500,29.612627500,29.612696200,1/1/1
6568,4612,Render,1,68.700,37.396336800,37.396389900,37.396389900,37.396458600,1/1/1
6568,4612,Render,1,68.700,37.996127300,37.996144400,37.996144400,37.996213100,1/1/1
6568,4612,Render,1,68.700,39.080046900,39.080067100,39.080067100,39.080135800,1/1/1
6568,4612,Render,1,68.700,41.446524000,41.446562200,41.446562200,41.446630900,1/1/1
6568,4612,Render,1,68.600,22.445539300,22.445554600,22.445554600,22.445623200,1/1/1
6568,4612,Render,1,68.600,24.963423400,24.963443300,24.963443300,24.963511900,1/1/1
6568,4612,Render,1,68.600,26.095866800,26.095891600,26.095891600,26.095960200,1/1/1
6568,4612,Render,1,68.600,29.062829800,29.062846600,29.062846600,29.062915200,1/1/1
6568,4612,Render,1,68.600,30.613316600,30.613359600,30.613359600,30.613428200,1/1/1
6568,4612,Render,1,68.600,30.629917100,30.629933600,30.629933600,30.630002200,1/1/1
6568,4612,Render,1,68.500,22.129027500,22.129068600,22.129068600,22.129137100,1/1/1
6568,4612,Render,1,68.500,26.562336100,26.562350600,26.562350600,26.562419100,1/1/1
6568,4612,Render,1,68.500,26.912918300,26.912971400,26.912971400,26.913039900,1/1/1
6568,4612,Render,1,68.500,30.246418400,30.246432300,30.246432300,30.246500800,1/1/1
6568,4612,Render,1,68.500,36.913111600,36.913158600,36.913158600,36.913227100,1/1/1
6568,4612,Render,1,68.500,38.230640100,38.230657300,38.230657300,38.230725800,1/1/1
6568,4612,Render,1,68.500,41.629790300,41.629809300,41.629809300,41.629877800,1/1/1
6568,4612,Render,1,68.400,25.612540000,25.612580300,25.612580300,25.612648700,1/1/1
6568,4612,Render,1,68.400,27.713403300,27.713421500,27.713421500,27.713489900,1/1/1
6568,4612,Render,1,68.400,31.996282400,31.996319100,31.996319100,31.996387500,1/1/1
6568,4612,Render,1,68.400,32.179853400,32.179873600,32.179873600,32.179942000,1/1/1
6568,4612,Render,1,68.400,32.979453300,32.979530500,32.979530500,32.979598900,1/1/1
6568,4612,Render,1,68.400,33.930733100,33.930756800,33.930756800,33.930825200,1/1/1
6568,4612,Render,1,68.400,34.046218100,34.046233400,34.046233400,34.046301800,1/1/1
6568,4612,Render,1,68.400,38.279326600,38.279345400,38.279345400,38.279413800,1/1/1
6568,4612,Render,1,68.400,38.596118000,38.596138000,38.596138000,38.596206400,1/1/1
6568,4612,Render,1,68.300,24.646750500,24.646780300,24.646780300,24.646848600,1/1/1
6568,4612,Render,1,68.300,29.045921400,29.045955300,29.045955300,29.046023600,1/1/1
6568,4612,Render,1,68.300,30.779438600,30.779454000,30.779454000,30.779522300,1/1/1
6568,4612,Render,1,68.300,31.595927400,31.595942000,31.595942000,31.596010300,1/1/1
6568,4612,Render,1,68.300,31.962685300,31.962710100,31.962710100,31.962778400,1/1/1
6568,4612,Render,1,68.300,34.646214800,34.646249000,34.646249000,34.646317300,1/1/1
6568,4612,Render,1,68.300,39.929859500,39.929881000,39.929881000,39.929949300,1/1/1
6568,4612,Render,1,68.300,40.413013500,40.413029600,40.413029600,40.413097900,1/1/1
6568,4612,Render,1,68.200,23.606705500,23.606725700,23.606725700,23.606793900,1/1/1
6568,4612,Render,1,68.200,23.712517200,23.712533100,23.712533100,23.712601300,1/1/1
6568,4612,Render,1,68.200,28.812815600,28.812835200,28.812835200,28.812903400,1/1/1
6568,4612,Render,1,68.200,31.696036600,31.696053100,31.696053100,31.696121300,1/1/1
6568,4612,Render,1,68.200,32.712572200,32.712592700,32.712592700,32.712660900,1/1/1
6568,4612,Render,1,68.200,33.563374100,33.563390600,33.563390600,33.563458800,1/1/1
6568,4612,Render,1,68.200,35.646153000,35.646173300,35.646173300,35.646241500,1/1/1
6568,4612,Render,1,68.200,36.062911000,36.062982900,36.062982900,36.063051100,1/1/1
6568,4612,Render,1,68.200,37.029767600,37.029791100,37.029791100,37.029859300,1/1/1
6568,4612,Render,1,68.100,21.829708500,21.829752600,21.829752600,21.829820700,1/1/1
6568,4612,Render,1,68.100,30.404734100,30.404772800,30.404772800,30.404840900,1/1/1
6568,4612,Render,1,68.100,33.696323800,33.696362100,33.696362100,33.696430200,1/1/1
6568,4612,Render,1,68.100,34.762711900,34.762738300,34.762738300,34.762806400,1/1/1
6568,4612,Render,1,68.100,37.896489300,37.896504800,37.896504800,37.896572900,1/1/1
6568,4612,Render,1,68.100,40.812899700,40.812913800,40.812913800,40.812981900,1/1/1
6568,4612,Render,1,68.000,27.795834000,27.795854100,27.795854100,27.795922100,1/1/1
6568,4612,Render,1,68.000,34.595860100,34.595940600,34.595940600,34.596008600,1/1/1
6568,4612,Render,1,68.000,35.512520600,35.512602100,35.512602100,35.512670100,1/1/1
6568,4612,Render,1,68.000,38.462798300,38.462825600,38.462825600,38.462893600,1/1/1
6568,4612,Render,1,68.000,38.579316300,38.579336200,38.579336200,38.579404200,1/1/1
6568,4612,Render,1,68.000,38.946654800,38.946669600,38.946669600,38.946737600,1/1/1
6568,4612,Render,1,68.000,40.729629100,40.729648900,40.729648900,40.729716900,1/1/1
6568,4612,Render,1,67.900,23.329105100,23.329120700,23.329120700,23.329188600,1/1/1
6568,4612,Render,1,67.900,24.195812200,24.195833300,24.195833300,24.195901200,1/1/1
6568,4612,Render,1,67.900,25.645630900,25.645650900,25.645650900,25.645718800,1/1/1
6568,4612,Render,1,67.900,27.529135400,27.529154300,27.529154300,27.529222200,1/1/1
6568,4612,Render,1,67.900,28.663333800,28.663368000,28.663368000,28.663435900,1/1/1
6568,4612,Render,1,67.900,35.212532000,35.212553700,35.212553700,35.212621600,1/1/1
6568,4612,Render,1,67.900,35.379458500,35.379492600,35.379492600,35.379560500,1/1/1
6568,4612,Render,1,67.900,37.596223000,37.596242400,37.596242400,37.596310300,1/1/1
6568,4612,Render,1,67.900,41.229535300,41.229552900,41.229552900,41.229620800,1/1/1
6568,4612,Render,1,67.900,41.312975900,41.312991000,41.312991000,41.313058900,1/1/1
6568,4612,Render,1,67.800,27.745865800,27.745902900,27.745902900,27.745970700,1/1/1
6568,4612,Render,1,67.800,28.929828500,28.929844500,28.929844500,28.929912300,1/1/1
6568,4612,Render,1,67.800,32.112514200,32.112531800,32.112531800,32.112599600,1/1/1
6568,4612,Render,1,67.800,32.579301000,32.579321300,32.579321300,32.579389100,1/1/1
6568,4612,Render,1,67.800,33.829857500,33.829897000,33.829897000,33.829964800,1/1/1
6568,4612,Render,1,67.800,38.269945600,38.270006300,38.270006300,38.270074100,1/1/1
6568,4612,Render,1,67.800,39.646131200,39.646152100,39.646152100,39.646219900,1/1/1
6568,4612,Render,1,67.800,39.946226900,39.946268100,39.946268100,39.946335900,1/1/1
6568,4612,Render,1,67.800,41.096205700,41.096225700,41.096225700,41.096293500,1/1/1
6568,4612,Render,1,67.700,21.896677400,21.896692600,21.896692600,21.896760300,1/1/1
6568,4612,Render,1,67.700,23.545606800,23.545627700,23.545627700,23.545695400,1/1/1
6568,4612,Render,1,67.700,25.846004900,25.846032100,25.846032100,25.846099800,1/1/1
6568,4612,Render,1,67.700,29.980256400,29.980270900,29.980270900,29.980338600,1/1/1
6568,4612,Render,1,67.700,30.079232500,30.079251000,30.079251000,30.079318700,1/1/1
6568,4612,Render,1,67.700,30.645915600,30.645932600,30.645932600,30.646000300,1/1/1
6568,4612,Render,1,67.700,33.279737000,33.279776800,33.279776800,33.279844500,1/1/1
6568,4612,Render,1,67.700,34.162722300,34.162736600,34.162736600,34.162804300,1/1/1
6568,4612,Render,1,67.700,34.197368500,34.197416600,34.197416600,34.197484300,1/1/1
6568,4612,Render,1,67.700,36.412999300,36.413033300,36.413033300,36.413101000,1/1/1
6568,4612,Render,1,67.600,24.782081900,24.782090800,24.782090800,24.782158400,1/1/1
6568,4612,Render,1,67.600,30.380028000,30.380044500,30.380044500,30.380112100,1/1/1
6568,4612,Render,1,67.600,30.529881900,30.529900400,30.529900400,30.529968000,1/1/1
6568,4612,Render,1,67.600,30.962453100,30.962504300,30.962504300,30.962571900,1/1/1
6568,4612,Render,1,67.600,32.312827300,32.312842100,32.312842100,32.312909700,1/1/1
6568,4612,Render,1,67.600,34.779720200,34.779736800,34.779736800,34.779804400,1/1/1
6568,4612,Render,1,67.600,36.229676900,36.229725200,36.229725200,36.229792800,1/1/1
6568,4612,Render,1,67.600,36.596309000,36.596356800,36.596356800,36.596424400,1/1/1
6568,4612,Render,1,67.600,36.646817600,36.646833500,36.646833500,36.646901100,1/1/1
6568,4612,Render,1,67.600,38.246349900,38.246365000,38.246365000,38.246432600,1/1/1
6568,4612,Render,1,67.600,38.979289300,38.979378100,38.979378100,38.979445700,1/1/1
6568,4612,Render,1,67.500,27.479169900,27.479210400,27.479210400,27.479277900,1/1/1
6568,4612,Render,1,67.500,34.546712200,34.546726700,34.546726700,34.546794200,1/1/1
6568,4612,Render,1,67.500,37.129393700,37.129414900,37.129414900,37.129482400,1/1/1
6568,4612,Render,1,67.500,39.846017300,39.846058300,39.846058300,39.846125800,1/1/1
6568,4612,Render,1,67.500,41.146622700,41.146652200,41.146652200,41.146719700,1/1/1
6568,4612,Render,1,67.400,22.045546400,22.045561100,22.045561100,22.045628500,1/1/1
6568,4612,Render,1,67.400,23.545680900,23.545709600,23.545709600,23.545777000,1/1/1
6568,4612,Render,1,67.400,26.012543100,26.012559600,26.012559600,26.012627000,1/1/1
6568,4612,Render,1,67.400,32.045971200,32.045991200,32.045991200,32.046058600,1/1/1
6568,4612,Render,1,67.400,34.897120600,34.897134600,34.897134600,34.897202000,1/1/1
6568,4612,Render,1,67.400,36.562700100,36.562720200,36.562720200,36.562787600,1/1/1
6568,4612,Render,1,67.400,40.862915500,40.862951000,40.862951000,40.863018400,1/1/1
6568,4612,Render,1,67.400,41.562971100,41.562994900,41.562994900,41.563062300,1/1/1
6568,4612,Render,1,67.400,41.579748900,41.579765400,41.579765400,41.579832800,1/1/1
6568,4612,Render,1,67.300,25.863613800,25.863629000,25.863629000,25.863696300,1/1/1
6568,4612,Render,1,67.300,35.912575300,35.912594800,35.912594800,35.912662100,1/1/1
6568,4612,Render,1,67.300,37.696373700,37.696392100,37.696392100,37.696459400,1/1/1
6568,4612,Render,1,67.300,38.296610500,38.296630000,38.296630000,38.296697300,1/1/1
6568,4612,Render,1,67.300,41.046317500,41.046347600,41.046347600,41.046414900,1/1/1
6568,4612,Render,1,67.300,41.712937300,41.712952500,41.712952500,41.713019800,1/1/1
6568,4612,Render,1,67.200,22.879029900,22.879049200,22.879049200,22.879116400,1/1/1
6568,4612,Render,1,67.200,25.095599800,25.095619100,25.095619100,25.095686300,1/1/1
6568,4612,Render,1,67.200,26.312409900,26.312428400,26.312428400,26.312495600,1/1/1
6568,4612,Render,1,67.200,29.279210200,29.279229500,29.279229500,29.279296700,1/1/1
6568,4612,Render,1,67.200,34.995887600,34.995959400,34.995959400,34.996026600,1/1/1
6568,4612,Render,1,67.200,36.829489000,36.829508500,36.829508500,36.829575700,1/1/1
6568,4612,Render,1,67.200,37.362697000,37.362716100,37.362716100,37.362783300,1/1/1
6568,4612,Render,1,67.200,39.512723600,39.512738900,39.512738900,39.512806100,1/1/1
6568,4612,Render,1,67.200,40.779645000,40.779659600,40.779659600,40.779726800,1/1/1
6568,4612,Render,1,67.100,24.679200200,24.679240300,24.679240300,24.679307400,1/1/1
6568,4612,Render,1,67.100,26.845831500,26.845851800,26.845851800,26.845918900,1/1/1
6568,4612,Render,1,67.100,40.496317400,40.496344600,40.496344600,40.496411700,1/1/1
6568,4612,Render,1,67.000,22.028802500,22.028859400,22.028859400,22.028926400,1/1/1
6568,4612,Render,1,67.000,23.462421500,23.462437800,23.462437800,23.462504800,1/1/1
6568,4612,Render,1,67.000,23.795798800,23.795824800,23.795824800,23.795891800,1/1/1
6568,4612,Render,1,67.000,23.929002000,23.929016700,23.929016700,23.929083700,1/1/1
6568,4612,Render,1,67.000,26.145806700,26.145822600,26.145822600,26.145889600,1/1/1
6568,4612,Render,1,67.000,28.062489400,28.062509400,28.062509400,28.062576400,1/1/1
6568,4612,BLT,1,67.000,28.131262600,28.131679600,28.132739300,28.132806300,1/1/1
6568,4612,Render,1,67.000,28.195782800,28.195802900,28.195802900,28.195869900,1/1/1
6568,4612,Render,1,67.000,31.912560300,31.912579900,31.912579900,31.912646900,1/1/1
6568,4612,Render,1,67.000,34.696098600,34.696136800,34.696136800,34.696203800,1/1/1
6568,4612,Render,1,67.000,36.129244400,36.129260900,36.129260900,36.129327900,1/1/1
6568,4612,Render,1,67.000,38.096141500,38.096181400,38.096181400,38.096248400,1/1/1
6568,4612,Render,1,67.000,39.062727300,39.062741700,39.062741700,39.062808700,1/1/1
6568,4612,Render,1,67.000,39.762695100,39.762715600,39.762715600,39.762782600,1/1/1
6568,4612,Render,1,67.000,39.797806000,39.797823300,39.797823300,39.797890300,1/1/1
6568,4612,Render,1,66.900,24.562773000,24.562792300,24.562792300,24.562859200,1/1/1
6568,4612,Render,1,66.900,24.579053600,24.579068200,24.579068200,24.579135100,1/1/1
6568,4612,Render,1,66.900,25.795739700,25.795760600,25.795760600,25.795827500,1/1/1
6568,4612,Render,1,66.900,27.662508700,27.662527900,27.662527900,27.662594800,1/1/1
6568,4612,Render,1,66.900,27.912346000,27.912365900,27.912365900,27.912432800,1/1/1
6568,4612,Render,1,66.900,29.895714200,29.895758500,29.895758500,29.895825400,1/1/1
6568,4612,Render,1,66.900,32.396024200,32.396040100,32.396040100,32.396107000,1/1/1
6568,4612,Render,1,66.900,37.313024500,37.313065500,37.313065500,37.313132400,1/1/1
6568,4612,Render,1,66.900,41.763319600,41.763364800,41.763364800,41.763431700,1/1/1
6568,4612,Render,1,66.800,25.379486600,25.379511100,25.379511100,25.379577900,1/1/1
6568,4612,Render,1,66.800,25.513634700,25.513654200,25.513654200,25.513721000,1/1/1
6568,4612,Render,1,66.800,27.446088400,27.446106600,27.446106600,27.446173400,1/1/1
6568,4612,Render,1,66.800,28.763490600,28.763528200,28.763528200,28.763595000,1/1/1
6568,4612,Render,1,66.700,23.762697400,23.762712200,23.762712200,23.762778900,1/1/1
6568,4612,Render,1,66.700,24.845632700,24.845647500,24.845647500,24.845714200,1/1/1
6568,4612,Render,1,66.700,28.279367900,28.279382100,28.279382100,28.279448800,1/1/1
6568,4612,Render,1,66.700,28.629252300,28.629278600,28.629278600,28.629345300,1/1/1
6568,4612,Render,1,66.700,29.229225400,29.229240500,29.229240500,29.229307200,1/1/1
6568,4612,BLT,1,66.700,34.979371300,34.979816500,34.980860800,34.980927500,1/1/1
6568,4612,Render,1,66.700,40.546357900,40.546372300,40.546372300,40.546439000,1/1/1
6568,4612,Render,1,66.600,24.279042000,24.279057300,24.279057300,24.279123900,1/1/1
6568,4612,Render,1,66.600,26.362812900,26.362853800,26.362853800,26.362920400,1/1/1
6568,4612,Render,1,66.600,29.645845500,29.645860500,29.645860500,29.645927100,1/1/1
6568,4612,Render,1,66.600,29.912559700,29.912574200,29.912574200,29.912640800,1/1/1
6568,4612,Render,1,66.600,33.812568300,33.812587200,33.812587200,33.812653800,1/1/1
6568,4612,Render,1,66.600,34.295860800,34.295875700,34.295875700,34.295942300,1/1/1
6568,4612,Render,1,66.600,36.096271400,36.096308200,36.096308200,36.096374800,1/1/1
6568,4612,Render,1,66.600,36.829553800,36.829589500,36.829589500,36.829656100,1/1/1
6568,4612,BLT,1,66.600,37.588265900,37.588599800,37.589687000,37.589753600,1/1/1
6568,4612,Render,1,66.600,38.013480200,38.013522300,38.013522300,38.013588900,1/1/1
6568,4612,Render,1,66.600,39.812887400,39.812930100,39.812930100,39.812996700,1/1/1
6568,4612,Render,1,66.600,41.263083200,41.263108200,41.263108200,41.263174800,1/1/1
6568,4612,BLT,1,66.500,22.516808600,22.517213500,22.518299800,22.518366300,1/1/1
6568,4612,Render,1,66.500,22.662374400,22.662412400,22.662412400,22.662478900,1/1/1
6568,4612,Render,1,66.500,22.828884200,22.828903400,22.828903400,22.828969900,1/1/1
6568,4612,Render,1,66.500,25.579379400,25.579399700,25.579399700,25.579466200,1/1/1
6568,4612,Render,1,66.500,26.729020900,26.729036200,26.729036200,26.729102700,1/1/1
6568,4612,Render,1,66.500,29.996077000,29.996130100,29.996130100,29.996196600,1/1/1
6568,4612,Render,1,66.500,32.997586300,32.998841800,32.998841800,32.998908300,1/1/1
6568,4612,Render,1,66.500,33.779482400,33.779525900,33.779525900,33.779592400,1/1/1
6568,4612,Render,1,66.500,34.879546900,34.879595700,34.879595700,34.879662200,1/1/1
6568,4612,Render,1,66.500,37.446655200,37.446696000,37.446696000,37.446762500,1/1/1
6568,4612,Render,1,66.500,41.212889700,41.212946700,41.212946700,41.213013200,1/1/1
6568,4612,Render,1,66.400,22.712588700,22.712620200,22.712620200,22.712686600,1/1/1
6568,4612,Render,1,66.400,22.879092300,22.879129900,22.879129900,22.879196300,1/1/1
6568,4612,Render,1,66.400,24.729142800,24.729175400,24.729175400,24.729241800,1/1/1
6568,4612,Render,1,66.400,28.013034400,28.013049200,28.013049200,28.013115600,1/1/1
6568,4612,Render,1,66.400,31.062545900,31.062560300,31.062560300,31.062626700,1/1/1
6568,4612,Render,1,66.400,33.863179500,33.863193500,33.863193500,33.863259900,1/1/1
6568,4612,Render,1,66.400,34.063836700,34.063876600,34.063876600,34.063943000,1/1/1
6568,4612,Render,1,66.400,41.162924300,41.162959400,41.162959400,41.163025800,1/1/1
6568,4612,Render,1,66.400,41.396282400,41.396311100,41.396311100,41.396377500,1/1/1
6568,4612,Render,1,66.300,26.962307900,26.962350800,26.962350800,26.962417100,1/1/1
6568,4612,Render,1,66.300,32.745846800,32.745886600,32.745886600,32.745952900,1/1/1
6568,4612,Render,1,66.300,32.896764500,32.896802700,32.896802700,32.896869000,1/1/1
6568,4612,Render,1,66.300,36.012725000,36.012739500,36.012739500,36.012805800,1/1/1
6568,4612,Render,1,66.300,39.752312300,39.752376000,39.752376000,39.752442300,1/1/1
6568,4612,Render,1,66.200,27.045880400,27.045913400,27.045913400,27.045979600,1/1/1
6568,4612,Render,1,66.200,27.929235800,27.929263100,27.929263100,27.929329300,1/1/1
6568,4612,Render,1,66.200,29.796942300,29.796957100,29.796957100,29.797023300,1/1/1
6568,4612,Render,1,66.200,31.095919400,31.095959600,31.095959600,31.096025800,1/1/1
6568,4612,BLT,1,66.100,25.508592600,25.508914200,25.509972100,25.510038200,1/1/1
6568,4612,Render,1,66.100,26.396290800,26.396307000,26.396307000,26.396373100,1/1/1
6568,4612,Render,1,66.100,26.529763200,26.529803400,26.529803400,26.529869500,1/1/1
6568,4612,Render,1,66.100,33.812633300,33.812667400,33.812667400,33.812733500,1/1/1
6568,4612,Render,1,66.100,34.912811900,34.912833300,34.912833300,34.912899400,1/1/1
6568,4612,Render,1,66.100,37.246749600,37.246780900,37.246780900,37.246847000,1/1/1
6568,4612,Render,1,66.100,38.146181400,38.146196000,38.146196000,38.146262100,1/1/1
6568,4612,Render,1,66.000,27.795918700,27.795943400,27.795943400,27.796009400,1/1/1
6568,4612,Render,1,66.000,29.095772400,29.095787700,29.095787700,29.095853700,1/1/1
6568,4612,Render,1,66.000,29.129196800,29.129226900,29.129226900,29.129292900,1/1/1
6568,4612,Render,1,66.000,36.996199400,36.996243100,36.996243100,36.996309100,1/1/1
6568,4612,Render,1,66.000,38.579394200,38.579417700,38.579417700,38.579483700,1/1/1
6568,4612,Render,1,65.900,23.828936800,23.828966400,23.828966400,23.829032300,1/1/1
6568,4612,Render,1,65.900,32.579380400,32.579402600,32.579402600,32.579468500,1/1/1
6568,4612,Render,1,65.900,36.646884400,36.646912500,36.646912500,36.646978400,1/1/1
6568,4612,Render,1,65.800,25.795833000,25.795852400,25.795852400,25.795918200,1/1/1
6568,4612,Render,1,65.800,28.195861700,28.195883400,28.195883400,28.195949200,1/1/1
6568,4612,Render,1,65.800,30.779497300,30.779536000,30.779536000,30.779601800,1/1/1
6568,4612,Render,1,65.800,36.780462700,36.780486300,36.780486300,36.780552100,1/1/1
6568,4612,Render,1,65.800,39.646204800,39.646234200,39.646234200,39.646300000,1/1/1
6568,4612,Render,1,65.800,39.762782200,39.762807900,39.762807900,39.762873700,1/1/1
6568,4612,Render,1,65.800,40.996178000,40.996222300,40.996222300,40.996288100,1/1/1
6568,4612,Render,1,65.700,21.912455000,21.912475500,21.912475500,21.912541200,1/1/1
6568,4612,Render,1,65.700,25.645695500,25.645732500,25.645732500,25.645798200,1/1/1
6568,4612,Render,1,65.700,25.879059000,25.879073300,25.879073300,25.879139000,1/1/1
6568,4612,Render,1,65.700,26.845906700,26.845932500,26.845932500,26.845998200,1/1/1
6568,4612,Render,1,65.700,30.295880300,30.295894500,30.295894500,30.295960200,1/1/1
6568,4612,Render,1,65.700,31.262564700,31.262608100,31.262608100,31.262673800,1/1/1
6568,4612,Render,1,65.700,31.646077600,31.646101000,31.646101000,31.646166700,1/1/1
6568,4612,BLT,1,65.700,32.238078700,32.238423600,32.239520100,32.239585800,1/1/1
6568,4612,Render,1,65.700,32.679226900,32.679241600,32.679241600,32.679307300,1/1/1
6568,4612,Render,1,65.700,32.796521500,32.796536100,32.796536100,32.796601800,1/1/1
6568,4612,BLT,1,65.700,33.165780600,33.166212800,33.167310600,33.167376300,1/1/1
6568,4612,Render,1,65.700,34.546773900,34.546804900,34.546804900,34.546870600,1/1/1
6568,4612,Render,1,65.700,36.179403100,36.179443400,36.179443400,36.179509100,1/1/1
6568,4612,Render,1,65.700,37.179762600,37.179782900,37.179782900,37.179848600,1/1/1
6568,4612,Render,1,65.700,38.329495800,38.329520800,38.329520800,38.329586500,1/1/1
6568,4612,Render,1,65.600,22.779544300,22.779569900,22.779569900,22.779635500,1/1/1
6568,4612,Render,1,65.600,24.363138200,24.363154500,24.363154500,24.363220100,1/1/1
6568,4612,Render,1,65.600,32.446235400,32.446262100,32.446262100,32.446327700,1/1/1
6568,4612,Render,1,65.600,34.829763200,34.829782600,34.829782600,34.829848200,1/1/1
6568,4612,Render,1,65.600,40.762832500,40.762868200,40.762868200,40.762933800,1/1/1
6568,4612,Render,1,65.600,41.629849400,41.629891200,41.629891200,41.629956800,1/1/1
6568,4612,Render,1,65.500,22.445605000,22.445633800,22.445633800,22.445699300,1/1/1
6568,4612,Render,1,65.500,24.195903400,24.195925900,24.195925900,24.195991400,1/1/1
6568,4612,BLT,1,65.500,26.552950100,26.553420100,26.554488300,26.554553800,1/1/1
6568,4612,Render,1,65.500,27.679156900,27.679193300,27.679193300,27.679258800,1/1/1
6568,4612,Render,1,65.500,28.279432500,28.279461800,28.279461800,28.279527300,1/1/1
6568,4612,Render,1,65.500,29.762445400,29.762472100,29.762472100,29.762537600,1/1/1
6568,4612,Render,1,65.500,32.046045100,32.046072300,32.046072300,32.046137800,1/1/1
6568,4612,Render,1,65.500,33.062963800,33.063032600,33.063032600,33.063098100,1/1/1
6568,4612,Render,1,65.500,37.080400900,37.080446400,37.080446400,37.080511900,1/1/1
6568,4612,Render,1,65.400,23.929061500,23.929094400,23.929094400,23.929159800,1/1/1
6568,4612,Render,1,65.400,26.729100200,26.729116000,26.729116000,26.729181400,1/1/1
6568,4612,Render,1,65.400,28.679528600,28.679566900,28.679566900,28.679632300,1/1/1
6568,4612,Render,1,65.400,29.670211200,29.670241900,29.670241900,29.670307300,1/1/1
6568,4612,Render,1,65.400,30.062458000,30.062493000,30.062493000,30.062558400,1/1/1
6568,4612,Render,1,65.400,30.929664400,30.929705200,30.929705200,30.929770600,1/1/1
6568,4612,Render,1,65.400,31.912643300,31.912663400,31.912663400,31.912728800,1/1/1
6568,4612,Render,1,65.400,32.079317600,32.079352600,32.079352600,32.079418000,1/1/1
6568,4612,Render,1,65.400,32.262745600,32.262787400,32.262787400,32.262852800,1/1/1
6568,4612,Render,1,65.400,32.295948600,32.295991600,32.295991600,32.296057000,1/1/1
6568,4612,Render,1,65.400,39.629771300,39.629816000,39.629816000,39.629881400,1/1/1
6568,4612,Render,1,65.400,40.729697600,40.729730500,40.729730500,40.729795900,1/1/1
6568,4612,Render,1,65.300,25.012650600,25.012684000,25.012684000,25.012749300,1/1/1
6568,4612,Render,1,65.300,25.863677400,25.863707500,25.863707500,25.863772800,1/1/1
6568,4612,Render,1,65.300,26.312479000,26.312509700,26.312509700,26.312575000,1/1/1
6568,4612,Render,1,65.300,29.062892300,29.062926100,29.062926100,29.062991400,1/1/1
6568,4612,Render,1,65.300,32.562700200,32.562714200,32.562714200,32.562779500,1/1/1
6568,4612,Render,1,65.300,35.646235800,35.646255200,35.646255200,35.646320500,1/1/1
6568,4612,Render,1,65.300,39.896147500,39.896184900,39.896184900,39.896250200,1/1/1
6568,4612,Render,1,65.300,40.812964400,40.812992800,40.812992800,40.813058100,1/1/1
6568,4612,Render,1,65.200,22.412706100,22.412748400,22.412748400,22.412813600,1/1/1
6568,4612,Render,1,65.200,23.329165200,23.329199700,23.329199700,23.329264900,1/1/1
6568,4612,Render,1,65.200,23.745615000,23.745651500,23.745651500,23.745716700,1/1/1
6568,4612,Render,1,65.200,26.796117800,26.796140700,26.796140700,26.796205900,1/1/1
6568,4612,Render,1,65.200,28.563042400,28.563063500,28.563063500,28.563128700,1/1/1
6568,4612,Render,1,65.200,29.980319200,29.980349500,29.980349500,29.980414700,1/1/1
6568,4612,Render,1,65.200,30.695853100,30.695867500,30.695867500,30.695932700,1/1/1
6568,4612,Render,1,65.200,33.762514900,33.762549700,33.762549700,33.762614900,1/1/1
6568,4612,Render,1,65.200,38.246418900,38.246443900,38.246443900,38.246509100,1/1/1
6568,4612,Render,1,65.200,38.930516600,38.930530900,38.930530900,38.930596100,1/1/1
6568,4612,Render,1,65.200,39.112828200,39.112852700,39.112852700,39.112917900,1/1/1
6568,4612,Render,1,65.200,41.313032200,41.313069700,41.313069700,41.313134900,1/1/1
6568,4612,Render,1,65.100,28.062565200,28.062590300,28.062590300,28.062655400,1/1/1
6568,4612,Render,1,65.100,30.562601800,30.562635200,30.562635200,30.562700300,1/1/1
6568,4612,BLT,1,65.100,31.165692700,31.166031200,31.167124400,31.167189500,1/1/1
6568,4612,Render,1,65.100,33.095957000,33.095973400,33.095973400,33.096038500,1/1/1
6568,4612,Render,1,65.100,34.112876300,34.112924700,34.112924700,34.112989800,1/1/1
6568,4612,Render,1,65.100,36.029280200,36.029319100,36.029319100,36.029384200,1/1/1
6568,4612,Render,1,65.100,39.479818200,39.479857000,39.479857000,39.479922100,1/1/1
6568,4612,Render,1,65.100,40.530635200,40.530669400,40.530669400,40.530734500,1/1/1
6568,4612,Render,1,65.100,41.096289700,41.096310800,41.096310800,41.096375900,1/1/1
6568,4612,Render,1,65.000,25.095670900,25.095699800,25.095699800,25.095764800,1/1/1
6568,4612,Render,1,65.000,26.145865600,26.145900300,26.145900300,26.145965300,1/1/1
6568,4612,Render,1,65.000,31.562911500,31.562952100,31.562952100,31.563017100,1/1/1
6568,4612,Render,1,65.000,32.562778200,32.562793600,32.562793600,32.562858600,1/1/1
6568,4612,Render,1,65.000,36.963075600,36.963099800,36.963099800,36.963164800,1/1/1
6568,4612,Render,1,65.000,38.596196400,38.596220100,38.596220100,38.596285100,1/1/1
6568,4612,Render,1,65.000,39.929934900,39.929963400,39.929963400,39.930028400,1/1/1
6568,4612,Render,1,65.000,40.913113700,40.913136000,40.913136000,40.913201000,1/1/1
6568,4612,Render,1,65.000,41.479815900,41.479846400,41.479846400,41.479911400,1/1/1
6568,4612,Render,1,64.900,21.862371300,21.862401800,21.862401800,21.862466700,1/1/1
6568,4612,Render,1,64.900,24.279107600,24.279135000,24.279135000,24.279199900,1/1/1
6568,4612,Render,1,64.900,25.479093300,25.479126100,25.479126100,25.479191000,1/1/1
6568,4612,Render,1,64.900,27.612469100,27.612499200,27.612499200,27.612564100,1/1/1
6568,4612,Render,1,64.900,27.662566000,27.662608200,27.662608200,27.662673100,1/1/1
6568,4612,Render,1,64.900,28.929892900,28.929923400,28.929923400,28.929988300,1/1/1
6568,4612,Render,1,64.900,30.380117000,30.380132800,30.380132800,30.380197700,1/1/1
6568,4612,Render,1,64.900,31.879981500,31.880020800,31.880020800,31.880085700,1/1/1
6568,4612,Render,1,64.900,32.197476800,32.197508400,32.197508400,32.197573300,1/1/1
6568,4612,Render,1,64.900,38.796185400,38.796218600,38.796218600,38.796283500,1/1/1
6568,4612,Render,1,64.900,40.029891700,40.029923800,40.029923800,40.029988700,1/1/1
6568,4612,Render,1,64.800,22.828947400,22.828983400,22.828983400,22.829048200,1/1/1
6568,4612,Render,1,64.800,26.179160200,26.179189400,26.179189400,26.179254200,1/1/1
6568,4612,Render,1,64.800,27.912424000,27.912446300,27.912446300,27.912511100,1/1/1
6568,4612,Render,1,64.800,29.229300100,29.229318500,29.229318500,29.229383300,1/1/1
6568,4612,Render,1,64.800,30.645971900,30.646011500,30.646011500,30.646076300,1/1/1
6568,4612,Render,1,64.800,37.362753500,37.362797000,37.362797000,37.362861800,1/1/1
6568,4612,BLT,1,64.800,39.241388300,39.241707300,39.242754800,39.242819600,1/1/1
6568,4612,BLT,1,64.800,41.779794200,41.780187800,41.781267600,41.781332400,1/1/1
6568,4612,Render,1,64.700,21.896757900,21.896772900,21.896772900,21.896837600,1/1/1
6568,4612,Render,1,64.700,24.529119600,24.529155200,24.529155200,24.529219900,1/1/1
6568,4612,Render,1,64.700,24.963521700,24.963540800,24.963540800,24.963605500,1/1/1
6568,4612,Render,1,64.700,25.929137400,25.929170300,25.929170300,25.929235000,1/1/1
6568,4612,BLT,1,64.700,31.895862000,31.896304200,31.897381100,31.897445800,1/1/1
6568,4612,Render,1,64.700,32.762737200,32.762752900,32.762752900,32.762817600,1/1/1
6568,4612,Render,1,64.700,36.362757500,36.362793700,36.362793700,36.362858400,1/1/1
6568,4612,Render,1,64.700,37.879719600,37.879758200,37.879758200,37.879822900,1/1/1
6568,4612,Render,1,64.700,40.779709100,40.779740600,40.779740600,40.779805300,1/1/1
6568,4612,Render,1,64.600,29.279267100,29.279310100,29.279310100,29.279374700,1/1/1
6568,4612,Render,1,64.600,29.797015600,29.797034100,29.797034100,29.797098700,1/1/1
6568,4612,Render,1,64.600,30.762360800,30.762434900,30.762434900,30.762499500,1/1/1
6568,4612,Render,1,64.600,33.863248000,33.863270900,33.863270900,33.863335500,1/1/1
6568,4612,Render,1,64.600,35.912639800,35.912675600,35.912675600,35.912740200,1/1/1
6568,4612,Render,1,64.600,38.413428900,38.413460800,38.413460800,38.413525400,1/1/1
6568,4612,Render,1,64.600,41.346327500,41.346356400,41.346356400,41.346421000,1/1/1
6568,4612,Render,1,64.500,22.045600700,22.045639600,22.045639600,22.045704100,1/1/1
6568,4612,BLT,1,64.500,24.387018400,24.387364300,24.388763100,24.388827600,1/1/1
6568,4612,Render,1,64.500,25.513699000,25.513734700,25.513734700,25.513799200,1/1/1
6568,4612,Render,1,64.500,28.812879000,28.812916100,28.812916100,28.812980600,1/1/1
6568,4612,Render,1,64.500,30.629998000,30.630022200,30.630022200,30.630086700,1/1/1
6568,4612,Render,1,64.500,30.695907200,30.695943400,30.695943400,30.696007900,1/1/1
6568,4612,Render,1,64.500,32.712647600,32.712674800,32.712674800,32.712739300,1/1/1
6568,4612,Render,1,64.500,32.913727500,32.914393700,32.914393700,32.914458200,1/1/1
6568,4612,Render,1,64.500,32.930003300,32.930041900,32.930041900,32.930106400,1/1/1
6568,4612,Render,1,64.500,33.646095700,33.646118800,33.646118800,33.646183300,1/1/1
6568,4612,Render,1,64.500,37.896549900,37.896584300,37.896584300,37.896648800,1/1/1
6568,4612,Render,1,64.500,38.946711900,38.946749800,38.946749800,38.946814300,1/1/1
6568,4612,Render,1,64.500,40.362775500,40.362813500,40.362813500,40.362878000,1/1/1
6568,4612,Render,1,64.400,24.562836800,24.562872900,24.562872900,24.562937300,1/1/1
6568,4612,Render,1,64.400,26.262543300,26.262562800,26.262562800,26.262627200,1/1/1
6568,4612,Render,1,64.400,27.529194900,27.529236400,27.529236400,27.529300800,1/1/1
6568,4612,Render,1,64.400,28.579200300,28.579242200,28.579242200,28.579306600,1/1/1
6568,4612,Render,1,64.400,32.112583400,32.112611100,32.112611100,32.112675500,1/1/1
6568,4612,Render,1,64.400,32.679283200,32.679323200,32.679323200,32.679387600,1/1/1
6568,4612,Render,1,64.400,34.513082000,34.513108200,34.513108200,34.513172600,1/1/1
6568,4612,Render,1,64.400,36.446065000,36.446096400,36.446096400,36.446160800,1/1/1
6568,4612,Render,1,64.400,40.546434600,40.546449800,40.546449800,40.546514200,1/1/1
6568,4612,Render,1,64.300,24.579110300,24.579145700,24.579145700,24.579210000,1/1/1
6568,4612,BLT,1,64.300,24.829082600,24.829550200,24.830617300,24.830681600,1/1/1
6568,4612,BLT,1,64.300,27.554671900,27.555002300,27.556047300,27.556111600,1/1/1
6568,4612,Render,1,64.300,30.029201100,30.029236100,30.029236100,30.029300400,1/1/1
6568,4612,BLT,1,64.300,32.824984000,32.825387800,32.826453800,32.826518100,1/1/1
6568,4612,Render,1,64.300,35.212606100,35.212632400,35.212632400,35.212696700,1/1/1
6568,4612,Render,1,64.300,39.512791600,39.512817100,39.512817100,39.512881400,1/1/1
6568,4612,Render,1,64.300,41.746227200,41.746262200,41.746262200,41.746326500,1/1/1
6568,4612,Render,1,64.200,31.696095400,31.696132600,31.696132600,31.696196800,1/1/1
6568,4612,Render,1,64.200,32.312881800,32.312920600,32.312920600,32.312984800,1/1/1
6568,4612,Render,1,64.200,32.529339100,32.529370200,32.529370200,32.529434400,1/1/1
6568,4612,Render,1,64.200,36.012784300,36.012816500,36.012816500,36.012880700,1/1/1
6568,4612,Render,1,64.200,38.379798800,38.379837300,38.379837300,38.379901500,1/1/1
6568,4612,Render,1,64.200,39.062789500,39.062819700,39.062819700,39.062883900,1/1/1
6568,4612,Render,1,64.200,39.346398900,39.346433600,39.346433600,39.346497800,1/1/1
6568,4612,Render,1,64.200,41.079912300,41.079941000,41.079941000,41.080005200,1/1/1
6568,4612,Render,1,64.200,41.229593700,41.229632100,41.229632100,41.229696300,1/1/1
6568,4612,Render,1,64.200,41.579806900,41.579844300,41.579844300,41.579908500,1/1/1
6568,4612,Render,1,64.100,25.345733000,25.345766100,25.345766100,25.345830200,1/1/1
6568,4612,Render,1,64.100,27.345829900,27.345854200,27.345854200,27.345918300,1/1/1
6568,4612,Render,1,64.100,29.095843900,29.095864900,29.095864900,29.095929000,1/1/1
6568,4612,Render,1,64.100,34.162784500,34.162815500,34.162815500,34.162879600,1/1/1
6568,4612,Render,1,64.100,37.346007600,37.346040300,37.346040300,37.346104400,1/1/1
6568,4612,BLT,1,64.100,37.674115200,37.674413200,37.675477100,37.675541200,1/1/1
6568,4612,Render,1,64.000,23.462498200,23.462515900,23.462515900,23.462579900,1/1/1
6568,4612,Render,1,64.000,24.012267600,24.012302100,24.012302100,24.012366100,1/1/1
6568,4612,Render,1,64.000,29.895797800,29.895836400,29.895836400,29.895900400,1/1/1
6568,4612,Render,1,64.000,31.062602400,31.062638100,31.062638100,31.062702100,1/1/1
6568,4612,Render,1,64.000,34.046274400,34.046312500,34.046312500,34.046376500,1/1/1
6568,4612,BLT,1,64.000,34.669978800,34.670309900,34.671415600,34.671479600,1/1/1
6568,4612,Render,1,64.000,37.129468200,37.129493500,37.129493500,37.129557500,1/1/1
6568,4612,Render,1,64.000,39.596175600,39.596207400,39.596207400,39.596271400,1/1/1
6568,4612,Render,1,63.900,23.912869200,23.912891900,23.912891900,23.912955800,1/1/1
6568,4612,BLT,1,63.900,25.464607200,25.465027200,25.466101000,25.466164900,1/1/1
6568,4612,Render,1,63.900,29.512377800,29.512411800,29.512411800,29.512475700,1/1/1
6568,4612,Render,1,63.900,30.295950800,30.295971000,30.295971000,30.296034900,1/1/1
6568,4612,Render,1,63.900,30.912596000,30.912624500,30.912624500,30.912688400,1/1/1
6568,4612,Render,1,63.900,35.479559600,35.479605800,35.479605800,35.479669700,1/1/1
6568,4612,Render,1,63.900,38.279399800,38.279425100,38.279425100,38.279489000,1/1/1
6568,4612,Render,1,63.800,23.712580100,23.712612200,23.712612200,23.712676000,1/1/1
6568,4612,Render,1,63.800,24.845700100,24.845725600,24.845725600,24.845789400,1/1/1
6568,4612,Render,1,63.800,25.046341800,25.046355900,25.046355900,25.046419700,1/1/1
6568,4612,Render,1,63.800,25.879126200,25.879149800,25.879149800,25.879213600,1/1/1
6568,4612,Render,1,63.800,26.012602500,26.012638100,26.012638100,26.012701900,1/1/1
6568,4612,Render,1,63.800,27.713466800,27.713501100,27.713501100,27.713564900,1/1/1
6568,4612,Render,1,63.800,33.497257900,33.497288800,33.497288800,33.497352600,1/1/1
6568,4612,Render,1,63.800,33.563432200,33.563469600,33.563469600,33.563533400,1/1/1
6568,4612,Render,1,63.800,37.380003600,37.380018300,37.380018300,37.380082100,1/1/1
6568,4612,Render,1,63.800,37.996185400,37.996224300,37.996224300,37.996288100,1/1/1
6568,4612,Render,1,63.800,41.712993800,41.713030600,41.713030600,41.713094400,1/1/1
6568,4612,Render,1,63.700,23.762755200,23.762789900,23.762789900,23.762853600,1/1/1
6568,4612,Render,1,63.700,24.062356300,24.062398100,24.062398100,24.062461800,1/1/1
6568,4612,Render,1,63.700,28.013100700,28.013126500,28.013126500,28.013190200,1/1/1
6568,4612,Render,1,63.700,32.029103400,32.029137600,32.029137600,32.029201300,1/1/1
6568,4612,Render,1,63.700,32.796593600,32.796616800,32.796616800,32.796680500,1/1/1
6568,4612,Render,1,63.700,32.846069400,32.846112300,32.846112300,32.846176000,1/1/1
6568,4612,BLT,1,63.700,33.124350000,33.124666000,33.125773000,33.125836700,1/1/1
6568,4612,Render,1,63.700,33.946131300,33.946155900,33.946155900,33.946219600,1/1/1
6568,4612,Render,1,63.700,34.246908600,34.246942900,34.246942900,34.247006600,1/1/1
6568,4612,Render,1,63.700,34.295924700,34.295953300,34.295953300,34.296017000,1/1/1
6568,4612,Render,1,63.700,34.779780900,34.779815900,34.779815900,34.779879600,1/1/1
6568,4612,Render,1,63.600,26.129100500,26.129132600,26.129132600,26.129196200,1/1/1
6568,4612,Render,1,63.600,33.262659100,33.262676700,33.262676700,33.262740300,1/1/1
6568,4612,Render,1,63.600,34.897191000,34.897213000,34.897213000,34.897276600,1/1/1
6568,4612,Render,1,63.600,36.129316800,36.129339200,36.129339200,36.129402800,1/1/1
6568,4612,Render,1,63.600,38.146248600,38.146273100,38.146273100,38.146336700,1/1/1
6568,4612,BLT,1,63.600,40.482157400,40.482580200,40.483700600,40.483764200,1/1/1
6568,4612,Render,1,63.500,27.879708300,27.879744400,27.879744400,27.879807900,1/1/1
6568,4612,Render,1,63.500,28.045526100,28.045568000,28.045568000,28.045631500,1/1/1
6568,4612,Render,1,63.500,29.645908800,29.645938000,29.645938000,29.646001500,1/1/1
6568,4612,Render,1,63.500,29.912619800,29.912651800,29.912651800,29.912715300,1/1/1
6568,4612,Render,1,63.500,34.946532400,34.946567600,34.946567600,34.946631100,1/1/1
6568,4612,Render,1,63.500,35.329433500,35.329470800,35.329470800,35.329534300,1/1/1
6568,4612,BLT,1,63.500,35.581144400,35.581655500,35.582747000,35.582810500,1/1/1
6568,4612,Render,1,63.500,39.163668600,39.163697300,39.163697300,39.163760800,1/1/1
6568,4612,Render,1,63.400,30.512581800,30.512618600,30.512618600,30.512682000,1/1/1
6568,4612,Render,1,63.400,37.029844400,37.029870300,37.029870300,37.029933700,1/1/1
6568,4612,Render,1,63.400,37.463667100,37.463688900,37.463688900,37.463752300,1/1/1
6568,4612,Render,1,63.400,38.230715000,38.230737200,38.230737200,38.230800600,1/1/1
6568,4612,Render,1,63.400,38.930579800,38.930607200,38.930607200,38.930670600,1/1/1
6568,4612,Render,1,63.300,23.612740900,23.612779100,23.612779100,23.612842400,1/1/1
6568,4612,Render,1,63.300,30.412828800,30.412856900,30.412856900,30.412920200,1/1/1
6568,4612,BLT,1,63.100,27.822272100,27.822567300,27.823618900,27.823682000,1/1/1
6568,4612,Render,1,63.100,35.596594800,35.596622800,35.596622800,35.596685900,1/1/1
6568,4612,BLT,1,63.000,27.996375400,27.996800500,27.997857500,27.997920500,1/1/1
6568,4612,Render,1,63.000,36.379771900,36.379808900,36.379808900,36.379871900,1/1/1
6568,4612,BLT,1,62.800,39.282758800,39.283077700,39.284133200,39.284196000,1/1/1
6568,4612,BLT,1,62.600,21.980161100,21.980545200,21.981296500,21.981359100,1/1/1
6568,4612,Render,1,62.600,22.845702300,22.845741500,22.845741500,22.845804100,1/1/1
6568,4612,BLT,1,62.600,27.423647300,27.423967800,27.425048000,27.425110600,1/1/1
6568,4612,BLT,1,62.600,40.014073400,40.014382700,40.015112500,40.015175100,1/1/1
6568,4612,BLT,1,62.500,23.608833300,23.609290600,23.610096700,23.610159200,1/1/1
6568,4612,Render,1,62.500,28.795713300,28.795731100,28.795731100,28.795793600,1/1/1
6568,4612,BLT,1,62.500,39.625003500,39.625302200,39.626351900,39.626414400,1/1/1
6568,4612,BLT,1,62.400,28.950725900,28.951150100,28.952535000,28.952597400,1/1/1
6568,4612,BLT,1,62.400,38.490239300,38.490542200,38.491607100,38.491669500,1/1/1
6568,4612,BLT,1,62.300,22.208982300,22.209116700,22.210176700,22.210239000,1/1/1
6568,4612,Render,1,62.300,28.145832500,28.145863100,28.145863100,28.145925400,1/1/1
6568,4612,BLT,1,62.300,40.657778500,40.658155900,40.659255300,40.659317600,1/1/1
6568,4612,BLT,1,62.200,22.690828500,22.691205500,22.692374000,22.692436200,1/1/1
6568,4612,BLT,1,62.200,25.086301600,25.086606800,25.087692800,25.087755000,1/1/1
6568,4612,BLT,1,62.200,28.041976600,28.042307000,28.043340500,28.043402700,1/1/1
6568,4612,BLT,1,62.200,38.881515500,38.882055600,38.883154100,38.883216300,1/1/1
6568,4612,BLT,1,62.200,41.607585400,41.608007700,41.609098900,41.609161100,1/1/1
6568,4612,BLT,1,62.100,25.375583200,25.375854900,25.376899400,25.376961500,1/1/1
6568,4612,BLT,1,62.100,29.212700200,29.213013600,29.214083300,29.214145400,1/1/1
6568,4612,BLT,1,62.100,29.885343900,29.885643200,29.886706300,29.886768400,1/1/1
6568,4612,BLT,1,62.100,37.025855500,37.026245500,37.027307000,37.027369100,1/1/1
6568,4612,BLT,1,62.100,37.291987200,37.292388500,37.293446000,37.293508100,1/1/1
6568,4612,BLT,1,62.100,37.631590100,37.631911700,37.632955000,37.633017100,1/1/1
6568,4612,BLT,1,62.100,38.925219100,38.925689700,38.926792700,38.926854800,1/1/1
6568,4612,BLT,1,62.000,23.357313700,23.357641400,23.358723800,23.358785800,1/1/1
6568,4612,BLT,1,62.000,24.473470300,24.473799300,24.474850800,24.474912800,1/1/1
6568,4612,BLT,1,62.000,29.040686700,29.040983000,29.042029000,29.042091000,1/1/1
6568,4612,BLT,1,62.000,34.323628100,34.323934100,34.324987700,34.325049700,1/1/1
6568,4612,BLT,1,62.000,37.114584700,37.114885100,37.115944600,37.116006600,1/1/1
6568,4612,BLT,1,62.000,39.147777500,39.148270500,39.149353800,39.149415800,1/1/1
6568,4612,BLT,1,61.900,24.047362000,24.047689700,24.048784200,24.048846100,1/1/1
6568,4612,BLT,1,61.900,29.125171200,29.125480200,29.126577400,29.126639300,1/1/1
6568,4612,BLT,1,61.900,30.190334800,30.190638500,30.191704300,30.191766200,1/1/1
6568,4612,BLT,1,61.900,39.582186600,39.582514700,39.583625300,39.583687200,1/1/1
6568,4612,BLT,1,61.900,41.202532100,41.202994900,41.204383000,41.204444900,1/1/1
6568,4612,BLT,1,61.800,24.180495300,24.180879300,24.181947800,24.182009600,1/1/1
6568,4612,BLT,1,61.800,26.205289500,26.205701200,26.206801400,26.206863200,1/1/1
6568,4612,BLT,1,61.800,26.681407600,26.681844700,26.682935900,26.682997700,1/1/1
6568,4612,Render,1,61.800,35.029297700,35.029395000,35.029395000,35.029456800,1/1/1
6568,4612,BLT,1,61.800,36.255355600,36.255677600,36.256770900,36.256832700,1/1/1
6568,4612,BLT,1,61.800,37.417670000,37.418058500,37.419120000,37.419181800,1/1/1
6568,4612,BLT,1,61.800,38.968774100,38.969238800,38.970322000,38.970383800,1/1/1
6568,4612,BLT,1,61.800,40.712872100,40.713230900,40.714338900,40.714400700,1/1/1
6568,4612,BLT,1,61.700,24.004967200,24.005291700,24.006369800,24.006431500,1/1/1
6568,4612,BLT,1,61.700,30.898579700,30.899003500,30.900102200,30.900163900,1/1/1
6568,4612,BLT,1,61.700,33.212830400,33.213307200,33.214375300,33.214437000,1/1/1
6568,4612,BLT,1,61.600,22.646482500,22.646886900,22.648024000,22.648085600,1/1/1
6568,4612,BLT,1,61.600,22.819998900,22.820320600,22.821375400,22.821437000,1/1/1
6568,4612,BLT,1,61.600,24.558997700,24.559342100,24.560406900,24.560468500,1/1/1
6568,4612,BLT,1,61.600,26.379176100,26.379590300,26.380653300,26.380714900,1/1/1
6568,4612,BLT,1,61.600,28.431256800,28.431505000,28.432532200,28.432593800,1/1/1
6568,4612,BLT,1,61.600,28.518569100,28.518977600,28.520056700,28.520118300,1/1/1
6568,4612,BLT,1,61.600,31.852803600,31.853373500,31.854470300,31.854531900,1/1/1
6568,4612,BLT,1,61.600,34.629507300,34.629791000,34.630509400,34.630571000,1/1/1
6568,4612,BLT,1,61.600,36.165339700,36.165657000,36.166714300,36.166775900,1/1/1
6568,4612,BLT,1,61.600,39.968883200,39.969240000,39.970348200,39.970409800,1/1/1
6568,4612,BLT,1,61.600,40.797957200,40.798362000,40.799431400,40.799493000,1/1/1
6568,4612,BLT,1,61.500,24.134742800,24.135140400,24.136245500,24.136307000,1/1/1
6568,4612,BLT,1,61.500,24.514573500,24.515006100,24.516093300,24.516154800,1/1/1
6568,4612,BLT,1,61.500,31.296175200,31.296526900,31.297582600,31.297644100,1/1/1
6568,4612,BLT,1,61.500,31.541122500,31.541617000,31.542739400,31.542800900,1/1/1
6568,4612,BLT,1,61.500,34.938266800,34.938702800,34.939769400,34.939830900,1/1/1
6568,4612,BLT,1,61.500,35.496325000,35.496833700,35.497934100,35.497995600,1/1/1
6568,4612,BLT,1,61.500,40.307326200,40.307746100,40.308876400,40.308937900,1/1/1
6568,4612,BLT,1,61.500,41.423709400,41.423998700,41.425055200,41.425116700,1/1/1
6568,4612,BLT,1,61.400,23.738289500,23.738641800,23.739680100,23.739741500,1/1/1
6568,4612,BLT,1,61.400,26.636853200,26.637334400,26.638433300,26.638494700,1/1/1
6568,4612,BLT,1,61.400,26.992363400,26.992619400,26.993683600,26.993745000,1/1/1
6568,4612,BLT,1,61.400,30.852395300,30.852716300,30.853785900,30.853847300,1/1/1
6568,4612,BLT,1,61.400,32.023750600,32.024163900,32.025267600,32.025329000,1/1/1
6568,4612,Render,1,61.400,40.162982400,40.163011900,40.163011900,40.163073300,1/1/1
6568,4612,BLT,1,61.300,29.588449200,29.588783900,29.589902900,29.589964200,1/1/1
6568,4612,BLT,1,61.300,30.233345900,30.233659900,30.234726000,30.234787300,1/1/1
6568,4612,BLT,1,61.300,32.064161600,32.064521600,32.065627500,32.065688800,1/1/1
6568,4612,BLT,1,61.300,36.486403700,36.486674900,36.487764500,36.487825800,1/1/1
6568,4612,BLT,1,61.300,40.350731100,40.351080900,40.352197500,40.352258800,1/1/1
6568,4612,BLT,1,61.300,41.463373300,41.463703900,41.464767800,41.464829100,1/1/1
6568,4612,BLT,1,61.200,24.873195600,24.873509500,24.874599000,24.874660200,1/1/1
6568,4612,BLT,1,61.200,28.390554800,28.390772700,28.391830300,28.391891500,1/1/1
6568,4612,BLT,1,61.200,29.930283800,29.930531900,29.931266600,29.931327800,1/1/1
6568,4612,BLT,1,61.200,32.868647100,32.868950000,32.870052500,32.870113700,1/1/1
6568,4612,BLT,1,61.200,41.121745600,41.122124400,41.123231200,41.123292400,1/1/1
6568,5992,Render,1,61.100,23.570437900,23.570605200,23.570605200,23.570666300,1/5/1
6568,4612,BLT,1,61.100,28.089425600,28.089756600,28.090831800,28.090892900,1/1/1
6568,4612,BLT,1,61.100,29.080905800,29.081313000,29.082387400,29.082448500,1/1/1
6568,4612,BLT,1,61.100,35.238726800,35.239120500,35.240180200,35.240241300,1/1/1
6568,4612,BLT,1,61.100,36.353201700,36.353569500,36.354622200,36.354683300,1/1/1
6568,4612,BLT,1,61.100,36.442621800,36.442887700,36.443933300,36.443994400,1/1/1
6568,4612,BLT,1,61.100,38.354945800,38.355270900,38.356322500,38.356383600,1/1/1
6568,4612,BLT,1,61.100,39.880092900,39.880601600,39.881691800,39.881752900,1/1/1
6568,4612,BLT,1,61.100,40.889255800,40.889598100,40.890700500,40.890761600,1/1/1
6568,4612,BLT,1,61.000,27.034702600,27.034962400,27.036003300,27.036064300,1/1/1
6568,4612,BLT,1,61.000,27.379115100,27.379580900,27.380650000,27.380711000,1/1/1
6568,4612,BLT,1,61.000,31.124502200,31.124847400,31.125921700,31.125982700,1/1/1
6568,4612,BLT,1,61.000,40.525742100,40.526163400,40.527228000,40.527289000,1/1/1
6568,4612,BLT,1,60.900,26.080546100,26.081030000,26.081764900,26.081825800,1/1/1
6568,4612,BLT,1,60.900,26.122340700,26.122703700,26.123736300,26.123797200,1/1/1
6568,4612,BLT,1,60.900,26.724970800,26.725261400,26.726308700,26.726369600,1/1/1
6568,4612,BLT,1,60.900,26.779217100,26.779591600,26.780643000,26.780703900,1/1/1
6568,4612,BLT,1,60.900,30.948374300,30.948716200,30.949800500,30.949861400,1/1/1
6568,4612,BLT,1,60.900,31.039378400,31.039748400,31.040776800,31.040837700,1/1/1
6568,4612,BLT,1,60.900,31.672874200,31.673220700,31.674285400,31.674346300,1/1/1
6568,4612,BLT,1,60.900,35.196804300,35.197303900,35.198347400,35.198408300,1/1/1
6568,4612,BLT,1,60.900,35.900818400,35.901224700,35.902284200,35.902345100,1/1/1
6568,4612,BLT,1,60.900,37.157061400,37.157376800,37.158444000,37.158504900,1/1/1
6568,4612,BLT,1,60.900,39.540982000,39.541275800,39.542328200,39.542389100,1/1/1
6568,4612,BLT,1,60.800,23.781405200,23.781794000,23.782892400,23.782953200,1/1/1
6568,4612,BLT,1,60.800,32.430881000,32.431204400,32.432338100,32.432398900,1/1/1
6568,4612,BLT,1,60.800,33.713327000,33.713800300,33.714870800,33.714931600,1/1/1
6568,4612,BLT,1,60.800,34.498459100,34.498899500,34.499985200,34.500046000,1/1/1
6568,4612,BLT,1,60.800,36.300420000,36.300824500,36.301895800,36.301956600,1/1/1
6568,4612,BLT,1,60.800,37.334674700,37.334987400,37.336048000,37.336108800,1/1/1
6568,4612,BLT,1,60.800,38.049204400,38.049633300,38.050994000,38.051054800,1/1/1
6568,4612,BLT,1,60.800,41.379573300,41.379994700,41.381091300,41.381152100,1/1/1
6568,4612,BLT,1,60.700,22.734926900,22.735307900,22.736394800,22.736455500,1/1/1
6568,4612,BLT,1,60.700,24.602141100,24.602478900,24.603514700,24.603575400,1/1/1
6568,4612,BLT,1,60.700,26.033743900,26.034239000,26.035337300,26.035398000,1/1/1
6568,4612,BLT,1,60.700,30.585191500,30.585524000,30.586585800,30.586646500,1/1/1
6568,4612,BLT,1,60.700,39.096519100,39.096885600,39.097965300,39.098026000,1/1/1
6568,4612,BLT,1,60.700,40.981824800,40.982178100,40.983249900,40.983310600,1/1/1
6568,4612,BLT,1,60.600,22.021218000,22.021733100,22.022832900,22.022893500,1/1/1
6568,5992,Render,1,60.600,23.786131100,23.786188700,23.786188700,23.786249300,1/5/1
6568,4612,BLT,1,60.600,24.958980700,24.959300400,24.960384200,24.960444800,1/1/1
6568,4612,BLT,1,60.600,31.081201500,31.081529800,31.082610400,31.082671000,1/1/1
6568,4612,BLT,1,60.600,34.447993700,34.448276900,34.449333500,34.449394100,1/1/1
6568,4612,Render,1,60.600,36.780538700,36.780567900,36.780567900,36.780628500,1/1/1
6568,4612,Render,1,60.600,40.111787200,40.111812500,40.111828100,40.111888700,1/1/1
6568,4612,BLT,1,60.500,27.333544800,27.333903300,27.334941200,27.335001700,1/1/1
6568,4612,BLT,1,60.500,28.788181500,28.788602000,28.789690300,28.789750800,1/1/1
6568,4612,BLT,1,60.500,31.939758300,31.940058200,31.941137000,31.941197500,1/1/1
6568,4612,BLT,1,60.500,39.196274400,39.196716900,39.197780500,39.197841000,1/1/1
6568,4612,BLT,1,60.500,39.369875300,39.370199100,39.371264100,39.371324600,1/1/1
6568,5992,Render,1,60.400,25.766488300,25.766537100,25.766537100,25.766597500,1/5/1
6568,4612,BLT,1,60.400,26.296268800,26.296568500,26.297302900,26.297363300,1/1/1
6568,4612,BLT,1,60.400,27.864136200,27.864565400,27.865647300,27.865707700,1/1/1
6568,4612,BLT,1,60.400,28.220458100,28.220875200,28.221929800,28.221990200,1/1/1
6568,4612,BLT,1,60.400,32.108813400,32.109222900,32.110300200,32.110360600,1/1/1
6568,4612,BLT,1,60.400,41.076099300,41.076413100,41.077479400,41.077539800,1/1/1
6568,4612,BLT,1,60.300,23.306341100,23.306746800,23.307786400,23.307846700,1/1/1
6568,4612,BLT,1,60.300,26.423778100,26.424208600,26.425301900,26.425362200,1/1/1
6568,4612,BLT,1,60.300,27.908222600,27.908590200,27.909640900,27.909701200,1/1/1
6568,4612,BLT,1,60.300,32.602018400,32.602489800,32.603543800,32.603604100,1/1/1
6568,4612,BLT,1,60.300,36.583449600,36.583821000,36.584889500,36.584949800,1/1/1
6568,4612,BLT,1,60.200,25.779325400,25.779767400,25.780855700,25.780915900,1/1/1
6568,4612,BLT,1,60.200,25.991261400,25.991642300,25.992729800,25.992790000,1/1/1
6568,4612,BLT,1,60.200,29.500472500,29.500864600,29.501942000,29.502002200,1/1/1
6568,4612,BLT,1,60.200,31.498510400,31.499002600,31.500102600,31.500162800,1/1/1
6568,4612,BLT,1,60.200,31.630856000,31.631336400,31.632152700,31.632212900,1/1/1
6568,4612,BLT,1,60.200,34.147036700,34.147447500,34.148176200,34.148236400,1/1/1
6568,4612,BLT,1,60.200,38.615378600,38.615704900,38.616767900,38.616828100,1/1/1
6568,4612,BLT,1,60.100,21.851167900,21.851473400,21.852528200,21.852588300,1/1/1
6568,4612,BLT,1,60.100,28.701882200,28.702206700,28.703285400,28.703345500,1/1/1
6568,4612,BLT,1,60.100,34.365038800,34.365369500,34.366412500,34.366472600,1/1/1
6568,4612,BLT,1,60.100,36.212645400,36.213025200,36.214094700,36.214154800,1/1/1
6568,4612,BLT,1,60.000,22.380487400,22.380881500,22.381605100,22.381665100,1/1/1
6568,4612,BLT,1,60.000,25.906271700,25.906697700,25.907760800,25.907820800,1/1/1
6568,4612,BLT,1,60.000,29.255551100,29.255964200,29.257038800,29.257098800,1/1/1
6568,4612,BLT,1,60.000,32.997812900,32.998859100,32.998908300,32.998968300,1/1/1
6568,4612,BLT,1,59.900,33.296765600,33.297147300,33.298247900,33.298307800,1/1/1
6568,4612,BLT,1,59.900,35.114896800,35.115284500,35.116368500,35.116428400,1/1/1
6568,4612,BLT,1,59.900,35.669604300,35.670014300,35.671078700,35.671138600,1/1/1
6568,4612,BLT,1,59.800,24.306338500,24.306744400,24.307840300,24.307900100,1/1/1
6568,4612,BLT,1,59.800,27.779106200,27.779540100,27.780618900,27.780678700,1/1/1
6568,4612,BLT,1,59.800,28.870633300,28.871041800,28.872118400,28.872178200,1/1/1
6568,4612,BLT,1,59.800,40.929822200,40.930235100,40.931338600,40.931398400,1/1/1
6568,4612,BLT,1,59.800,41.652045400,41.652356900,41.653429500,41.653489300,1/1/1
6568,4612,BLT,1,59.700,29.755491700,29.755999800,29.757101400,29.757161100,1/1/1
6568,4612,BLT,1,59.700,29.833335000,29.833730700,29.835109100,29.835168800,1/1/1
6568,4612,BLT,1,59.700,31.764270000,31.764674500,31.765774600,31.765834300,1/1/1
6568,4612,BLT,1,59.700,34.812796400,34.813247600,34.814314900,34.814374600,1/1/1
6568,4612,BLT,1,59.700,40.397824700,40.398378600,40.399116000,40.399175700,1/1/1
6568,4612,BLT,1,59.700,40.438155500,40.438551800,40.439632400,40.439692100,1/1/1
6568,4612,BLT,1,59.700,41.032143300,41.032566200,41.033636200,41.033695900,1/1/1
6568,4612,BLT,1,59.600,30.279194600,30.279644000,30.280739600,30.280799200,1/1/1
6568,4612,BLT,1,59.600,30.757064600,30.757380300,30.758435100,30.758494700,1/1/1
6568,4612,BLT,1,59.600,34.407148200,34.407525000,34.408601800,34.408661400,1/1/1
6568,4612,BLT,1,59.500,23.402650800,23.402983300,23.404067200,23.404126700,1/1/1
6568,4612,BLT,1,59.500,24.263021700,24.263446200,24.264593100,24.264652600,1/1/1
6568,4612,BLT,1,59.500,32.913882900,32.914410000,32.914458200,32.914517700,1/1/1
6568,4612,BLT,1,59.500,34.281902900,34.282287400,34.283363300,34.283422800,1/1/1
6568,4612,BLT,1,59.500,34.756869800,34.757257700,34.758354400,34.758413900,1/1/1
6568,4612,BLT,1,59.500,35.318633200,35.318944400,35.320340400,35.320399900,1/1/1
6568,4612,BLT,1,59.500,35.401565500,35.401938800,35.403011600,35.403071100,1/1/1
6568,4612,BLT,1,59.500,35.989906600,35.990292900,35.991354600,35.991414100,1/1/1
6568,4612,BLT,1,59.500,37.242321700,37.242610900,37.243665700,37.243725200,1/1/1
6568,4612,BLT,1,59.500,41.287803200,41.288192400,41.289295300,41.289354800,1/1/1
6568,4612,BLT,1,59.400,31.254669500,31.255057200,31.256180900,31.256240300,1/1/1
6568,4612,BLT,1,59.400,32.514957100,32.515292200,32.516391700,32.516451100,1/1/1
6568,4612,BLT,1,59.400,38.841896600,38.842226000,38.843256800,38.843316200,1/1/1
6568,4612,BLT,1,59.400,40.613146900,40.613429800,40.614555800,40.614615200,1/1/1
6568,4612,BLT,1,59.300,22.473974100,22.474311100,22.475384800,22.475444100,1/1/1
6568,4612,BLT,1,59.300,30.362828900,30.363252500,30.364325000,30.364384300,1/1/1
6568,4612,BLT,1,59.200,24.704947800,24.705357500,24.706446500,24.706505700,1/1/1
6568,4612,BLT,1,59.200,25.331979600,25.332361400,25.333488200,25.333547400,1/1/1
6568,4612,BLT,1,59.200,30.105092600,30.105406800,30.106469700,30.106528900,1/1/1
6568,4612,BLT,1,59.200,30.320988700,30.321371100,30.322418200,30.322477400,1/1/1
6568,4612,BLT,1,59.200,30.501792800,30.502265700,30.503361300,30.503420500,1/1/1
6568,4612,BLT,1,59.200,32.385118300,32.385543900,32.386690400,32.386749600,1/1/1
6568,4612,BLT,1,59.200,37.504155700,37.504475300,37.505538100,37.505597300,1/1/1
6568,4612,BLT,1,59.100,22.335015200,22.335352900,22.336416500,22.336475600,1/1/1
6568,4612,BLT,1,59.100,28.474096600,28.474414600,28.475463700,28.475522800,1/1/1
6568,4612,Render,1,59.100,28.795777900,28.795812100,28.795812100,28.795871200,1/1/1
6568,4612,BLT,1,59.100,29.166064800,29.166401300,29.167512800,29.167571900,1/1/1
6568,4612,BLT,1,59.100,33.801676100,33.802109500,33.803185700,33.803244800,1/1/1
6568,4612,BLT,1,59.100,34.018543600,34.018985000,34.020052100,34.020111200,1/1/1
6568,4612,BLT,1,59.000,24.430815900,24.431206500,24.432273300,24.432332300,1/1/1
6568,4612,BLT,1,59.000,27.086407600,27.086803300,27.087870400,27.087929400,1/1/1
6568,4612,BLT,1,59.000,32.282006100,32.282368900,32.283468900,32.283527900,1/1/1
6568,4612,BLT,1,59.000,32.780952700,32.781426700,32.782503300,32.782562300,1/1/1
6568,4612,BLT,1,59.000,35.624921100,35.625235800,35.626311400,35.626370400,1/1/1
6568,4612,BLT,1,58.900,22.119089900,22.119491500,22.120564500,22.120623400,1/1/1
6568,4612,BLT,1,58.900,33.758229900,33.758689400,33.759774400,33.759833300,1/1/1
6568,4612,BLT,1,58.900,34.586852700,34.587230900,34.588301800,34.588360700,1/1/1
6568,4612,BLT,1,58.900,35.063283500,35.063681100,35.064753900,35.064812800,1/1/1
6568,4612,BLT,1,58.900,35.455481600,35.455850700,35.456913800,35.456972700,1/1/1
6568,4612,BLT,1,58.900,40.755954100,40.756264500,40.757342800,40.757401700,1/1/1
6568,4612,BLT,1,58.800,26.863203600,26.863575800,26.864653200,26.864712000,1/1/1
6568,4612,BLT,1,58.800,32.337807700,32.338236300,32.339352800,32.339411600,1/1/1
6568,4612,BLT,1,58.800,32.953181900,32.953511300,32.954596100,32.954654900,1/1/1
6568,4612,Render,1,58.700,22.629452200,22.629471400,22.629487000,22.629545700,1/1/1
6568,4612,BLT,1,58.700,27.597622700,27.598035800,27.599114200,27.599172900,1/1/1
6568,4612,BLT,1,58.700,30.014955000,30.015280300,30.016389600,30.016448300,1/1/1
6568,4612,BLT,1,58.700,41.737695500,41.738042600,41.739144600,41.739203300,1/1/1
6568,4612,BLT,1,58.600,22.603539800,22.604001400,22.605087000,22.605145600,1/1/1
6568,4612,BLT,1,58.600,23.530828500,23.531215500,23.532270700,23.532329300,1/1/1
6568,4612,BLT,1,58.600,23.824468000,23.824874000,23.825966100,23.826024700,1/1/1
6568,4612,BLT,1,58.600,26.336936200,26.337340500,26.338413600,26.338472200,1/1/1
6568,4612,BLT,1,58.600,39.496359700,39.496698400,39.497755500,39.497814100,1/1/1
6568,4612,BLT,1,58.500,22.429081800,22.429498000,22.430595600,22.430654100,1/1/1
6568,4612,BLT,1,58.500,24.222892300,24.223225500,24.224308000,24.224366500,1/1/1
6568,4612,BLT,1,58.500,26.904319400,26.904737800,26.906146700,26.906205200,1/1/1
6568,4612,BLT,1,58.500,30.714307200,30.714635300,30.715705200,30.715763700,1/1/1
6568,4612,BLT,1,58.500,31.981032200,31.981448300,31.982519700,31.982578200,1/1/1
6568,4612,BLT,1,58.500,35.156850600,35.157216900,35.158288800,35.158347300,1/1/1
6568,4612,BLT,1,58.500,37.198346700,37.198679200,37.199745200,37.199803700,1/1/1
6568,4612,BLT,1,58.500,38.786061500,38.786322300,38.787384800,38.787443300,1/1/1
6568,4612,BLT,1,58.500,39.054891500,39.055213500,39.056280100,39.056338600,1/1/1
6568,4612,BLT,1,58.400,26.249964800,26.250330700,26.251391800,26.251450200,1/1/1
6568,4612,BLT,1,58.400,28.304404200,28.304753800,28.305794000,28.305852400,1/1/1
6568,4612,BLT,1,58.300,25.550496900,25.551030300,25.552133800,25.552192100,1/1/1
6568,4612,BLT,1,58.300,27.513564500,27.513861900,27.514590300,27.514648600,1/1/1
6568,4612,BLT,1,58.300,33.847098500,33.847471600,33.848262700,33.848321000,1/1/1
6568,4612,BLT,1,58.200,30.807871800,30.808267400,30.809341400,30.809399600,1/1/1
6568,4612,BLT,1,58.200,38.701970300,38.702297700,38.703369400,38.703427600,1/1/1
6568,4612,BLT,1,58.200,41.549185200,41.549617600,41.550688400,41.550746600,1/1/1
6568,4612,BLT,1,58.100,23.867984500,23.868394500,23.869476600,23.869534700,1/1/1
6568,4612,BLT,1,58.100,34.542170200,34.542577200,34.543648000,34.543706100,1/1/1
6568,4612,BLT,1,58.000,30.057617000,30.057941000,30.059059100,30.059117100,1/1/1
6568,4612,BLT,1,58.000,30.669423100,30.669840200,30.670933900,30.670991900,1/1/1
6568,4612,BLT,1,58.000,36.121429400,36.121777000,36.122840700,36.122898700,1/1/1
6568,4612,BLT,1,57.900,26.823860000,26.824204900,26.825233400,26.825291300,1/1/1
6568,4612,Render,1,57.900,29.013159300,29.013185300,29.013197900,29.013255800,1/1/1
6568,4612,BLT,1,57.900,33.535385000,33.535682900,33.536763000,33.536820900,1/1/1
6568,4612,BLT,1,57.900,36.672607100,36.673072900,36.674157800,36.674215700,1/1/1
6568,4612,BLT,1,57.900,39.455199600,39.455581000,39.456619400,39.456677300,1/1/1
6568,4612,BLT,1,57.800,33.974460500,33.974742000,33.975805200,33.975863000,1/1/1
6568,4612,BLT,1,57.800,38.313216900,38.313681400,38.314730100,38.314787900,1/1/1
6568,4612,BLT,1,57.700,28.347952200,28.348365300,28.349418300,28.349476000,1/1/1
6568,4612,BLT,1,57.700,29.972286000,29.972597400,29.973645700,29.973703400,1/1/1
6568,4612,BLT,1,57.600,25.421051500,25.421470400,25.422556700,25.422614300,1/1/1
6568,4612,BLT,1,57.600,36.531976000,36.532321700,36.533372700,36.533430300,1/1/1
6568,4612,BLT,1,57.600,39.329420800,39.329812300,39.330539200,39.330596800,1/1/1
6568,4612,BLT,1,57.500,34.238189200,34.238492700,34.239571900,34.239629400,1/1/1
6568,4612,BLT,1,57.400,22.251067400,22.251463500,22.252549300,22.252606700,1/1/1
6568,4612,BLT,1,57.300,31.808537700,31.808869600,31.809974600,31.810031900,1/1/1
6568,4612,BLT,1,57.300,36.854926800,36.855398600,36.856493300,36.856550600,1/1/1
6568,4612,BLT,1,57.300,38.574970500,38.575225700,38.576292500,38.576349800,1/1/1
6568,4612,BLT,1,57.200,25.001470500,25.001813300,25.002873800,25.002931000,1/1/1
6568,4612,BLT,1,57.100,25.721459900,25.721777900,25.722850400,25.722907500,1/1/1
6568,4612,BLT,1,57.100,32.739670900,32.740096600,32.741206100,32.741263200,1/1/1
6568,4612,BLT,1,57.100,36.719513400,36.719945900,36.721016500,36.721073600,1/1/1
6568,4612,BLT,1,57.100,40.569997200,40.570424800,40.571507800,40.571564900,1/1/1
6568,4612,BLT,1,57.000,32.153078900,32.153325800,32.154395100,32.154452100,1/1/1
6568,4612,BLT,1,56.900,26.163992300,26.164538500,26.165280400,26.165337300,1/1/1
6568,4612,Render,1,56.900,33.095890900,33.095905200,33.095905200,33.095962100,1/1/1
6568,4612,BLT,1,56.800,31.582757100,31.583133000,31.584217800,31.584274600,1/1/1
6568,4612,BLT,1,56.800,31.720474800,31.720892900,31.721972300,31.722029100,1/1/1
6568,4612,BLT,1,56.800,33.038592600,33.038940300,33.040022700,33.040079500,1/1/1
6568,4612,BLT,1,56.700,22.063910300,22.064254700,22.065306100,22.065362800,1/1/1
6568,4612,BLT,1,56.700,22.164930100,22.165023100,22.166120900,22.166177600,1/1/1
6568,4612,BLT,1,56.700,23.447564600,23.448091900,23.448828700,23.448885400,1/1/1
6568,4612,BLT,1,56.700,25.949178300,25.949521400,25.950593800,25.950650500,1/1/1
6568,4612,BLT,1,56.700,40.054827800,40.055247200,40.056327400,40.056384100,1/1/1
6568,4612,BLT,1,56.600,24.091762200,24.092172200,24.093291100,24.093347700,1/1/1
6568,4612,BLT,1,56.600,26.947640600,26.947968900,26.949043900,26.949100500,1/1/1
6568,4612,BLT,1,56.400,28.913016300,28.913433000,28.914156400,28.914212800,1/1/1
6568,4612,BLT,1,56.400,33.081098000,33.081414800,33.082488800,33.082545200,1/1/1
6568,4612,BLT,1,56.400,33.584003000,33.584321000,33.585422400,33.585478800,1/1/1
6568,4612,Render,1,56.300,36.329662100,36.329680400,36.329695900,36.329752200,1/1/1
6568,4612,BLT,1,56.200,33.672915500,33.673221000,33.674254900,33.674311100,1/1/1
6568,4612,BLT,1,56.200,38.658248800,38.658652400,38.659705600,38.659761800,1/1/1
6568,4612,BLT,1,56.200,41.505708600,41.506131200,41.507207700,41.507263900,1/1/1
6568,5992,Render,1,55.900,23.570830200,23.571167800,23.571167800,23.571223700,1/5/1
6568,4612,BLT,1,55.800,25.631819600,25.632276700,25.633364900,25.633420700,1/1/1
6568,4612,BLT,1,55.700,37.972029900,37.972440800,37.973522300,37.973578000,1/1/1
6568,4612,Render,1,55.600,22.095861800,22.095883700,22.095896600,22.095952200,1/1/1
6568,4612,Render,1,55.600,27.163713500,27.163727500,27.163745700,27.163801300,1/1/1
6568,4612,BLT,1,55.500,39.013815700,39.014168600,39.014933500,39.014989000,1/1/1
6568,4612,BLT,1,55.400,21.935793700,21.936129000,21.937217000,21.937272400,1/1/1
6568,4612,BLT,1,55.400,34.713250500,34.713546000,34.714247100,34.714302500,1/1/1
6568,4612,BLT,1,55.200,26.508213100,26.508605900,26.509699300,26.509754500,1/1/1
6568,5992,Render,1,55.000,23.573350200,23.573367000,23.573367000,23.573422000,1/5/1
6568,4612,Render,1,54.900,31.279653300,31.279674400,31.279689900,31.279744800,1/1/1
6568,4612,BLT,1,54.800,35.021791800,35.022200400,35.023255500,35.023310300,1/1/1
6568,5992,Render,1,54.700,23.572307400,23.572325800,23.572325800,23.572380500,1/5/1
6568,4612,BLT,1,54.700,38.531267100,38.531681800,38.532741600,38.532796300,1/1/1
6568,5992,Render,1,54.600,23.570651700,23.570920500,23.570920500,23.570975100,1/5/1
6568,4612,Render,1,54.600,31.012909300,31.012928800,31.012943700,31.012998300,1/1/1
6568,4612,Render,1,54.500,26.612648300,26.612669000,26.612685600,26.612740100,1/1/1
6568,4612,BLT,1,54.500,30.146549800,30.146954400,30.148030200,30.148084700,1/1/1
6568,4612,BLT,1,54.300,39.670089500,39.670403800,39.671467800,39.671522100,1/1/1
6568,4612,Render,1,53.900,39.129636000,39.129651800,39.129676300,39.129730200,1/1/1
6568,4612,Render,1,53.700,22.229413900,22.229438100,22.229456800,22.229510500,1/1/1
6568,4612,BLT,1,53.700,27.737614400,27.737924100,27.738970700,27.739024400,1/1/1
6568,4612,BLT,1,53.500,38.398646800,38.399170000,38.400242600,38.400296100,1/1/1
6568,4612,BLT,1,52.900,27.641594600,27.641917800,27.642985000,27.643037900,1/1/1
6568,4612,Render,1,52.700,25.112736200,25.112751200,25.112769200,25.112821900,1/1/1
6568,4612,Render,1,52.600,30.079288700,30.079306000,30.079318700,30.079371300,1/1/1
6568,4612,Render,1,52.600,33.913334000,33.913360300,33.913375800,33.913428400,1/1/1
6568,4612,Render,1,52.600,35.546160500,35.546185100,35.546210000,35.546262600,1/1/1
6568,4612,BLT,1,52.200,23.488613500,23.488893300,23.489961700,23.490013900,1/1/1
6568,4612,Render,1,52.000,24.112746000,24.112764900,24.112782000,24.112834000,1/1/1
6568,4612,Render,1,51.900,23.429240300,23.429255000,23.429284100,23.429336000,1/1/1
6568,5992,Render,1,51.800,24.781939700,24.781989600,24.781989600,24.782041400,1/5/1
6568,4612,Render,1,51.800,25.766212900,25.766241300,25.766258700,25.766310500,1/1/1
6568,4612,Render,1,51.600,22.762691200,22.762711400,22.762731900,22.762783500,1/1/1
6568,4612,Render,1,51.600,29.312989200,29.313003100,29.313021400,29.313073000,1/1/1
6568,4612,Render,1,51.500,40.663695700,40.663713500,40.663727300,40.663778800,1/1/1
6568,5992,Render,1,51.400,23.574722700,23.574741400,23.574741400,23.574792800,1/5/1
6568,4612,Render,1,51.400,25.296124900,25.296143400,25.296161900,25.296213300,1/1/1
6568,4612,Render,1,51.400,25.562393300,25.562410900,25.562426700,25.562478100,1/1/1
6568,4612,BLT,1,51.300,26.465425000,26.465815000,26.466923400,26.466974700,1/1/1
6568,4612,Render,1,51.200,23.080028400,23.080046000,23.080065000,23.080116200,1/1/1
6568,4612,Render,1,51.100,27.112923200,27.112941900,27.112969700,27.113020800,1/1/1
6568,4612,Render,1,51.100,41.013271800,41.013290400,41.013313800,41.013364900,1/1/1
6568,4612,Render,1,50.800,26.762647500,26.762671700,26.762697400,26.762748200,1/1/1
6568,4612,Render,1,50.700,31.229408900,31.229429500,31.229446300,31.229497000,1/1/1
6568,4612,BLT,1,50.700,33.630799000,33.631353700,33.632091200,33.632141900,1/1/1
6568,4612,Render,1,50.700,39.912848900,39.912867400,39.912882000,39.912932700,1/1/1
6568,4612,Render,1,50.500,40.462404600,40.463533400,40.463863300,40.463913800,1/1/1
6568,4612,Render,1,50.400,25.822345200,25.822359900,25.822379900,25.822430300,1/1/1
6568,4612,Render,1,50.300,38.462860600,38.462878600,38.462893600,38.462943900,1/1/1
6568,4612,Render,1,50.100,40.696777400,40.696796500,40.696812400,40.696862500,1/1/1
6568,4612,Render,1,50.000,21.963064300,21.963084100,21.963112900,21.963162900,1/1/1
6568,4612,Render,1,49.900,23.679024200,23.679042600,23.679065100,23.679115000,1/1/1
6568,4612,Render,1,49.700,29.145932600,29.145955600,29.145972900,29.146022600,1/1/1
6568,4612,Render,1,49.500,37.096168200,37.096183000,37.096198700,37.096248200,1/1/1
6568,4612,Render,1,49.500,38.296664700,38.296682500,38.296697300,38.296746800,1/1/1
6568,4612,Render,1,49.400,40.946091900,40.946106300,40.946123200,40.946172600,1/1/1
6568,4612,BLT,1,49.300,33.886735200,33.887082200,33.888101000,33.888150300,1/1/1
6568,4612,Render,1,49.300,39.080102600,39.080120600,39.080135800,39.080185100,1/1/1
6568,4612,Render,1,49.200,28.996785000,28.996807500,28.996830300,28.996879500,1/1/1
6568,4612,Render,1,49.200,32.179908900,32.179927000,32.179942000,32.179991200,1/1/1
6568,4612,Render,1,49.000,28.962420300,28.962446400,28.962471200,28.962520200,1/1/1
6568,4612,Render,1,49.000,40.280081100,40.280095100,40.280108700,40.280157700,1/1/1
6568,4612,Render,1,48.800,33.512699300,33.512717700,33.512732900,33.512781700,1/1/1
6568,4612,Render,1,48.700,26.429076400,26.429091900,26.429118700,26.429167400,1/1/1
6568,4612,Render,1,48.700,26.745975400,26.745996100,26.746018700,26.746067400,1/1/1
6568,4612,Render,1,48.600,24.029726200,24.029741800,24.029757800,24.029806400,1/1/1
6568,4612,Render,1,48.300,33.129209000,33.129228600,33.129244900,33.129293200,1/1/1
6568,4612,Render,1,48.200,29.612666200,29.612680600,29.612696200,29.612744400,1/1/1
6568,4612,Render,1,48.200,39.546090500,39.546110600,39.546133000,39.546181200,1/1/1
6568,4612,Render,1,48.100,28.596076700,28.596090200,28.596115100,28.596163200,1/1/1
6568,4612,Render,1,47.900,30.112533700,30.112546300,30.112597700,30.112645600,1/1/1
6568,4612,Render,1,47.800,30.529938400,30.529952200,30.529968000,30.530015800,1/1/1
6568,4612,Render,1,47.800,31.379502900,31.379520900,31.379548300,31.379596100,1/1/1
6568,4612,Render,1,47.600,24.412787400,24.412801300,24.412817700,24.412865300,1/1/1
6568,4612,Render,1,47.600,30.346239800,30.346253800,30.346277800,30.346325400,1/1/1
6568,4612,Render,1,47.600,34.962923900,34.962937200,34.962955000,34.963002600,1/1/1
6568,4612,Render,1,47.500,40.180098000,40.180116400,40.180138900,40.180186400,1/1/1
6568,4612,Render,1,47.300,25.063256200,25.063269700,25.063286700,25.063334000,1/1/1
6568,4612,Render,1,47.100,27.579974000,27.579987700,27.580004500,27.580051600,1/1/1
6568,4612,Render,1,46.800,34.613278100,34.613297700,34.613317000,34.613363800,1/1/1
6568,4612,Render,1,46.700,27.846258400,27.846272700,27.846291100,27.846337800,1/1/1
6568,4612,BLT,1,46.700,28.654837100,28.655210800,28.656288000,28.656334700,1/1/1
6568,4612,Render,1,46.600,24.629322100,24.629342300,24.629363200,24.629409800,1/1/1
6568,4612,Render,1,46.500,25.312479700,25.312498800,25.312515900,25.312562400,1/1/1
6568,4612,Render,1,46.400,30.879296200,30.879315200,30.879333200,30.879379600,1/1/1
6568,4612,Render,1,46.400,34.262828900,34.262843000,34.262860100,34.262906500,1/1/1
6568,4612,Render,1,46.100,35.179579500,35.179593600,35.179610800,35.179656900,1/1/1
6568,4612,Render,1,45.900,29.862913200,29.862927400,29.862945100,29.862991000,1/1/1
6568,4612,Render,1,45.900,32.662668100,32.662691800,32.662753000,32.662798900,1/1/1
6568,4612,Render,1,45.800,24.478971300,24.478990600,24.479009400,24.479055200,1/1/1
6568,4612,Render,1,45.800,25.213309500,25.213327300,25.213351300,25.213397100,1/1/1
6568,4612,Render,1,45.700,37.046468300,37.046482600,37.046500800,37.046546500,1/1/1
6568,4612,Render,1,45.600,40.679582500,40.679600500,40.679619200,40.679664800,1/1/1
6568,4612,Render,1,45.400,30.429713200,30.429727900,30.429746300,30.429791700,1/1/1
6568,4612,Render,1,45.400,32.496132000,32.496152100,32.496174300,32.496219700,1/1/1
6568,4612,Render,1,45.400,36.146762600,36.146775900,36.146793500,36.146838900,1/1/1
6568,4612,Render,1,45.200,38.679742500,38.679756900,38.679774500,38.679819700,1/1/1
6568,4612,Render,1,44.800,26.662583100,26.662602900,26.662624100,26.662668900,1/1/1
6568,4612,Render,1,44.800,39.862895000,39.862908800,39.862926900,39.862971700,1/1/1
6568,4612,Render,1,44.800,41.707825800,41.707840000,41.707859100,41.707903900,1/1/1
6568,4612,Render,1,44.700,22.578977800,22.578995700,22.579016300,22.579061000,1/1/1
6568,4612,Render,1,44.700,39.752370400,39.752390400,39.752442300,39.752487000,1/1/1
6568,4612,Render,1,44.500,37.612786500,37.612799700,37.612819900,37.612864400,1/1/1
6568,4612,Render,1,44.500,38.029562800,38.029583100,38.029631000,38.029675500,1/1/1
6568,4612,Render,1,44.400,26.579077200,26.579090500,26.579109500,26.579153900,1/1/1
6568,4612,Render,1,44.300,25.245776300,25.245795400,25.245821500,25.245865800,1/1/1
6568,4612,Render,1,44.100,32.129477100,32.129491600,32.129516500,32.129560600,1/1/1
6568,4612,Render,1,44.100,35.095899700,35.095912800,35.095931200,35.095975300,1/1/1
6568,4612,Render,1,44.100,35.696153800,35.696168600,35.696188100,35.696232200,1/1/1
6568,4612,Render,1,43.700,28.329764400,28.329777700,28.329796700,28.329840400,1/1/1
6568,4612,Render,1,43.700,38.812968500,38.812982400,38.813012300,38.813056000,1/1/1
6568,4612,Render,1,43.600,23.895881100,23.895894400,23.895914000,23.895957600,1/1/1
6568,4612,Render,1,43.400,31.045892300,31.045907300,31.045927300,31.045970700,1/1/1
6568,4612,Render,1,43.400,40.230932900,40.230946200,40.230970500,40.231013900,1/1/1
6568,4612,Render,1,43.300,33.463645400,33.463659900,33.463687000,33.463730300,1/1/1
6568,4612,Render,1,43.300,34.179500200,34.179518300,34.179548200,34.179591500,1/1/1
6568,4612,Render,1,43.200,34.429544100,34.429558800,34.429585000,34.429628200,1/1/1
6568,4612,Render,1,43.100,36.679514900,36.679532000,36.679588000,36.679631100,1/1/1
6568,4612,Render,1,42.800,38.996189700,38.996208100,38.996228900,38.996271700,1/1/1
6568,4612,Render,1,42.700,23.629031800,23.629049600,23.629071200,23.629113900,1/1/1
6568,4612,Render,1,42.700,38.270028600,38.270048100,38.270074100,38.270116800,1/1/1
6568,4612,Render,1,42.700,38.729528200,38.729541200,38.729561400,38.729604100,1/1/1
6568,4612,Render,1,42.600,41.612711100,41.612726200,41.612760000,41.612802600,1/1/1
6568,4612,Render,1,42.400,35.346758000,35.346773500,35.346797600,35.346840000,1/1/1
6568,4612,Render,1,42.300,40.896248600,40.896278300,40.896336300,40.896378600,1/1/1
6568,4612,Render,1,42.200,24.879004300,24.879019700,24.879050000,24.879092200,1/1/1
6568,4612,Render,1,42.200,35.879961200,35.879975400,35.880004200,35.880046400,1/1/1
6568,4612,Render,1,42.000,33.979345800,33.979372400,33.979425600,33.979467600,1/1/1
6568,4612,Render,1,41.900,38.013553800,38.013567200,38.013588900,38.013630800,1/1/1
6568,4612,Render,1,41.900,38.196216700,38.196236900,38.196262700,38.196304600,1/1/1
6568,4612,Render,1,41.800,28.979858000,28.979876100,28.979897800,28.979939600,1/1/1
6568,4612,Render,1,41.700,26.829038500,26.829057900,26.829083500,26.829125200,1/1/1
6568,4612,Render,1,41.700,29.779254900,29.779273600,29.779296400,29.779338100,1/1/1
6568,4612,Render,1,41.700,30.479334000,30.479353800,30.479406200,30.479447900,1/1/1
6568,4612,Render,1,41.600,30.162546700,30.162566100,30.162592900,30.162634500,1/1/1
6568,4612,Render,1,41.600,33.012782100,33.012804300,33.012828900,33.012870500,1/1/1
6568,4612,Render,1,41.500,34.329243800,34.329262400,34.329290600,34.329332100,1/1/1
6568,4612,Render,1,41.400,26.962381700,26.962395300,26.962417100,26.962458500,1/1/1
6568,4612,Render,1,41.300,36.729474900,36.729493800,36.729526900,36.729568200,1/1/1
6568,4612,Render,1,41.200,33.347151800,33.347164900,33.347859500,33.347900700,1/1/1
6568,4612,Render,1,41.000,30.829460500,30.829474900,30.829499100,30.829540100,1/1/1
6568,4612,Render,1,41.000,32.997506800,32.997532900,32.998783700,32.998824700,1/1/1
6568,4612,Render,1,41.000,38.362734900,38.362772400,38.362812400,38.362853400,1/1/1
6568,4612,Render,1,40.900,37.296658600,37.296672700,37.296697300,37.296738200,1/1/1
6568,4612,Render,1,40.800,23.652455100,23.652474700,23.652505300,23.652546100,1/1/1
6568,4612,Render,1,40.800,25.446093800,25.446108000,25.446139000,25.446179800,1/1/1
6568,4612,Render,1,40.600,25.745896300,25.745910500,25.745934300,25.745974900,1/1/1
6568,4612,Render,1,40.600,35.679346900,35.679367000,35.679399900,35.679440500,1/1/1
6568,4612,Render,1,40.600,40.312663500,40.312677200,40.312713500,40.312754100,1/1/1
6568,5992,Render,1,40.500,23.574198600,23.574218000,23.574585900,23.574626400,1/10/1
6568,4612,Render,1,40.500,28.262898000,28.262912000,28.263831400,28.263871900,1/1/1
6568,4612,Render,1,40.500,29.362916700,29.362926900,29.362982100,29.363022600,1/1/1
6568,4612,Render,1,40.400,24.746631600,24.746646000,24.746670200,24.746710600,1/1/1
6568,4612,Render,1,40.400,27.196220600,27.196237400,27.196295800,27.196336200,1/1/1
6568,4612,Render,1,40.400,30.546122700,30.546136000,30.546764000,30.546804400,1/1/1
6568,4612,Render,1,40.300,29.379542200,29.379557400,29.379590600,29.379630900,1/1/1
6568,4612,Render,1,40.200,32.913653700,32.913668400,32.914337300,32.914377500,1/1/1
6568,4612,Render,1,40.200,32.979510800,32.979546400,32.979598900,32.979639100,1/1/1
6568,4612,Render,1,40.200,37.931049900,37.931063400,37.931102500,37.931142700,1/1/1
6568,4612,Render,1,40.100,29.946036500,29.946055700,29.946094200,29.946134300,1/1/1
6568,4612,Render,1,39.900,30.996823900,30.996840000,30.996863900,30.996903800,1/1/1
6568,4612,Render,1,39.900,38.756329900,38.756343600,38.756394000,38.756433900,1/1/1
6568,4612,Render,1,39.800,28.546479100,28.546492800,28.546515500,28.546555300,1/1/1
6568,4612,Render,1,39.800,28.830664000,28.831156900,28.831892900,28.831932700,1/1/1
6568,4612,Render,1,39.700,34.412494900,34.412510500,34.412546900,34.412586600,1/1/1
6568,4612,Render,1,39.600,26.695743000,26.695757000,26.695794000,26.695833600,1/1/1
6568,4612,Render,1,39.500,23.029460400,23.029519300,23.029577300,23.029616800,1/1/1
6568,4612,Render,1,39.500,31.463103700,31.463138600,31.463197100,31.463236600,1/1/1
6568,4612,Render,1,39.400,41.246436500,41.246455700,41.247018200,41.247057600,1/1/1
6568,4612,Render,1,39.300,31.345894900,31.345907600,31.346606100,31.346645400,1/1/1
6568,4612,Render,1,39.300,38.090664700,38.090682700,38.090725400,38.090764700,1/1/1
6568,4612,Render,1,39.200,37.796705100,37.796756400,37.796815500,37.796854700,1/1/1
6568,4612,Render,1,39.200,39.713463700,39.713968200,39.714720400,39.714759600,1/1/1
6568,4612,Render,1,39.100,24.312324100,24.312344200,24.312376000,24.312415100,1/1/1
6568,4612,Render,1,39.000,22.912680400,22.912695500,22.912755900,22.912794900,1/1/1
6568,4612,Render,1,39.000,29.463117000,29.463144800,29.463202300,29.463241300,1/1/1
6568,4612,Render,1,38.900,35.947534000,35.948052800,35.948783300,35.948822200,1/1/1
6568,4612,Render,1,38.900,37.563125600,37.563141000,37.563181200,37.563220100,1/1/1
6568,4612,Render,1,38.800,37.729790000,37.729815300,37.729873700,37.729912500,1/1/1
6568,4612,Render,1,38.800,40.229978700,40.229991100,40.230048400,40.230087200,1/1/1
6568,4612,Render,1,38.700,22.962735300,22.962750800,22.962812000,22.962850700,1/1/1
6568,4612,Render,1,38.700,23.312279900,23.312327800,23.312367300,23.312406000,1/1/1
6568,4612,Render,1,38.600,28.729216200,28.729229700,28.729258400,28.729297000,1/1/1
6568,4612,Render,1,38.600,35.280599600,35.280613500,35.280641100,35.280679700,1/1/1
6568,4612,Render,1,38.500,23.066129400,23.066151300,23.066817500,23.066856000,1/1/1
6568,4612,Render,1,38.500,28.747372700,28.747386800,28.747415700,28.747454200,1/1/1
6568,4612,Render,1,38.400,23.012798400,23.012820100,23.012888500,23.012926900,1/1/1
6568,4612,Render,1,38.300,21.945523000,21.945575200,21.945624600,21.945662900,1/1/1
6568,4612,Render,1,38.300,31.479834300,31.479866500,31.479925100,31.479963400,1/1/1
6568,4612,Render,1,38.200,24.762457900,24.762506400,24.762550100,24.762588300,1/1/1
6568,4612,Render,1,38.000,37.979405500,37.979413200,37.979463600,37.979501600,1/1/1
6568,4612,Render,1,38.000,38.180957700,38.181479800,38.182279400,38.182317400,1/1/1
6568,4612,Render,1,37.900,22.695538200,22.695546900,22.695598200,22.695636100,1/1/1
6568,4612,Render,1,37.900,23.963207200,23.963226300,23.963273200,23.963311100,1/1/1
6568,4612,Render,1,37.900,28.496038000,28.496047900,28.496103300,28.496141200,1/1/1
6568,4612,Render,1,37.900,37.530088200,37.530103400,37.530131300,37.530169200,1/1/1
6568,4612,Render,1,37.800,30.679261300,30.679290300,30.679338700,30.679376500,1/1/1
6568,4612,Render,1,37.800,34.595942800,34.595959900,34.596008600,34.596046400,1/1/1
6568,4612,Render,1,37.800,38.979375600,38.979396800,38.979445700,38.979483500,1/1/1
6568,4612,Render,1,37.500,39.212965600,39.212986900,39.213038300,39.213075800,1/1/1
6568,4612,Render,1,37.400,24.145592800,24.145628800,24.145660000,24.145697400,1/1/1
6568,4612,Render,1,37.400,32.162476900,32.162505000,32.162551100,32.162588500,1/1/1
6568,4612,Render,1,37.400,34.995953200,34.995975800,34.996026600,34.996064000,1/1/1
6568,4612,Render,1,37.400,37.779752600,37.779777800,37.779835400,37.779872800,1/1/1
6568,4612,Render,1,37.400,39.413142200,39.413161200,39.413692000,39.413729400,1/1/1
6568,4612,Render,1,37.300,22.296872900,22.296886200,22.296914400,22.296951700,1/1/1
6568,4612,Render,1,37.300,24.347219600,24.347731000,24.348482500,24.348519800,1/1/1
6568,4612,Render,1,37.300,24.612325100,24.612357900,24.612405400,24.612442700,1/1/1
6568,4612,Render,1,37.300,30.195708400,30.195727100,30.195775900,30.195813200,1/1/1
6568,4612,Render,1,37.300,35.629164400,35.629177300,35.629210700,35.629248000,1/1/1
6568,4612,Render,1,37.300,36.312727400,36.312758400,36.312808800,36.312846100,1/1/1
6568,4612,Render,1,37.200,22.745635800,22.745670400,22.745719300,22.745756500,1/1/1
6568,4612,Render,1,37.200,27.146148200,27.146190000,27.146243700,27.146280900,1/1/1
6568,4612,Render,1,37.200,28.712394200,28.712424800,28.712471500,28.712508700,1/1/1
6568,4612,Render,1,37.200,29.547098600,29.547607100,29.548358700,29.548395900,1/1/1
6568,4612,Render,1,37.200,33.679259600,33.679274400,33.679325200,33.679362400,1/1/1
6568,4612,Render,1,37.200,35.863129100,35.863142600,35.863185700,35.863222900,1/1/1
6568,4612,Render,1,37.100,25.680709300,25.680723700,25.680765800,25.680802900,1/1/1
6568,4612,Render,1,37.100,30.446067800,30.446094500,30.446147100,30.446184200,1/1/1
6568,4612,Render,1,37.000,24.662429500,24.662444400,24.662473000,24.662510000,1/1/1
6568,4612,Render,1,37.000,25.196150200,25.196163500,25.196224200,25.196261200,1/1/1
6568,4612,Render,1,37.000,32.696344300,32.696363900,32.696971200,32.697008200,1/1/1
6568,4612,Render,1,36.900,22.528983200,22.528991500,22.529042700,22.529079600,1/1/1
6568,4612,Render,1,36.900,24.095430400,24.095964500,24.096250400,24.096287300,1/1/1
6568,4612,Render,1,36.900,25.912347200,25.912375300,25.912425600,25.912462500,1/1/1
6568,4612,Render,1,36.800,32.479323500,32.479331600,32.479384900,32.479421700,1/1/1
6568,4612,Render,1,36.800,33.895850200,33.895889100,33.895936000,33.895972800,1/1/1
6568,4612,Render,1,36.700,27.962495100,27.962538200,27.962585800,27.962622500,1/1/1
6568,4612,Render,1,36.700,33.254630300,33.254644000,33.254672000,33.254708700,1/1/1
6568,4612,Render,1,36.700,39.729580800,39.729598100,39.729648400,39.729685100,1/1/1
6568,4612,Render,1,36.700,39.838887200,39.838901000,39.838939400,39.838976100,1/1/1
6568,4612,Render,1,36.700,41.129450600,41.129472700,41.129522400,41.129559100,1/1/1
6568,4612,Render,1,36.600,31.545774500,31.545800000,31.545846600,31.545883200,1/1/1
6568,4612,Render,1,36.600,32.879258800,32.879267500,32.879316800,32.879353400,1/1/1
6568,4612,Render,1,36.600,37.547583300,37.548064500,37.548813800,37.548850400,1/1/1
6568,4612,Render,1,36.400,23.878933100,23.878945300,23.878998600,23.879035000,1/1/1
6568,4612,Render,1,36.400,39.846081800,39.846095000,39.846125800,39.846162200,1/1/1
6568,4612,Render,1,36.300,22.028866100,22.028874200,22.028926400,22.028962700,1/1/1
6568,4612,Render,1,36.300,31.679184900,31.679197500,31.679241100,31.679277400,1/1/1
6568,4612,Render,1,36.300,32.245934000,32.245953900,32.246005800,32.246042100,1/1/1
6568,4612,Render,1,36.300,38.712702400,38.712715700,38.712765500,38.712801800,1/1/1
6568,4612,Render,1,36.300,39.679488200,39.679533300,39.679583900,39.679620200,1/1/1
6568,4612,Render,1,36.200,29.595824700,29.595837200,29.595890400,29.595926600,1/1/1
6568,4612,Render,1,36.200,30.812451700,30.812461200,30.812508100,30.812544300,1/1/1
6568,4612,Render,1,35.900,21.995763400,21.995775100,21.995820900,21.995856800,1/1/1
6568,4612,Render,1,35.900,22.312310000,22.312327800,22.312380300,22.312416200,1/1/1
6568,4612,Render,1,35.900,26.595954400,26.595972000,26.596611900,26.596647800,1/1/1
6568,4612,Render,1,35.900,35.245907600,35.245918900,35.245974100,35.246010000,1/1/1
6568,4612,Render,1,35.800,31.214148300,31.214624700,31.215360900,31.215396700,1/1/1
6568,4612,BLT,1,35.800,32.559530500,32.559836400,32.560903900,32.560939700,1/1/1
6568,4612,Render,1,35.800,36.046081300,36.046111400,36.046158900,36.046194700,1/1/1
6568,4612,Render,1,35.800,37.212701000,37.212721500,37.212775400,37.212811200,1/1/1
6568,4612,Render,1,35.700,31.729269500,31.729284400,31.729337200,31.729372900,1/1/1
6568,4612,Render,1,35.600,33.179253700,33.179276200,33.179328600,33.179364200,1/1/1
6568,4612,Render,1,35.500,28.479035400,28.479054400,28.479090900,28.479126400,1/1/1
6568,4612,Render,1,35.500,33.996272600,33.996311100,33.996376000,33.996411500,1/1/1
6568,4612,Render,1,35.500,38.762831300,38.762848400,38.762881300,38.762916800,1/1/1
6568,4612,Render,1,35.400,28.180529800,28.180546000,28.180591800,28.180627200,1/1/1
6568,4612,Render,1,35.400,35.162582300,35.162596300,35.162639300,35.162674700,1/1/1
6568,4612,Render,1,35.400,36.062967200,36.062996900,36.063051100,36.063086500,1/1/1
6568,4612,Render,1,35.400,39.029761000,39.029802100,39.029854000,39.029889400,1/1/1
6568,4612,Render,1,35.300,38.512913200,38.512923800,38.512969900,38.513005200,1/1/1
6568,4612,Render,1,35.300,39.246012600,39.246031400,39.246061800,39.246097100,1/1/1
6568,4612,Render,1,35.200,33.229252900,33.229264500,33.229316400,33.229351600,1/1/1
6568,4612,Render,1,35.100,28.229115600,28.229128800,28.229183000,28.229218100,1/1/1
6568,4612,Render,1,35.100,28.312350100,28.312359500,28.312412100,28.312447200,1/1/1
6568,4612,Render,1,35.100,30.729140600,30.729183100,30.729231000,30.729266100,1/1/1
6568,4612,Render,1,35.100,34.679208100,34.679224300,34.679276400,34.679311500,1/1/1
6568,4612,Render,1,35.000,24.245857200,24.245867800,24.245921800,24.245956800,1/1/1
6568,4612,Render,1,35.000,25.995656100,25.995669900,25.995703500,25.995738500,1/1/1
6568,4612,Render,1,35.000,32.612609200,32.612635800,32.612685800,32.612720800,1/1/1
6568,4612,Render,1,35.000,34.212681900,34.212698400,34.212748100,34.212783100,1/1/1
6568,4612,Render,1,35.000,35.512588000,35.512621600,35.512670100,35.512705100,1/1/1
6568,4612,Render,1,34.900,29.679218300,29.679244500,29.679297700,29.679332600,1/1/1
6568,4612,Render,1,34.900,31.129128000,31.129146800,31.129181800,31.129216700,1/1/1
6568,4612,Render,1,34.900,35.995942600,35.995959300,35.996011000,35.996045900,1/1/1
6568,4612,Render,1,34.900,39.262918400,39.262930200,39.262983600,39.263018500,1/1/1
6568,4612,Render,1,34.800,23.512572000,23.512607200,23.512657400,23.512692200,1/1/1
6568,4612,Render,1,34.800,41.662861900,41.662888300,41.662941400,41.662976200,1/1/1
6568,4612,Render,1,34.700,24.228971600,24.228991400,24.229021600,24.229056300,1/1/1
6568,4612,Render,1,34.700,30.962517800,30.962531400,30.962571900,30.962606600,1/1/1
6568,4612,Render,1,34.600,29.714189700,29.714679000,29.715467000,29.715501600,1/1/1
6568,4612,Render,1,34.500,24.712231800,24.712252100,24.712303900,24.712338400,1/1/1
6568,4612,Render,1,34.500,26.345767900,26.345811700,26.345867600,26.345902100,1/1/1
6568,4612,Render,1,34.500,32.651746100,32.651755400,32.651806600,32.651841100,1/1/1
6568,4612,Render,1,34.500,37.162738900,37.162753500,37.162800300,37.162834800,1/1/1
6568,4612,Render,1,34.300,22.546052400,22.546073900,22.546129300,22.546163600,1/1/1
6568,4612,Render,1,34.300,23.495692500,23.495712200,23.495765900,23.495800200,1/1/1
6568,4612,Render,1,34.300,26.479155100,26.479184300,26.479228400,26.479262700,1/1/1
6568,4612,Render,1,34.300,36.262790600,36.262827400,36.262876100,36.262910400,1/1/1
6568,4612,Render,1,34.200,25.729136700,25.729150000,25.729203600,25.729237800,1/1/1
6568,4612,Render,1,34.100,30.329129000,30.329151000,30.329198800,30.329232900,1/1/1
6568,4612,Render,1,34.100,32.962548400,32.962566200,32.962621200,32.962655300,1/1/1
6568,4612,Render,1,34.000,25.029275800,25.029329300,25.029377900,25.029411900,1/1/1
6568,4612,Render,1,33.900,27.095814800,27.095827900,27.095872900,27.095906800,1/1/1
6568,4612,Render,1,33.800,40.446083900,40.446106600,40.446158300,40.446192100,1/1/1
6568,4612,Render,1,33.600,35.262897600,35.262919700,35.262972000,35.263005600,1/1/1
6568,4612,Render,1,33.600,36.546015200,36.546032600,36.546086100,36.546119700,1/1/1
6568,4612,Render,1,33.500,23.662318000,23.662344600,23.662399100,23.662432600,1/1/1
6568,4612,Render,1,33.500,30.762458300,30.762477700,30.762499500,30.762533000,1/1/1
6568,4612,Render,1,33.500,36.496197500,36.496217000,36.496275700,36.496309200,1/1/1
6568,4612,Render,1,33.400,27.696043400,27.696057800,27.696102100,27.696135500,1/1/1
6568,4612,Render,1,33.400,28.395917000,28.396126500,28.396408500,28.396441900,1/1/1
6568,4612,Render,1,33.300,27.246029200,27.246052400,27.246114200,27.246147500,1/1/1
6568,4612,Render,1,33.300,28.529210200,28.529222700,28.529280000,28.529313300,1/1/1
6568,4612,Render,1,33.300,29.630757700,29.631260300,29.632009100,29.632042400,1/1/1
6568,4612,Render,1,33.200,35.029392800,35.029412900,35.029456800,35.029490000,1/1/1
6568,4612,Render,1,33.200,40.579531700,40.579557700,40.579607800,40.579641000,1/1/1
6568,4612,Render,1,33.100,27.829220300,27.829230000,27.829282100,27.829315200,1/1/1
6568,4612,Render,1,32.900,32.474238800,32.474252200,32.475043700,32.475076600,1/1/1
6568,4612,Render,1,32.900,33.045920900,33.045956100,33.046003400,33.046036300,1/1/1
6568,4612,Render,1,32.900,34.100932000,34.100951500,34.100991400,34.101024300,1/1/1
6568,4612,Render,1,32.900,34.479742200,34.479771800,34.479823000,34.479855900,1/1/1
6568,4612,Render,1,32.900,36.945986400,36.945999100,36.946055500,36.946088400,1/1/1
6568,4612,Render,1,32.800,22.568616500,22.568627600,22.568679900,22.568712700,1/1/1
6568,4612,Render,1,32.800,31.945889400,31.945902300,31.945950000,31.945982800,1/1/1
6568,4612,Render,1,32.700,22.262447100,22.262470200,22.262524300,22.262557000,1/1/1
6568,4612,Render,1,32.700,26.212411800,26.212450400,26.212497600,26.212530300,1/1/1
6568,4612,Render,1,32.700,35.780055400,35.780071100,35.780109300,35.780142000,1/1/1
6568,4612,Render,1,32.700,41.512851300,41.512893600,41.512941600,41.512974300,1/1/1
6568,4612,Render,1,32.600,38.496136100,38.496170000,38.496216700,38.496249300,1/1/1
6568,4612,Render,1,32.400,29.262522700,29.262543700,29.262596100,29.262628500,1/1/1
6568,4612,Render,1,32.400,30.463470000,30.463484700,30.463516200,30.463548600,1/1/1
6568,4612,Render,1,32.400,35.540744800,35.540759900,35.540810900,35.540843300,1/1/1
6568,4612,Render,1,32.300,23.362532900,23.362546800,23.362937000,23.362969300,1/1/1
6568,4612,Render,1,32.300,41.296162600,41.296188800,41.296240900,41.296273200,1/1/1
6568,4612,Render,1,32.100,37.262818500,37.262837600,37.262889200,37.262921300,1/1/1
6568,4612,Render,1,32.000,27.562479300,27.562501100,27.562563200,27.562595200,1/1/1
6568,4612,Render,1,32.000,39.979537700,39.979558000,39.979594900,39.979626900,1/1/1
6568,4612,Render,1,31.900,32.212630300,32.212652700,32.212705800,32.212737700,1/1/1
6568,4612,Render,1,31.800,22.795861500,22.795886300,22.795939100,22.795970900,1/1/1
6568,4612,Render,1,31.800,24.979152700,24.979167600,24.979221800,24.979253600,1/1/1
6568,4612,Render,1,31.800,28.879098400,28.879124700,28.879176600,28.879208400,1/1/1
6568,4612,Render,1,31.700,31.746572600,31.746602700,31.746660900,31.746692600,1/1/1
6568,4612,Render,1,31.700,34.462871400,34.462898500,34.462955400,34.462987100,1/1/1
6568,4612,Render,1,31.700,34.862694900,34.862715800,34.862766200,34.862797900,1/1/1
6568,4612,Render,1,31.700,35.563050100,35.563062700,35.563119700,35.563151400,1/1/1
6568,4612,Render,1,31.600,23.979278800,23.979314200,23.979370000,23.979401600,1/1/1
6568,4612,Render,1,31.600,25.429205700,25.429250300,25.429309200,25.429340800,1/1/1
6568,4612,Render,1,31.500,29.179290400,29.179308700,29.179365400,29.179396900,1/1/1
6568,4612,Render,1,31.400,23.412373900,23.412395000,23.412449800,23.412481200,1/1/1
6568,4612,Render,1,31.400,25.962520900,25.962529800,25.962590700,25.962622100,1/1/1
6568,4612,Render,1,31.400,35.962842400,35.962872600,35.962915800,35.962947200,1/1/1
6568,4612,Render,1,31.300,36.862975600,36.862986700,36.863039200,36.863070500,1/1/1
6568,4612,Render,1,31.200,24.445700300,24.445715800,24.445770700,24.445801900,1/1/1
6568,4612,Render,1,31.200,40.962969700,40.963019900,40.963072000,40.963103200,1/1/1
6568,4612,Render,1,31.100,31.862577900,31.862591500,31.862653100,31.862684200,1/1/1
6568,4612,Render,1,31.100,40.847634600,40.847654000,40.847712400,40.847743500,1/1/1
6568,4612,Render,1,30.800,39.430525700,39.430540200,39.430797600,39.430828400,1/1/1
6568,4612,Render,1,30.700,28.246163100,28.246188600,28.246243600,28.246274300,1/1/1
6568,4612,Render,1,30.600,37.512684900,37.512711500,37.512768200,37.512798800,1/1/1
6568,4612,Render,1,30.500,34.854947900,34.854963000,34.855001200,34.855031700,1/1/1
6568,4612,Render,1,30.500,41.179813500,41.179835600,41.179890300,41.179920800,1/1/1
6568,4612,Render,1,30.400,36.796859800,36.796882000,36.796937200,36.796967600,1/1/1
6568,4612,Render,1,30.400,40.597031600,40.597048600,40.597088900,40.597119300,1/1/1
6568,4612,Render,1,29.900,25.262812400,25.262840900,25.262905200,25.262935100,1/1/1
6568,4612,Render,1,29.700,39.379451400,39.379473000,39.379528100,39.379557800,1/1/1
6568,4612,Render,1,29.500,32.346020600,32.346049800,32.346110900,32.346140400,1/1/1
6568,4612,Render,1,29.400,25.829099300,25.829130100,25.829189700,25.829219100,1/1/1
6568,4612,Render,1,29.400,37.679335600,37.679346900,37.679398300,37.679427700,1/1/1
6568,4612,Render,1,28.800,35.462732200,35.462758200,35.462813800,35.462842600,1/1/1
6568,4612,Render,1,28.700,31.179285100,31.179293100,31.179349300,31.179378000,1/1/1
6568,4612,Render,1,28.300,28.445827600,28.445856400,28.445921500,28.445949800,1/1/1
6568,4612,Render,1,28.000,23.279671500,23.279694600,23.279765600,23.279793600,1/1/1
6568,4612,Render,1,23.300,25.396241400,25.396347900,25.396637200,25.396660500,1/1/1
6568,4612,Render,1,9.500,26.645812300,26.645836200,26.645901700,26.645911200,1/1/1
