target_pid,target_tid,timestamp_s,weight_ms,count,leaf_class,leaf_module,xemu_rva
6568,5992,29.562818600,1.100000,1,xemu_image,xemu.exe,0x010ba568
6568,5992,38.113320600,1.097300,1,external_module,nvoglv64.dll,
6568,5992,39.257719700,1.088300,1,xemu_image,xemu.exe,0x0011e663
6568,5992,35.079788900,1.087300,1,xemu_image,xemu.exe,0x0011e671
6568,5992,26.050542800,1.083900,1,xemu_image,xemu.exe,0x003e1ffe
6568,5992,35.558234000,1.079100,1,xemu_image,xemu.exe,0x001d4684
6568,5992,25.607694200,1.069900,1,external_module,ntdll.dll,
6568,5992,32.492137300,1.069900,1,external_module,nvoglv64.dll,
6568,5992,26.396460100,1.066600,1,xemu_image,xemu.exe,0x002987b4
6568,5992,31.425309300,1.066500,1,external_module,nvoglv64.dll,
6568,5992,36.963269800,1.064000,1,external_module,ntdll.dll,
6568,5992,31.404286000,1.063800,1,external_module,ntoskrnl.exe,
6568,5992,32.042134600,1.060400,1,external_module,nvoglv64.dll,
6568,5992,37.131261900,1.060400,1,external_module,ntoskrnl.exe,
6568,5992,24.725491600,1.056200,1,external_module,nvoglv64.dll,
6568,5992,38.811868900,1.053800,1,external_module,msvcrt.dll,
6568,5992,41.142058200,1.053700,1,xemu_image,xemu.exe,0x002ab059
6568,5992,26.312483100,1.046500,1,xemu_image,xemu.exe,0x0028d3ea
6568,5992,24.979306700,1.043400,1,external_module,nvoglv64.dll,
6568,5992,39.078358000,1.043000,1,xemu_image,xemu.exe,0x0011e663
6568,5992,38.330045000,1.040100,1,external_module,nvoglv64.dll,
6568,5992,36.275658700,1.038100,1,xemu_image,xemu.exe,0x0011e681
6568,5992,37.528116000,1.037300,1,external_module,nvoglv64.dll,
6568,5992,36.959310100,1.034400,1,xemu_image,xemu.exe,0x002ab4c9
6568,5992,25.257598100,1.033700,1,external_module,nvoglv64.dll,
6568,5992,38.331075900,1.030900,1,xemu_image,xemu.exe,0x0011ebe6
6568,5992,32.758659200,1.030400,1,xemu_image,xemu.exe,0x001d38f4
6568,5992,25.925790400,1.030100,1,xemu_image,xemu.exe,0x0011e65f
6568,5992,35.875124700,1.028400,1,xemu_image,xemu.exe,0x0011e65f
6568,5992,37.179704400,1.026200,1,external_module,nvoglv64.dll,
6568,5992,27.842061000,1.025500,1,external_module,nvoglv64.dll,
6568,5992,24.727453300,1.017300,1,external_module,ntoskrnl.exe,
6568,5992,28.763341800,1.016800,1,external_module,msvcrt.dll,
6568,5992,23.591792900,1.009600,1,xemu_image,xemu.exe,0x006fd557
6568,5992,25.756630100,1.009000,1,xemu_image,xemu.exe,0x00882d5b
6568,5992,25.841717200,1.008400,1,external_module,nvoglv64.dll,
6568,5992,40.179828000,1.007900,1,xemu_image,xemu.exe,0x002ab027
6568,5992,36.274620600,1.006900,1,xemu_image,xemu.exe,0x0028c995
6568,5992,35.259517000,1.005700,1,external_module,nvoglv64.dll,
6568,5992,23.579767400,1.005200,1,external_module,nvoglv64.dll,
6568,5992,35.041929400,1.004900,1,xemu_image,xemu.exe,0x006fd77f
6568,5992,23.584773700,1.004500,1,external_module,msvcrt.dll,
6568,5992,29.991489000,1.004300,1,xemu_image,xemu.exe,0x002ab8e0
6568,5992,41.442263000,1.004100,1,xemu_image,xemu.exe,0x001d405c
6568,5992,23.585777500,1.003800,1,xemu_image,xemu.exe,0x01182b77
6568,5992,25.759628100,1.003600,1,xemu_image,xemu.exe,0x0085ba71
6568,5992,25.755621100,1.003200,1,xemu_image,xemu.exe,0x0066ef1d
6568,5992,23.589780800,1.002800,1,external_module,nvoglv64.dll,
6568,5992,23.583769200,1.002700,1,xemu_image,xemu.exe,0x0067eb40
6568,5992,25.964530200,1.002700,1,xemu_image,xemu.exe,0x002aaef9
6568,5992,23.590783300,1.002500,1,external_module,msvcrt.dll,
6568,5992,38.246563500,1.002400,1,external_module,msvcrt.dll,
6568,5992,40.779933300,1.001900,1,xemu_image,xemu.exe,0x001d4055
6568,5992,25.760629800,1.001700,1,xemu_image,xemu.exe,0x00578e78
6568,5992,25.749619500,1.001200,1,xemu_image,xemu.exe,0x00646f58
6568,5992,24.495816000,1.000900,1,external_module,ntdll.dll,
6568,5992,28.809620000,1.000800,1,xemu_image,xemu.exe,0x0011e65f
6568,5992,33.364176700,1.000800,1,external_module,ntdll.dll,
6568,5992,23.588778000,1.000700,1,external_module,nvoglv64.dll,
6568,5992,31.963193700,1.000700,1,xemu_image,xemu.exe,0x0029d421
6568,5992,35.475607400,1.000700,1,external_module,ntdll.dll,
6568,5992,23.592793500,1.000600,1,unknown_external,,
6568,5992,37.992461100,1.000500,1,xemu_image,xemu.exe,0x006fd55f
6568,5992,23.785552100,1.000300,1,unknown_external,,
6568,5992,29.646132300,1.000300,1,xemu_image,xemu.exe,0x0028d251
6568,5992,29.776158600,1.000300,1,xemu_image,xemu.exe,0x003dc09a
6568,5992,31.059556800,1.000300,1,external_module,nvoglv64.dll,
6568,5992,35.174640700,1.000200,1,external_module,msvcrt.dll,
6568,5992,23.582766500,1.000100,1,xemu_image,xemu.exe,0x00845580
6568,5992,23.587777300,1.000100,1,external_module,msvcrt.dll,
6568,5992,25.753618000,1.000100,1,external_module,ntdll.dll,
6568,5992,25.764629400,1.000100,1,external_module,ntdll.dll,
6568,5992,36.878083000,1.000100,1,external_module,nvoglv64.dll,
6568,5992,21.962657600,1.000000,1,xemu_image,xemu.exe,0x0028beb5
6568,5992,22.272009700,1.000000,1,external_module,msvcrt.dll,
6568,5992,23.668678000,1.000000,1,xemu_image,xemu.exe,0x001d3d78
6568,5992,23.681203500,1.000000,1,external_module,msvcrt.dll,
6568,5992,23.983988400,1.000000,1,external_module,msvcrt.dll,
6568,5992,24.678959300,1.000000,1,xemu_image,xemu.exe,0x0011e581
6568,5992,24.976247600,1.000000,1,xemu_image,xemu.exe,0x001d4684
6568,5992,25.105167700,1.000000,1,external_module,nvoglv64.dll,
6568,5992,25.111015000,1.000000,1,xemu_image,xemu.exe,0x001d469a
6568,5992,26.538474700,1.000000,1,external_module,KernelBase.dll,
6568,5992,27.157800600,1.000000,1,external_module,msvcrt.dll,
6568,5992,27.841035500,1.000000,1,external_module,msvcrt.dll,
6568,5992,28.490332100,1.000000,1,external_module,nvoglv64.dll,
6568,5992,28.767164300,1.000000,1,xemu_image,xemu.exe,0x0011e644
6568,5992,29.065759500,1.000000,1,external_module,nvoglv64.dll,
6568,5992,30.341372500,1.000000,1,xemu_image,xemu.exe,0x002ab038
6568,5992,30.346614700,1.000000,1,xemu_image,xemu.exe,0x001d3ff1
6568,5992,30.773275600,1.000000,1,external_module,msvcrt.dll,
6568,5992,31.237775900,1.000000,1,external_module,nvoglv64.dll,
6568,5992,31.511870800,1.000000,1,external_module,nvlddmkm.sys,
6568,5992,31.604396100,1.000000,1,xemu_image,xemu.exe,0x00275605
6568,5992,32.978518500,1.000000,1,xemu_image,xemu.exe,0x0011e65f
6568,5992,33.700982800,1.000000,1,xemu_image,xemu.exe,0x001dc631
6568,5992,33.738836700,1.000000,1,xemu_image,xemu.exe,0x0029dccd
6568,5992,34.698212600,1.000000,1,xemu_image,xemu.exe,0x0028f76f
6568,5992,34.725697500,1.000000,1,xemu_image,xemu.exe,0x002968f2
6568,5992,34.726986600,1.000000,1,external_module,msvcrt.dll,
6568,5992,34.741386900,1.000000,1,external_module,ntdll.dll,
6568,5992,34.855141600,1.000000,1,external_module,ntoskrnl.exe,
6568,5992,35.540286500,1.000000,1,external_module,nvoglv64.dll,
6568,5992,36.690335200,1.000000,1,external_module,nvoglv64.dll,
6568,5992,36.786686900,1.000000,1,xemu_image,xemu.exe,0x003dc093
6568,5992,38.811008400,1.000000,1,external_module,nvlddmkm.sys,
6568,5992,39.428365800,1.000000,1,external_module,ntoskrnl.exe,
6568,5992,39.686542800,1.000000,1,xemu_image,xemu.exe,0x00297edb
6568,5992,40.483714300,1.000000,1,external_module,ntoskrnl.exe,
6568,5992,40.629952400,1.000000,1,xemu_image,xemu.exe,0x0011e681
6568,5992,40.817393900,1.000000,1,external_module,graphics-hook64.dll,
6568,5992,29.451073600,1.000000,1,external_module,ntoskrnl.exe,
6568,5992,29.860962000,1.000000,1,external_module,ntoskrnl.exe,
6568,5992,33.467065100,1.000000,1,external_module,nvoglv64.dll,
6568,5992,34.165194400,1.000000,1,external_module,msvcrt.dll,
6568,5992,36.783922300,1.000000,1,external_module,ntoskrnl.exe,
6568,5992,22.709416100,1.000000,1,external_module,nvoglv64.dll,
6568,5992,22.998128100,1.000000,1,external_module,msvcrt.dll,
6568,5992,23.210815300,1.000000,1,xemu_image,xemu.exe,0x001d1ae4
6568,5992,23.781264900,1.000000,1,external_module,nvoglv64.dll,
6568,5992,24.283274600,1.000000,1,external_module,nvoglv64.dll,
6568,5992,25.019006900,1.000000,1,external_module,msvcrt.dll,
6568,5992,25.990540400,1.000000,1,xemu_image,xemu.exe,0x0011e65f
6568,5992,26.261469000,1.000000,1,external_module,ntoskrnl.exe,
6568,5992,27.211323300,1.000000,1,external_module,nvoglv64.dll,
6568,5992,27.354346800,1.000000,1,external_module,msvcrt.dll,
6568,5992,27.445359900,1.000000,1,xemu_image,xemu.exe,0x002968f2
6568,5992,27.492289600,1.000000,1,external_module,nvoglv64.dll,
6568,5992,27.893271500,1.000000,1,external_module,vulkan-1.dll,
6568,5992,28.278382700,1.000000,1,external_module,ntoskrnl.exe,
6568,5992,28.950001100,1.000000,1,xemu_image,xemu.exe,0x0029857c
6568,5992,29.461755700,1.000000,1,external_module,ntoskrnl.exe,
6568,5992,30.000694600,1.000000,1,xemu_image,xemu.exe,0x002aab88
6568,5992,31.652861000,1.000000,1,xemu_image,xemu.exe,0x0011e665
6568,5992,32.767545800,1.000000,1,xemu_image,xemu.exe,0x002b2a22
6568,5992,32.890638100,1.000000,1,xemu_image,xemu.exe,0x0011e66b
6568,5992,33.531562500,1.000000,1,external_module,vulkan-1.dll,
6568,5992,34.220490600,1.000000,1,external_module,msvcrt.dll,
6568,5992,35.136054800,1.000000,1,external_module,msvcrt.dll,
6568,5992,36.368090600,1.000000,1,xemu_image,xemu.exe,0x0028c9af
6568,5992,36.795219500,1.000000,1,external_module,vulkan-1.dll,
6568,5992,38.026277500,1.000000,1,external_module,nvoglv64.dll,
6568,5992,38.090746900,1.000000,1,external_module,nvoglv64.dll,
6568,5992,38.128002800,1.000000,1,xemu_image,xemu.exe,0x00277c9f
6568,5992,39.169266400,1.000000,1,external_module,msvcrt.dll,
6568,5992,39.171136200,1.000000,1,xemu_image,xemu.exe,0x002ab50b
6568,5992,41.398190500,1.000000,1,external_module,nvoglv64.dll,
6568,5992,41.402702100,1.000000,1,xemu_image,xemu.exe,0x0011e65f
6568,5992,28.501772200,1.000000,1,xemu_image,xemu.exe,0x002adbc7
6568,5992,36.721343200,1.000000,1,external_module,ntoskrnl.exe,
6568,5992,37.136968200,1.000000,1,external_module,msvcrt.dll,
6568,5992,22.085130400,1.000000,1,xemu_image,xemu.exe,0x0029d580
6568,5992,23.354770500,1.000000,1,external_module,ntoskrnl.exe,
6568,5992,23.358771900,1.000000,1,xemu_image,xemu.exe,0x002ab420
6568,5992,23.382063000,1.000000,1,external_module,msvcrt.dll,
6568,5992,23.447447600,1.000000,1,external_module,nvoglv64.dll,
6568,5992,23.760416100,1.000000,1,xemu_image,xemu.exe,0x00275482
6568,5992,24.261756800,1.000000,1,xemu_image,xemu.exe,0x006fd481
6568,5992,24.618258600,1.000000,1,xemu_image,xemu.exe,0x0011e65f
6568,5992,24.955847200,1.000000,1,external_module,ntoskrnl.exe,
6568,5992,25.628169100,1.000000,1,xemu_image,xemu.exe,0x0011e66b
6568,5992,25.819605200,1.000000,1,external_module,ntoskrnl.exe,
6568,5992,26.059614900,1.000000,1,external_module,msvcrt.dll,
6568,5992,26.486478700,1.000000,1,external_module,vulkan-1.dll,
6568,5992,27.317770400,1.000000,1,external_module,nvoglv64.dll,
6568,5992,28.394889500,1.000000,1,external_module,ntoskrnl.exe,
6568,5992,28.502467400,1.000000,1,external_module,nvoglv64.dll,
6568,5992,28.576284800,1.000000,1,xemu_image,xemu.exe,0x001d4022
6568,5992,28.896120500,1.000000,1,xemu_image,xemu.exe,0x001dc69d
6568,5992,28.927845000,1.000000,1,external_module,msvcrt.dll,
6568,5992,29.568875000,1.000000,1,xemu_image,xemu.exe,0x002aa8f1
6568,5992,30.947262300,1.000000,1,external_module,nvoglv64.dll,
6568,5992,31.120795500,1.000000,1,xemu_image,xemu.exe,0x00298573
6568,5992,31.146591200,1.000000,1,external_module,nvoglv64.dll,
6568,5992,31.226759300,1.000000,1,xemu_image,xemu.exe,0x0011e66b
6568,5992,31.607117000,1.000000,1,xemu_image,xemu.exe,0x003dc07a
6568,5992,31.609295800,1.000000,1,external_module,nvoglv64.dll,
6568,5992,32.175641900,1.000000,1,xemu_image,xemu.exe,0x001dc636
6568,5992,32.267966100,1.000000,1,external_module,msvcrt.dll,
6568,5992,32.448670000,1.000000,1,external_module,nvoglv64.dll,
6568,5992,32.885837900,1.000000,1,external_module,msvcrt.dll,
6568,5992,33.371461300,1.000000,1,external_module,nvoglv64.dll,
6568,5992,33.648828700,1.000000,1,xemu_image,xemu.exe,0x001d4840
6568,5992,35.296667100,1.000000,1,external_module,ntoskrnl.exe,
6568,5992,35.418005300,1.000000,1,external_module,msvcrt.dll,
6568,5992,35.427792400,1.000000,1,xemu_image,xemu.exe,0x002754c2
6568,5992,35.429621700,1.000000,1,external_module,ntdll.dll,
6568,5992,37.845507600,1.000000,1,external_module,msvcrt.dll,
6568,5992,37.899911400,1.000000,1,xemu_image,xemu.exe,0x00297b88
6568,5992,37.926394200,1.000000,1,external_module,nvoglv64.dll,
6568,5992,38.203100800,1.000000,1,xemu_image,xemu.exe,0x0011e647
6568,5992,39.193976200,1.000000,1,external_module,ntoskrnl.exe,
6568,5992,39.195932300,1.000000,1,external_module,ntoskrnl.exe,
6568,5992,39.343933700,1.000000,1,xemu_image,xemu.exe,0x0029e502
6568,5992,40.543589700,1.000000,1,external_module,msvcrt.dll,
6568,5992,41.077830100,1.000000,1,external_module,ntoskrnl.exe,
6568,5992,41.141004500,1.000000,1,external_module,nvoglv64.dll,
6568,5992,41.445453000,1.000000,1,external_module,ntoskrnl.exe,
6568,5992,41.446638500,1.000000,1,xemu_image,xemu.exe,0x0011e671
6568,5992,22.272475700,1.000000,1,xemu_image,xemu.exe,0x0029695b
6568,5992,22.294275300,1.000000,1,xemu_image,xemu.exe,0x00275587
6568,5992,22.307817400,1.000000,1,external_module,nvoglv64.dll,
6568,5992,26.656497400,1.000000,1,xemu_image,xemu.exe,0x0011e644
6568,5992,37.477956500,1.000000,1,external_module,nvoglv64.dll,
6568,5992,41.712736200,1.000000,1,xemu_image,xemu.exe,0x002ad9c4
6568,5992,21.877337200,1.000000,1,xemu_image,xemu.exe,0x006fd55f
6568,5992,22.762024600,1.000000,1,xemu_image,xemu.exe,0x0011e98b
6568,5992,25.152222800,1.000000,1,xemu_image,xemu.exe,0x00275529
6568,5992,25.766465000,1.000000,1,external_module,ntoskrnl.exe,
6568,5992,26.266395900,1.000000,1,xemu_image,xemu.exe,0x002ab023
6568,5992,27.845661400,1.000000,1,xemu_image,xemu.exe,0x00275431
6568,5992,28.106473700,1.000000,1,xemu_image,xemu.exe,0x003dc060
6568,5992,28.107832800,1.000000,1,external_module,msvcrt.dll,
6568,5992,28.762325000,1.000000,1,external_module,ntoskrnl.exe,
6568,5992,30.476377500,1.000000,1,xemu_image,xemu.exe,0x0028c9bc
6568,5992,31.787089100,1.000000,1,xemu_image,xemu.exe,0x002745da
6568,5992,32.212914900,1.000000,1,external_module,nvoglv64.dll,
6568,5992,32.235137300,1.000000,1,external_module,nvoglv64.dll,
6568,5992,33.468759200,1.000000,1,external_module,ntdll.dll,
6568,5992,34.879491600,1.000000,1,xemu_image,xemu.exe,0x0011e647
6568,5992,35.046023100,1.000000,1,xemu_image,xemu.exe,0x0028c742
6568,5992,35.060953200,1.000000,1,external_module,ntoskrnl.exe,
6568,5992,35.519817500,1.000000,1,xemu_image,xemu.exe,0x002ab493
6568,5992,36.602707700,1.000000,1,xemu_image,xemu.exe,0x001d4508
6568,5992,37.978423900,1.000000,1,external_module,ntoskrnl.exe,
6568,5992,38.372380900,1.000000,1,external_module,ntdll.dll,
6568,5992,41.345216600,1.000000,1,external_module,dxgkrnl.sys,
6568,5992,31.024347700,1.000000,1,external_module,nvoglv64.dll,
6568,5992,33.947102100,1.000000,1,external_module,msvcrt.dll,
6568,5992,36.464185100,1.000000,1,xemu_image,xemu.exe,0x001d7c11
6568,5992,22.624264000,1.000000,1,xemu_image,xemu.exe,0x010ba578
6568,5992,22.709887600,1.000000,1,xemu_image,xemu.exe,0x001dc6a0
6568,5992,22.795487400,1.000000,1,external_module,msvcrt.dll,
6568,5992,22.843779300,1.000000,1,xemu_image,xemu.exe,0x0011e65f
6568,5992,23.109752900,1.000000,1,external_module,ntoskrnl.exe,
6568,5992,23.179068300,1.000000,1,xemu_image,xemu.exe,0x006fbeed
6568,5992,23.509192600,1.000000,1,xemu_image,xemu.exe,0x003e1ffc
6568,5992,23.889139200,1.000000,1,external_module,nvoglv64.dll,
6568,5992,25.396625100,1.000000,1,external_module,nvoglv64.dll,
6568,5992,27.691217100,1.000000,1,external_module,ntoskrnl.exe,
6568,5992,27.968057000,1.000000,1,xemu_image,xemu.exe,0x0028bebd
6568,5992,28.411075000,1.000000,1,xemu_image,xemu.exe,0x0027543d
6568,5992,28.496007800,1.000000,1,xemu_image,xemu.exe,0x001d3feb
6568,5992,29.349739500,1.000000,1,external_module,nvoglv64.dll,
6568,5992,30.128831100,1.000000,1,external_module,msvcrt.dll,
6568,5992,32.980664900,1.000000,1,xemu_image,xemu.exe,0x002ab45d
6568,5992,33.194841700,1.000000,1,xemu_image,xemu.exe,0x0011e65f
6568,5992,33.755526500,1.000000,1,xemu_image,xemu.exe,0x00277ca9
6568,5992,33.781588400,1.000000,1,external_module,nvoglv64.dll,
6568,5992,34.570893000,1.000000,1,xemu_image,xemu.exe,0x00298ba1
6568,5992,35.568576800,1.000000,1,external_module,ntdll.dll,
6568,5992,36.410556700,1.000000,1,external_module,msvcrt.dll,
6568,5992,36.693294400,1.000000,1,xemu_image,xemu.exe,0x001d1ac4
6568,5992,37.045911700,1.000000,1,xemu_image,xemu.exe,0x00298774
6568,5992,37.525187200,1.000000,1,external_module,msvcrt.dll,
6568,5992,38.421385900,1.000000,1,external_module,msvcrt.dll,
6568,5992,38.677814500,1.000000,1,xemu_image,xemu.exe,0x0011e663
6568,5992,39.435475900,1.000000,1,xemu_image,xemu.exe,0x0011e650
6568,5992,39.994513500,1.000000,1,external_module,nvoglv64.dll,
6568,5992,40.640250900,1.000000,1,xemu_image,xemu.exe,0x0011e60d
6568,5992,41.079105800,1.000000,1,external_module,ntoskrnl.exe,
6568,5992,41.530449300,1.000000,1,external_module,msvcrt.dll,
6568,5992,21.822465900,1.000000,1,external_module,msvcrt.dll,
6568,5992,21.824369100,1.000000,1,xemu_image,xemu.exe,0x001d469a
6568,5992,21.827953000,1.000000,1,xemu_image,xemu.exe,0x002ab4c7
6568,5992,21.829970200,1.000000,1,xemu_image,xemu.exe,0x002756da
6568,5992,21.847844100,1.000000,1,external_module,nvoglv64.dll,
6568,5992,21.850422200,1.000000,1,external_module,msvcrt.dll,
6568,5992,21.866450200,1.000000,1,xemu_image,xemu.exe,0x0011e681
6568,5992,21.869009500,1.000000,1,xemu_image,xemu.exe,0x001d1ae4
6568,5992,21.873402100,1.000000,1,external_module,msvcrt.dll,
6568,5992,21.875752800,1.000000,1,xemu_image,xemu.exe,0x001d4022
6568,5992,21.878870600,1.000000,1,xemu_image,xemu.exe,0x0011e644
6568,5992,21.890293000,1.000000,1,xemu_image,xemu.exe,0x001d4070
6568,5992,21.892658800,1.000000,1,xemu_image,xemu.exe,0x001d4078
6568,5992,21.909973800,1.000000,1,external_module,nvoglv64.dll,
6568,5992,21.911816000,1.000000,1,external_module,msvcrt.dll,
6568,5992,21.913875400,1.000000,1,external_module,ntdll.dll,
6568,5992,21.915713900,1.000000,1,xemu_image,xemu.exe,0x002968f2
6568,5992,21.918016400,1.000000,1,external_module,msvcrt.dll,
6568,5992,21.921252000,1.000000,1,external_module,msvcrt.dll,
6568,5992,21.932731600,1.000000,1,external_module,nvoglv64.dll,
6568,5992,21.935127600,1.000000,1,xemu_image,xemu.exe,0x001d8281
6568,5992,21.943984800,1.000000,1,external_module,KernelBase.dll,
6568,5992,21.952135400,1.000000,1,xemu_image,xemu.exe,0x002aaef6
6568,5992,21.954316700,1.000000,1,external_module,msvcrt.dll,
6568,5992,21.959907300,1.000000,1,external_module,nvoglv64.dll,
6568,5992,21.975460600,1.000000,1,xemu_image,xemu.exe,0x006fd481
6568,5992,21.992508500,1.000000,1,external_module,nvoglv64.dll,
6568,5992,21.994986900,1.000000,1,external_module,nvoglv64.dll,
6568,5992,21.997398000,1.000000,1,external_module,nvoglv64.dll,
6568,5992,21.999733300,1.000000,1,xemu_image,xemu.exe,0x0011e647
6568,5992,22.018313100,1.000000,1,external_module,ntoskrnl.exe,
6568,5992,22.020822600,1.000000,1,xemu_image,xemu.exe,0x00298794
6568,5992,22.039173800,1.000000,1,external_module,msvcrt.dll,
6568,5992,22.041423700,1.000000,1,xemu_image,xemu.exe,0x0028d315
6568,5992,22.043453300,1.000000,1,xemu_image,xemu.exe,0x002ab8c6
6568,5992,22.046400700,1.000000,1,xemu_image,xemu.exe,0x0029dccd
6568,5992,22.050203000,1.000000,1,external_module,ntdll.dll,
6568,5992,22.061384600,1.000000,1,external_module,ntdll.dll,
6568,5992,22.078308800,1.000000,1,xemu_image,xemu.exe,0x0011eb65
6568,5992,22.081633600,1.000000,1,xemu_image,xemu.exe,0x0011e681
6568,5992,22.083575700,1.000000,1,external_module,msvcrt.dll,
6568,5992,22.085964300,1.000000,1,xemu_image,xemu.exe,0x002b3e78
6568,5992,22.088269200,1.000000,1,external_module,msvcrt.dll,
6568,5992,22.090729300,1.000000,1,external_module,nvoglv64.dll,
6568,5992,22.103833000,1.000000,1,external_module,msvcrt.dll,
6568,5992,22.115490300,1.000000,1,external_module,msvcrt.dll,
6568,5992,22.118558500,1.000000,1,external_module,msvcrt.dll,
6568,5992,22.136898900,1.000000,1,xemu_image,xemu.exe,0x001dc38a
6568,5992,22.145895900,1.000000,1,external_module,nvoglv64.dll,
6568,5992,22.150233600,1.000000,1,xemu_image,xemu.exe,0x002754f8
6568,5992,22.164029000,1.000000,1,external_module,nvoglv64.dll,
6568,5992,22.177913700,1.000000,1,external_module,ntoskrnl.exe,
6568,5992,22.181912700,1.000000,1,external_module,msvcrt.dll,
6568,5992,22.183863800,1.000000,1,external_module,msvcrt.dll,
6568,5992,22.186313900,1.000000,1,external_module,ntdll.dll,
6568,5992,22.188643900,1.000000,1,xemu_image,xemu.exe,0x001d4551
6568,5992,22.191069200,1.000000,1,xemu_image,xemu.exe,0x0029de20
6568,5992,22.194015400,1.000000,1,external_module,ntoskrnl.exe,
6568,5992,22.211296400,1.000000,1,external_module,ntoskrnl.exe,
6568,5992,22.224044800,1.000000,1,xemu_image,xemu.exe,0x002ab4f4
6568,5992,22.226375700,1.000000,1,xemu_image,xemu.exe,0x002ab8c6
6568,5992,22.228554200,1.000000,1,external_module,msvcrt.dll,
6568,5992,22.231212400,1.000000,1,external_module,vulkan-1.dll,
6568,5992,22.233367900,1.000000,1,external_module,msvcrt.dll,
6568,5992,22.236207900,1.000000,1,external_module,nvoglv64.dll,
6568,5992,22.247740600,1.000000,1,external_module,ntoskrnl.exe,
6568,5992,22.269073300,1.000000,1,xemu_image,xemu.exe,0x001d43a0
6568,5992,22.271198300,1.000000,1,external_module,msvcrt.dll,
6568,5992,22.274990100,1.000000,1,xemu_image,xemu.exe,0x002aaef9
6568,5992,22.278583700,1.000000,1,external_module,nvoglv64.dll,
6568,5992,22.291057000,1.000000,1,external_module,nvoglv64.dll,
6568,5992,22.336739000,1.000000,1,external_module,ntoskrnl.exe,
6568,5992,22.350553900,1.000000,1,external_module,nvoglv64.dll,
6568,5992,22.352838100,1.000000,1,xemu_image,xemu.exe,0x006fd62a
6568,5992,22.354818800,1.000000,1,external_module,msvcrt.dll,
6568,5992,22.357533200,1.000000,1,xemu_image,xemu.exe,0x002ab059
6568,5992,22.360079500,1.000000,1,external_module,msvcrt.dll,
6568,5992,22.362038700,1.000000,1,external_module,nvoglv64.dll,
6568,5992,22.375331400,1.000000,1,external_module,nvoglv64.dll,
6568,5992,22.395721200,1.000000,1,external_module,msvcrt.dll,
6568,5992,22.397389700,1.000000,1,external_module,msvcrt.dll,
6568,5992,22.399670400,1.000000,1,external_module,nvoglv64.dll,
6568,5992,22.401502300,1.000000,1,xemu_image,xemu.exe,0x002aaef9
6568,5992,22.403749200,1.000000,1,external_module,nvoglv64.dll,
6568,5992,22.426268700,1.000000,1,external_module,nvoglv64.dll,
6568,5992,22.445645900,1.000000,1,xemu_image,xemu.exe,0x002ab8c6
6568,5992,22.449782900,1.000000,1,xemu_image,xemu.exe,0x002ab493
6568,5992,22.452058100,1.000000,1,xemu_image,xemu.exe,0x002a7c8d
6568,5992,22.454488400,1.000000,1,external_module,nvoglv64.dll,
6568,5992,22.457008600,1.000000,1,external_module,nvoglv64.dll,
6568,5992,22.459723800,1.000000,1,external_module,nvoglv64.dll,
6568,5992,22.471069600,1.000000,1,external_module,ntoskrnl.exe,
6568,5992,22.473429600,1.000000,1,external_module,nvoglv64.dll,
6568,5992,22.492451500,1.000000,1,xemu_image,xemu.exe,0x0011e7ac
6568,5992,22.494899200,1.000000,1,xemu_image,xemu.exe,0x0029dccd
6568,5992,22.498697100,1.000000,1,xemu_image,xemu.exe,0x001dc69d
6568,5992,22.501028900,1.000000,1,xemu_image,xemu.exe,0x002ab477
6568,5992,22.515396300,1.000000,1,xemu_image,xemu.exe,0x001d97e1
6568,5992,22.534190100,1.000000,1,external_module,ntdll.dll,
6568,5992,22.536395900,1.000000,1,xemu_image,xemu.exe,0x001d403a
6568,5992,22.542330500,1.000000,1,external_module,nvoglv64.dll,
6568,5992,22.559242100,1.000000,1,external_module,ntdll.dll,
6568,5992,22.562345700,1.000000,1,external_module,ntoskrnl.exe,
6568,5992,22.576152400,1.000000,1,external_module,nvoglv64.dll,
6568,5992,22.578175100,1.000000,1,xemu_image,xemu.exe,0x001d698c
6568,5992,22.579537800,1.000000,1,external_module,msvcrt.dll,
6568,5992,22.582186900,1.000000,1,external_module,nvoglv64.dll,
6568,5992,22.584630800,1.000000,1,xemu_image,xemu.exe,0x001d3fb5
6568,5992,22.586934900,1.000000,1,external_module,msvcrt.dll,
6568,5992,22.600854900,1.000000,1,external_module,ntoskrnl.exe,
6568,5992,22.605211400,1.000000,1,external_module,ntoskrnl.exe,
6568,5992,22.618721300,1.000000,1,xemu_image,xemu.exe,0x002ab8d4
6568,5992,22.621132400,1.000000,1,external_module,ntdll.dll,
6568,5992,22.622984900,1.000000,1,external_module,nvoglv64.dll,
6568,5992,22.625350700,1.000000,1,xemu_image,xemu.exe,0x001d4ce4
6568,5992,22.627727300,1.000000,1,xemu_image,xemu.exe,0x001dc38b
6568,5992,22.630511800,1.000000,1,xemu_image,xemu.exe,0x001dc68d
6568,5992,22.633058600,1.000000,1,external_module,ntdll.dll,
6568,5992,22.644058900,1.000000,1,external_module,ntoskrnl.exe,
6568,5992,22.648132100,1.000000,1,external_module,WdFilter.sys,
6568,5992,22.661804600,1.000000,1,external_module,msvcrt.dll,
6568,5992,22.663050000,1.000000,1,xemu_image,xemu.exe,0x010ba560
6568,5992,22.665123300,1.000000,1,external_module,nvoglv64.dll,
6568,5992,22.668679100,1.000000,1,xemu_image,xemu.exe,0x0011e665
6568,5992,22.670949500,1.000000,1,external_module,msvcrt.dll,
6568,5992,22.675952400,1.000000,1,external_module,nvoglv64.dll,
6568,5992,22.693161200,1.000000,1,external_module,ntoskrnl.exe,
6568,5992,22.707213800,1.000000,1,unknown_external,,
6568,5992,22.710164700,1.000000,1,external_module,msvcrt.dll,
6568,5992,22.712224700,1.000000,1,xemu_image,xemu.exe,0x001d3feb
6568,5992,22.714138700,1.000000,1,external_module,nvoglv64.dll,
6568,5992,22.716853800,1.000000,1,external_module,msvcrt.dll,
6568,5992,22.719754300,1.000000,1,xemu_image,xemu.exe,0x0011e66b
6568,5992,22.731355300,1.000000,1,xemu_image,xemu.exe,0x001dc69d
6568,5992,22.749246700,1.000000,1,xemu_image,xemu.exe,0x002ab8c6
6568,5992,22.754169100,1.000000,1,external_module,nvoglv64.dll,
6568,5992,22.756538800,1.000000,1,xemu_image,xemu.exe,0x002968f2
6568,5992,22.758794300,1.000000,1,xemu_image,xemu.exe,0x001d32c6
6568,5992,22.761127200,1.000000,1,external_module,nvoglv64.dll,
6568,5992,22.773414200,1.000000,1,external_module,ntoskrnl.exe,
6568,5992,22.775285100,1.000000,1,external_module,ntoskrnl.exe,
6568,5992,22.792642200,1.000000,1,xemu_image,xemu.exe,0x002ab4f9
6568,5992,22.795659700,1.000000,1,xemu_image,xemu.exe,0x0011e663
6568,5992,22.797809100,1.000000,1,xemu_image,xemu.exe,0x002aaef9
6568,5992,22.799944900,1.000000,1,external_module,nvoglv64.dll,
6568,5992,22.802166700,1.000000,1,external_module,msvcrt.dll,
6568,5992,22.817086200,1.000000,1,xemu_image,xemu.exe,0x00277c8e
6568,5992,22.836914200,1.000000,1,xemu_image,xemu.exe,0x00297b63
6568,5992,22.838562800,1.000000,1,external_module,msvcrt.dll,
6568,5992,22.841172000,1.000000,1,xemu_image,xemu.exe,0x003dc074
6568,5992,22.843457600,1.000000,1,xemu_image,xemu.exe,0x0029857c
6568,5992,22.846435900,1.000000,1,external_module,nvoglv64.dll,
6568,5992,22.861964800,1.000000,1,external_module,ntoskrnl.exe,
6568,5992,22.878933500,1.000000,1,external_module,nvoglv64.dll,
6568,5992,22.882825600,1.000000,1,xemu_image,xemu.exe,0x0011e675
6568,5992,22.884938500,1.000000,1,xemu_image,xemu.exe,0x001d49ac
6568,5992,22.887341200,1.000000,1,xemu_image,xemu.exe,0x002ab8ed
6568,5992,22.889691900,1.000000,1,xemu_image,xemu.exe,0x0011952a
6568,5992,22.902616500,1.000000,1,xemu_image,xemu.exe,0x0011e675
6568,5992,22.904797600,1.000000,1,xemu_image,xemu.exe,0x002ab503
6568,5992,22.910773400,1.000000,1,external_module,ntoskrnl.exe,
6568,5992,22.923422000,1.000000,1,external_module,msvcrt.dll,
6568,5992,22.925752700,1.000000,1,external_module,nvoglv64.dll,
6568,5992,22.929875500,1.000000,1,external_module,nvoglv64.dll,
6568,5992,22.932414400,1.000000,1,xemu_image,xemu.exe,0x0011e65f
6568,5992,22.935029500,1.000000,1,external_module,nvoglv64.dll,
6568,5992,22.954805100,1.000000,1,external_module,ntoskrnl.exe,
6568,5992,22.969378500,1.000000,1,xemu_image,xemu.exe,0x0011e650
6568,5992,22.971026400,1.000000,1,xemu_image,xemu.exe,0x0029d59a
6568,5992,22.973971400,1.000000,1,xemu_image,xemu.exe,0x006fd585
6568,5992,22.976230900,1.000000,1,xemu_image,xemu.exe,0x0029bcc1
6568,5992,22.978334600,1.000000,1,external_module,nvoglv64.dll,
6568,5992,22.981630000,1.000000,1,xemu_image,xemu.exe,0x001d6794
6568,5992,22.999646300,1.000000,1,xemu_image,xemu.exe,0x002b3e75
6568,5992,23.002672900,1.000000,1,xemu_image,xemu.exe,0x00299b12
6568,5992,23.018102600,1.000000,1,xemu_image,xemu.exe,0x002ab8c6
6568,5992,23.020450600,1.000000,1,external_module,ntdll.dll,
6568,5992,23.022827100,1.000000,1,xemu_image,xemu.exe,0x002ab417
6568,5992,23.028673100,1.000000,1,xemu_image,xemu.exe,0x001d48d8
6568,5992,23.060370400,1.000000,1,external_module,nvoglv64.dll,
6568,5992,23.080169400,1.000000,1,xemu_image,xemu.exe,0x0011e65f
6568,5992,23.082119400,1.000000,1,xemu_image,xemu.exe,0x003e1ff1
6568,5992,23.084119800,1.000000,1,external_module,nvoglv64.dll,
6568,5992,23.086514200,1.000000,1,external_module,msvcrt.dll,
6568,5992,23.089494300,1.000000,1,external_module,msvcrt.dll,
6568,5992,23.091930900,1.000000,1,external_module,msvcrt.dll,
6568,5992,23.112516500,1.000000,1,external_module,ntdll.dll,
6568,5992,23.123135900,1.000000,1,external_module,ntoskrnl.exe,
6568,5992,23.130259500,1.000000,1,xemu_image,xemu.exe,0x0011e647
6568,5992,23.132878300,1.000000,1,xemu_image,xemu.exe,0x001d3d25
6568,5992,23.135085500,1.000000,1,xemu_image,xemu.exe,0x002ab8ed
6568,5992,23.137355700,1.000000,1,xemu_image,xemu.exe,0x002ab8c6
6568,5992,23.139907000,1.000000,1,xemu_image,xemu.exe,0x0011e75a
6568,5992,23.142827100,1.000000,1,external_module,ntdll.dll,
6568,5992,23.160191500,1.000000,1,external_module,nvlddmkm.sys,
6568,5992,23.164903200,1.000000,1,external_module,nvoglv64.dll,
6568,5992,23.179708400,1.000000,1,external_module,ntdll.dll,
6568,5992,23.181593000,1.000000,1,xemu_image,xemu.exe,0x0011e5ae
6568,5992,23.184741400,1.000000,1,xemu_image,xemu.exe,0x00297b3a
6568,5992,23.187073500,1.000000,1,xemu_image,xemu.exe,0x003e1ff1
6568,5992,23.191437600,1.000000,1,xemu_image,xemu.exe,0x001d469a
6568,5992,23.208996800,1.000000,1,external_module,nvoglv64.dll,
6568,5992,23.228501900,1.000000,1,xemu_image,xemu.exe,0x002ab930
6568,5992,23.229695800,1.000000,1,external_module,msvcrt.dll,
6568,5992,23.231640300,1.000000,1,xemu_image,xemu.exe,0x0029dcc9
6568,5992,23.233805000,1.000000,1,external_module,nvoglv64.dll,
6568,5992,23.240149700,1.000000,1,external_module,msvcrt.dll,
6568,5992,23.257140700,1.000000,1,external_module,ntoskrnl.exe,
6568,5992,23.275376300,1.000000,1,xemu_image,xemu.exe,0x0029dcc9
6568,5992,23.277300300,1.000000,1,xemu_image,xemu.exe,0x002ab023
6568,5992,23.278956200,1.000000,1,external_module,msvcrt.dll,
6568,5992,23.281045000,1.000000,1,external_module,nvoglv64.dll,
6568,5992,23.283300300,1.000000,1,external_module,nvoglv64.dll,
6568,5992,23.286535400,1.000000,1,external_module,nvoglv64.dll,
6568,5992,23.303558600,1.000000,1,external_module,ntoskrnl.exe,
6568,5992,23.323630700,1.000000,1,xemu_image,xemu.exe,0x0011e65f
6568,5992,23.330226500,1.000000,1,external_module,msvcrt.dll,
6568,5992,23.332478000,1.000000,1,external_module,nvoglv64.dll,
6568,5992,23.334497500,1.000000,1,xemu_image,xemu.exe,0x001dc636
6568,5992,23.338918600,1.000000,1,xemu_image,xemu.exe,0x002aaf16
6568,5992,23.342003900,1.000000,1,external_module,nvoglv64.dll,
6568,5992,23.353343900,1.000000,1,xemu_image,xemu.exe,0x0028fab8
6568,5992,23.361219200,1.000000,1,external_module,ntoskrnl.exe,
6568,5992,23.374566500,1.000000,1,xemu_image,xemu.exe,0x006fd585
6568,5992,23.376235200,1.000000,1,external_module,msvcrt.dll,
6568,5992,23.378378900,1.000000,1,external_module,ntoskrnl.exe,
6568,5992,23.379710900,1.000000,1,xemu_image,xemu.exe,0x0028bedb
6568,5992,23.382440600,1.000000,1,xemu_image,xemu.exe,0x0011e98b
6568,5992,23.385082900,1.000000,1,external_module,nvoglv64.dll,
6568,5992,23.387955200,1.000000,1,external_module,ntoskrnl.exe,
6568,5992,23.399786200,1.000000,1,xemu_image,xemu.exe,0x002754cc
6568,5992,23.405231400,1.000000,1,external_module,ntoskrnl.exe,
6568,5992,23.417608100,1.000000,1,external_module,nvoglv64.dll,
6568,5992,23.420668500,1.000000,1,external_module,ntoskrnl.exe,
6568,5992,23.423941100,1.000000,1,external_module,ntdll.dll,
6568,5992,23.426165500,1.000000,1,xemu_image,xemu.exe,0x00274516
6568,5992,23.443044700,1.000000,1,external_module,nvoglv64.dll,
6568,5992,23.463541800,1.000000,1,xemu_image,xemu.exe,0x002ab4a6
6568,5992,23.465985100,1.000000,1,external_module,ntdll.dll,
6568,5992,23.468377100,1.000000,1,xemu_image,xemu.exe,0x002ab8cb
6568,5992,23.470610500,1.000000,1,xemu_image,xemu.exe,0x0027543d
6568,5992,23.473733800,1.000000,1,external_module,nvoglv64.dll,
6568,5992,23.487128900,1.000000,1,external_module,nvoglv64.dll,
6568,5992,23.494133000,1.000000,1,external_module,ntoskrnl.exe,
6568,5992,23.507007800,1.000000,1,xemu_image,xemu.exe,0x0029d31a
6568,5992,23.508274200,1.000000,1,xemu_image,xemu.exe,0x001d689c
6568,5992,23.511821000,1.000000,1,xemu_image,xemu.exe,0x001d9721
6568,5992,23.515774600,1.000000,1,external_module,msvcrt.dll,
6568,5992,23.527174500,1.000000,1,external_module,nvoglv64.dll,
6568,5992,23.530231100,1.000000,1,external_module,ntoskrnl.exe,
6568,5992,23.546427800,1.000000,1,external_module,msvcrt.dll,
6568,5992,23.547816700,1.000000,1,xemu_image,xemu.exe,0x006fd585
6568,5992,23.549394800,1.000000,1,xemu_image,xemu.exe,0x0027451a
6568,5992,23.551208400,1.000000,1,xemu_image,xemu.exe,0x0011e647
6568,5992,23.553512700,1.000000,1,external_module,nvoglv64.dll,
6568,5992,23.555501100,1.000000,1,xemu_image,xemu.exe,0x001d3fb5
6568,5992,23.570739400,1.000000,1,external_module,ntoskrnl.exe,
6568,5992,23.572742800,1.000000,1,unknown_external,,
6568,5992,23.574979700,1.000000,1,external_module,ntoskrnl.exe,
6568,5992,23.581766400,1.000000,1,xemu_image,xemu.exe,0x002744fc
6568,5992,23.600237700,1.000000,1,xemu_image,xemu.exe,0x00294272
6568,5992,23.604571500,1.000000,1,external_module,ntoskrnl.exe,
6568,5992,23.608451100,1.000000,1,external_module,ntoskrnl.exe,
6568,5992,23.626867600,1.000000,1,xemu_image,xemu.exe,0x001dc41d
6568,5992,23.628523700,1.000000,1,xemu_image,xemu.exe,0x0029dccd
6568,5992,23.630527300,1.000000,1,external_module,ntdll.dll,
6568,5992,23.632580900,1.000000,1,xemu_image,xemu.exe,0x0029843c
6568,5992,23.634622700,1.000000,1,external_module,ntdll.dll,
6568,5992,23.637150800,1.000000,1,xemu_image,xemu.exe,0x0011e681
6568,5992,23.651778100,1.000000,1,xemu_image,xemu.exe,0x001d4055
6568,5992,23.667961800,1.000000,1,xemu_image,xemu.exe,0x001dc4ec
6568,5992,23.670744700,1.000000,1,xemu_image,xemu.exe,0x002ab8c6
6568,5992,23.672961900,1.000000,1,xemu_image,xemu.exe,0x001d48dd
6568,5992,23.674879500,1.000000,1,external_module,nvoglv64.dll,
6568,5992,23.677574700,1.000000,1,xemu_image,xemu.exe,0x0028f80f
6568,5992,23.681786000,1.000000,1,external_module,nvoglv64.dll,
6568,5992,23.694547200,1.000000,1,external_module,ntdll.dll,
6568,5992,23.714541200,1.000000,1,xemu_image,xemu.exe,0x0028f7d7
6568,5992,23.716767900,1.000000,1,xemu_image,xemu.exe,0x003e201c
6568,5992,23.718663800,1.000000,1,xemu_image,xemu.exe,0x002ab8c6
6568,5992,23.721303400,1.000000,1,external_module,ntoskrnl.exe,
6568,5992,23.735671500,1.000000,1,external_module,nvoglv64.dll,
6568,5992,23.744709100,1.000000,1,external_module,ntoskrnl.exe,
6568,5992,23.755491800,1.000000,1,xemu_image,xemu.exe,0x002ab027
6568,5992,23.758044900,1.000000,1,external_module,ntdll.dll,
6568,5992,23.760055200,1.000000,1,xemu_image,xemu.exe,0x0028c9c3
6568,5992,23.762657400,1.000000,1,xemu_image,xemu.exe,0x001d4005
6568,5992,23.778728400,1.000000,1,external_module,ntdll.dll,
6568,5992,23.783048800,1.000000,1,external_module,ntoskrnl.exe,
6568,5992,23.784551800,1.000000,1,xemu_image,xemu.exe,0x00860c10
6568,5992,23.795367200,1.000000,1,xemu_image,xemu.exe,0x0011e66b
6568,5992,23.799271400,1.000000,1,external_module,msvcrt.dll,
6568,5992,23.801329600,1.000000,1,xemu_image,xemu.exe,0x001d3de5
6568,5992,23.803102200,1.000000,1,xemu_image,xemu.exe,0x001d3fb5
6568,5992,23.805091100,1.000000,1,external_module,ntdll.dll,
6568,5992,23.820658100,1.000000,1,external_module,nvoglv64.dll,
6568,5992,23.840904700,1.000000,1,xemu_image,xemu.exe,0x0011e675
6568,5992,23.842353600,1.000000,1,xemu_image,xemu.exe,0x001dc69d
6568,5992,23.844733100,1.000000,1,external_module,ntoskrnl.exe,
6568,5992,23.846531300,1.000000,1,external_module,msvcrt.dll,
6568,5992,23.848407800,1.000000,1,xemu_image,xemu.exe,0x0011e65f
6568,5992,23.853770200,1.000000,1,external_module,ntoskrnl.exe,
6568,5992,23.865365200,1.000000,1,xemu_image,xemu.exe,0x0027567a
6568,5992,23.869691900,1.000000,1,external_module,ntoskrnl.exe,
6568,5992,23.882828000,1.000000,1,external_module,msvcrt.dll,
6568,5992,23.884995000,1.000000,1,xemu_image,xemu.exe,0x006fd43a
6568,5992,23.886779500,1.000000,1,xemu_image,xemu.exe,0x0011e75a
6568,5992,23.889456700,1.000000,1,xemu_image,xemu.exe,0x002aaf2f
6568,5992,23.891326200,1.000000,1,xemu_image,xemu.exe,0x006fd544
6568,5992,23.893696600,1.000000,1,xemu_image,xemu.exe,0x002adbd0
6568,5992,23.896112700,1.000000,1,external_module,ntoskrnl.exe,
6568,5992,23.907872700,1.000000,1,xemu_image,xemu.exe,0x002ab8cb
6568,5992,23.924196100,1.000000,1,xemu_image,xemu.exe,0x002ab8c6
6568,5992,23.927077100,1.000000,1,xemu_image,xemu.exe,0x0011e66b
6568,5992,23.928803600,1.000000,1,external_module,nvoglv64.dll,
6568,5992,23.931055700,1.000000,1,external_module,ntdll.dll,
6568,5992,23.933340900,1.000000,1,xemu_image,xemu.exe,0x0011e665
6568,5992,23.948660500,1.000000,1,xemu_image,xemu.exe,0x002b3e75
6568,5992,23.958366600,1.000000,1,external_module,ntoskrnl.exe,
6568,5992,23.960626700,1.000000,1,external_module,ntoskrnl.exe,
6568,5992,23.978712100,1.000000,1,external_module,nvoglv64.dll,
6568,5992,23.980017400,1.000000,1,xemu_image,xemu.exe,0x003dc060
6568,5992,23.981839400,1.000000,1,xemu_image,xemu.exe,0x001d4692
6568,5992,23.984732200,1.000000,1,external_module,ntdll.dll,
6568,5992,23.986706400,1.000000,1,external_module,nvoglv64.dll,
6568,5992,23.988902700,1.000000,1,external_module,nvoglv64.dll,
6568,5992,24.002180200,1.000000,1,xemu_image,xemu.exe,0x0011e647
6568,5992,24.021846700,1.000000,1,external_module,ntdll.dll,
6568,5992,24.024909000,1.000000,1,xemu_image,xemu.exe,0x0011e66b
6568,5992,24.027449300,1.000000,1,xemu_image,xemu.exe,0x0011e66b
6568,5992,24.029534900,1.000000,1,xemu_image,xemu.exe,0x002ab8c6
6568,5992,24.043299000,1.000000,1,external_module,ntoskrnl.exe,
6568,5992,24.046753100,1.000000,1,xemu_image,xemu.exe,0x002ab4bf
6568,5992,24.064225000,1.000000,1,xemu_image,xemu.exe,0x0011e65f
6568,5992,24.065998200,1.000000,1,xemu_image,xemu.exe,0x001d32c6
6568,5992,24.067711000,1.000000,1,xemu_image,xemu.exe,0x00298774
6568,5992,24.070752800,1.000000,1,external_module,ntoskrnl.exe,
6568,5992,24.072559200,1.000000,1,xemu_image,xemu.exe,0x002b3e71
6568,5992,24.088796700,1.000000,1,external_module,ntoskrnl.exe,
6568,5992,24.094333500,1.000000,1,external_module,ntoskrnl.exe,
6568,5992,24.107793900,1.000000,1,xemu_image,xemu.exe,0x002ab8c6
6568,5992,24.109471100,1.000000,1,xemu_image,xemu.exe,0x001dc3ee
6568,5992,24.111074600,1.000000,1,external_module,ntoskrnl.exe,
6568,5992,24.114147000,1.000000,1,xemu_image,xemu.exe,0x0029a52a
6568,5992,24.116215000,1.000000,1,external_module,nvoglv64.dll,
6568,5992,24.119969100,1.000000,1,external_module,nvoglv64.dll,
6568,5992,24.131515200,1.000000,1,external_module,ntoskrnl.exe,
6568,5992,24.135963000,1.000000,1,external_module,ntoskrnl.exe,
6568,5992,24.148365000,1.000000,1,external_module,nvoglv64.dll,
6568,5992,24.149984500,1.000000,1,external_module,msvcrt.dll,
6568,5992,24.151444900,1.000000,1,external_module,msvcrt.dll,
6568,5992,24.153685500,1.000000,1,xemu_image,xemu.exe,0x003dc060
6568,5992,24.157216200,1.000000,1,xemu_image,xemu.exe,0x0011e65f
6568,5992,24.159707300,1.000000,1,external_module,msvcrt.dll,
6568,5992,24.179412500,1.000000,1,xemu_image,xemu.exe,0x002ab8cb
6568,5992,24.195675300,1.000000,1,xemu_image,xemu.exe,0x0029857c
6568,5992,24.197389000,1.000000,1,xemu_image,xemu.exe,0x003dc074
6568,5992,24.199100100,1.000000,1,xemu_image,xemu.exe,0x00296911
6568,5992,24.201163400,1.000000,1,external_module,msvcrt.dll,
6568,5992,24.202992400,1.000000,1,xemu_image,xemu.exe,0x0011e681
6568,5992,24.204886600,1.000000,1,external_module,msvcrt.dll,
6568,5992,24.208157200,1.000000,1,xemu_image,xemu.exe,0x0011e644
6568,5992,24.221880600,1.000000,1,external_module,ntoskrnl.exe,
6568,5992,24.243644400,1.000000,1,external_module,msvcrt.dll,
6568,5992,24.245398000,1.000000,1,external_module,nvoglv64.dll,
6568,5992,24.247129800,1.000000,1,xemu_image,xemu.exe,0x0011e65f
6568,5992,24.250015900,1.000000,1,external_module,nvoglv64.dll,
6568,5992,24.259276400,1.000000,1,external_module,ntdll.dll,
6568,5992,24.264567600,1.000000,1,external_module,nvoglv64.dll,
6568,5992,24.278327100,1.000000,1,external_module,nvoglv64.dll,
6568,5992,24.279820500,1.000000,1,xemu_image,xemu.exe,0x0011e65f
6568,5992,24.281480100,1.000000,1,external_module,nvoglv64.dll,
6568,5992,24.284433400,1.000000,1,xemu_image,xemu.exe,0x001d55a4
6568,5992,24.286509900,1.000000,1,xemu_image,xemu.exe,0x0011e650
6568,5992,24.288639800,1.000000,1,external_module,nvoglv64.dll,
6568,5992,24.291211600,1.000000,1,xemu_image,xemu.exe,0x0011e665
6568,5992,24.303394100,1.000000,1,external_module,ntoskrnl.exe,
6568,5992,24.305296600,1.000000,1,external_module,nvoglv64.dll,
6568,5992,24.327026100,1.000000,1,external_module,msvcrt.dll,
6568,5992,24.328944700,1.000000,1,external_module,nvoglv64.dll,
6568,5992,24.331553800,1.000000,1,xemu_image,xemu.exe,0x0028d3b6
6568,5992,24.343962300,1.000000,1,external_module,nvoglv64.dll,
6568,5992,24.360813300,1.000000,1,external_module,msvcrt.dll,
6568,5992,24.362607100,1.000000,1,xemu_image,xemu.exe,0x0011e65f
6568,5992,24.363756100,1.000000,1,xemu_image,xemu.exe,0x00298ae6
6568,5992,24.365980400,1.000000,1,external_module,msvcrt.dll,
6568,5992,24.369975800,1.000000,1,external_module,msvcrt.dll,
6568,5992,24.385233500,1.000000,1,external_module,msvcrt.dll,
6568,5992,24.402936200,1.000000,1,external_module,msvcrt.dll,
6568,5992,24.404744500,1.000000,1,external_module,nvoglv64.dll,
6568,5992,24.406629200,1.000000,1,xemu_image,xemu.exe,0x002aac43
6568,5992,24.408788500,1.000000,1,external_module,ntdll.dll,
6568,5992,24.413075100,1.000000,1,xemu_image,xemu.exe,0x0011e65a
6568,5992,24.415179300,1.000000,1,external_module,nvoglv64.dll,
6568,5992,24.429681100,1.000000,1,xemu_image,xemu.exe,0x001d4055
6568,5992,24.446369400,1.000000,1,external_module,msvcrt.dll,
6568,5992,24.449295900,1.000000,1,external_module,vulkan-1.dll,
6568,5992,24.451258800,1.000000,1,external_module,msvcrt.dll,
6568,5992,24.453125900,1.000000,1,external_module,nvoglv64.dll,
6568,5992,24.456657700,1.000000,1,external_module,nvoglv64.dll,
6568,5992,24.472281100,1.000000,1,external_module,ntdll.dll,
6568,5992,24.491050000,1.000000,1,xemu_image,xemu.exe,0x001d407c
6568,5992,24.492643300,1.000000,1,xemu_image,xemu.exe,0x001d48dd
6568,5992,24.494815100,1.000000,1,external_module,ntoskrnl.exe,
6568,5992,24.497910700,1.000000,1,xemu_image,xemu.exe,0x002755d6
6568,5992,24.500972700,1.000000,1,xemu_image,xemu.exe,0x0011e65f
6568,5992,24.511324800,1.000000,1,external_module,ntoskrnl.exe,
6568,5992,24.513566200,1.000000,1,xemu_image,xemu.exe,0x00279695
6568,5992,24.531575700,1.000000,1,xemu_image,xemu.exe,0x0011e647
6568,5992,24.536005000,1.000000,1,xemu_image,xemu.exe,0x00299b12
6568,5992,24.537820500,1.000000,1,xemu_image,xemu.exe,0x001dac02
6568,5992,24.540242200,1.000000,1,xemu_image,xemu.exe,0x0029dcc9
6568,5992,24.543145300,1.000000,1,external_module,nvoglv64.dll,
6568,5992,24.555864900,1.000000,1,external_module,ntoskrnl.exe,
6568,5992,24.575653400,1.000000,1,xemu_image,xemu.exe,0x0029898a
6568,5992,24.577331800,1.000000,1,external_module,nvoglv64.dll,
6568,5992,24.578932100,1.000000,1,xemu_image,xemu.exe,0x001d4551
6568,5992,24.580903500,1.000000,1,external_module,nvoglv64.dll,
6568,5992,24.583270600,1.000000,1,xemu_image,xemu.exe,0x0011e65f
6568,5992,24.585461200,1.000000,1,xemu_image,xemu.exe,0x001d4c7c
6568,5992,24.588080600,1.000000,1,external_module,nvoglv64.dll,
6568,5992,24.599159500,1.000000,1,external_module,ntoskrnl.exe,
6568,5992,24.601451900,1.000000,1,external_module,ntoskrnl.exe,
6568,5992,24.610788300,1.000000,1,external_module,ntoskrnl.exe,
6568,5992,24.617053400,1.000000,1,xemu_image,xemu.exe,0x00275591
6568,5992,24.619556100,1.000000,1,xemu_image,xemu.exe,0x001d6c31
6568,5992,24.621781800,1.000000,1,external_module,ntdll.dll,
6568,5992,24.626015100,1.000000,1,external_module,nvoglv64.dll,
6568,5992,24.680043500,1.000000,1,xemu_image,xemu.exe,0x006e650a
6568,5992,24.682715100,1.000000,1,external_module,msvcrt.dll,
6568,5992,24.685152000,1.000000,1,xemu_image,xemu.exe,0x002ad9c4
6568,5992,24.690405500,1.000000,1,external_module,ntoskrnl.exe,
6568,5992,24.701752000,1.000000,1,external_module,ntoskrnl.exe,
6568,5992,24.706606800,1.000000,1,external_module,ntoskrnl.exe,
6568,5992,24.724435400,1.000000,1,external_module,ntdll.dll,
6568,5992,24.729208900,1.000000,1,xemu_image,xemu.exe,0x001d4005
6568,5992,24.732526800,1.000000,1,external_module,dxgkrnl.sys,
6568,5992,24.740955900,1.000000,1,xemu_image,xemu.exe,0x002a6ae4
6568,5992,24.744324100,1.000000,1,xemu_image,xemu.exe,0x002adbc7
6568,5992,24.757084500,1.000000,1,external_module,nvoglv64.dll,
6568,5992,24.759101400,1.000000,1,external_module,nvoglv64.dll,
6568,5992,24.760777800,1.000000,1,xemu_image,xemu.exe,0x00291c93
6568,5992,24.762387900,1.000000,1,xemu_image,xemu.exe,0x006fd55b
6568,5992,24.764741000,1.000000,1,external_module,nvoglv64.dll,
6568,5992,24.766684000,1.000000,1,external_module,ntdll.dll,
6568,5992,24.780693400,1.000000,1,xemu_image,xemu.exe,0x010ba560
6568,5992,24.782292400,1.000000,1,external_module,nvoglv64.dll,
6568,5992,24.794796500,1.000000,1,external_module,ntoskrnl.exe,
6568,5992,24.799072200,1.000000,1,xemu_image,xemu.exe,0x002b3e75
6568,5992,24.800860100,1.000000,1,xemu_image,xemu.exe,0x0011e65f
6568,5992,24.803539700,1.000000,1,xemu_image,xemu.exe,0x00298786
6568,5992,24.806295600,1.000000,1,external_module,nvoglv64.dll,
6568,5992,24.808470900,1.000000,1,xemu_image,xemu.exe,0x001d1ae4
6568,5992,24.826261200,1.000000,1,external_module,nvlddmkm.sys,
6568,5992,24.845620600,1.000000,1,xemu_image,xemu.exe,0x0028bebd
6568,5992,24.849252900,1.000000,1,xemu_image,xemu.exe,0x0011e665
6568,5992,24.851186000,1.000000,1,external_module,nvoglv64.dll,
6568,5992,24.853292500,1.000000,1,xemu_image,xemu.exe,0x0011e65f
6568,5992,24.856100500,1.000000,1,xemu_image,xemu.exe,0x0027562e
6568,5992,24.871775100,1.000000,1,xemu_image,xemu.exe,0x001d757c
6568,5992,24.875913400,1.000000,1,external_module,ntoskrnl.exe,
6568,5992,24.890397000,1.000000,1,xemu_image,xemu.exe,0x002ab8c6
6568,5992,24.891732100,1.000000,1,xemu_image,xemu.exe,0x0011e663
6568,5992,24.894128400,1.000000,1,external_module,ntoskrnl.exe,
6568,5992,24.895402300,1.000000,1,xemu_image,xemu.exe,0x0029dccd
6568,5992,24.896939200,1.000000,1,external_module,nvoglv64.dll,
6568,5992,24.898725600,1.000000,1,external_module,ntoskrnl.exe,
6568,5992,24.900873400,1.000000,1,external_module,ntdll.dll,
6568,5992,24.911379000,1.000000,1,xemu_image,xemu.exe,0x002af63f
6568,5992,24.914015600,1.000000,1,xemu_image,xemu.exe,0x0011e665
6568,5992,24.930884800,1.000000,1,xemu_image,xemu.exe,0x002ab027
6568,5992,24.932256800,1.000000,1,xemu_image,xemu.exe,0x0011e65f
6568,5992,24.933942400,1.000000,1,external_module,ntdll.dll,
6568,5992,24.935792800,1.000000,1,external_module,msvcrt.dll,
6568,5992,24.937143900,1.000000,1,external_module,msvcrt.dll,
6568,5992,24.938607700,1.000000,1,xemu_image,xemu.exe,0x0011e65f
6568,5992,24.940882300,1.000000,1,xemu_image,xemu.exe,0x002756a2
6568,5992,24.943450500,1.000000,1,external_module,nvoglv64.dll,
6568,5992,24.974148100,1.000000,1,external_module,vulkan-1.dll,
6568,5992,24.978263300,1.000000,1,external_module,ntdll.dll,
6568,5992,24.980713800,1.000000,1,external_module,nvoglv64.dll,
6568,5992,24.982043600,1.000000,1,external_module,nvoglv64.dll,
6568,5992,24.983497900,1.000000,1,xemu_image,xemu.exe,0x002ab8d4
6568,5992,24.986033600,1.000000,1,external_module,ntdll.dll,
6568,5992,24.998861200,1.000000,1,xemu_image,xemu.exe,0x00298b5b
6568,5992,25.000976000,1.000000,1,external_module,ntoskrnl.exe,
6568,5992,25.010733800,1.000000,1,external_module,nvoglv64.dll,
6568,5992,25.016565800,1.000000,1,external_module,msvcrt.dll,
6568,5992,25.017817000,1.000000,1,xemu_image,xemu.exe,0x00295513
6568,5992,25.020720800,1.000000,1,external_module,ntdll.dll,
6568,5992,25.022433500,1.000000,1,xemu_image,xemu.exe,0x002ab451
6568,5992,25.025656700,1.000000,1,external_module,ntdll.dll,
6568,5992,25.027278000,1.000000,1,xemu_image,xemu.exe,0x002ab4a6
6568,5992,25.042058800,1.000000,1,xemu_image,xemu.exe,0x0029695b
6568,5992,25.044162400,1.000000,1,external_module,ntoskrnl.exe,
6568,5992,25.059143000,1.000000,1,external_module,msvcrt.dll,
6568,5992,25.062873300,1.000000,1,xemu_image,xemu.exe,0x001d698c
6568,5992,25.064317500,1.000000,1,external_module,ntdll.dll,
6568,5992,25.066265000,1.000000,1,xemu_image,xemu.exe,0x0011e65f
6568,5992,25.067910200,1.000000,1,xemu_image,xemu.exe,0x0011e65f
6568,5992,25.069726200,1.000000,1,xemu_image,xemu.exe,0x001dc42c
6568,5992,25.083718100,1.000000,1,xemu_image,xemu.exe,0x002756c0
6568,5992,25.085731800,1.000000,1,external_module,nvoglv64.dll,
6568,5992,25.094072800,1.000000,1,external_module,nvoglv64.dll,
6568,5992,25.101164800,1.000000,1,xemu_image,xemu.exe,0x0028c208
6568,5992,25.102489800,1.000000,1,xemu_image,xemu.exe,0x001d3fb5
6568,5992,25.103589900,1.000000,1,external_module,nvoglv64.dll,
6568,5992,25.107450200,1.000000,1,external_module,nvoglv64.dll,
6568,5992,25.110743700,1.000000,1,xemu_image,xemu.exe,0x002aae76
6568,5992,25.113619200,1.000000,1,xemu_image,xemu.exe,0x001dc39b
6568,5992,25.129008500,1.000000,1,external_module,ntoskrnl.exe,
6568,5992,25.131663900,1.000000,1,external_module,msvcrt.dll,
6568,5992,25.149216400,1.000000,1,external_module,ntdll.dll,
6568,5992,25.150499100,1.000000,1,xemu_image,xemu.exe,0x0011b019
6568,5992,25.152342800,1.000000,1,xemu_image,xemu.exe,0x0011e938
6568,5992,25.153975500,1.000000,1,xemu_image,xemu.exe,0x002ab038
6568,5992,25.155439900,1.000000,1,xemu_image,xemu.exe,0x002aaf2f
6568,5992,25.159010100,1.000000,1,external_module,msvcrt.dll,
6568,5992,25.160470500,1.000000,1,external_module,ntdll.dll,
6568,5992,25.179306900,1.000000,1,external_module,nvoglv64.dll,
6568,5992,25.181416900,1.000000,1,xemu_image,xemu.exe,0x006fd6db
6568,5992,25.207475300,1.000000,1,xemu_image,xemu.exe,0x0028cb6c
6568,5992,25.208807400,1.000000,1,xemu_image,xemu.exe,0x0028beb5
6568,5992,25.211680300,1.000000,1,xemu_image,xemu.exe,0x002756b0
6568,5992,25.213283000,1.000000,1,external_module,msvcrt.dll,
6568,5992,25.214651600,1.000000,1,external_module,ntdll.dll,
6568,5992,25.217011900,1.000000,1,xemu_image,xemu.exe,0x0011e665
6568,5992,25.218831100,1.000000,1,external_module,ntdll.dll,
6568,5992,25.240397700,1.000000,1,external_module,nvoglv64.dll,
6568,5992,25.243537600,1.000000,1,external_module,nvoglv64.dll,
6568,5992,25.256564400,1.000000,1,xemu_image,xemu.exe,0x0028c015
6568,5992,25.259561700,1.000000,1,xemu_image,xemu.exe,0x0011e8de
6568,5992,25.261565400,1.000000,1,external_module,ntoskrnl.exe,
6568,5992,25.264374800,1.000000,1,external_module,nvoglv64.dll,
6568,5992,25.266256700,1.000000,1,xemu_image,xemu.exe,0x002ad9f2
6568,5992,25.269726800,1.000000,1,external_module,nvoglv64.dll,
6568,5992,25.285306000,1.000000,1,xemu_image,xemu.exe,0x001d7578
6568,5992,25.310856900,1.000000,1,external_module,ntoskrnl.exe,
6568,5992,25.313792300,1.000000,1,external_module,msvcrt.dll,
6568,5992,25.315719000,1.000000,1,xemu_image,xemu.exe,0x0011e65f
6568,5992,25.317832100,1.000000,1,external_module,nvoglv64.dll,
6568,5992,25.329197300,1.000000,1,xemu_image,xemu.exe,0x002753d4
6568,5992,25.348150100,1.000000,1,external_module,nvoglv64.dll,
6568,5992,25.349870900,1.000000,1,xemu_image,xemu.exe,0x001dc68d
6568,5992,25.353187000,1.000000,1,external_module,nvoglv64.dll,
6568,5992,25.355687400,1.000000,1,xemu_image,xemu.exe,0x001d3d2a
6568,5992,25.357967100,1.000000,1,xemu_image,xemu.exe,0x0028c208
6568,5992,25.360546500,1.000000,1,xemu_image,xemu.exe,0x001d6878
6568,5992,25.371759700,1.000000,1,external_module,ntoskrnl.exe,
6568,5992,25.390989800,1.000000,1,xemu_image,xemu.exe,0x00298754
6568,5992,25.393014800,1.000000,1,external_module,msvcrt.dll,
6568,5992,25.398416900,1.000000,1,external_module,nvoglv64.dll,
6568,5992,25.400385900,1.000000,1,xemu_image,xemu.exe,0x002aafa9
6568,5992,25.402621200,1.000000,1,external_module,nvoglv64.dll,
6568,5992,25.405280000,1.000000,1,xemu_image,xemu.exe,0x002ab417
6568,5992,25.422287900,1.000000,1,xemu_image,xemu.exe,0x00274516
6568,5992,25.438173600,1.000000,1,xemu_image,xemu.exe,0x0011e65f
6568,5992,25.442364100,1.000000,1,external_module,nvoglv64.dll,
6568,5992,25.444319500,1.000000,1,external_module,nvoglv64.dll,
6568,5992,25.446528100,1.000000,1,external_module,nvoglv64.dll,
6568,5992,25.448613000,1.000000,1,xemu_image,xemu.exe,0x001dc384
6568,5992,25.464043900,1.000000,1,external_module,ntoskrnl.exe,
6568,5992,25.481472800,1.000000,1,external_module,nvoglv64.dll,
6568,5992,25.483364900,1.000000,1,xemu_image,xemu.exe,0x0011e703
6568,5992,25.485447600,1.000000,1,xemu_image,xemu.exe,0x0029dcc9
6568,5992,25.489298200,1.000000,1,external_module,msvcrt.dll,
6568,5992,25.491467700,1.000000,1,external_module,msvcrt.dll,
6568,5992,25.505565200,1.000000,1,external_module,nvlddmkm.sys,
6568,5992,25.507743100,1.000000,1,xemu_image,xemu.exe,0x002aae70
6568,5992,25.524418400,1.000000,1,external_module,nvoglv64.dll,
6568,5992,25.526538500,1.000000,1,external_module,msvcrt.dll,
6568,5992,25.528357700,1.000000,1,external_module,msvcrt.dll,
6568,5992,25.530190500,1.000000,1,external_module,nvoglv64.dll,
6568,5992,25.534186400,1.000000,1,external_module,msvcrt.dll,
6568,5992,25.536693700,1.000000,1,external_module,nvoglv64.dll,
6568,5992,25.548033100,1.000000,1,external_module,ntdll.dll,
6568,5992,25.550394800,1.000000,1,external_module,nvoglv64.dll,
6568,5992,25.561320400,1.000000,1,external_module,ntoskrnl.exe,
6568,5992,25.566583900,1.000000,1,external_module,nvoglv64.dll,
6568,5992,25.568126600,1.000000,1,xemu_image,xemu.exe,0x0029857c
6568,5992,25.570813800,1.000000,1,xemu_image,xemu.exe,0x001d46fc
6568,5992,25.574077800,1.000000,1,xemu_image,xemu.exe,0x002aaef9
6568,5992,25.576046200,1.000000,1,external_module,ntdll.dll,
6568,5992,25.588873500,1.000000,1,external_module,ntdll.dll,
6568,5992,25.591418800,1.000000,1,xemu_image,xemu.exe,0x003e1ffc
6568,5992,25.594239300,1.000000,1,external_module,ntoskrnl.exe,
6568,5992,25.606624300,1.000000,1,external_module,nvoglv64.dll,
6568,5992,25.609899300,1.000000,1,external_module,msvcrt.dll,
6568,5992,25.611939600,1.000000,1,xemu_image,xemu.exe,0x002ab4c7
6568,5992,25.613330500,1.000000,1,xemu_image,xemu.exe,0x002aaefd
6568,5992,25.615215600,1.000000,1,external_module,msvcrt.dll,
6568,5992,25.617472300,1.000000,1,xemu_image,xemu.exe,0x00298794
6568,5992,25.631028000,1.000000,1,xemu_image,xemu.exe,0x00299fb6
6568,5992,25.633339000,1.000000,1,xemu_image,xemu.exe,0x0028c055
6568,5992,25.650962000,1.000000,1,xemu_image,xemu.exe,0x00275549
6568,5992,25.652773400,1.000000,1,xemu_image,xemu.exe,0x002b3d2b
6568,5992,25.654618800,1.000000,1,xemu_image,xemu.exe,0x0011e644
6568,5992,25.656713100,1.000000,1,external_module,nvoglv64.dll,
6568,5992,25.660959900,1.000000,1,xemu_image,xemu.exe,0x003e201c
6568,5992,25.677448500,1.000000,1,xemu_image,xemu.exe,0x00277c8e
6568,5992,25.680991900,1.000000,1,external_module,nvlddmkm.sys,
6568,5992,25.695285300,1.000000,1,xemu_image,xemu.exe,0x002aaa76
6568,5992,25.696548600,1.000000,1,xemu_image,xemu.exe,0x0011e65f
6568,5992,25.698324200,1.000000,1,xemu_image,xemu.exe,0x006fd55f
6568,5992,25.700712100,1.000000,1,external_module,msvcrt.dll,
6568,5992,25.703140600,1.000000,1,xemu_image,xemu.exe,0x0029d303
6568,5992,25.705319800,1.000000,1,xemu_image,xemu.exe,0x0011e65f
6568,5992,25.707769600,1.000000,1,external_module,nvoglv64.dll,
6568,5992,25.719017200,1.000000,1,external_module,ntoskrnl.exe,
6568,5992,25.740253100,1.000000,1,xemu_image,xemu.exe,0x0028c208
6568,5992,25.741798700,1.000000,1,external_module,graphics-hook64.dll,
6568,5992,25.746273000,1.000000,1,xemu_image,xemu.exe,0x002968f2
6568,5992,25.747624700,1.000000,1,external_module,msvcrt.dll,
6568,5992,25.778823700,1.000000,1,xemu_image,xemu.exe,0x001dc636
6568,5992,25.795874500,1.000000,1,xemu_image,xemu.exe,0x00298754
6568,5992,25.799573600,1.000000,1,external_module,nvoglv64.dll,
6568,5992,25.801505300,1.000000,1,xemu_image,xemu.exe,0x0011e65f
6568,5992,25.805462900,1.000000,1,xemu_image,xemu.exe,0x001d4842
6568,5992,25.821366900,1.000000,1,external_module,nvoglv64.dll,
6568,5992,25.827981900,1.000000,1,external_module,ntoskrnl.exe,
6568,5992,25.848291400,1.000000,1,external_module,nvoglv64.dll,
6568,5992,25.860679800,1.000000,1,xemu_image,xemu.exe,0x001d7ad1
6568,5992,25.863610500,1.000000,1,external_module,nvoglv64.dll,
6568,5992,25.878834300,1.000000,1,xemu_image,xemu.exe,0x0011e647
6568,5992,25.880511300,1.000000,1,external_module,ntdll.dll,
6568,5992,25.882034600,1.000000,1,external_module,nvoglv64.dll,
6568,5992,25.884517400,1.000000,1,xemu_image,xemu.exe,0x00275549
6568,5992,25.886621900,1.000000,1,xemu_image,xemu.exe,0x003dc074
6568,5992,25.889391400,1.000000,1,xemu_image,xemu.exe,0x003dc061
6568,5992,25.903605100,1.000000,1,xemu_image,xemu.exe,0x002968f2
6568,5992,25.908083200,1.000000,1,external_module,ntoskrnl.exe,
6568,5992,25.923334800,1.000000,1,xemu_image,xemu.exe,0x002ab8c6
6568,5992,25.924760300,1.000000,1,xemu_image,xemu.exe,0x001dc3a2
6568,5992,25.927169100,1.000000,1,external_module,msvcrt.dll,
6568,5992,25.928440400,1.000000,1,xemu_image,xemu.exe,0x002ab027
6568,5992,25.929574600,1.000000,1,external_module,nvoglv64.dll,
6568,5992,25.930808700,1.000000,1,xemu_image,xemu.exe,0x002753d4
6568,5992,25.931985100,1.000000,1,external_module,msvcrt.dll,
6568,5992,25.933666600,1.000000,1,external_module,nvoglv64.dll,
6568,5992,25.935359800,1.000000,1,external_module,nvoglv64.dll,
6568,5992,25.945647100,1.000000,1,external_module,ntoskrnl.exe,
6568,5992,25.948562400,1.000000,1,external_module,msvcrt.dll,
6568,5992,25.963527500,1.000000,1,xemu_image,xemu.exe,0x0011e66b
6568,5992,25.965719000,1.000000,1,xemu_image,xemu.exe,0x0011e647
6568,5992,25.966913800,1.000000,1,xemu_image,xemu.exe,0x00279672
6568,5992,25.969416100,1.000000,1,external_module,ntdll.dll,
6568,5992,25.970714400,1.000000,1,external_module,msvcrt.dll,
6568,5992,25.972135000,1.000000,1,external_module,nvoglv64.dll,
6568,5992,25.975011000,1.000000,1,external_module,nvoglv64.dll,
6568,5992,25.988485400,1.000000,1,external_module,ntoskrnl.exe,
6568,5992,25.990011600,1.000000,1,xemu_image,xemu.exe,0x0011e647
6568,5992,25.994640500,1.000000,1,external_module,ntoskrnl.exe,
6568,5992,26.007538800,1.000000,1,xemu_image,xemu.exe,0x0011e6f5
6568,5992,26.008738900,1.000000,1,external_module,ntdll.dll,
6568,5992,26.010976200,1.000000,1,external_module,ntoskrnl.exe,
6568,5992,26.013126200,1.000000,1,xemu_image,xemu.exe,0x001d96d8
6568,5992,26.014523000,1.000000,1,xemu_image,xemu.exe,0x0011e671
6568,5992,26.015712900,1.000000,1,external_module,nvoglv64.dll,
6568,5992,26.017511700,1.000000,1,xemu_image,xemu.exe,0x002ab420
6568,5992,26.019213300,1.000000,1,external_module,ntoskrnl.exe,
6568,5992,26.031466000,1.000000,1,external_module,nvoglv64.dll,
6568,5992,26.033607600,1.000000,1,external_module,nvoglv64.dll,
6568,5992,26.048477500,1.000000,1,xemu_image,xemu.exe,0x002ab8c6
6568,5992,26.051958400,1.000000,1,xemu_image,xemu.exe,0x001d48ea
6568,5992,26.054415800,1.000000,1,external_module,msvcrt.dll,
6568,5992,26.055746100,1.000000,1,external_module,ntdll.dll,
6568,5992,26.057215300,1.000000,1,external_module,nvoglv64.dll,
6568,5992,26.075192600,1.000000,1,external_module,ntoskrnl.exe,
6568,5992,26.077333800,1.000000,1,external_module,nvoglv64.dll,
6568,5992,26.080103400,1.000000,1,external_module,msvcrt.dll,
6568,5992,26.095026900,1.000000,1,xemu_image,xemu.exe,0x0011e657
6568,5992,26.098449700,1.000000,1,xemu_image,xemu.exe,0x001d32b4
6568,5992,26.100630600,1.000000,1,xemu_image,xemu.exe,0x0011e6f5
6568,5992,26.102718300,1.000000,1,external_module,nvoglv64.dll,
6568,5992,26.104648400,1.000000,1,xemu_image,xemu.exe,0x002b3e71
6568,5992,26.106628600,1.000000,1,external_module,nvoglv64.dll,
6568,5992,26.120936100,1.000000,1,xemu_image,xemu.exe,0x00277c87
6568,5992,26.140644900,1.000000,1,unknown_external,,
6568,5992,26.142795700,1.000000,1,xemu_image,xemu.exe,0x002ad9c4
6568,5992,26.145840900,1.000000,1,xemu_image,xemu.exe,0x0028bee7
6568,5992,26.148120900,1.000000,1,external_module,vulkan-1.dll,
6568,5992,26.158929300,1.000000,1,external_module,ntoskrnl.exe,
6568,5992,26.161371000,1.000000,1,external_module,nvoglv64.dll,
6568,5992,26.178250700,1.000000,1,external_module,msvcrt.dll,
6568,5992,26.179399000,1.000000,1,external_module,msvcrt.dll,
6568,5992,26.181217600,1.000000,1,external_module,msvcrt.dll,
6568,5992,26.183216100,1.000000,1,xemu_image,xemu.exe,0x00298ce5
6568,5992,26.185239600,1.000000,1,external_module,msvcrt.dll,
6568,5992,26.188058400,1.000000,1,external_module,nvoglv64.dll,
6568,5992,26.191148500,1.000000,1,external_module,ntoskrnl.exe,
6568,5992,26.211404700,1.000000,1,external_module,ntoskrnl.exe,
6568,5992,26.223731500,1.000000,1,xemu_image,xemu.exe,0x002755bc
6568,5992,26.225061200,1.000000,1,xemu_image,xemu.exe,0x0011e647
6568,5992,26.227266400,1.000000,1,xemu_image,xemu.exe,0x002ab4a6
6568,5992,26.228919600,1.000000,1,xemu_image,xemu.exe,0x0011e65f
6568,5992,26.230561900,1.000000,1,xemu_image,xemu.exe,0x002b3e71
6568,5992,26.235922800,1.000000,1,xemu_image,xemu.exe,0x0028d25d
6568,5992,26.249220800,1.000000,1,external_module,nvoglv64.dll,
6568,5992,26.265710200,1.000000,1,external_module,ntdll.dll,
6568,5992,26.268702000,1.000000,1,xemu_image,xemu.exe,0x0029815d
6568,5992,26.270712800,1.000000,1,external_module,ntdll.dll,
6568,5992,26.273793100,1.000000,1,xemu_image,xemu.exe,0x00275479
6568,5992,26.276047900,1.000000,1,xemu_image,xemu.exe,0x001d3feb
6568,5992,26.292049900,1.000000,1,external_module,ntoskrnl.exe,
6568,5992,26.294981300,1.000000,1,external_module,ntoskrnl.exe,
6568,5992,26.307999300,1.000000,1,external_module,msvcrt.dll,
6568,5992,26.311436600,1.000000,1,external_module,ntoskrnl.exe,
6568,5992,26.316896800,1.000000,1,xemu_image,xemu.exe,0x001d698c
6568,5992,26.353124200,1.000000,1,external_module,nvoglv64.dll,
6568,5992,26.354636400,1.000000,1,xemu_image,xemu.exe,0x001dc69d
6568,5992,26.358930600,1.000000,1,external_module,nvoglv64.dll,
6568,5992,26.360853700,1.000000,1,external_module,nvoglv64.dll,
6568,5992,26.393601800,1.000000,1,external_module,nvoglv64.dll,
6568,5992,26.395393500,1.000000,1,external_module,nvoglv64.dll,
6568,5992,26.398294500,1.000000,1,xemu_image,xemu.exe,0x002744fc
6568,5992,26.400460100,1.000000,1,xemu_image,xemu.exe,0x0011e6fd
6568,5992,26.402520200,1.000000,1,external_module,nvoglv64.dll,
6568,5992,26.404791400,1.000000,1,xemu_image,xemu.exe,0x001d407c
6568,5992,26.407317200,1.000000,1,external_module,msvcrt.dll,
6568,5992,26.419754500,1.000000,1,xemu_image,xemu.exe,0x002ab8c6
6568,5992,26.428056900,1.000000,1,external_module,ntoskrnl.exe,
6568,5992,26.440227500,1.000000,1,external_module,msvcrt.dll,
6568,5992,26.441497000,1.000000,1,external_module,ntdll.dll,
6568,5992,26.443162500,1.000000,1,xemu_image,xemu.exe,0x0011e644
6568,5992,26.445186000,1.000000,1,external_module,ntdll.dll,
6568,5992,26.446548000,1.000000,1,xemu_image,xemu.exe,0x003ec2c3
6568,5992,26.450798900,1.000000,1,xemu_image,xemu.exe,0x0027451a
6568,5992,26.461468000,1.000000,1,xemu_image,xemu.exe,0x0011e644
6568,5992,26.480225800,1.000000,1,xemu_image,xemu.exe,0x002ab8c6
6568,5992,26.482293100,1.000000,1,external_module,ntdll.dll,
6568,5992,26.484033400,1.000000,1,xemu_image,xemu.exe,0x002b3e71
6568,5992,26.486077300,1.000000,1,external_module,ntoskrnl.exe,
6568,5992,26.488278900,1.000000,1,xemu_image,xemu.exe,0x001d48ea
6568,5992,26.490525800,1.000000,1,xemu_image,xemu.exe,0x001d4692
6568,5992,26.504244700,1.000000,1,external_module,nvoglv64.dll,
6568,5992,26.511405500,1.000000,1,external_module,ntoskrnl.exe,
6568,5992,26.525351600,1.000000,1,xemu_image,xemu.exe,0x006fd585
6568,5992,26.529747900,1.000000,1,external_module,msvcrt.dll,
6568,5992,26.531650200,1.000000,1,external_module,nvoglv64.dll,
6568,5992,26.533898800,1.000000,1,xemu_image,xemu.exe,0x001d4692
6568,5992,26.537274400,1.000000,1,external_module,msvcrt.dll,
6568,5992,26.549209100,1.000000,1,xemu_image,xemu.exe,0x002aaef6
6568,5992,26.552948900,1.000000,1,external_module,nvoglv64.dll,
6568,5992,26.561360000,1.000000,1,external_module,ntoskrnl.exe,
6568,5992,26.568448700,1.000000,1,xemu_image,xemu.exe,0x002ab8cb
6568,5992,26.571106700,1.000000,1,xemu_image,xemu.exe,0x00298754
6568,5992,26.573472600,1.000000,1,external_module,nvoglv64.dll,
6568,5992,26.575273400,1.000000,1,xemu_image,xemu.exe,0x006fd544
6568,5992,26.577309400,1.000000,1,xemu_image,xemu.exe,0x002ab8c6
6568,5992,26.580066400,1.000000,1,external_module,ntoskrnl.exe,
6568,5992,26.592910200,1.000000,1,xemu_image,xemu.exe,0x00275549
6568,5992,26.608877600,1.000000,1,xemu_image,xemu.exe,0x002b3e71
6568,5992,26.610278000,1.000000,1,xemu_image,xemu.exe,0x003e1ffe
6568,5992,26.612084400,1.000000,1,xemu_image,xemu.exe,0x00298754
6568,5992,26.614091700,1.000000,1,xemu_image,xemu.exe,0x0011e66b
6568,5992,26.615897200,1.000000,1,xemu_image,xemu.exe,0x001d4055
6568,5992,26.617849900,1.000000,1,xemu_image,xemu.exe,0x002ab8cd
6568,5992,26.619891900,1.000000,1,xemu_image,xemu.exe,0x00298754
6568,5992,26.634372500,1.000000,1,xemu_image,xemu.exe,0x002aefdd
6568,5992,26.636650600,1.000000,1,external_module,nvoglv64.dll,
6568,5992,26.654898600,1.000000,1,external_module,ntdll.dll,
6568,5992,26.657373300,1.000000,1,xemu_image,xemu.exe,0x003dc060
6568,5992,26.659396800,1.000000,1,xemu_image,xemu.exe,0x0011e663
6568,5992,26.663531000,1.000000,1,xemu_image,xemu.exe,0x003dc123
6568,5992,26.665573400,1.000000,1,xemu_image,xemu.exe,0x0011e665
6568,5992,26.676670100,1.000000,1,external_module,ntoskrnl.exe,
6568,5992,26.683025700,1.000000,1,external_module,KernelBase.dll,
6568,5992,26.696143200,1.000000,1,external_module,msvcrt.dll,
6568,5992,26.697495300,1.000000,1,xemu_image,xemu.exe,0x00298754
6568,5992,26.700656900,1.000000,1,xemu_image,xemu.exe,0x002ab8d4
6568,5992,26.702710400,1.000000,1,external_module,nvoglv64.dll,
6568,5992,26.705168400,1.000000,1,xemu_image,xemu.exe,0x00298766
6568,5992,26.707256900,1.000000,1,external_module,msvcrt.dll,
6568,5992,26.710382900,1.000000,1,external_module,ntoskrnl.exe,
6568,5992,26.722173000,1.000000,1,external_module,msvcrt.dll,
6568,5992,26.724479700,1.000000,1,external_module,ntoskrnl.exe,
6568,5992,26.740953200,1.000000,1,xemu_image,xemu.exe,0x0011e665
6568,5992,26.742773900,1.000000,1,external_module,nvoglv64.dll,
6568,5992,26.744810900,1.000000,1,external_module,ntoskrnl.exe,
6568,5992,26.748223300,1.000000,1,external_module,ntdll.dll,
6568,5992,26.750221800,1.000000,1,external_module,msvcrt.dll,
6568,5992,26.766037100,1.000000,1,external_module,ntoskrnl.exe,
6568,5992,26.776227900,1.000000,1,xemu_image,xemu.exe,0x00277c9f
6568,5992,26.780644700,1.000000,1,external_module,nvoglv64.dll,
6568,5992,26.795632900,1.000000,1,xemu_image,xemu.exe,0x002ab8cb
6568,5992,26.797203100,1.000000,1,xemu_image,xemu.exe,0x0011e67e
6568,5992,26.798753400,1.000000,1,xemu_image,xemu.exe,0x002ab497
6568,5992,26.802762600,1.000000,1,xemu_image,xemu.exe,0x0011e65f
6568,5992,26.805877700,1.000000,1,xemu_image,xemu.exe,0x003dc060
6568,5992,26.808701200,1.000000,1,external_module,msvcrt.dll,
6568,5992,26.820384800,1.000000,1,external_module,ntoskrnl.exe,
6568,5992,26.825249800,1.000000,1,external_module,nvoglv64.dll,
6568,5992,26.840905200,1.000000,1,xemu_image,xemu.exe,0x0029567c
6568,5992,26.842089500,1.000000,1,xemu_image,xemu.exe,0x002987b4
6568,5992,26.843655100,1.000000,1,xemu_image,xemu.exe,0x002752cf
6568,5992,26.845255800,1.000000,1,external_module,nvoglv64.dll,
6568,5992,26.846675700,1.000000,1,external_module,msvcrt.dll,
6568,5992,26.849049800,1.000000,1,external_module,msvcrt.dll,
6568,5992,26.851393600,1.000000,1,external_module,nvoglv64.dll,
6568,5992,26.860377100,1.000000,1,external_module,ntoskrnl.exe,
6568,5992,26.862491600,1.000000,1,xemu_image,xemu.exe,0x001d1ae4
6568,5992,26.864841200,1.000000,1,external_module,ntoskrnl.exe,
6568,5992,26.878773000,1.000000,1,external_module,nvoglv64.dll,
6568,5992,26.880409800,1.000000,1,external_module,ntdll.dll,
6568,5992,26.881794600,1.000000,1,xemu_image,xemu.exe,0x001d3fb5
6568,5992,26.883610900,1.000000,1,external_module,msvcrt.dll,
6568,5992,26.885184300,1.000000,1,external_module,nvoglv64.dll,
6568,5992,26.887215000,1.000000,1,xemu_image,xemu.exe,0x002ab41c
6568,5992,26.888967700,1.000000,1,xemu_image,xemu.exe,0x0011e644
6568,5992,26.891621100,1.000000,1,xemu_image,xemu.exe,0x0028c77c
6568,5992,26.902867200,1.000000,1,xemu_image,xemu.exe,0x002ab059
6568,5992,26.921122000,1.000000,1,external_module,ntdll.dll,
6568,5992,26.922459500,1.000000,1,xemu_image,xemu.exe,0x00296965
6568,5992,26.924529200,1.000000,1,xemu_image,xemu.exe,0x001d48ea
6568,5992,26.926341000,1.000000,1,xemu_image,xemu.exe,0x001dc4fc
6568,5992,26.928028100,1.000000,1,external_module,msvcrt.dll,
6568,5992,26.930904200,1.000000,1,xemu_image,xemu.exe,0x001d4022
6568,5992,26.945203400,1.000000,1,external_module,ntoskrnl.exe,
6568,5992,26.948774900,1.000000,1,external_module,ntoskrnl.exe,
6568,5992,26.960821400,1.000000,1,external_module,nvoglv64.dll,
6568,5992,26.965401300,1.000000,1,xemu_image,xemu.exe,0x0011e647
6568,5992,26.966775400,1.000000,1,external_module,msvcrt.dll,
6568,5992,26.968207300,1.000000,1,external_module,nvoglv64.dll,
6568,5992,26.969919800,1.000000,1,xemu_image,xemu.exe,0x0011e644
6568,5992,26.971792700,1.000000,1,external_module,msvcrt.dll,
6568,5992,26.973724400,1.000000,1,external_module,ntdll.dll,
6568,5992,26.975486500,1.000000,1,xemu_image,xemu.exe,0x006fd585
6568,5992,26.977636900,1.000000,1,external_module,dxgkrnl.sys,
6568,5992,26.990852900,1.000000,1,external_module,vulkan-1.dll,
6568,5992,26.993702700,1.000000,1,external_module,msvcrt.dll,
6568,5992,27.007613100,1.000000,1,xemu_image,xemu.exe,0x001d49ac
6568,5992,27.010316800,1.000000,1,xemu_image,xemu.exe,0x001d3fb5
6568,5992,27.011794300,1.000000,1,xemu_image,xemu.exe,0x001d4055
6568,5992,27.013850900,1.000000,1,xemu_image,xemu.exe,0x001d4b7a
6568,5992,27.015617100,1.000000,1,external_module,nvoglv64.dll,
6568,5992,27.017156300,1.000000,1,xemu_image,xemu.exe,0x001d6564
6568,5992,27.031271300,1.000000,1,xemu_image,xemu.exe,0x002ab4f4
6568,5992,27.033198900,1.000000,1,xemu_image,xemu.exe,0x001d698c
6568,5992,27.050963000,1.000000,1,xemu_image,xemu.exe,0x002756c0
6568,5992,27.052709100,1.000000,1,xemu_image,xemu.exe,0x002ab8c6
6568,5992,27.054343900,1.000000,1,xemu_image,xemu.exe,0x0029dcc9
6568,5992,27.056549000,1.000000,1,xemu_image,xemu.exe,0x00296946
6568,5992,27.057880200,1.000000,1,xemu_image,xemu.exe,0x0028bedb
6568,5992,27.059541100,1.000000,1,xemu_image,xemu.exe,0x0011e665
6568,5992,27.061144500,1.000000,1,external_module,ntdll.dll,
6568,5992,27.070955900,1.000000,1,external_module,nvoglv64.dll,
6568,5992,27.082568300,1.000000,1,external_module,nvoglv64.dll,
6568,5992,27.085048300,1.000000,1,external_module,ntdll.dll,
6568,5992,27.088095300,1.000000,1,external_module,ntoskrnl.exe,
6568,5992,27.102428800,1.000000,1,xemu_image,xemu.exe,0x0029565f
6568,5992,27.105047200,1.000000,1,external_module,msvcrt.dll,
6568,5992,27.106755200,1.000000,1,xemu_image,xemu.exe,0x001d3feb
6568,5992,27.108569100,1.000000,1,external_module,ntdll.dll,
6568,5992,27.110451900,1.000000,1,external_module,msvcrt.dll,
6568,5992,27.112083000,1.000000,1,external_module,nvoglv64.dll,
6568,5992,27.113975300,1.000000,1,xemu_image,xemu.exe,0x00299b20
6568,5992,27.116286000,1.000000,1,external_module,ntoskrnl.exe,
6568,5992,27.131910400,1.000000,1,external_module,ntoskrnl.exe,
6568,5992,27.133954500,1.000000,1,external_module,ntoskrnl.exe,
6568,5992,27.152075600,1.000000,1,xemu_image,xemu.exe,0x001d4684
6568,5992,27.153757600,1.000000,1,external_module,ntdll.dll,
6568,5992,27.155123300,1.000000,1,xemu_image,xemu.exe,0x0011e96e
6568,5992,27.158151500,1.000000,1,xemu_image,xemu.exe,0x001d3feb
6568,5992,27.159913200,1.000000,1,xemu_image,xemu.exe,0x0011e66b
6568,5992,27.161457300,1.000000,1,xemu_image,xemu.exe,0x006fd585
6568,5992,27.163992400,1.000000,1,xemu_image,xemu.exe,0x0011e665
6568,5992,27.181407400,1.000000,1,external_module,ntdll.dll,
6568,5992,27.184610800,1.000000,1,external_module,ntoskrnl.exe,
6568,5992,27.199248900,1.000000,1,external_module,nvoglv64.dll,
6568,5992,27.201409900,1.000000,1,xemu_image,xemu.exe,0x002ab8c6
6568,5992,27.203315800,1.000000,1,xemu_image,xemu.exe,0x002ab083
6568,5992,27.204862400,1.000000,1,external_module,nvoglv64.dll,
6568,5992,27.206841700,1.000000,1,external_module,msvcrt.dll,
6568,5992,27.208893900,1.000000,1,xemu_image,xemu.exe,0x001d474c
6568,5992,27.232497500,1.000000,1,xemu_image,xemu.exe,0x0011e875
6568,5992,27.235033400,1.000000,1,external_module,ntoskrnl.exe,
6568,5992,27.252968300,1.000000,1,xemu_image,xemu.exe,0x002ab8cb
6568,5992,27.254379400,1.000000,1,external_module,msvcrt.dll,
6568,5992,27.255698000,1.000000,1,xemu_image,xemu.exe,0x00298794
6568,5992,27.257624800,1.000000,1,external_module,msvcrt.dll,
6568,5992,27.259528000,1.000000,1,xemu_image,xemu.exe,0x002b3e75
6568,5992,27.261182200,1.000000,1,xemu_image,xemu.exe,0x002afa4c
6568,5992,27.288094500,1.000000,1,xemu_image,xemu.exe,0x0011e65f
6568,5992,27.290254900,1.000000,1,external_module,msvcrt.dll,
6568,5992,27.293601800,1.000000,1,external_module,nvoglv64.dll,
6568,5992,27.307581400,1.000000,1,xemu_image,xemu.exe,0x0011e98b
6568,5992,27.309027800,1.000000,1,external_module,msvcrt.dll,
6568,5992,27.310613200,1.000000,1,external_module,nvoglv64.dll,
6568,5992,27.312080100,1.000000,1,external_module,msvcrt.dll,
6568,5992,27.313953800,1.000000,1,external_module,msvcrt.dll,
6568,5992,27.315577800,1.000000,1,xemu_image,xemu.exe,0x00297b7e
6568,5992,27.317304600,1.000000,1,xemu_image,xemu.exe,0x0011e65f
6568,5992,27.330928000,1.000000,1,external_module,ntoskrnl.exe,
6568,5992,27.348205800,1.000000,1,external_module,nvoglv64.dll,
6568,5992,27.349676900,1.000000,1,xemu_image,xemu.exe,0x001d55a4
6568,5992,27.350898000,1.000000,1,xemu_image,xemu.exe,0x0011e650
6568,5992,27.352657600,1.000000,1,xemu_image,xemu.exe,0x0011e66b
6568,5992,27.355344400,1.000000,1,xemu_image,xemu.exe,0x0027543d
6568,5992,27.357113800,1.000000,1,external_module,nvoglv64.dll,
6568,5992,27.376264700,1.000000,1,xemu_image,xemu.exe,0x00277c8e
6568,5992,27.378635800,1.000000,1,external_module,msvcrt.dll,
6568,5992,27.380884600,1.000000,1,external_module,ntoskrnl.exe,
6568,5992,27.396102400,1.000000,1,external_module,msvcrt.dll,
6568,5992,27.397511500,1.000000,1,external_module,msvcrt.dll,
6568,5992,27.399121100,1.000000,1,xemu_image,xemu.exe,0x002ab8c6
6568,5992,27.400866700,1.000000,1,xemu_image,xemu.exe,0x0011e920
6568,5992,27.404481000,1.000000,1,xemu_image,xemu.exe,0x003e2053
6568,5992,27.406266100,1.000000,1,xemu_image,xemu.exe,0x002756c7
6568,5992,27.420671500,1.000000,1,external_module,ntoskrnl.exe,
6568,5992,27.422517500,1.000000,1,unknown_external,,
6568,5992,27.428115900,1.000000,1,external_module,ntoskrnl.exe,
6568,5992,27.440754400,1.000000,1,xemu_image,xemu.exe,0x0011e65f
6568,5992,27.443825000,1.000000,1,external_module,nvoglv64.dll,
6568,5992,27.447845100,1.000000,1,xemu_image,xemu.exe,0x0011e671
6568,5992,27.449958900,1.000000,1,xemu_image,xemu.exe,0x00298754
6568,5992,27.463638400,1.000000,1,external_module,msvcrt.dll,
6568,5992,27.481965600,1.000000,1,xemu_image,xemu.exe,0x00298503
6568,5992,27.483373400,1.000000,1,external_module,nvoglv64.dll,
6568,5992,27.485288600,1.000000,1,xemu_image,xemu.exe,0x00298c62
6568,5992,27.487337600,1.000000,1,xemu_image,xemu.exe,0x002afd45
6568,5992,27.490015500,1.000000,1,xemu_image,xemu.exe,0x001d469a
6568,5992,27.508703300,1.000000,1,external_module,nvoglv64.dll,
6568,5992,27.510930900,1.000000,1,external_module,nvlddmkm.sys,
6568,5992,27.527373600,1.000000,1,external_module,nvoglv64.dll,
6568,5992,27.529215000,1.000000,1,external_module,msvcrt.dll,
6568,5992,27.533079200,1.000000,1,external_module,msvcrt.dll,
6568,5992,27.534875700,1.000000,1,external_module,nvoglv64.dll,
6568,5992,27.537924500,1.000000,1,xemu_image,xemu.exe,0x00296911
6568,5992,27.540754600,1.000000,1,external_module,nvoglv64.dll,
6568,5992,27.556252900,1.000000,1,external_module,dxgkrnl.sys,
6568,5992,27.570928000,1.000000,1,xemu_image,xemu.exe,0x0011e66b
6568,5992,27.572641700,1.000000,1,xemu_image,xemu.exe,0x001d4b66
6568,5992,27.575120200,1.000000,1,external_module,nvoglv64.dll,
6568,5992,27.577141000,1.000000,1,xemu_image,xemu.exe,0x003e1ffc
6568,5992,27.579984800,1.000000,1,xemu_image,xemu.exe,0x002ab8e0
6568,5992,27.596998000,1.000000,1,xemu_image,xemu.exe,0x002ab8c6
6568,5992,27.614549600,1.000000,1,xemu_image,xemu.exe,0x0011e681
6568,5992,27.616334600,1.000000,1,external_module,msvcrt.dll,
6568,5992,27.618617500,1.000000,1,external_module,ntoskrnl.exe,
6568,5992,27.622927300,1.000000,1,external_module,nvoglv64.dll,
6568,5992,27.625100200,1.000000,1,external_module,graphics-hook64.dll,
6568,5992,27.627324300,1.000000,1,external_module,ntoskrnl.exe,
6568,5992,27.638894700,1.000000,1,external_module,ntdll.dll,
6568,5992,27.656677800,1.000000,1,xemu_image,xemu.exe,0x002ab045
6568,5992,27.660853900,1.000000,1,external_module,nvoglv64.dll,
6568,5992,27.662392300,1.000000,1,external_module,nvoglv64.dll,
6568,5992,27.666225800,1.000000,1,xemu_image,xemu.exe,0x002ab027
6568,5992,27.693342200,1.000000,1,xemu_image,xemu.exe,0x002ab445
6568,5992,27.711010100,1.000000,1,xemu_image,xemu.exe,0x00298774
6568,5992,27.714232000,1.000000,1,external_module,msvcrt.dll,
6568,5992,27.716166200,1.000000,1,external_module,msvcrt.dll,
6568,5992,27.717944600,1.000000,1,xemu_image,xemu.exe,0x001d62c4
6568,5992,27.719852500,1.000000,1,external_module,msvcrt.dll,
6568,5992,27.722613500,1.000000,1,xemu_image,xemu.exe,0x001d3fb5
6568,5992,27.733880800,1.000000,1,xemu_image,xemu.exe,0x002ab038
6568,5992,27.736380400,1.000000,1,xemu_image,xemu.exe,0x002ab493
6568,5992,27.744778500,1.000000,1,external_module,ntoskrnl.exe,
6568,5992,27.752940200,1.000000,1,xemu_image,xemu.exe,0x002ab8c6
6568,5992,27.754699200,1.000000,1,xemu_image,xemu.exe,0x0011e65f
6568,5992,27.757589200,1.000000,1,xemu_image,xemu.exe,0x002afa4c
6568,5992,27.759365600,1.000000,1,xemu_image,xemu.exe,0x002afd72
6568,5992,27.762941700,1.000000,1,xemu_image,xemu.exe,0x0011eb62
6568,5992,27.765622900,1.000000,1,external_module,ntoskrnl.exe,
6568,5992,27.780636300,1.000000,1,xemu_image,xemu.exe,0x0011e920
6568,5992,27.794196000,1.000000,1,xemu_image,xemu.exe,0x003e2014
6568,5992,27.795918600,1.000000,1,xemu_image,xemu.exe,0x003e2014
6568,5992,27.797347700,1.000000,1,xemu_image,xemu.exe,0x002ab8c6
6568,5992,27.799718300,1.000000,1,xemu_image,xemu.exe,0x0029857c
6568,5992,27.801697800,1.000000,1,external_module,vulkan-1.dll,
6568,5992,27.804575200,1.000000,1,xemu_image,xemu.exe,0x0029dccd
6568,5992,27.807520100,1.000000,1,external_module,ntoskrnl.exe,
6568,5992,27.820850100,1.000000,1,xemu_image,xemu.exe,0x00275665
6568,5992,27.824348700,1.000000,1,external_module,ntoskrnl.exe,
6568,5992,27.843792200,1.000000,1,external_module,nvoglv64.dll,
6568,5992,27.847403400,1.000000,1,external_module,nvoglv64.dll,
6568,5992,27.860589700,1.000000,1,external_module,ntoskrnl.exe,
6568,5992,27.863156400,1.000000,1,external_module,ntdll.dll,
6568,5992,27.880895000,1.000000,1,external_module,msvcrt.dll,
6568,5992,27.882517200,1.000000,1,external_module,nvoglv64.dll,
6568,5992,27.884071900,1.000000,1,external_module,nvoglv64.dll,
6568,5992,27.886113700,1.000000,1,xemu_image,xemu.exe,0x002756da
6568,5992,27.890952100,1.000000,1,xemu_image,xemu.exe,0x0011e665
6568,5992,27.893903600,1.000000,1,external_module,nvoglv64.dll,
6568,5992,27.905255500,1.000000,1,external_module,ntoskrnl.exe,
6568,5992,27.907509000,1.000000,1,xemu_image,xemu.exe,0x0011e65f
6568,5992,27.924169400,1.000000,1,external_module,nvoglv64.dll,
6568,5992,27.925865700,1.000000,1,xemu_image,xemu.exe,0x0011e65f
6568,5992,27.928408100,1.000000,1,xemu_image,xemu.exe,0x0011e65f
6568,5992,27.929687200,1.000000,1,external_module,nvoglv64.dll,
6568,5992,27.931805800,1.000000,1,xemu_image,xemu.exe,0x0029696c
6568,5992,27.933989200,1.000000,1,xemu_image,xemu.exe,0x002ab447
6568,5992,27.947877600,1.000000,1,xemu_image,xemu.exe,0x002b3b10
6568,5992,28.013642700,1.000000,1,xemu_image,xemu.exe,0x0011e681
6568,5992,28.017079700,1.000000,1,external_module,nvoglv64.dll,
6568,5992,28.019232700,1.000000,1,xemu_image,xemu.exe,0x001dc6aa
6568,5992,28.024141900,1.000000,1,external_module,msvcrt.dll,
6568,5992,28.039081600,1.000000,1,external_module,ntoskrnl.exe,
6568,5992,28.041333400,1.000000,1,external_module,ntoskrnl.exe,
6568,5992,28.059898200,1.000000,1,xemu_image,xemu.exe,0x0029dcc9
6568,5992,28.061807900,1.000000,1,xemu_image,xemu.exe,0x0011e665
6568,5992,28.063132900,1.000000,1,xemu_image,xemu.exe,0x0029d586
6568,5992,28.065381600,1.000000,1,xemu_image,xemu.exe,0x0011e67e
6568,5992,28.067564700,1.000000,1,xemu_image,xemu.exe,0x0028caa6
6568,5992,28.069266600,1.000000,1,external_module,msvcrt.dll,
6568,5992,28.074331800,1.000000,1,external_module,msvcrt.dll,
6568,5992,28.087971000,1.000000,1,external_module,ntdll.dll,
6568,5992,28.091044200,1.000000,1,external_module,ntdll.dll,
6568,5992,28.109375700,1.000000,1,xemu_image,xemu.exe,0x006fd557
6568,5992,28.112669100,1.000000,1,external_module,msvcrt.dll,
6568,5992,28.114601300,1.000000,1,xemu_image,xemu.exe,0x001dc6f4
6568,5992,28.117713700,1.000000,1,xemu_image,xemu.exe,0x0029dcc9
6568,5992,28.126915300,1.000000,1,external_module,ntoskrnl.exe,
6568,5992,28.130232500,1.000000,1,external_module,msvcrt.dll,
6568,5992,28.139793900,1.000000,1,xemu_image,xemu.exe,0x001dc3a2
6568,5992,28.150227500,1.000000,1,xemu_image,xemu.exe,0x0011e524
6568,5992,28.151707600,1.000000,1,external_module,nvoglv64.dll,
6568,5992,28.153917800,1.000000,1,xemu_image,xemu.exe,0x001d7c11
6568,5992,28.156041300,1.000000,1,xemu_image,xemu.exe,0x002968f2
6568,5992,28.157987600,1.000000,1,external_module,nvoglv64.dll,
6568,5992,28.159935300,1.000000,1,external_module,ntdll.dll,
6568,5992,28.176174800,1.000000,1,external_module,nvoglv64.dll,
6568,5992,28.194212900,1.000000,1,external_module,dxgmms2.sys,
6568,5992,28.195687000,1.000000,1,external_module,ntdll.dll,
6568,5992,28.197737400,1.000000,1,xemu_image,xemu.exe,0x002753d0
6568,5992,28.199679100,1.000000,1,xemu_image,xemu.exe,0x00294259
6568,5992,28.201668500,1.000000,1,external_module,msvcrt.dll,
6568,5992,28.203651500,1.000000,1,xemu_image,xemu.exe,0x002ab4bf
6568,5992,28.217919300,1.000000,1,external_module,msvcrt.dll,
6568,5992,28.221911100,1.000000,1,xemu_image,xemu.exe,0x002aafe1
6568,5992,28.263850400,1.000000,1,external_module,ntdll.dll,
6568,5992,28.282060500,1.000000,1,xemu_image,xemu.exe,0x002adbc7
6568,5992,28.283923500,1.000000,1,external_module,msvcrt.dll,
6568,5992,28.285923000,1.000000,1,xemu_image,xemu.exe,0x0011e65f
6568,5992,28.303007900,1.000000,1,external_module,nvoglv64.dll,
6568,5992,28.305933500,1.000000,1,external_module,nvoglv64.dll,
6568,5992,28.322435000,1.000000,1,xemu_image,xemu.exe,0x00275443
6568,5992,28.327416400,1.000000,1,external_module,nvoglv64.dll,
6568,5992,28.329257900,1.000000,1,xemu_image,xemu.exe,0x002ab493
6568,5992,28.331451200,1.000000,1,external_module,msvcrt.dll,
6568,5992,28.349411400,1.000000,1,external_module,nvoglv64.dll,
6568,5992,28.360961500,1.000000,1,external_module,ntoskrnl.exe,
6568,5992,28.363947400,1.000000,1,xemu_image,xemu.exe,0x0011e663
6568,5992,28.365620400,1.000000,1,xemu_image,xemu.exe,0x006fd6a8
6568,5992,28.367748800,1.000000,1,xemu_image,xemu.exe,0x002ab47d
6568,5992,28.370038900,1.000000,1,external_module,msvcrt.dll,
6568,5992,28.372068500,1.000000,1,xemu_image,xemu.exe,0x0011e65f
6568,5992,28.375087500,1.000000,1,external_module,nvoglv64.dll,
6568,5992,28.389998000,1.000000,1,external_module,ntoskrnl.exe,
6568,5992,28.412614800,1.000000,1,xemu_image,xemu.exe,0x0029dccd
6568,5992,28.414585500,1.000000,1,external_module,nvoglv64.dll,
6568,5992,28.418060600,1.000000,1,external_module,msvcrt.dll,
6568,5992,28.427459700,1.000000,1,external_module,KernelBase.dll,
6568,5992,28.429726500,1.000000,1,external_module,msvcrt.dll,
6568,5992,28.432850700,1.000000,1,external_module,ntoskrnl.exe,
6568,5992,28.446181300,1.000000,1,external_module,msvcrt.dll,
6568,5992,28.448442700,1.000000,1,xemu_image,xemu.exe,0x00294259
6568,5992,28.450186000,1.000000,1,xemu_image,xemu.exe,0x0011e65f
6568,5992,28.452459000,1.000000,1,external_module,nvoglv64.dll,
6568,5992,28.454353000,1.000000,1,xemu_image,xemu.exe,0x001dc4b2
6568,5992,28.456661300,1.000000,1,external_module,ntdll.dll,
6568,5992,28.459596700,1.000000,1,external_module,ntoskrnl.exe,
6568,5992,28.471095600,1.000000,1,external_module,ntoskrnl.exe,
6568,5992,28.473453700,1.000000,1,external_module,msvcrt.dll,
6568,5992,28.491403500,1.000000,1,xemu_image,xemu.exe,0x00298754
6568,5992,28.493081400,1.000000,1,external_module,nvoglv64.dll,
6568,5992,28.495134900,1.000000,1,external_module,msvcrt.dll,
6568,5992,28.496863100,1.000000,1,external_module,msvcrt.dll,
6568,5992,28.498772300,1.000000,1,xemu_image,xemu.exe,0x0011e650
6568,5992,28.500777800,1.000000,1,external_module,ntdll.dll,
6568,5992,28.533103500,1.000000,1,xemu_image,xemu.exe,0x002afa46
6568,5992,28.534740200,1.000000,1,xemu_image,xemu.exe,0x0011e663
6568,5992,28.536226800,1.000000,1,xemu_image,xemu.exe,0x0011e65f
6568,5992,28.538448900,1.000000,1,external_module,nvoglv64.dll,
6568,5992,28.540595500,1.000000,1,external_module,msvcrt.dll,
6568,5992,28.542612800,1.000000,1,xemu_image,xemu.exe,0x006fd55f
6568,5992,28.544972500,1.000000,1,external_module,nvoglv64.dll,
6568,5992,28.557252700,1.000000,1,external_module,ntoskrnl.exe,
6568,5992,28.560705900,1.000000,1,external_module,ntoskrnl.exe,
6568,5992,28.573828400,1.000000,1,external_module,ntdll.dll,
6568,5992,28.578401700,1.000000,1,xemu_image,xemu.exe,0x002a7c51
6568,5992,28.579812500,1.000000,1,external_module,nvoglv64.dll,
6568,5992,28.582391700,1.000000,1,xemu_image,xemu.exe,0x002987d8
6568,5992,28.584577000,1.000000,1,external_module,nvoglv64.dll,
6568,5992,28.610530200,1.000000,1,external_module,ntdll.dll,
6568,5992,28.628858800,1.000000,1,external_module,ntoskrnl.exe,
6568,5992,28.630299300,1.000000,1,external_module,msvcrt.dll,
6568,5992,28.632032800,1.000000,1,xemu_image,xemu.exe,0x001d336e
6568,5992,28.634102500,1.000000,1,external_module,msvcrt.dll,
6568,5992,28.636078800,1.000000,1,external_module,msvcrt.dll,
6568,5992,28.638516600,1.000000,1,external_module,ntoskrnl.exe,
6568,5992,28.651862200,1.000000,1,external_module,dxgkrnl.sys,
6568,5992,28.654115700,1.000000,1,xemu_image,xemu.exe,0x003e1ffc
6568,5992,28.661537600,1.000000,1,external_module,ntoskrnl.exe,
6568,5992,28.673109300,1.000000,1,xemu_image,xemu.exe,0x0011e65f
6568,5992,28.674797900,1.000000,1,external_module,nvoglv64.dll,
6568,5992,28.676592400,1.000000,1,xemu_image,xemu.exe,0x001dc3e7
6568,5992,28.680083400,1.000000,1,xemu_image,xemu.exe,0x0011e650
6568,5992,28.684992500,1.000000,1,xemu_image,xemu.exe,0x0011e644
6568,5992,28.698904600,1.000000,1,external_module,ntoskrnl.exe,
6568,5992,28.701235500,1.000000,1,external_module,ntoskrnl.exe,
6568,5992,28.719276800,1.000000,1,xemu_image,xemu.exe,0x001dc63d
6568,5992,28.721305700,1.000000,1,xemu_image,xemu.exe,0x003dc0ad
6568,5992,28.723532000,1.000000,1,xemu_image,xemu.exe,0x003dc060
6568,5992,28.725343400,1.000000,1,external_module,nvoglv64.dll,
6568,5992,28.727457700,1.000000,1,xemu_image,xemu.exe,0x0011e66b
6568,5992,28.730187900,1.000000,1,external_module,nvoglv64.dll,
6568,5992,28.743826200,1.000000,1,xemu_image,xemu.exe,0x001d48d8
6568,5992,28.747679900,1.000000,1,external_module,ntoskrnl.exe,
6568,5992,28.760840600,1.000000,1,xemu_image,xemu.exe,0x002753fa
6568,5992,28.764559000,1.000000,1,xemu_image,xemu.exe,0x0011e65f
6568,5992,28.766603100,1.000000,1,external_module,nvoglv64.dll,
6568,5992,28.769044300,1.000000,1,external_module,msvcrt.dll,
6568,5992,28.771637400,1.000000,1,xemu_image,xemu.exe,0x001d62c0
6568,5992,28.787100400,1.000000,1,xemu_image,xemu.exe,0x002ab023
6568,5992,28.806619700,1.000000,1,external_module,nvoglv64.dll,
6568,5992,28.812132700,1.000000,1,external_module,msvcrt.dll,
6568,5992,28.814243700,1.000000,1,xemu_image,xemu.exe,0x002aac57
6568,5992,28.816661500,1.000000,1,xemu_image,xemu.exe,0x002ab027
6568,5992,28.825949300,1.000000,1,external_module,ntoskrnl.exe,
6568,5992,28.844123900,1.000000,1,xemu_image,xemu.exe,0x0011e65f
6568,5992,28.845622600,1.000000,1,external_module,nvoglv64.dll,
6568,5992,28.847156400,1.000000,1,xemu_image,xemu.exe,0x002aaef9
6568,5992,28.849314700,1.000000,1,external_module,ntdll.dll,
6568,5992,28.851395400,1.000000,1,xemu_image,xemu.exe,0x0029dcc9
6568,5992,28.854280600,1.000000,1,external_module,nvoglv64.dll,
6568,5992,28.868073800,1.000000,1,external_module,ntoskrnl.exe,
6568,5992,28.886725100,1.000000,1,xemu_image,xemu.exe,0x0011e938
6568,5992,28.888295500,1.000000,1,external_module,nvoglv64.dll,
6568,5992,28.890562100,1.000000,1,xemu_image,xemu.exe,0x0011e65f
6568,5992,28.892436000,1.000000,1,xemu_image,xemu.exe,0x001d62c4
6568,5992,28.894395900,1.000000,1,xemu_image,xemu.exe,0x006fd57c
6568,5992,28.898536400,1.000000,1,external_module,nvoglv64.dll,
6568,5992,28.908635700,1.000000,1,external_module,ntoskrnl.exe,
6568,5992,28.910813500,1.000000,1,external_module,ntoskrnl.exe,
6568,5992,28.925977900,1.000000,1,xemu_image,xemu.exe,0x001d4055
6568,5992,28.929713900,1.000000,1,external_module,nvoglv64.dll,
6568,5992,28.931550800,1.000000,1,xemu_image,xemu.exe,0x001d6d27
6568,5992,28.933866300,1.000000,1,xemu_image,xemu.exe,0x002ab8c3
6568,5992,28.936058400,1.000000,1,xemu_image,xemu.exe,0x00298754
6568,5992,28.938549200,1.000000,1,external_module,ntdll.dll,
6568,5992,28.949403200,1.000000,1,xemu_image,xemu.exe,0x001d1ae4
6568,5992,28.966576600,1.000000,1,external_module,msvcrt.dll,
6568,5992,28.968008800,1.000000,1,external_module,msvcrt.dll,
6568,5992,28.970276800,1.000000,1,xemu_image,xemu.exe,0x002ab8f0
6568,5992,28.972719800,1.000000,1,xemu_image,xemu.exe,0x002a7b97
6568,5992,28.977625500,1.000000,1,xemu_image,xemu.exe,0x00298b85
6568,5992,28.990942600,1.000000,1,external_module,nvoglv64.dll,
6568,5992,28.994469500,1.000000,1,external_module,ntdll.dll,
6568,5992,29.009870200,1.000000,1,external_module,msvcrt.dll,
6568,5992,29.012257100,1.000000,1,external_module,ntoskrnl.exe,
6568,5992,29.014493200,1.000000,1,xemu_image,xemu.exe,0x0011e66b
6568,5992,29.015983900,1.000000,1,xemu_image,xemu.exe,0x001d469e
6568,5992,29.018020900,1.000000,1,xemu_image,xemu.exe,0x00299de4
6568,5992,29.020207700,1.000000,1,external_module,msvcrt.dll,
6568,5992,29.022186600,1.000000,1,xemu_image,xemu.exe,0x00275618
6568,5992,29.024945600,1.000000,1,xemu_image,xemu.exe,0x00294259
6568,5992,29.039219000,1.000000,1,xemu_image,xemu.exe,0x001d48ff
6568,5992,29.042040700,1.000000,1,external_module,msvcrt.dll,
6568,5992,29.058774800,1.000000,1,xemu_image,xemu.exe,0x003dc061
6568,5992,29.061868500,1.000000,1,external_module,ntoskrnl.exe,
6568,5992,29.062979600,1.000000,1,xemu_image,xemu.exe,0x0011e647
6568,5992,29.065176300,1.000000,1,unknown_external,,
6568,5992,29.068050000,1.000000,1,external_module,msvcrt.dll,
6568,5992,29.078450400,1.000000,1,external_module,dxgmms2.sys,
6568,5992,29.096781500,1.000000,1,xemu_image,xemu.exe,0x002ab45d
6568,5992,29.099151000,1.000000,1,xemu_image,xemu.exe,0x002ab023
6568,5992,29.100958500,1.000000,1,external_module,nvoglv64.dll,
6568,5992,29.102961800,1.000000,1,xemu_image,xemu.exe,0x002ab4fe
6568,5992,29.105631900,1.000000,1,xemu_image,xemu.exe,0x002755c3
6568,5992,29.107447900,1.000000,1,xemu_image,xemu.exe,0x0011e675
6568,5992,29.110152000,1.000000,1,external_module,nvoglv64.dll,
6568,5992,29.121730000,1.000000,1,external_module,ntdll.dll,
6568,5992,29.123804900,1.000000,1,xemu_image,xemu.exe,0x0011e6f2
6568,5992,29.127507400,1.000000,1,xemu_image,xemu.exe,0x0029ce9e
6568,5992,29.140203600,1.000000,1,external_module,nvoglv64.dll,
6568,5992,29.141389600,1.000000,1,xemu_image,xemu.exe,0x002980fe
6568,5992,29.142712800,1.000000,1,xemu_image,xemu.exe,0x0029dccd
6568,5992,29.144949000,1.000000,1,external_module,ntoskrnl.exe,
6568,5992,29.147355700,1.000000,1,xemu_image,xemu.exe,0x001d4cec
6568,5992,29.149246100,1.000000,1,external_module,msvcrt.dll,
6568,5992,29.164652300,1.000000,1,xemu_image,xemu.exe,0x0028bef1
6568,5992,29.178223700,1.000000,1,external_module,win32u.dll,
6568,5992,29.183386600,1.000000,1,xemu_image,xemu.exe,0x00275482
6568,5992,29.185433000,1.000000,1,xemu_image,xemu.exe,0x006fd585
6568,5992,29.187072200,1.000000,1,external_module,msvcrt.dll,
6568,5992,29.188890000,1.000000,1,xemu_image,xemu.exe,0x002aafb1
6568,5992,29.191236800,1.000000,1,external_module,nvoglv64.dll,
6568,5992,29.192795800,1.000000,1,external_module,nvoglv64.dll,
6568,5992,29.195466300,1.000000,1,xemu_image,xemu.exe,0x00298754
6568,5992,29.211303500,1.000000,1,xemu_image,xemu.exe,0x0027552d
6568,5992,29.214218600,1.000000,1,external_module,ntoskrnl.exe,
6568,5992,29.228359500,1.000000,1,external_module,ntoskrnl.exe,
6568,5992,29.230939600,1.000000,1,xemu_image,xemu.exe,0x002b3e71
6568,5992,29.233445200,1.000000,1,xemu_image,xemu.exe,0x00298573
6568,5992,29.235219300,1.000000,1,xemu_image,xemu.exe,0x002aace8
6568,5992,29.236830100,1.000000,1,xemu_image,xemu.exe,0x001d6564
6568,5992,29.238686000,1.000000,1,external_module,msvcrt.dll,
6568,5992,29.257134700,1.000000,1,external_module,ntdll.dll,
6568,5992,29.273983800,1.000000,1,xemu_image,xemu.exe,0x002aabed
6568,5992,29.276295300,1.000000,1,external_module,msvcrt.dll,
6568,5992,29.280674000,1.000000,1,xemu_image,xemu.exe,0x0029567c
6568,5992,29.282799000,1.000000,1,external_module,msvcrt.dll,
6568,5992,29.296120100,1.000000,1,external_module,nvoglv64.dll,
6568,5992,29.314660500,1.000000,1,external_module,KernelBase.dll,
6568,5992,29.316370600,1.000000,1,xemu_image,xemu.exe,0x00297adb
6568,5992,29.319277400,1.000000,1,xemu_image,xemu.exe,0x0028fb7c
6568,5992,29.321201800,1.000000,1,external_module,msvcrt.dll,
6568,5992,29.323338000,1.000000,1,xemu_image,xemu.exe,0x002aace8
6568,5992,29.325515000,1.000000,1,xemu_image,xemu.exe,0x002ada15
6568,5992,29.328159700,1.000000,1,external_module,nvoglv64.dll,
6568,5992,29.351675800,1.000000,1,xemu_image,xemu.exe,0x002ab027
6568,5992,29.370005500,1.000000,1,xemu_image,xemu.exe,0x003dc060
6568,5992,29.371885700,1.000000,1,external_module,nvoglv64.dll,
6568,5992,29.373325700,1.000000,1,external_module,nvoglv64.dll,
6568,5992,29.375479800,1.000000,1,xemu_image,xemu.exe,0x00296911
6568,5992,29.377263400,1.000000,1,external_module,graphics-hook64.dll,
6568,5992,29.378700500,1.000000,1,external_module,ntdll.dll,
6568,5992,29.380155100,1.000000,1,external_module,ntdll.dll,
6568,5992,29.382937700,1.000000,1,xemu_image,xemu.exe,0x001dc3cd
6568,5992,29.401354300,1.000000,1,xemu_image,xemu.exe,0x001dc63b
6568,5992,29.418651500,1.000000,1,xemu_image,xemu.exe,0x002968f2
6568,5992,29.420752100,1.000000,1,external_module,ntdll.dll,
6568,5992,29.422542200,1.000000,1,external_module,nvoglv64.dll,
6568,5992,29.424764600,1.000000,1,xemu_image,xemu.exe,0x00298ae6
6568,5992,29.426345900,1.000000,1,external_module,nvoglv64.dll,
6568,5992,29.449429000,1.000000,1,external_module,ntoskrnl.exe,
6568,5992,29.454488400,1.000000,1,external_module,msvcrt.dll,
6568,5992,29.474034100,1.000000,1,xemu_image,xemu.exe,0x002ab045
6568,5992,29.476092100,1.000000,1,xemu_image,xemu.exe,0x0011e663
6568,5992,29.480732800,1.000000,1,external_module,msvcrt.dll,
6568,5992,29.483575200,1.000000,1,external_module,dxgmms2.sys,
6568,5992,29.497529800,1.000000,1,external_module,ntoskrnl.exe,
6568,5992,29.499869200,1.000000,1,xemu_image,xemu.exe,0x001d1ae4
6568,5992,29.515909800,1.000000,1,xemu_image,xemu.exe,0x001d3fb5
6568,5992,29.517666500,1.000000,1,xemu_image,xemu.exe,0x00297a60
6568,5992,29.519683000,1.000000,1,external_module,nvoglv64.dll,
6568,5992,29.521719500,1.000000,1,xemu_image,xemu.exe,0x0011e644
6568,5992,29.523688600,1.000000,1,xemu_image,xemu.exe,0x0011e644
6568,5992,29.525960500,1.000000,1,xemu_image,xemu.exe,0x0028d123
6568,5992,29.529027000,1.000000,1,external_module,nvoglv64.dll,
6568,5992,29.540000800,1.000000,1,xemu_image,xemu.exe,0x0011e65f
6568,5992,29.543889400,1.000000,1,xemu_image,xemu.exe,0x001d4055
6568,5992,29.546854200,1.000000,1,external_module,ntdll.dll,
6568,5992,29.561718600,1.000000,1,external_module,nvlddmkm.sys,
6568,5992,29.564932000,1.000000,1,external_module,msvcrt.dll,
6568,5992,29.566760100,1.000000,1,xemu_image,xemu.exe,0x003dc0eb
6568,5992,29.570873800,1.000000,1,external_module,nvoglv64.dll,
6568,5992,29.573455400,1.000000,1,external_module,nvoglv64.dll,
6568,5992,29.585893500,1.000000,1,external_module,ntoskrnl.exe,
6568,5992,29.605994100,1.000000,1,external_module,ntoskrnl.exe,
6568,5992,29.607302200,1.000000,1,xemu_image,xemu.exe,0x002ab027
6568,5992,29.609418100,1.000000,1,external_module,ntdll.dll,
6568,5992,29.612697100,1.000000,1,xemu_image,xemu.exe,0x0011e671
6568,5992,29.615057600,1.000000,1,external_module,ntoskrnl.exe,
6568,5992,29.626336900,1.000000,1,external_module,ntoskrnl.exe,
6568,5992,29.630289500,1.000000,1,external_module,nvoglv64.dll,
6568,5992,29.642820600,1.000000,1,external_module,nvoglv64.dll,
6568,5992,29.645132000,1.000000,1,xemu_image,xemu.exe,0x0029857c
6568,5992,29.648239000,1.000000,1,external_module,nvoglv64.dll,
6568,5992,29.650270600,1.000000,1,xemu_image,xemu.exe,0x00296911
6568,5992,29.652419200,1.000000,1,external_module,msvcrt.dll,
6568,5992,29.654426000,1.000000,1,external_module,nvoglv64.dll,
6568,5992,29.669506200,1.000000,1,xemu_image,xemu.exe,0x0011e66b
6568,5992,29.677620500,1.000000,1,external_module,ntoskrnl.exe,
6568,5992,29.686582500,1.000000,1,external_module,msvcrt.dll,
6568,5992,29.688066700,1.000000,1,external_module,nvoglv64.dll,
6568,5992,29.690165800,1.000000,1,external_module,nvoglv64.dll,
6568,5992,29.692331700,1.000000,1,xemu_image,xemu.exe,0x002ab033
6568,5992,29.694468200,1.000000,1,external_module,msvcrt.dll,
6568,5992,29.698055600,1.000000,1,external_module,nvoglv64.dll,
6568,5992,29.708598700,1.000000,1,external_module,nvoglv64.dll,
6568,5992,29.711097300,1.000000,1,xemu_image,xemu.exe,0x002ab4c7
6568,5992,29.729456800,1.000000,1,xemu_image,xemu.exe,0x002ab962
6568,5992,29.730635500,1.000000,1,xemu_image,xemu.exe,0x001d4d54
6568,5992,29.731995500,1.000000,1,xemu_image,xemu.exe,0x0011e65a
6568,5992,29.734097900,1.000000,1,external_module,msvcrt.dll,
6568,5992,29.735803300,1.000000,1,xemu_image,xemu.exe,0x001d4916
6568,5992,29.737403300,1.000000,1,external_module,nvoglv64.dll,
6568,5992,29.741083400,1.000000,1,xemu_image,xemu.exe,0x00298b85
6568,5992,29.753113500,1.000000,1,external_module,ntoskrnl.exe,
6568,5992,29.755276100,1.000000,1,external_module,nvoglv64.dll,
6568,5992,29.773236700,1.000000,1,xemu_image,xemu.exe,0x0029568d
6568,5992,29.774469200,1.000000,1,external_module,nvoglv64.dll,
6568,5992,29.777308000,1.000000,1,xemu_image,xemu.exe,0x002ab4bc
6568,5992,29.779013600,1.000000,1,xemu_image,xemu.exe,0x003e2053
6568,5992,29.781035300,1.000000,1,xemu_image,xemu.exe,0x002ab4f4
6568,5992,29.790334600,1.000000,1,external_module,msvcrt.dll,
6568,5992,29.792700600,1.000000,1,xemu_image,xemu.exe,0x0011e733
6568,5992,29.809942100,1.000000,1,xemu_image,xemu.exe,0x002aabf7
6568,5992,29.811898400,1.000000,1,external_module,msvcrt.dll,
6568,5992,29.813878700,1.000000,1,xemu_image,xemu.exe,0x002ab4f9
6568,5992,29.815873800,1.000000,1,xemu_image,xemu.exe,0x001dc616
6568,5992,29.817942300,1.000000,1,xemu_image,xemu.exe,0x001d4684
6568,5992,29.821324000,1.000000,1,external_module,ntoskrnl.exe,
6568,5992,29.849283400,1.000000,1,xemu_image,xemu.exe,0x0027927f
6568,5992,29.857832400,1.000000,1,external_module,msvcrt.dll,
6568,5992,29.859894400,1.000000,1,xemu_image,xemu.exe,0x0028c04b
6568,5992,29.863326400,1.000000,1,external_module,nvoglv64.dll,
6568,5992,29.865218400,1.000000,1,xemu_image,xemu.exe,0x0029dc8f
6568,5992,29.867992700,1.000000,1,external_module,msvcrt.dll,
6568,5992,29.870846500,1.000000,1,external_module,ntoskrnl.exe,
6568,5992,29.883803700,1.000000,1,xemu_image,xemu.exe,0x001d757c
6568,5992,29.901674200,1.000000,1,external_module,ntdll.dll,
6568,5992,29.903335800,1.000000,1,xemu_image,xemu.exe,0x00275665
6568,5992,29.905034800,1.000000,1,xemu_image,xemu.exe,0x002753fa
6568,5992,29.906948400,1.000000,1,xemu_image,xemu.exe,0x0011e644
6568,5992,29.911411500,1.000000,1,external_module,nvoglv64.dll,
6568,5992,29.914263600,1.000000,1,xemu_image,xemu.exe,0x0011e66b
6568,5992,29.925199100,1.000000,1,external_module,ntoskrnl.exe,
6568,5992,29.927489400,1.000000,1,external_module,nvoglv64.dll,
6568,5992,29.942027700,1.000000,1,external_module,ntoskrnl.exe,
6568,5992,29.945473500,1.000000,1,external_module,nvoglv64.dll,
6568,5992,29.947424900,1.000000,1,xemu_image,xemu.exe,0x001dc6ec
6568,5992,29.949769900,1.000000,1,external_module,nvoglv64.dll,
6568,5992,29.951898200,1.000000,1,xemu_image,xemu.exe,0x002ad9c4
6568,5992,29.954412300,1.000000,1,xemu_image,xemu.exe,0x0011e671
6568,5992,29.957797400,1.000000,1,external_module,nvoglv64.dll,
6568,5992,29.969276700,1.000000,1,external_module,ntoskrnl.exe,
6568,5992,29.971555100,1.000000,1,external_module,ntoskrnl.exe,
6568,5992,29.979326700,1.000000,1,external_module,nvlddmkm.sys,
6568,5992,29.990484700,1.000000,1,xemu_image,xemu.exe,0x0011e65f
6568,5992,29.993398900,1.000000,1,external_module,ntdll.dll,
6568,5992,29.996928600,1.000000,1,xemu_image,xemu.exe,0x0029dccd
6568,5992,29.999012000,1.000000,1,external_module,nvoglv64.dll,
6568,5992,30.013564700,1.000000,1,xemu_image,xemu.exe,0x0011e671
6568,5992,30.029818900,1.000000,1,xemu_image,xemu.exe,0x0011e66b
6568,5992,30.031562900,1.000000,1,external_module,nvoglv64.dll,
6568,5992,30.033430300,1.000000,1,xemu_image,xemu.exe,0x0011e65f
6568,5992,30.035401800,1.000000,1,external_module,msvcrt.dll,
6568,5992,30.037645000,1.000000,1,external_module,msvcrt.dll,
6568,5992,30.039519200,1.000000,1,xemu_image,xemu.exe,0x0028d25a
6568,5992,30.042262400,1.000000,1,external_module,nvoglv64.dll,
6568,5992,30.054555600,1.000000,1,external_module,ntoskrnl.exe,
6568,5992,30.056992200,1.000000,1,external_module,ntoskrnl.exe,
6568,5992,30.078664200,1.000000,1,xemu_image,xemu.exe,0x001dc41d
6568,5992,30.082294000,1.000000,1,external_module,nvoglv64.dll,
6568,5992,30.084759800,1.000000,1,external_module,nvoglv64.dll,
6568,5992,30.086901100,1.000000,1,xemu_image,xemu.exe,0x002ab4a3
6568,5992,30.089245200,1.000000,1,xemu_image,xemu.exe,0x001d6987
6568,5992,30.102429100,1.000000,1,xemu_image,xemu.exe,0x001d689c
6568,5992,30.124130300,1.000000,1,xemu_image,xemu.exe,0x0029dccd
6568,5992,30.125130300,1.000000,1,xemu_image,xemu.exe,0x0029567c
6568,5992,30.126529500,1.000000,1,external_module,nvoglv64.dll,
6568,5992,30.143859500,1.000000,1,external_module,nvoglv64.dll,
6568,5992,30.146183000,1.000000,1,external_module,ntoskrnl.exe,
6568,5992,30.162790500,1.000000,1,xemu_image,xemu.exe,0x001d45a4
6568,5992,30.164847500,1.000000,1,external_module,ntdll.dll,
6568,5992,30.166703700,1.000000,1,xemu_image,xemu.exe,0x0011e66b
6568,5992,30.168794600,1.000000,1,external_module,msvcrt.dll,
6568,5992,30.170693200,1.000000,1,external_module,nvoglv64.dll,
6568,5992,30.173401900,1.000000,1,external_module,msvcrt.dll,
6568,5992,30.175849700,1.000000,1,external_module,nvoglv64.dll,
6568,5992,30.187398300,1.000000,1,external_module,ntoskrnl.exe,
6568,5992,30.189622400,1.000000,1,external_module,ntoskrnl.exe,
6568,5992,30.205855200,1.000000,1,external_module,ntoskrnl.exe,
6568,5992,30.211591200,1.000000,1,external_module,dxgkrnl.sys,
6568,5992,30.215594900,1.000000,1,xemu_image,xemu.exe,0x002ab8c6
6568,5992,30.217830900,1.000000,1,external_module,nvoglv64.dll,
6568,5992,30.220503400,1.000000,1,external_module,dxgmms2.sys,
6568,5992,30.230737400,1.000000,1,external_module,ntoskrnl.exe,
6568,5992,30.234727300,1.000000,1,xemu_image,xemu.exe,0x0027554f
6568,5992,30.248648100,1.000000,1,external_module,ntoskrnl.exe,
6568,5992,30.252714000,1.000000,1,xemu_image,xemu.exe,0x0029dc4c
6568,5992,30.254597300,1.000000,1,external_module,nvoglv64.dll,
6568,5992,30.257293500,1.000000,1,external_module,msvcrt.dll,
6568,5992,30.259422500,1.000000,1,xemu_image,xemu.exe,0x001d469a
6568,5992,30.295123000,1.000000,1,xemu_image,xemu.exe,0x001d493f
6568,5992,30.296312800,1.000000,1,xemu_image,xemu.exe,0x001d7c22
6568,5992,30.300374000,1.000000,1,external_module,nvoglv64.dll,
6568,5992,30.302176300,1.000000,1,external_module,ntdll.dll,
6568,5992,30.304838700,1.000000,1,xemu_image,xemu.exe,0x002ab493
6568,5992,30.318362700,1.000000,1,external_module,ntdll.dll,
6568,5992,30.327628700,1.000000,1,external_module,ntoskrnl.exe,
6568,5992,30.336919000,1.000000,1,external_module,nvoglv64.dll,
6568,5992,30.338504800,1.000000,1,external_module,msvcrt.dll,
6568,5992,30.340438000,1.000000,1,external_module,nvoglv64.dll,
6568,5992,30.343149800,1.000000,1,external_module,ntdll.dll,
6568,5992,30.344911700,1.000000,1,xemu_image,xemu.exe,0x002aaef9
6568,5992,30.347215500,1.000000,1,xemu_image,xemu.exe,0x006fd62a
6568,5992,30.349820300,1.000000,1,external_module,ntoskrnl.exe,
6568,5992,30.360006200,1.000000,1,external_module,ntoskrnl.exe,
6568,5992,30.362226200,1.000000,1,external_module,ntdll.dll,
6568,5992,30.377475200,1.000000,1,external_module,nvoglv64.dll,
6568,5992,30.380847300,1.000000,1,external_module,msvcrt.dll,
6568,5992,30.383084200,1.000000,1,xemu_image,xemu.exe,0x001d68e4
6568,5992,30.385182400,1.000000,1,xemu_image,xemu.exe,0x0029dccd
6568,5992,30.387126500,1.000000,1,xemu_image,xemu.exe,0x002980fe
6568,5992,30.401822700,1.000000,1,external_module,ntoskrnl.exe,
6568,5992,30.404168000,1.000000,1,xemu_image,xemu.exe,0x002afa4c
6568,5992,30.420718600,1.000000,1,external_module,nvoglv64.dll,
6568,5992,30.422588600,1.000000,1,xemu_image,xemu.exe,0x001dc6fa
6568,5992,30.424472000,1.000000,1,xemu_image,xemu.exe,0x0011e665
6568,5992,30.426399900,1.000000,1,xemu_image,xemu.exe,0x0028bef1
6568,5992,30.444972000,1.000000,1,external_module,ntoskrnl.exe,
6568,5992,30.457437700,1.000000,1,external_module,ntdll.dll,
6568,5992,30.460808000,1.000000,1,xemu_image,xemu.exe,0x0011e6f5
6568,5992,30.474426400,1.000000,1,xemu_image,xemu.exe,0x0011e663
6568,5992,30.476708600,1.000000,1,external_module,msvcrt.dll,
6568,5992,30.479306300,1.000000,1,external_module,nvoglv64.dll,
6568,5992,30.481200600,1.000000,1,external_module,nvoglv64.dll,
6568,5992,30.483103900,1.000000,1,external_module,msvcrt.dll,
6568,5992,30.485903400,1.000000,1,external_module,msvcrt.dll,
6568,5992,30.500554900,1.000000,1,xemu_image,xemu.exe,0x002ab023
6568,5992,30.517212300,1.000000,1,external_module,nvoglv64.dll,
6568,5992,30.518757200,1.000000,1,xemu_image,xemu.exe,0x001dc390
6568,5992,30.520293300,1.000000,1,external_module,msvcrt.dll,
6568,5992,30.522689000,1.000000,1,xemu_image,xemu.exe,0x002980fe
6568,5992,30.524979400,1.000000,1,xemu_image,xemu.exe,0x0011e647
6568,5992,30.526836000,1.000000,1,xemu_image,xemu.exe,0x0011e647
6568,5992,30.542950000,1.000000,1,external_module,ntdll.dll,
6568,5992,30.559029000,1.000000,1,xemu_image,xemu.exe,0x002afa4c
6568,5992,30.570355200,1.000000,1,xemu_image,xemu.exe,0x001dc69d
6568,5992,30.601428300,1.000000,1,xemu_image,xemu.exe,0x0011e681
6568,5992,30.603126500,1.000000,1,external_module,nvoglv64.dll,
6568,5992,30.605448200,1.000000,1,external_module,nvoglv64.dll,
6568,5992,30.607245200,1.000000,1,external_module,nvoglv64.dll,
6568,5992,30.609699100,1.000000,1,xemu_image,xemu.exe,0x0029bd84
6568,5992,30.624058900,1.000000,1,external_module,ntoskrnl.exe,
6568,5992,30.626294800,1.000000,1,external_module,nvoglv64.dll,
6568,5992,30.641441500,1.000000,1,external_module,msvcrt.dll,
6568,5992,30.642949600,1.000000,1,xemu_image,xemu.exe,0x002a7bcb
6568,5992,30.647954700,1.000000,1,external_module,msvcrt.dll,
6568,5992,30.649971200,1.000000,1,xemu_image,xemu.exe,0x0011e65f
6568,5992,30.653823200,1.000000,1,external_module,nvoglv64.dll,
6568,5992,30.665571500,1.000000,1,xemu_image,xemu.exe,0x001d39b4
6568,5992,30.669009100,1.000000,1,external_module,ntoskrnl.exe,
6568,5992,30.685899200,1.000000,1,xemu_image,xemu.exe,0x001d4ff4
6568,5992,30.688271600,1.000000,1,xemu_image,xemu.exe,0x001d48d8
6568,5992,30.689796200,1.000000,1,xemu_image,xemu.exe,0x0011e6f2
6568,5992,30.692131300,1.000000,1,xemu_image,xemu.exe,0x002ab8c6
6568,5992,30.694161800,1.000000,1,external_module,nvoglv64.dll,
6568,5992,30.696087300,1.000000,1,external_module,nvoglv64.dll,
6568,5992,30.712830200,1.000000,1,xemu_image,xemu.exe,0x0011e644
6568,5992,30.729340500,1.000000,1,xemu_image,xemu.exe,0x0011e938
6568,5992,30.731347200,1.000000,1,xemu_image,xemu.exe,0x0011e665
6568,5992,30.733254500,1.000000,1,external_module,nvoglv64.dll,
6568,5992,30.737990900,1.000000,1,external_module,msvcrt.dll,
6568,5992,30.740000700,1.000000,1,xemu_image,xemu.exe,0x001dc6cc
6568,5992,30.755819400,1.000000,1,xemu_image,xemu.exe,0x001d4005
6568,5992,30.760954400,1.000000,1,external_module,ntoskrnl.exe,
6568,5992,30.774835800,1.000000,1,external_module,nvoglv64.dll,
6568,5992,30.776655300,1.000000,1,external_module,msvcrt.dll,
6568,5992,30.779946500,1.000000,1,xemu_image,xemu.exe,0x002ab027
6568,5992,30.781797600,1.000000,1,external_module,nvoglv64.dll,
6568,5992,30.805273100,1.000000,1,external_module,nvoglv64.dll,
6568,5992,30.809546200,1.000000,1,external_module,ntoskrnl.exe,
6568,5992,30.823747300,1.000000,1,xemu_image,xemu.exe,0x001d7264
6568,5992,30.825299000,1.000000,1,xemu_image,xemu.exe,0x002ab8c6
6568,5992,30.826810400,1.000000,1,xemu_image,xemu.exe,0x002ab8cb
6568,5992,30.828696800,1.000000,1,xemu_image,xemu.exe,0x0011e663
6568,5992,30.830174600,1.000000,1,external_module,nvoglv64.dll,
6568,5992,30.832513700,1.000000,1,external_module,ntdll.dll,
6568,5992,30.834803000,1.000000,1,xemu_image,xemu.exe,0x002968f2
6568,5992,30.837993500,1.000000,1,external_module,ntoskrnl.exe,
6568,5992,30.849692800,1.000000,1,external_module,msvcrt.dll,
6568,5992,30.872165900,1.000000,1,external_module,nvoglv64.dll,
6568,5992,30.874485300,1.000000,1,xemu_image,xemu.exe,0x0011e65f
6568,5992,30.877064200,1.000000,1,external_module,msvcrt.dll,
6568,5992,30.879298400,1.000000,1,external_module,ntdll.dll,
6568,5992,30.921299800,1.000000,1,external_module,nvoglv64.dll,
6568,5992,30.923822800,1.000000,1,xemu_image,xemu.exe,0x001d1b08
6568,5992,30.925937900,1.000000,1,external_module,vulkan-1.dll,
6568,5992,30.961524900,1.000000,1,external_module,ntoskrnl.exe,
6568,5992,30.968166100,1.000000,1,xemu_image,xemu.exe,0x0011e66b
6568,5992,30.971441500,1.000000,1,xemu_image,xemu.exe,0x0027c4a8
6568,5992,30.973457900,1.000000,1,external_module,msvcrt.dll,
6568,5992,30.975324000,1.000000,1,xemu_image,xemu.exe,0x002ab445
6568,5992,30.978726400,1.000000,1,xemu_image,xemu.exe,0x001d4687
6568,5992,30.991342200,1.000000,1,external_module,ntoskrnl.exe,
6568,5992,30.993870400,1.000000,1,xemu_image,xemu.exe,0x0028bec7
6568,5992,31.011998700,1.000000,1,external_module,msvcrt.dll,
6568,5992,31.015302300,1.000000,1,xemu_image,xemu.exe,0x00297b88
6568,5992,31.017456600,1.000000,1,external_module,ntdll.dll,
6568,5992,31.020846600,1.000000,1,external_module,msvcrt.dll,
6568,5992,31.022927600,1.000000,1,xemu_image,xemu.exe,0x00299b27
6568,5992,31.037863300,1.000000,1,xemu_image,xemu.exe,0x001d698c
6568,5992,31.040824400,1.000000,1,external_module,msvcrt.dll,
6568,5992,31.062272700,1.000000,1,xemu_image,xemu.exe,0x0011e65f
6568,5992,31.063785700,1.000000,1,external_module,msvcrt.dll,
6568,5992,31.065674400,1.000000,1,external_module,msvcrt.dll,
6568,5992,31.069176600,1.000000,1,xemu_image,xemu.exe,0x0011e671
6568,5992,31.078362500,1.000000,1,external_module,ntoskrnl.exe,
6568,5992,31.080623000,1.000000,1,external_module,ntoskrnl.exe,
6568,5992,31.094278200,1.000000,1,external_module,vulkan-1.dll,
6568,5992,31.099856300,1.000000,1,xemu_image,xemu.exe,0x0011e65f
6568,5992,31.102104900,1.000000,1,xemu_image,xemu.exe,0x0011e681
6568,5992,31.107295600,1.000000,1,external_module,nvoglv64.dll,
6568,5992,31.109972800,1.000000,1,xemu_image,xemu.exe,0x0011e665
6568,5992,31.121684000,1.000000,1,xemu_image,xemu.exe,0x002ab45d
6568,5992,31.140816100,1.000000,1,xemu_image,xemu.exe,0x001dc4b2
6568,5992,31.141955800,1.000000,1,external_module,msvcrt.dll,
6568,5992,31.143733000,1.000000,1,xemu_image,xemu.exe,0x0028be9d
6568,5992,31.148321800,1.000000,1,external_module,ntdll.dll,
6568,5992,31.150342000,1.000000,1,external_module,ntoskrnl.exe,
6568,5992,31.152886300,1.000000,1,external_module,ntoskrnl.exe,
6568,5992,31.164366700,1.000000,1,external_module,ntdll.dll,
6568,5992,31.182578500,1.000000,1,external_module,msvcrt.dll,
6568,5992,31.183935400,1.000000,1,xemu_image,xemu.exe,0x002ab059
6568,5992,31.185669300,1.000000,1,xemu_image,xemu.exe,0x00275421
6568,5992,31.187367400,1.000000,1,external_module,msvcrt.dll,
6568,5992,31.190891100,1.000000,1,xemu_image,xemu.exe,0x002aaab0
6568,5992,31.192806800,1.000000,1,xemu_image,xemu.exe,0x002ab42d
6568,5992,31.195840800,1.000000,1,external_module,msvcrt.dll,
6568,5992,31.208139200,1.000000,1,external_module,dxgkrnl.sys,
6568,5992,31.210517500,1.000000,1,external_module,ntdll.dll,
6568,5992,31.227733600,1.000000,1,external_module,ntoskrnl.exe,
6568,5992,31.229083400,1.000000,1,external_module,ntdll.dll,
6568,5992,31.230588300,1.000000,1,xemu_image,xemu.exe,0x0011e647
6568,5992,31.232910300,1.000000,1,xemu_image,xemu.exe,0x00296c39
6568,5992,31.234649000,1.000000,1,xemu_image,xemu.exe,0x0011e65f
6568,5992,31.236181700,1.000000,1,xemu_image,xemu.exe,0x0029d59d
6568,5992,31.240419100,1.000000,1,external_module,ntdll.dll,
6568,5992,31.251025400,1.000000,1,xemu_image,xemu.exe,0x0011e65a
6568,5992,31.253238200,1.000000,1,xemu_image,xemu.exe,0x001d689c
6568,5992,31.256357100,1.000000,1,external_module,ntoskrnl.exe,
6568,5992,31.271323200,1.000000,1,external_module,nvoglv64.dll,
6568,5992,31.272679000,1.000000,1,xemu_image,xemu.exe,0x001d49ac
6568,5992,31.274369700,1.000000,1,external_module,nvoglv64.dll,
6568,5992,31.276548700,1.000000,1,xemu_image,xemu.exe,0x003e2009
6568,5992,31.278344900,1.000000,1,xemu_image,xemu.exe,0x0028c9af
6568,5992,31.279849900,1.000000,1,external_module,nvoglv64.dll,
6568,5992,31.282679800,1.000000,1,external_module,msvcrt.dll,
6568,5992,31.293735200,1.000000,1,xemu_image,xemu.exe,0x002774e3
6568,5992,31.310052200,1.000000,1,xemu_image,xemu.exe,0x0011e65f
6568,5992,31.311925800,1.000000,1,external_module,dxgkrnl.sys,
6568,5992,31.314389500,1.000000,1,external_module,nvoglv64.dll,
6568,5992,31.316574700,1.000000,1,xemu_image,xemu.exe,0x00275618
6568,5992,31.318576500,1.000000,1,external_module,nvoglv64.dll,
6568,5992,31.321012200,1.000000,1,external_module,msvcrt.dll,
6568,5992,31.339896600,1.000000,1,external_module,ntoskrnl.exe,
6568,5992,31.373125500,1.000000,1,xemu_image,xemu.exe,0x00298359
6568,5992,31.377763200,1.000000,1,external_module,msvcrt.dll,
6568,5992,31.379604800,1.000000,1,xemu_image,xemu.exe,0x00295685
6568,5992,31.382244400,1.000000,1,external_module,msvcrt.dll,
6568,5992,31.400323300,1.000000,1,xemu_image,xemu.exe,0x002ab8c6
6568,5992,31.424242800,1.000000,1,xemu_image,xemu.exe,0x001d3340
6568,5992,31.426530200,1.000000,1,external_module,ntdll.dll,
6568,5992,31.428880600,1.000000,1,xemu_image,xemu.exe,0x00299b20
6568,5992,31.431371400,1.000000,1,external_module,msvcrt.dll,
6568,5992,31.433873800,1.000000,1,external_module,nvoglv64.dll,
6568,5992,31.450140700,1.000000,1,xemu_image,xemu.exe,0x001d4684
6568,5992,31.468191200,1.000000,1,external_module,nvoglv64.dll,
6568,5992,31.469786100,1.000000,1,xemu_image,xemu.exe,0x0011e671
6568,5992,31.474172200,1.000000,1,xemu_image,xemu.exe,0x002b3e75
6568,5992,31.476186300,1.000000,1,external_module,nvoglv64.dll,
6568,5992,31.480829400,1.000000,1,external_module,ntoskrnl.exe,
6568,5992,31.494369000,1.000000,1,external_module,KernelBase.dll,
6568,5992,31.497811800,1.000000,1,external_module,nvoglv64.dll,
6568,5992,31.513284000,1.000000,1,xemu_image,xemu.exe,0x001d407c
6568,5992,31.515442600,1.000000,1,xemu_image,xemu.exe,0x0011e65f
6568,5992,31.517293700,1.000000,1,xemu_image,xemu.exe,0x002ab033
6568,5992,31.519492400,1.000000,1,external_module,msvcrt.dll,
6568,5992,31.521787100,1.000000,1,external_module,msvcrt.dll,
6568,5992,31.524113100,1.000000,1,xemu_image,xemu.exe,0x0029d59a
6568,5992,31.526762500,1.000000,1,external_module,ntoskrnl.exe,
6568,5992,31.538503900,1.000000,1,xemu_image,xemu.exe,0x002968f2
6568,5992,31.540892600,1.000000,1,external_module,ntoskrnl.exe,
6568,5992,31.544736200,1.000000,1,external_module,ntoskrnl.exe,
6568,5992,31.558093900,1.000000,1,external_module,ntdll.dll,
6568,5992,31.559597300,1.000000,1,external_module,nvoglv64.dll,
6568,5992,31.561974600,1.000000,1,xemu_image,xemu.exe,0x001d4684
6568,5992,31.563859900,1.000000,1,external_module,msvcrt.dll,
6568,5992,31.565872400,1.000000,1,xemu_image,xemu.exe,0x0011e67e
6568,5992,31.568977100,1.000000,1,external_module,ntoskrnl.exe,
6568,5992,31.579239100,1.000000,1,external_module,nvoglv64.dll,
6568,5992,31.581629400,1.000000,1,external_module,ntoskrnl.exe,
6568,5992,31.612312300,1.000000,1,external_module,ntoskrnl.exe,
6568,5992,31.630573100,1.000000,1,external_module,ntoskrnl.exe,
6568,5992,31.644318400,1.000000,1,external_module,ntoskrnl.exe,
6568,5992,31.646243200,1.000000,1,external_module,msvcrt.dll,
6568,5992,31.648534000,1.000000,1,xemu_image,xemu.exe,0x001dc45b
6568,5992,31.650654700,1.000000,1,xemu_image,xemu.exe,0x001d4684
6568,5992,31.654702000,1.000000,1,xemu_image,xemu.exe,0x001d437f
6568,5992,31.657481000,1.000000,1,external_module,nvoglv64.dll,
6568,5992,31.671572500,1.000000,1,xemu_image,xemu.exe,0x001d4901
6568,5992,31.678087000,1.000000,1,external_module,ntoskrnl.exe,
6568,5992,31.692647400,1.000000,1,external_module,nvoglv64.dll,
6568,5992,31.694441400,1.000000,1,external_module,KernelBase.dll,
6568,5992,31.696050500,1.000000,1,xemu_image,xemu.exe,0x002ab98c
6568,5992,31.698665900,1.000000,1,external_module,msvcrt.dll,
6568,5992,31.718057600,1.000000,1,external_module,nvoglv64.dll,
6568,5992,31.720392300,1.000000,1,external_module,nvoglv64.dll,
6568,5992,31.737311300,1.000000,1,xemu_image,xemu.exe,0x0011e671
6568,5992,31.739762300,1.000000,1,external_module,msvcrt.dll,
6568,5992,31.741711300,1.000000,1,xemu_image,xemu.exe,0x0028d115
6568,5992,31.744307800,1.000000,1,external_module,nvoglv64.dll,
6568,5992,31.746274600,1.000000,1,xemu_image,xemu.exe,0x001d4055
6568,5992,31.750075100,1.000000,1,external_module,nvoglv64.dll,
6568,5992,31.762980400,1.000000,1,external_module,nvoglv64.dll,
6568,5992,31.765770700,1.000000,1,external_module,nvoglv64.dll,
6568,5992,31.780661700,1.000000,1,external_module,ntdll.dll,
6568,5992,31.782641400,1.000000,1,xemu_image,xemu.exe,0x002ab045
6568,5992,31.784431000,1.000000,1,xemu_image,xemu.exe,0x001dc425
6568,5992,31.786611200,1.000000,1,external_module,msvcrt.dll,
6568,5992,31.789148600,1.000000,1,xemu_image,xemu.exe,0x0011e663
6568,5992,31.791171700,1.000000,1,xemu_image,xemu.exe,0x002ab50e
6568,5992,31.793920300,1.000000,1,external_module,ntoskrnl.exe,
6568,5992,31.805533000,1.000000,1,external_module,msvcrt.dll,
6568,5992,31.809933600,1.000000,1,xemu_image,xemu.exe,0x002756e7
6568,5992,31.825378800,1.000000,1,xemu_image,xemu.exe,0x0011e665
6568,5992,31.827034400,1.000000,1,xemu_image,xemu.exe,0x001d62c4
6568,5992,31.828834700,1.000000,1,external_module,msvcrt.dll,
6568,5992,31.830677800,1.000000,1,external_module,ntdll.dll,
6568,5992,31.832707800,1.000000,1,external_module,msvcrt.dll,
6568,5992,31.834600000,1.000000,1,external_module,nvoglv64.dll,
6568,5992,31.837445000,1.000000,1,external_module,nvoglv64.dll,
6568,5992,31.850364900,1.000000,1,external_module,nvoglv64.dll,
6568,5992,31.852779000,1.000000,1,external_module,nvoglv64.dll,
6568,5992,31.869668000,1.000000,1,external_module,msvcrt.dll,
6568,5992,31.871310500,1.000000,1,xemu_image,xemu.exe,0x001d3fb5
6568,5992,31.874104900,1.000000,1,xemu_image,xemu.exe,0x001d4916
6568,5992,31.875884200,1.000000,1,xemu_image,xemu.exe,0x0011e65f
6568,5992,31.877744100,1.000000,1,external_module,msvcrt.dll,
6568,5992,31.880149200,1.000000,1,xemu_image,xemu.exe,0x0029436a
6568,5992,31.894814800,1.000000,1,external_module,msvcrt.dll,
6568,5992,31.912355600,1.000000,1,xemu_image,xemu.exe,0x0011e65f
6568,5992,31.913962900,1.000000,1,xemu_image,xemu.exe,0x002ad9c4
6568,5992,31.915403800,1.000000,1,external_module,ntdll.dll,
6568,5992,31.917523400,1.000000,1,external_module,nvoglv64.dll,
6568,5992,31.919481800,1.000000,1,external_module,msvcrt.dll,
6568,5992,31.922092300,1.000000,1,xemu_image,xemu.exe,0x002afa43
6568,5992,31.937115400,1.000000,1,xemu_image,xemu.exe,0x002754f8
6568,5992,31.941101300,1.000000,1,xemu_image,xemu.exe,0x006fd55f
6568,5992,31.957629700,1.000000,1,external_module,ntdll.dll,
6568,5992,31.960416600,1.000000,1,external_module,nvoglv64.dll,
6568,5992,31.962193000,1.000000,1,external_module,nvoglv64.dll,
6568,5992,31.977813200,1.000000,1,xemu_image,xemu.exe,0x0029dccd
6568,5992,31.980643000,1.000000,1,external_module,dxgkrnl.sys,
6568,5992,31.997224200,1.000000,1,xemu_image,xemu.exe,0x0011e85b
6568,5992,31.998723400,1.000000,1,external_module,msvcrt.dll,
6568,5992,32.001693500,1.000000,1,xemu_image,xemu.exe,0x0011e65f
6568,5992,32.003750400,1.000000,1,external_module,msvcrt.dll,
6568,5992,32.005507100,1.000000,1,external_module,msvcrt.dll,
6568,5992,32.008450800,1.000000,1,external_module,ntoskrnl.exe,
6568,5992,32.021014800,1.000000,1,external_module,nvoglv64.dll,
6568,5992,32.023232700,1.000000,1,external_module,dxgmms2.sys,
6568,5992,32.041074200,1.000000,1,xemu_image,xemu.exe,0x0029857c
6568,5992,32.043350100,1.000000,1,external_module,nvoglv64.dll,
6568,5992,32.045186300,1.000000,1,external_module,msvcrt.dll,
6568,5992,32.046397800,1.000000,1,external_module,ntdll.dll,
6568,5992,32.048410100,1.000000,1,xemu_image,xemu.exe,0x003dc09a
6568,5992,32.051341500,1.000000,1,external_module,ntoskrnl.exe,
6568,5992,32.060897800,1.000000,1,external_module,ntoskrnl.exe,
6568,5992,32.065832500,1.000000,1,external_module,ntoskrnl.exe,
6568,5992,32.081816500,1.000000,1,xemu_image,xemu.exe,0x001dc69d
6568,5992,32.083299200,1.000000,1,external_module,msvcrt.dll,
6568,5992,32.085850200,1.000000,1,external_module,ntdll.dll,
6568,5992,32.087359900,1.000000,1,external_module,ntdll.dll,
6568,5992,32.089312400,1.000000,1,xemu_image,xemu.exe,0x00290795
6568,5992,32.126731000,1.000000,1,xemu_image,xemu.exe,0x002987b4
6568,5992,32.130049400,1.000000,1,xemu_image,xemu.exe,0x0011e66b
6568,5992,32.134337300,1.000000,1,xemu_image,xemu.exe,0x00296965
6568,5992,32.136343900,1.000000,1,xemu_image,xemu.exe,0x002add2b
6568,5992,32.138865500,1.000000,1,external_module,nvoglv64.dll,
6568,5992,32.149990300,1.000000,1,external_module,ntoskrnl.exe,
6568,5992,32.152184300,1.000000,1,external_module,msvcrt.dll,
6568,5992,32.161028800,1.000000,1,external_module,ntoskrnl.exe,
6568,5992,32.169357600,1.000000,1,xemu_image,xemu.exe,0x0011e65f
6568,5992,32.170796400,1.000000,1,external_module,msvcrt.dll,
6568,5992,32.172552100,1.000000,1,xemu_image,xemu.exe,0x003ec2c3
6568,5992,32.174541100,1.000000,1,xemu_image,xemu.exe,0x0027567f
6568,5992,32.176948000,1.000000,1,external_module,nvoglv64.dll,
6568,5992,32.179107400,1.000000,1,xemu_image,xemu.exe,0x0029e568
6568,5992,32.181212400,1.000000,1,external_module,nvoglv64.dll,
6568,5992,32.191570600,1.000000,1,xemu_image,xemu.exe,0x001d9a89
6568,5992,32.194039400,1.000000,1,xemu_image,xemu.exe,0x002ab023
6568,5992,32.197565000,1.000000,1,external_module,nvoglv64.dll,
6568,5992,32.210207400,1.000000,1,xemu_image,xemu.exe,0x00296965
6568,5992,32.212011900,1.000000,1,xemu_image,xemu.exe,0x0011e66b
6568,5992,32.215435900,1.000000,1,external_module,ntdll.dll,
6568,5992,32.217173800,1.000000,1,xemu_image,xemu.exe,0x002968f2
6568,5992,32.222600400,1.000000,1,external_module,nvoglv64.dll,
6568,5992,32.254496600,1.000000,1,external_module,msvcrt.dll,
6568,5992,32.256402200,1.000000,1,external_module,msvcrt.dll,
6568,5992,32.258281800,1.000000,1,external_module,nvoglv64.dll,
6568,5992,32.260204500,1.000000,1,xemu_image,xemu.exe,0x001d4055
6568,5992,32.298567600,1.000000,1,xemu_image,xemu.exe,0x002968f2
6568,5992,32.300479200,1.000000,1,xemu_image,xemu.exe,0x001d6883
6568,5992,32.302164700,1.000000,1,xemu_image,xemu.exe,0x0011e657
6568,5992,32.304531200,1.000000,1,xemu_image,xemu.exe,0x0011e65f
6568,5992,32.306934700,1.000000,1,xemu_image,xemu.exe,0x0011e663
6568,5992,32.308977900,1.000000,1,external_module,ntdll.dll,
6568,5992,32.334902900,1.000000,1,external_module,ntoskrnl.exe,
6568,5992,32.344927100,1.000000,1,external_module,ntoskrnl.exe,
6568,5992,32.355594000,1.000000,1,xemu_image,xemu.exe,0x0011e65f
6568,5992,32.357261600,1.000000,1,external_module,ntoskrnl.exe,
6568,5992,32.359232500,1.000000,1,xemu_image,xemu.exe,0x0027925f
6568,5992,32.361705700,1.000000,1,xemu_image,xemu.exe,0x0029694b
6568,5992,32.363829900,1.000000,1,xemu_image,xemu.exe,0x00275568
6568,5992,32.366809700,1.000000,1,xemu_image,xemu.exe,0x002755e7
6568,5992,32.369487200,1.000000,1,external_module,nvoglv64.dll,
6568,5992,32.381264400,1.000000,1,external_module,nvoglv64.dll,
6568,5992,32.394896800,1.000000,1,external_module,ntoskrnl.exe,
6568,5992,32.400307400,1.000000,1,xemu_image,xemu.exe,0x002ab8e0
6568,5992,32.401780200,1.000000,1,external_module,nvoglv64.dll,
6568,5992,32.403819300,1.000000,1,external_module,nvoglv64.dll,
6568,5992,32.405858000,1.000000,1,xemu_image,xemu.exe,0x001d4ce4
6568,5992,32.407794900,1.000000,1,external_module,msvcrt.dll,
6568,5992,32.409894500,1.000000,1,xemu_image,xemu.exe,0x006fd55f
6568,5992,32.412690600,1.000000,1,external_module,nvoglv64.dll,
6568,5992,32.427583600,1.000000,1,external_module,ntoskrnl.exe,
6568,5992,32.444342500,1.000000,1,external_module,nvoglv64.dll,
6568,5992,32.447644500,1.000000,1,xemu_image,xemu.exe,0x0011e65f
6568,5992,32.450309300,1.000000,1,xemu_image,xemu.exe,0x001d4c74
6568,5992,32.452463100,1.000000,1,xemu_image,xemu.exe,0x001d3d78
6568,5992,32.454355600,1.000000,1,xemu_image,xemu.exe,0x001d3fb5
6568,5992,32.456450500,1.000000,1,xemu_image,xemu.exe,0x001d32b4
6568,5992,32.458815900,1.000000,1,external_module,msvcrt.dll,
6568,5992,32.472626900,1.000000,1,external_module,nvoglv64.dll,
6568,5992,32.494445800,1.000000,1,external_module,ntoskrnl.exe,
6568,5992,32.495904800,1.000000,1,external_module,ntdll.dll,
6568,5992,32.498686800,1.000000,1,external_module,ntdll.dll,
6568,5992,32.501049100,1.000000,1,xemu_image,xemu.exe,0x0029dccd
6568,5992,32.516484600,1.000000,1,external_module,nvoglv64.dll,
6568,5992,32.530142300,1.000000,1,external_module,nvoglv64.dll,
6568,5992,32.531535000,1.000000,1,xemu_image,xemu.exe,0x002ab493
6568,5992,32.532996200,1.000000,1,xemu_image,xemu.exe,0x002968f2
6568,5992,32.534729500,1.000000,1,xemu_image,xemu.exe,0x002aa8f1
6568,5992,32.537112300,1.000000,1,external_module,msvcrt.dll,
6568,5992,32.541839000,1.000000,1,xemu_image,xemu.exe,0x001dc425
6568,5992,32.544331300,1.000000,1,xemu_image,xemu.exe,0x002ab466
6568,5992,32.558203600,1.000000,1,external_module,nvoglv64.dll,
6568,5992,32.561932300,1.000000,1,external_module,ntoskrnl.exe,
6568,5992,32.574865500,1.000000,1,external_module,nvoglv64.dll,
6568,5992,32.576396100,1.000000,1,xemu_image,xemu.exe,0x0029dcc9
6568,5992,32.577717600,1.000000,1,external_module,ntoskrnl.exe,
6568,5992,32.579317500,1.000000,1,xemu_image,xemu.exe,0x0027451a
6568,5992,32.581475200,1.000000,1,external_module,nvoglv64.dll,
6568,5992,32.583263800,1.000000,1,xemu_image,xemu.exe,0x00298ac9
6568,5992,32.585290200,1.000000,1,external_module,nvoglv64.dll,
6568,5992,32.587667300,1.000000,1,external_module,nvoglv64.dll,
6568,5992,32.599244200,1.000000,1,external_module,ntoskrnl.exe,
6568,5992,32.601376900,1.000000,1,xemu_image,xemu.exe,0x00275cb9
6568,5992,32.603525400,1.000000,1,xemu_image,xemu.exe,0x006fd55f
6568,5992,32.616493900,1.000000,1,external_module,nvoglv64.dll,
6568,5992,32.618067300,1.000000,1,xemu_image,xemu.exe,0x002ab8c6
6568,5992,32.620228100,1.000000,1,xemu_image,xemu.exe,0x00294282
6568,5992,32.622479300,1.000000,1,xemu_image,xemu.exe,0x00275443
6568,5992,32.624206100,1.000000,1,external_module,nvoglv64.dll,
6568,5992,32.626216400,1.000000,1,external_module,msvcrt.dll,
6568,5992,32.637439000,1.000000,1,external_module,ntoskrnl.exe,
6568,5992,32.649047600,1.000000,1,external_module,nvoglv64.dll,
6568,5992,32.651659000,1.000000,1,xemu_image,xemu.exe,0x0011e671
6568,5992,32.667801100,1.000000,1,xemu_image,xemu.exe,0x0028c1ab
6568,5992,32.669228300,1.000000,1,external_module,nvoglv64.dll,
6568,5992,32.671572000,1.000000,1,external_module,msvcrt.dll,
6568,5992,32.673455600,1.000000,1,external_module,msvcrt.dll,
6568,5992,32.675975800,1.000000,1,xemu_image,xemu.exe,0x003dc060
6568,5992,32.678670600,1.000000,1,xemu_image,xemu.exe,0x0011e88a
6568,5992,32.695257000,1.000000,1,external_module,ntoskrnl.exe,
6568,5992,32.710038600,1.000000,1,xemu_image,xemu.exe,0x002968f2
6568,5992,32.711731400,1.000000,1,external_module,msvcrt.dll,
6568,5992,32.716945700,1.000000,1,external_module,nvoglv64.dll,
6568,5992,32.719026000,1.000000,1,xemu_image,xemu.exe,0x0011e65a
6568,5992,32.720772600,1.000000,1,external_module,nvoglv64.dll,
6568,5992,32.738322900,1.000000,1,unknown_external,,
6568,5992,32.739725700,1.000000,1,external_module,nvoglv64.dll,
6568,5992,32.759714400,1.000000,1,external_module,msvcrt.dll,
6568,5992,32.761885500,1.000000,1,xemu_image,xemu.exe,0x002a6ae4
6568,5992,32.763390300,1.000000,1,xemu_image,xemu.exe,0x0028cccc
6568,5992,32.765684400,1.000000,1,external_module,msvcrt.dll,
6568,5992,32.781063600,1.000000,1,external_module,ntoskrnl.exe,
6568,5992,32.796881700,1.000000,1,external_module,msvcrt.dll,
6568,5992,32.798446600,1.000000,1,external_module,nvoglv64.dll,
6568,5992,32.799874700,1.000000,1,external_module,msvcrt.dll,
6568,5992,32.802363600,1.000000,1,external_module,nvoglv64.dll,
6568,5992,32.804131500,1.000000,1,external_module,nvoglv64.dll,
6568,5992,32.806547000,1.000000,1,external_module,nvoglv64.dll,
6568,5992,32.808529500,1.000000,1,external_module,ntoskrnl.exe,
6568,5992,32.824308200,1.000000,1,external_module,ntdll.dll,
6568,5992,32.841802000,1.000000,1,xemu_image,xemu.exe,0x001d4c88
6568,5992,32.843233300,1.000000,1,external_module,msvcrt.dll,
6568,5992,32.845551600,1.000000,1,xemu_image,xemu.exe,0x00299b4b
6568,5992,32.847368200,1.000000,1,external_module,msvcrt.dll,
6568,5992,32.849670000,1.000000,1,external_module,msvcrt.dll,
6568,5992,32.851902100,1.000000,1,xemu_image,xemu.exe,0x002968f2
6568,5992,32.854266800,1.000000,1,xemu_image,xemu.exe,0x0011e65f
6568,5992,32.865487600,1.000000,1,external_module,ntoskrnl.exe,
6568,5992,32.868050400,1.000000,1,xemu_image,xemu.exe,0x001d55e6
6568,5992,32.878104900,1.000000,1,external_module,ntoskrnl.exe,
6568,5992,32.884158500,1.000000,1,xemu_image,xemu.exe,0x0011e663
6568,5992,32.886546300,1.000000,1,xemu_image,xemu.exe,0x002ab8c6
6568,5992,32.888831800,1.000000,1,external_module,nvoglv64.dll,
6568,5992,32.893160000,1.000000,1,external_module,nvoglv64.dll,
6568,5992,32.907874600,1.000000,1,external_module,ntoskrnl.exe,
6568,5992,32.910249300,1.000000,1,external_module,ntoskrnl.exe,
6568,5992,32.925325500,1.000000,1,external_module,msvcrt.dll,
6568,5992,32.926987300,1.000000,1,xemu_image,xemu.exe,0x002ab8db
6568,5992,32.929701000,1.000000,1,external_module,nvoglv64.dll,
6568,5992,32.931537400,1.000000,1,external_module,nvoglv64.dll,
6568,5992,32.934031800,1.000000,1,external_module,msvcrt.dll,
6568,5992,32.936271900,1.000000,1,xemu_image,xemu.exe,0x001dc3cd
6568,5992,32.950427500,1.000000,1,xemu_image,xemu.exe,0x001d810a
6568,5992,32.968189100,1.000000,1,external_module,msvcrt.dll,
6568,5992,32.969723400,1.000000,1,external_module,vulkan-1.dll,
6568,5992,32.972303200,1.000000,1,xemu_image,xemu.exe,0x001d4082
6568,5992,32.974363100,1.000000,1,xemu_image,xemu.exe,0x001dc540
6568,5992,32.991302300,1.000000,1,external_module,ntdll.dll,
6568,5992,33.012005800,1.000000,1,xemu_image,xemu.exe,0x0011e65f
6568,5992,33.013293300,1.000000,1,xemu_image,xemu.exe,0x0028c760
6568,5992,33.015206300,1.000000,1,xemu_image,xemu.exe,0x002ab038
6568,5992,33.017148700,1.000000,1,xemu_image,xemu.exe,0x002b3e71
6568,5992,33.019627100,1.000000,1,external_module,nvoglv64.dll,
6568,5992,33.021666400,1.000000,1,xemu_image,xemu.exe,0x0027452d
6568,5992,33.037296900,1.000000,1,xemu_image,xemu.exe,0x002ab8c6
6568,5992,33.044824100,1.000000,1,external_module,ntoskrnl.exe,
6568,5992,33.056577900,1.000000,1,external_module,nvoglv64.dll,
6568,5992,33.060557000,1.000000,1,external_module,nvoglv64.dll,
6568,5992,33.062403000,1.000000,1,external_module,nvoglv64.dll,
6568,5992,33.064103500,1.000000,1,external_module,ntoskrnl.exe,
6568,5992,33.067624500,1.000000,1,xemu_image,xemu.exe,0x0011e647
6568,5992,33.077369200,1.000000,1,external_module,ntoskrnl.exe,
6568,5992,33.080566600,1.000000,1,external_module,nvoglv64.dll,
6568,5992,33.094340100,1.000000,1,external_module,ntoskrnl.exe,
6568,5992,33.096672700,1.000000,1,xemu_image,xemu.exe,0x0011e65f
6568,5992,33.098609800,1.000000,1,xemu_image,xemu.exe,0x0029dcc9
6568,5992,33.100896300,1.000000,1,external_module,nvoglv64.dll,
6568,5992,33.102831400,1.000000,1,xemu_image,xemu.exe,0x001d3de5
6568,5992,33.105006700,1.000000,1,external_module,nvoglv64.dll,
6568,5992,33.107143000,1.000000,1,xemu_image,xemu.exe,0x00274522
6568,5992,33.125934200,1.000000,1,xemu_image,xemu.exe,0x00a84567
6568,5992,33.140007800,1.000000,1,xemu_image,xemu.exe,0x0011e65f
6568,5992,33.141380400,1.000000,1,external_module,ntoskrnl.exe,
6568,5992,33.143450100,1.000000,1,external_module,msvcrt.dll,
6568,5992,33.145528700,1.000000,1,xemu_image,xemu.exe,0x0011e65f
6568,5992,33.147292400,1.000000,1,xemu_image,xemu.exe,0x002b3e75
6568,5992,33.149354000,1.000000,1,xemu_image,xemu.exe,0x0011e65f
6568,5992,33.152913400,1.000000,1,external_module,vulkan-1.dll,
6568,5992,33.162858000,1.000000,1,external_module,ntoskrnl.exe,
6568,5992,33.165346700,1.000000,1,external_module,ntoskrnl.exe,
6568,5992,33.182524100,1.000000,1,external_module,msvcrt.dll,
6568,5992,33.184245200,1.000000,1,xemu_image,xemu.exe,0x0011e647
6568,5992,33.186050700,1.000000,1,xemu_image,xemu.exe,0x001d3d38
6568,5992,33.188136000,1.000000,1,external_module,nvoglv64.dll,
6568,5992,33.190080900,1.000000,1,external_module,msvcrt.dll,
6568,5992,33.192408300,1.000000,1,xemu_image,xemu.exe,0x001dc4e8
6568,5992,33.210131500,1.000000,1,external_module,ntoskrnl.exe,
6568,5992,33.214487600,1.000000,1,external_module,vulkan-1.dll,
6568,5992,33.227227900,1.000000,1,xemu_image,xemu.exe,0x00298ba1
6568,5992,33.231012000,1.000000,1,xemu_image,xemu.exe,0x001d7c14
6568,5992,33.232872200,1.000000,1,external_module,msvcrt.dll,
6568,5992,33.234671300,1.000000,1,external_module,nvoglv64.dll,
6568,5992,33.237171700,1.000000,1,xemu_image,xemu.exe,0x0029dccd
6568,5992,33.239840600,1.000000,1,xemu_image,xemu.exe,0x001d48ea
6568,5992,33.251113400,1.000000,1,external_module,nvoglv64.dll,
6568,5992,33.270410200,1.000000,1,xemu_image,xemu.exe,0x002ab8c6
6568,5992,33.272110800,1.000000,1,xemu_image,xemu.exe,0x002afa4c
6568,5992,33.273946100,1.000000,1,xemu_image,xemu.exe,0x001dc63f
6568,5992,33.276430100,1.000000,1,xemu_image,xemu.exe,0x002ab420
6568,5992,33.278632500,1.000000,1,external_module,nvoglv64.dll,
6568,5992,33.282817600,1.000000,1,external_module,nvoglv64.dll,
6568,5992,33.293186700,1.000000,1,xemu_image,xemu.exe,0x00279486
6568,5992,33.295495100,1.000000,1,external_module,msvcrt.dll,
6568,5992,33.310738300,1.000000,1,external_module,ntdll.dll,
6568,5992,33.358634600,1.000000,1,xemu_image,xemu.exe,0x002ab45d
6568,5992,33.360630400,1.000000,1,xemu_image,xemu.exe,0x0011e681
6568,5992,33.363175900,1.000000,1,xemu_image,xemu.exe,0x0011e681
6568,5992,33.366826700,1.000000,1,xemu_image,xemu.exe,0x001d492d
6568,5992,33.368743100,1.000000,1,external_module,ntdll.dll,
6568,5992,33.390417900,1.000000,1,xemu_image,xemu.exe,0x0011e665
6568,5992,33.394372200,1.000000,1,external_module,nvlddmkm.sys,
6568,5992,33.409192200,1.000000,1,xemu_image,xemu.exe,0x001dc69d
6568,5992,33.410907600,1.000000,1,xemu_image,xemu.exe,0x002755e1
6568,5992,33.412957800,1.000000,1,xemu_image,xemu.exe,0x0011e65f
6568,5992,33.415622800,1.000000,1,external_module,msvcrt.dll,
6568,5992,33.417689700,1.000000,1,external_module,msvcrt.dll,
6568,5992,33.420152400,1.000000,1,external_module,nvoglv64.dll,
6568,5992,33.437270600,1.000000,1,xemu_image,xemu.exe,0x002755c3
6568,5992,33.439849400,1.000000,1,external_module,msvcrt.dll,
6568,5992,33.456807800,1.000000,1,external_module,ntoskrnl.exe,
6568,5992,33.458382900,1.000000,1,xemu_image,xemu.exe,0x0029dcc9
6568,5992,33.460361400,1.000000,1,external_module,msvcrt.dll,
6568,5992,33.464205300,1.000000,1,external_module,nvoglv64.dll,
6568,5992,33.487505300,1.000000,1,external_module,ntoskrnl.exe,
6568,5992,33.490272300,1.000000,1,xemu_image,xemu.exe,0x006fd55f
6568,5992,33.493809900,1.000000,1,external_module,ntoskrnl.exe,
6568,5992,33.507260000,1.000000,1,xemu_image,xemu.exe,0x002968f2
6568,5992,33.509434200,1.000000,1,xemu_image,xemu.exe,0x0011e65f
6568,5992,33.511910900,1.000000,1,xemu_image,xemu.exe,0x002aabda
6568,5992,33.513597200,1.000000,1,xemu_image,xemu.exe,0x001dc6c3
6568,5992,33.515828700,1.000000,1,xemu_image,xemu.exe,0x002b3e75
6568,5992,33.517840800,1.000000,1,xemu_image,xemu.exe,0x0011e681
6568,5992,33.520424400,1.000000,1,xemu_image,xemu.exe,0x002968f2
6568,5992,33.532381900,1.000000,1,external_module,ntoskrnl.exe,
6568,5992,33.534625900,1.000000,1,xemu_image,xemu.exe,0x010ba560
6568,5992,33.545084700,1.000000,1,external_module,win32u.dll,
6568,5992,33.550739500,1.000000,1,external_module,msvcrt.dll,
6568,5992,33.552193100,1.000000,1,external_module,nvoglv64.dll,
6568,5992,33.553934500,1.000000,1,external_module,nvoglv64.dll,
6568,5992,33.556033000,1.000000,1,external_module,nvoglv64.dll,
6568,5992,33.558402800,1.000000,1,external_module,nvoglv64.dll,
6568,5992,33.560643600,1.000000,1,external_module,ntdll.dll,
6568,5992,33.569484500,1.000000,1,external_module,msvcrt.dll,
6568,5992,33.580099600,1.000000,1,xemu_image,xemu.exe,0x002ab8c6
6568,5992,33.583259100,1.000000,1,xemu_image,xemu.exe,0x0029814b
6568,5992,33.599950100,1.000000,1,xemu_image,xemu.exe,0x002b3bba
6568,5992,33.601845700,1.000000,1,xemu_image,xemu.exe,0x006fd67a
6568,5992,33.603948900,1.000000,1,xemu_image,xemu.exe,0x00279695
6568,5992,33.606277300,1.000000,1,external_module,msvcrt.dll,
6568,5992,33.608057100,1.000000,1,external_module,ntoskrnl.exe,
6568,5992,33.625202100,1.000000,1,external_module,nvoglv64.dll,
6568,5992,33.628349100,1.000000,1,external_module,dxgkrnl.sys,
6568,5992,33.644143600,1.000000,1,external_module,nvoglv64.dll,
6568,5992,33.645915400,1.000000,1,xemu_image,xemu.exe,0x0028bec7
6568,5992,33.647709900,1.000000,1,external_module,ntdll.dll,
6568,5992,33.650101500,1.000000,1,external_module,ntdll.dll,
6568,5992,33.652118600,1.000000,1,xemu_image,xemu.exe,0x002b3bad
6568,5992,33.670407300,1.000000,1,external_module,ntoskrnl.exe,
6568,5992,33.675025600,1.000000,1,external_module,ntoskrnl.exe,
6568,5992,33.689942200,1.000000,1,external_module,msvcrt.dll,
6568,5992,33.691412500,1.000000,1,external_module,nvoglv64.dll,
6568,5992,33.694008900,1.000000,1,xemu_image,xemu.exe,0x002ab447
6568,5992,33.695697100,1.000000,1,external_module,msvcrt.dll,
6568,5992,33.698464000,1.000000,1,external_module,msvcrt.dll,
6568,5992,33.701118500,1.000000,1,xemu_image,xemu.exe,0x002afa53
6568,5992,33.711088300,1.000000,1,external_module,ntdll.dll,
6568,5992,33.713077900,1.000000,1,external_module,ntoskrnl.exe,
6568,5992,33.731498500,1.000000,1,xemu_image,xemu.exe,0x0029dcc9
6568,5992,33.733090700,1.000000,1,xemu_image,xemu.exe,0x001d32dc
6568,5992,33.735564400,1.000000,1,xemu_image,xemu.exe,0x002aaef9
6568,5992,33.737502100,1.000000,1,xemu_image,xemu.exe,0x00275cb9
6568,5992,33.739850900,1.000000,1,xemu_image,xemu.exe,0x001d3fe7
6568,5992,33.742179400,1.000000,1,xemu_image,xemu.exe,0x001dc610
6568,5992,33.754680200,1.000000,1,external_module,ntoskrnl.exe,
6568,5992,33.758046900,1.000000,1,external_module,nvoglv64.dll,
6568,5992,33.775516000,1.000000,1,xemu_image,xemu.exe,0x0011e65f
6568,5992,33.777014900,1.000000,1,xemu_image,xemu.exe,0x001d336e
6568,5992,33.778756200,1.000000,1,external_module,nvoglv64.dll,
6568,5992,33.780558000,1.000000,1,xemu_image,xemu.exe,0x0011e66b
6568,5992,33.782746100,1.000000,1,xemu_image,xemu.exe,0x002aac31
6568,5992,33.784978700,1.000000,1,external_module,nvoglv64.dll,
6568,5992,33.787824000,1.000000,1,xemu_image,xemu.exe,0x002968f2
6568,5992,33.798438800,1.000000,1,external_module,ntoskrnl.exe,
6568,5992,33.800990500,1.000000,1,external_module,ntdll.dll,
6568,5992,33.817743300,1.000000,1,external_module,msvcrt.dll,
6568,5992,33.819682600,1.000000,1,external_module,msvcrt.dll,
6568,5992,33.821911400,1.000000,1,external_module,msvcrt.dll,
6568,5992,33.824682600,1.000000,1,xemu_image,xemu.exe,0x001d9721
6568,5992,33.826532000,1.000000,1,xemu_image,xemu.exe,0x0011e65f
6568,5992,33.843463600,1.000000,1,xemu_image,xemu.exe,0x001d7578
6568,5992,33.846344400,1.000000,1,xemu_image,xemu.exe,0x001d698c
6568,5992,33.859892500,1.000000,1,external_module,ntdll.dll,
6568,5992,33.862641800,1.000000,1,xemu_image,xemu.exe,0x0028d118
6568,5992,33.863770400,1.000000,1,xemu_image,xemu.exe,0x003e1ff0
6568,5992,33.868302300,1.000000,1,external_module,ntdll.dll,
6568,5992,33.870605500,1.000000,1,external_module,nvoglv64.dll,
6568,5992,33.873099400,1.000000,1,external_module,nvoglv64.dll,
6568,5992,33.884145500,1.000000,1,external_module,ntdll.dll,
6568,5992,33.906653700,1.000000,1,xemu_image,xemu.exe,0x002ab059
6568,5992,33.908530200,1.000000,1,xemu_image,xemu.exe,0x0011e5ae
6568,5992,33.910483200,1.000000,1,external_module,msvcrt.dll,
6568,5992,33.912416900,1.000000,1,xemu_image,xemu.exe,0x0011e665
6568,5992,33.914760800,1.000000,1,external_module,nvoglv64.dll,
6568,5992,33.917637000,1.000000,1,external_module,nvoglv64.dll,
6568,5992,33.927138600,1.000000,1,external_module,ntoskrnl.exe,
6568,5992,33.930340600,1.000000,1,external_module,ntdll.dll,
6568,5992,33.945891000,1.000000,1,xemu_image,xemu.exe,0x0011e665
6568,5992,33.948504400,1.000000,1,external_module,nvoglv64.dll,
6568,5992,33.950203100,1.000000,1,external_module,msvcrt.dll,
6568,5992,33.953257500,1.000000,1,external_module,nvoglv64.dll,
6568,5992,33.955055100,1.000000,1,external_module,nvoglv64.dll,
6568,5992,33.959147100,1.000000,1,xemu_image,xemu.exe,0x00297bd2
6568,5992,33.970793800,1.000000,1,xemu_image,xemu.exe,0x001d3feb
6568,5992,33.973619100,1.000000,1,xemu_image,xemu.exe,0x00295521
6568,5992,33.978341100,1.000000,1,external_module,ntoskrnl.exe,
6568,5992,33.990663600,1.000000,1,xemu_image,xemu.exe,0x0011e663
6568,5992,33.992367700,1.000000,1,external_module,msvcrt.dll,
6568,5992,33.994191600,1.000000,1,xemu_image,xemu.exe,0x0029695b
6568,5992,33.997148400,1.000000,1,external_module,nvoglv64.dll,
6568,5992,33.999354600,1.000000,1,xemu_image,xemu.exe,0x002ab023
6568,5992,34.001590800,1.000000,1,external_module,nvoglv64.dll,
6568,5992,34.004449100,1.000000,1,external_module,ntoskrnl.exe,
6568,5992,34.016050100,1.000000,1,xemu_image,xemu.exe,0x001d3131
6568,5992,34.020032300,1.000000,1,external_module,msvcrt.dll,
6568,5992,34.035167400,1.000000,1,xemu_image,xemu.exe,0x001d4055
6568,5992,34.037130800,1.000000,1,xemu_image,xemu.exe,0x002753d4
6568,5992,34.039182500,1.000000,1,xemu_image,xemu.exe,0x0011e671
6568,5992,34.041067300,1.000000,1,xemu_image,xemu.exe,0x0011e671
6568,5992,34.043912600,1.000000,1,xemu_image,xemu.exe,0x002b3cef
6568,5992,34.061530800,1.000000,1,external_module,ntoskrnl.exe,
6568,5992,34.076626800,1.000000,1,external_module,msvcrt.dll,
6568,5992,34.078607900,1.000000,1,external_module,nvoglv64.dll,
6568,5992,34.080901000,1.000000,1,xemu_image,xemu.exe,0x003e2007
6568,5992,34.082969800,1.000000,1,external_module,nvoglv64.dll,
6568,5992,34.099946100,1.000000,1,external_module,nvoglv64.dll,
6568,5992,34.116227700,1.000000,1,xemu_image,xemu.exe,0x001d5010
6568,5992,34.121153500,1.000000,1,external_module,msvcrt.dll,
6568,5992,34.123005500,1.000000,1,xemu_image,xemu.exe,0x002ada15
6568,5992,34.125060200,1.000000,1,external_module,nvoglv64.dll,
6568,5992,34.141250900,1.000000,1,xemu_image,xemu.exe,0x0028cb21
6568,5992,34.144252500,1.000000,1,xemu_image,xemu.exe,0x002ab045
6568,5992,34.160614100,1.000000,1,external_module,msvcrt.dll,
6568,5992,34.162235000,1.000000,1,xemu_image,xemu.exe,0x0029dc2f
6568,5992,34.163756800,1.000000,1,external_module,msvcrt.dll,
6568,5992,34.165981000,1.000000,1,xemu_image,xemu.exe,0x001dc69d
6568,5992,34.168068700,1.000000,1,external_module,msvcrt.dll,
6568,5992,34.192028500,1.000000,1,external_module,nvoglv64.dll,
6568,5992,34.194476200,1.000000,1,external_module,nvoglv64.dll,
6568,5992,34.211846200,1.000000,1,xemu_image,xemu.exe,0x002ab8c6
6568,5992,34.235545800,1.000000,1,xemu_image,xemu.exe,0x00275671
6568,5992,34.257233500,1.000000,1,xemu_image,xemu.exe,0x0011e665
6568,5992,34.258800800,1.000000,1,external_module,nvoglv64.dll,
6568,5992,34.263709600,1.000000,1,xemu_image,xemu.exe,0x0011e66b
6568,5992,34.268466700,1.000000,1,xemu_image,xemu.exe,0x002ab4f9
6568,5992,34.278303500,1.000000,1,external_module,nvoglv64.dll,
6568,5992,34.280702900,1.000000,1,xemu_image,xemu.exe,0x00296994
6568,5992,34.296812100,1.000000,1,external_module,msvcrt.dll,
6568,5992,34.298805000,1.000000,1,xemu_image,xemu.exe,0x001d6323
6568,5992,34.300779800,1.000000,1,xemu_image,xemu.exe,0x001d49ac
6568,5992,34.302857900,1.000000,1,external_module,nvoglv64.dll,
6568,5992,34.305477000,1.000000,1,xemu_image,xemu.exe,0x0011e671
6568,5992,34.307679500,1.000000,1,xemu_image,xemu.exe,0x00279138
6568,5992,34.321172500,1.000000,1,external_module,ntoskrnl.exe,
6568,5992,34.325582500,1.000000,1,external_module,ntoskrnl.exe,
6568,5992,34.340030200,1.000000,1,xemu_image,xemu.exe,0x00297b93
6568,5992,34.341208300,1.000000,1,external_module,ntdll.dll,
6568,5992,34.342677900,1.000000,1,external_module,ntdll.dll,
6568,5992,34.344230500,1.000000,1,external_module,nvoglv64.dll,
6568,5992,34.345733300,1.000000,1,xemu_image,xemu.exe,0x003e1ffe
6568,5992,34.347627200,1.000000,1,xemu_image,xemu.exe,0x002ab4c9
6568,5992,34.349653400,1.000000,1,xemu_image,xemu.exe,0x002ab027
6568,5992,34.352211600,1.000000,1,xemu_image,xemu.exe,0x0011e920
6568,5992,34.361081000,1.000000,1,xemu_image,xemu.exe,0x002ab4f9
6568,5992,34.364428800,1.000000,1,xemu_image,xemu.exe,0x002987e0
6568,5992,34.373122100,1.000000,1,external_module,ntoskrnl.exe,
6568,5992,34.380092600,1.000000,1,xemu_image,xemu.exe,0x001d9721
6568,5992,34.381716800,1.000000,1,xemu_image,xemu.exe,0x003e2889
6568,5992,34.383173000,1.000000,1,external_module,ntdll.dll,
6568,5992,34.385663300,1.000000,1,xemu_image,xemu.exe,0x0011e65f
6568,5992,34.387412700,1.000000,1,external_module,msvcrt.dll,
6568,5992,34.389402300,1.000000,1,external_module,msvcrt.dll,
6568,5992,34.391948300,1.000000,1,external_module,msvcrt.dll,
6568,5992,34.404263600,1.000000,1,xemu_image,xemu.exe,0x0011e671
6568,5992,34.464218800,1.000000,1,external_module,nvoglv64.dll,
6568,5992,34.465869600,1.000000,1,xemu_image,xemu.exe,0x001dc6aa
6568,5992,34.467668500,1.000000,1,external_module,nvoglv64.dll,
6568,5992,34.469998300,1.000000,1,external_module,ntdll.dll,
6568,5992,34.471878600,1.000000,1,xemu_image,xemu.exe,0x0011e65f
6568,5992,34.473860700,1.000000,1,xemu_image,xemu.exe,0x002a7a48
6568,5992,34.496008400,1.000000,1,external_module,ntoskrnl.exe,
6568,5992,34.499964600,1.000000,1,xemu_image,xemu.exe,0x001d403a
6568,5992,34.514043700,1.000000,1,xemu_image,xemu.exe,0x0029dcc6
6568,5992,34.515722700,1.000000,1,external_module,nvoglv64.dll,
6568,5992,34.517183800,1.000000,1,xemu_image,xemu.exe,0x0011e681
6568,5992,34.519546700,1.000000,1,xemu_image,xemu.exe,0x003e2007
6568,5992,34.521349500,1.000000,1,xemu_image,xemu.exe,0x0028be7c
6568,5992,34.524118300,1.000000,1,external_module,msvcrt.dll,
6568,5992,34.526995700,1.000000,1,external_module,nvoglv64.dll,
6568,5992,34.541352600,1.000000,1,xemu_image,xemu.exe,0x0011e647
6568,5992,34.562494200,1.000000,1,external_module,nvoglv64.dll,
6568,5992,34.566323900,1.000000,1,xemu_image,xemu.exe,0x0029dcc9
6568,5992,34.568206800,1.000000,1,xemu_image,xemu.exe,0x00275421
6568,5992,34.570290400,1.000000,1,xemu_image,xemu.exe,0x002a7daa
6568,5992,34.584087300,1.000000,1,external_module,nvoglv64.dll,
6568,5992,34.594392400,1.000000,1,external_module,dxgmms2.sys,
6568,5992,34.601905300,1.000000,1,xemu_image,xemu.exe,0x002ab8c6
6568,5992,34.604343900,1.000000,1,external_module,msvcrt.dll,
6568,5992,34.606697500,1.000000,1,xemu_image,xemu.exe,0x0011e65f
6568,5992,34.608479200,1.000000,1,external_module,msvcrt.dll,
6568,5992,34.611077600,1.000000,1,external_module,nvoglv64.dll,
6568,5992,34.625034500,1.000000,1,external_module,nvoglv64.dll,
6568,5992,34.642596300,1.000000,1,external_module,nvoglv64.dll,
6568,5992,34.644285400,1.000000,1,xemu_image,xemu.exe,0x00294259
6568,5992,34.647241400,1.000000,1,external_module,ntdll.dll,
6568,5992,34.649137900,1.000000,1,external_module,nvoglv64.dll,
6568,5992,34.651437600,1.000000,1,external_module,ntdll.dll,
6568,5992,34.653581100,1.000000,1,external_module,nvoglv64.dll,
6568,5992,34.667466300,1.000000,1,external_module,nvoglv64.dll,
6568,5992,34.684949600,1.000000,1,xemu_image,xemu.exe,0x003e1ffc
6568,5992,34.686611400,1.000000,1,xemu_image,xemu.exe,0x0011e65f
6568,5992,34.688087500,1.000000,1,external_module,nvoglv64.dll,
6568,5992,34.689931100,1.000000,1,external_module,ntdll.dll,
6568,5992,34.692126800,1.000000,1,external_module,msvcrt.dll,
6568,5992,34.694382900,1.000000,1,external_module,ntdll.dll,
6568,5992,34.696672300,1.000000,1,external_module,nvoglv64.dll,
6568,5992,34.708617200,1.000000,1,external_module,ntoskrnl.exe,
6568,5992,34.711058600,1.000000,1,external_module,ntoskrnl.exe,
6568,5992,34.729070200,1.000000,1,external_module,ntoskrnl.exe,
6568,5992,34.732063200,1.000000,1,xemu_image,xemu.exe,0x00275665
6568,5992,34.735080200,1.000000,1,external_module,ntoskrnl.exe,
6568,5992,34.738937700,1.000000,1,external_module,msvcrt.dll,
6568,5992,34.742527000,1.000000,1,external_module,ntoskrnl.exe,
6568,5992,34.753707700,1.000000,1,external_module,nvoglv64.dll,
6568,5992,34.776957000,1.000000,1,xemu_image,xemu.exe,0x0011e65f
6568,5992,34.792640900,1.000000,1,xemu_image,xemu.exe,0x0029434f
6568,5992,34.810108400,1.000000,1,xemu_image,xemu.exe,0x001d48dd
6568,5992,34.812510300,1.000000,1,external_module,ntoskrnl.exe,
6568,5992,34.827874200,1.000000,1,xemu_image,xemu.exe,0x002ab8c6
6568,5992,34.831704500,1.000000,1,xemu_image,xemu.exe,0x002ab059
6568,5992,34.833819200,1.000000,1,external_module,nvoglv64.dll,
6568,5992,34.835907100,1.000000,1,external_module,ntoskrnl.exe,
6568,5992,34.838067000,1.000000,1,xemu_image,xemu.exe,0x002ab195
6568,5992,34.851361800,1.000000,1,xemu_image,xemu.exe,0x0029d58d
6568,5992,34.873851200,1.000000,1,xemu_image,xemu.exe,0x001d2eb4
6568,5992,34.875082900,1.000000,1,xemu_image,xemu.exe,0x003e2007
6568,5992,34.876706200,1.000000,1,xemu_image,xemu.exe,0x0011e665
6568,5992,34.878550600,1.000000,1,external_module,ntoskrnl.exe,
6568,5992,34.881384600,1.000000,1,xemu_image,xemu.exe,0x0011e65f
6568,5992,34.883209300,1.000000,1,xemu_image,xemu.exe,0x001d49a9
6568,5992,34.894485900,1.000000,1,external_module,dxgkrnl.sys,
6568,5992,34.896944000,1.000000,1,external_module,ntoskrnl.exe,
6568,5992,34.911942100,1.000000,1,external_module,ntdll.dll,
6568,5992,34.913094900,1.000000,1,xemu_image,xemu.exe,0x00298754
6568,5992,34.915293900,1.000000,1,xemu_image,xemu.exe,0x00279664
6568,5992,34.916824400,1.000000,1,xemu_image,xemu.exe,0x003e201c
6568,5992,34.918111900,1.000000,1,xemu_image,xemu.exe,0x0029430c
6568,5992,34.919487600,1.000000,1,xemu_image,xemu.exe,0x0011b019
6568,5992,34.920657500,1.000000,1,xemu_image,xemu.exe,0x00294372
6568,5992,34.922337400,1.000000,1,xemu_image,xemu.exe,0x00279695
6568,5992,34.935508600,1.000000,1,external_module,ntoskrnl.exe,
6568,5992,34.937368700,1.000000,1,external_module,nvoglv64.dll,
6568,5992,34.957147000,1.000000,1,xemu_image,xemu.exe,0x0011e65f
6568,5992,34.959031300,1.000000,1,external_module,ntdll.dll,
6568,5992,34.961181800,1.000000,1,xemu_image,xemu.exe,0x0027543d
6568,5992,34.962709000,1.000000,1,external_module,nvoglv64.dll,
6568,5992,34.976867300,1.000000,1,external_module,dxgmms2.sys,
6568,5992,34.995853200,1.000000,1,xemu_image,xemu.exe,0x0011e66b
6568,5992,34.997167000,1.000000,1,xemu_image,xemu.exe,0x0011e66b
6568,5992,35.000302400,1.000000,1,xemu_image,xemu.exe,0x002968f2
6568,5992,35.002283100,1.000000,1,xemu_image,xemu.exe,0x001d4901
6568,5992,35.003866000,1.000000,1,xemu_image,xemu.exe,0x002968f2
6568,5992,35.006128900,1.000000,1,external_module,nvoglv64.dll,
6568,5992,35.020660100,1.000000,1,xemu_image,xemu.exe,0x0011e5ae
6568,5992,35.043288800,1.000000,1,xemu_image,xemu.exe,0x001d49a9
6568,5992,35.048220600,1.000000,1,external_module,msvcrt.dll,
6568,5992,35.050958700,1.000000,1,external_module,msvcrt.dll,
6568,5992,35.062267500,1.000000,1,external_module,ntoskrnl.exe,
6568,5992,35.078701600,1.000000,1,xemu_image,xemu.exe,0x003dc060
6568,5992,35.081605700,1.000000,1,external_module,msvcrt.dll,
6568,5992,35.084154800,1.000000,1,external_module,msvcrt.dll,
6568,5992,35.086018500,1.000000,1,external_module,nvoglv64.dll,
6568,5992,35.102740000,1.000000,1,external_module,nvoglv64.dll,
6568,5992,35.112193500,1.000000,1,external_module,ntoskrnl.exe,
6568,5992,35.114332500,1.000000,1,xemu_image,xemu.exe,0x0029875a
6568,5992,35.132689800,1.000000,1,xemu_image,xemu.exe,0x002ab8c6
6568,5992,35.134980900,1.000000,1,external_module,ntdll.dll,
6568,5992,35.137569300,1.000000,1,xemu_image,xemu.exe,0x0027546a
6568,5992,35.139299100,1.000000,1,external_module,nvoglv64.dll,
6568,5992,35.142981900,1.000000,1,external_module,dxgkrnl.sys,
6568,5992,35.154368100,1.000000,1,external_module,KernelBase.dll,
6568,5992,35.176954500,1.000000,1,external_module,msvcrt.dll,
6568,5992,35.179903400,1.000000,1,external_module,ntdll.dll,
6568,5992,35.181926800,1.000000,1,external_module,nvoglv64.dll,
6568,5992,35.192867100,1.000000,1,external_module,nvoglv64.dll,
6568,5992,35.198431700,1.000000,1,external_module,ntoskrnl.exe,
6568,5992,35.211116300,1.000000,1,external_module,ntoskrnl.exe,
6568,5992,35.212481800,1.000000,1,xemu_image,xemu.exe,0x0011e65f
6568,5992,35.214091600,1.000000,1,external_module,ntoskrnl.exe,
6568,5992,35.216620600,1.000000,1,xemu_image,xemu.exe,0x001d3de5
6568,5992,35.218439700,1.000000,1,xemu_image,xemu.exe,0x0011e665
6568,5992,35.220352300,1.000000,1,external_module,ntdll.dll,
6568,5992,35.223583300,1.000000,1,external_module,nvoglv64.dll,
6568,5992,35.234777000,1.000000,1,external_module,msvcrt.dll,
6568,5992,35.238065700,1.000000,1,xemu_image,xemu.exe,0x002ab195
6568,5992,35.244921200,1.000000,1,external_module,ntoskrnl.exe,
6568,5992,35.257513200,1.000000,1,xemu_image,xemu.exe,0x0029dcc9
6568,5992,35.261032200,1.000000,1,xemu_image,xemu.exe,0x002ab8c6
6568,5992,35.262604100,1.000000,1,xemu_image,xemu.exe,0x001d3feb
6568,5992,35.266129200,1.000000,1,external_module,nvoglv64.dll,
6568,5992,35.274586700,1.000000,1,xemu_image,xemu.exe,0x002ada15
6568,5992,35.276909500,1.000000,1,external_module,ntoskrnl.exe,
6568,5992,35.293614500,1.000000,1,xemu_image,xemu.exe,0x002aaef6
6568,5992,35.295415100,1.000000,1,xemu_image,xemu.exe,0x0011e647
6568,5992,35.299208600,1.000000,1,external_module,nvoglv64.dll,
6568,5992,35.301321800,1.000000,1,external_module,nvoglv64.dll,
6568,5992,35.303267600,1.000000,1,xemu_image,xemu.exe,0x0028c1e3
6568,5992,35.306007800,1.000000,1,external_module,ntoskrnl.exe,
6568,5992,35.334021100,1.000000,1,xemu_image,xemu.exe,0x0011e65f
6568,5992,35.335580200,1.000000,1,xemu_image,xemu.exe,0x00279695
6568,5992,35.337219100,1.000000,1,external_module,msvcrt.dll,
6568,5992,35.339950100,1.000000,1,external_module,nvoglv64.dll,
6568,5992,35.342321900,1.000000,1,external_module,ntoskrnl.exe,
6568,5992,35.344824300,1.000000,1,external_module,nvoglv64.dll,
6568,5992,35.347488000,1.000000,1,external_module,ntoskrnl.exe,
6568,5992,35.357451700,1.000000,1,external_module,nvoglv64.dll,
6568,5992,35.359712100,1.000000,1,external_module,ntoskrnl.exe,
6568,5992,35.373429300,1.000000,1,external_module,nvoglv64.dll,
6568,5992,35.375259100,1.000000,1,xemu_image,xemu.exe,0x001dc69d
6568,5992,35.377071400,1.000000,1,external_module,nvoglv64.dll,
6568,5992,35.378967000,1.000000,1,xemu_image,xemu.exe,0x0027543d
6568,5992,35.380633200,1.000000,1,external_module,nvoglv64.dll,
6568,5992,35.382526300,1.000000,1,external_module,ntdll.dll,
6568,5992,35.384715200,1.000000,1,xemu_image,xemu.exe,0x0028fb75
6568,5992,35.398939300,1.000000,1,external_module,nvoglv64.dll,
6568,5992,35.454269400,1.000000,1,external_module,msvcrt.dll,
6568,5992,35.473608800,1.000000,1,xemu_image,xemu.exe,0x0011e65f
6568,5992,35.477389300,1.000000,1,xemu_image,xemu.exe,0x0027925f
6568,5992,35.481060200,1.000000,1,xemu_image,xemu.exe,0x002a7d11
6568,5992,35.483257300,1.000000,1,external_module,nvoglv64.dll,
6568,5992,35.492793100,1.000000,1,external_module,ntoskrnl.exe,
6568,5992,35.497754200,1.000000,1,external_module,nvoglv64.dll,
6568,5992,35.511559100,1.000000,1,external_module,ntoskrnl.exe,
6568,5992,35.513466400,1.000000,1,xemu_image,xemu.exe,0x006e650a
6568,5992,35.515721400,1.000000,1,xemu_image,xemu.exe,0x006fd557
6568,5992,35.518110200,1.000000,1,xemu_image,xemu.exe,0x0029bce8
6568,5992,35.520228000,1.000000,1,xemu_image,xemu.exe,0x0011e65f
6568,5992,35.522322800,1.000000,1,xemu_image,xemu.exe,0x002ab8c6
6568,5992,35.525080800,1.000000,1,external_module,ntoskrnl.exe,
6568,5992,35.537076000,1.000000,1,external_module,ntdll.dll,
6568,5992,35.542578900,1.000000,1,external_module,ntoskrnl.exe,
6568,5992,35.557154900,1.000000,1,xemu_image,xemu.exe,0x010ba560
6568,5992,35.559671300,1.000000,1,external_module,nvoglv64.dll,
6568,5992,35.561208700,1.000000,1,external_module,msvcrt.dll,
6568,5992,35.562670300,1.000000,1,xemu_image,xemu.exe,0x002aaef9
6568,5992,35.565081700,1.000000,1,external_module,nvoglv64.dll,
6568,5992,35.567982800,1.000000,1,xemu_image,xemu.exe,0x001d4055
6568,5992,35.578598300,1.000000,1,xemu_image,xemu.exe,0x001dc454
6568,5992,35.580941700,1.000000,1,external_module,nvoglv64.dll,
6568,5992,35.589798000,1.000000,1,external_module,ntoskrnl.exe,
6568,5992,35.597344900,1.000000,1,external_module,msvcrt.dll,
6568,5992,35.598874800,1.000000,1,xemu_image,xemu.exe,0x002ab099
6568,5992,35.602384500,1.000000,1,external_module,nvoglv64.dll,
6568,5992,35.604114900,1.000000,1,xemu_image,xemu.exe,0x002ab8c6
6568,5992,35.606155600,1.000000,1,external_module,vulkan-1.dll,
6568,5992,35.608036100,1.000000,1,xemu_image,xemu.exe,0x002ab493
6568,5992,35.623601900,1.000000,1,xemu_image,xemu.exe,0x0029dcc9
6568,5992,35.640624100,1.000000,1,external_module,nvoglv64.dll,
6568,5992,35.642405100,1.000000,1,external_module,msvcrt.dll,
6568,5992,35.644152300,1.000000,1,external_module,ntdll.dll,
6568,5992,35.645745600,1.000000,1,xemu_image,xemu.exe,0x0029814b
6568,5992,35.649875900,1.000000,1,xemu_image,xemu.exe,0x002752e0
6568,5992,35.652011300,1.000000,1,external_module,nvoglv64.dll,
6568,5992,35.654447200,1.000000,1,external_module,msvcrt.dll,
6568,5992,35.666641900,1.000000,1,external_module,ntoskrnl.exe,
6568,5992,35.677815500,1.000000,1,external_module,dxgkrnl.sys,
6568,5992,35.684761100,1.000000,1,xemu_image,xemu.exe,0x002755fe
6568,5992,35.686395600,1.000000,1,xemu_image,xemu.exe,0x0011e65f
6568,5992,35.687730700,1.000000,1,external_module,ntdll.dll,
6568,5992,35.689748600,1.000000,1,external_module,msvcrt.dll,
6568,5992,35.691460600,1.000000,1,external_module,msvcrt.dll,
6568,5992,35.693340100,1.000000,1,external_module,nvoglv64.dll,
6568,5992,35.695353900,1.000000,1,external_module,nvoglv64.dll,
6568,5992,35.698108000,1.000000,1,external_module,dxgkrnl.sys,
6568,5992,35.710384700,1.000000,1,external_module,ntoskrnl.exe,
6568,5992,35.712805700,1.000000,1,external_module,nvoglv64.dll,
6568,5992,35.729206900,1.000000,1,external_module,ntdll.dll,
6568,5992,35.730435300,1.000000,1,external_module,msvcrt.dll,
6568,5992,35.732070300,1.000000,1,xemu_image,xemu.exe,0x001d48dd
6568,5992,35.734894300,1.000000,1,external_module,nvoglv64.dll,
6568,5992,35.736893000,1.000000,1,external_module,ntdll.dll,
6568,5992,35.738523400,1.000000,1,xemu_image,xemu.exe,0x0011e644
6568,5992,35.741299700,1.000000,1,external_module,nvoglv64.dll,
6568,5992,35.759116700,1.000000,1,external_module,nvoglv64.dll,
6568,5992,35.777793400,1.000000,1,xemu_image,xemu.exe,0x0029d973
6568,5992,35.783184600,1.000000,1,xemu_image,xemu.exe,0x0027884e
6568,5992,35.784968000,1.000000,1,xemu_image,xemu.exe,0x0029dcc9
6568,5992,35.786672200,1.000000,1,external_module,vulkan-1.dll,
6568,5992,35.790125000,1.000000,1,xemu_image,xemu.exe,0x001d469a
6568,5992,35.808184400,1.000000,1,external_module,msvcrt.dll,
6568,5992,35.824915300,1.000000,1,xemu_image,xemu.exe,0x00297b63
6568,5992,35.826328300,1.000000,1,xemu_image,xemu.exe,0x0011e650
6568,5992,35.827845700,1.000000,1,external_module,ntoskrnl.exe,
6568,5992,35.829470500,1.000000,1,external_module,ntoskrnl.exe,
6568,5992,35.831127100,1.000000,1,xemu_image,xemu.exe,0x010ba560
6568,5992,35.832855100,1.000000,1,xemu_image,xemu.exe,0x0011e65f
6568,5992,35.835215000,1.000000,1,external_module,nvoglv64.dll,
6568,5992,35.853119200,1.000000,1,external_module,nvoglv64.dll,
6568,5992,35.855796000,1.000000,1,external_module,ntdll.dll,
6568,5992,35.873164400,1.000000,1,external_module,nvoglv64.dll,
6568,5992,35.879458100,1.000000,1,xemu_image,xemu.exe,0x0027548f
6568,5992,35.881244400,1.000000,1,xemu_image,xemu.exe,0x0011e665
6568,5992,35.883048300,1.000000,1,external_module,ntdll.dll,
6568,5992,35.899534800,1.000000,1,xemu_image,xemu.exe,0x0028bebd
6568,5992,35.915091900,1.000000,1,external_module,ntoskrnl.exe,
6568,5992,35.916681800,1.000000,1,external_module,nvoglv64.dll,
6568,5992,35.918227700,1.000000,1,external_module,nvoglv64.dll,
6568,5992,35.920658400,1.000000,1,xemu_image,xemu.exe,0x0011e920
6568,5992,35.922486500,1.000000,1,xemu_image,xemu.exe,0x001d3feb
6568,5992,35.924920400,1.000000,1,external_module,msvcrt.dll,
6568,5992,35.927613600,1.000000,1,external_module,nvoglv64.dll,
6568,5992,35.942737600,1.000000,1,external_module,ntdll.dll,
6568,5992,35.961897300,1.000000,1,external_module,vulkan-1.dll,
6568,5992,35.963288700,1.000000,1,external_module,msvcrt.dll,
6568,5992,35.965120800,1.000000,1,external_module,ntdll.dll,
6568,5992,35.967254900,1.000000,1,xemu_image,xemu.exe,0x002ab038
6568,5992,35.970586300,1.000000,1,external_module,msvcrt.dll,
6568,5992,35.972628700,1.000000,1,external_module,msvcrt.dll,
6568,5992,35.987095100,1.000000,1,xemu_image,xemu.exe,0x001d7593
6568,5992,35.991376800,1.000000,1,xemu_image,xemu.exe,0x003dc061
6568,5992,36.007179200,1.000000,1,xemu_image,xemu.exe,0x00298786
6568,5992,36.014203500,1.000000,1,external_module,ntoskrnl.exe,
6568,5992,36.016998300,1.000000,1,external_module,msvcrt.dll,
6568,5992,36.033354500,1.000000,1,xemu_image,xemu.exe,0x001d9802
6568,5992,36.036652600,1.000000,1,xemu_image,xemu.exe,0x00294214
6568,5992,36.052136100,1.000000,1,external_module,msvcrt.dll,
6568,5992,36.054536300,1.000000,1,xemu_image,xemu.exe,0x006fd585
6568,5992,36.056512400,1.000000,1,xemu_image,xemu.exe,0x001dc841
6568,5992,36.058751900,1.000000,1,xemu_image,xemu.exe,0x0011e665
6568,5992,36.061369200,1.000000,1,external_module,nvoglv64.dll,
6568,5992,36.064034200,1.000000,1,xemu_image,xemu.exe,0x0011e671
6568,5992,36.074696200,1.000000,1,external_module,ntoskrnl.exe,
6568,5992,36.076938700,1.000000,1,external_module,ntoskrnl.exe,
6568,5992,36.094422600,1.000000,1,external_module,ntoskrnl.exe,
6568,5992,36.098647700,1.000000,1,xemu_image,xemu.exe,0x002968f2
6568,5992,36.103231800,1.000000,1,xemu_image,xemu.exe,0x002968f2
6568,5992,36.105301400,1.000000,1,xemu_image,xemu.exe,0x0011e65a
6568,5992,36.119995300,1.000000,1,external_module,ntdll.dll,
6568,5992,36.127760500,1.000000,1,external_module,nvoglv64.dll,
6568,5992,36.137426300,1.000000,1,xemu_image,xemu.exe,0x002ab45d
6568,5992,36.139536300,1.000000,1,xemu_image,xemu.exe,0x0029dccd
6568,5992,36.141373800,1.000000,1,external_module,msvcrt.dll,
6568,5992,36.143369800,1.000000,1,xemu_image,xemu.exe,0x0028fa20
6568,5992,36.145669700,1.000000,1,external_module,nvoglv64.dll,
6568,5992,36.147845900,1.000000,1,xemu_image,xemu.exe,0x002ab8c6
6568,5992,36.150725700,1.000000,1,external_module,nvoglv64.dll,
6568,5992,36.161270000,1.000000,1,external_module,ntoskrnl.exe,
6568,5992,36.164634500,1.000000,1,external_module,nvoglv64.dll,
6568,5992,36.182295400,1.000000,1,xemu_image,xemu.exe,0x002ad942
6568,5992,36.183810900,1.000000,1,xemu_image,xemu.exe,0x002ab4f9
6568,5992,36.185865900,1.000000,1,xemu_image,xemu.exe,0x002ab038
6568,5992,36.188417900,1.000000,1,xemu_image,xemu.exe,0x0011e65f
6568,5992,36.190214800,1.000000,1,external_module,nvoglv64.dll,
6568,5992,36.192613800,1.000000,1,external_module,ntoskrnl.exe,
6568,5992,36.210118000,1.000000,1,external_module,ntoskrnl.exe,
6568,5992,36.214118100,1.000000,1,external_module,msvcrt.dll,
6568,5992,36.228022500,1.000000,1,external_module,nvoglv64.dll,
6568,5992,36.229782800,1.000000,1,external_module,ntdll.dll,
6568,5992,36.231305100,1.000000,1,xemu_image,xemu.exe,0x002943b4
6568,5992,36.233409800,1.000000,1,xemu_image,xemu.exe,0x0011e88a
6568,5992,36.235339500,1.000000,1,external_module,nvoglv64.dll,
6568,5992,36.237985000,1.000000,1,xemu_image,xemu.exe,0x0029bd72
6568,5992,36.241276900,1.000000,1,xemu_image,xemu.exe,0x0011e65f
6568,5992,36.252231800,1.000000,1,unknown_external,,
6568,5992,36.254544400,1.000000,1,external_module,msvcrt.dll,
6568,5992,36.273613700,1.000000,1,xemu_image,xemu.exe,0x00294259
6568,5992,36.278882700,1.000000,1,external_module,nvoglv64.dll,
6568,5992,36.281476200,1.000000,1,xemu_image,xemu.exe,0x0029dcc9
6568,5992,36.284205400,1.000000,1,xemu_image,xemu.exe,0x00298754
6568,5992,36.297287700,1.000000,1,external_module,ntoskrnl.exe,
6568,5992,36.302114400,1.000000,1,external_module,dxgkrnl.sys,
6568,5992,36.317691900,1.000000,1,external_module,msvcrt.dll,
6568,5992,36.319377500,1.000000,1,xemu_image,xemu.exe,0x0011e65f
6568,5992,36.320837400,1.000000,1,external_module,ntdll.dll,
6568,5992,36.323427200,1.000000,1,xemu_image,xemu.exe,0x002aaef9
6568,5992,36.325680100,1.000000,1,external_module,msvcrt.dll,
6568,5992,36.334633400,1.000000,1,external_module,nvoglv64.dll,
6568,5992,36.337718900,1.000000,1,external_module,ntoskrnl.exe,
6568,5992,36.349214500,1.000000,1,xemu_image,xemu.exe,0x003dc061
6568,5992,36.351859600,1.000000,1,xemu_image,xemu.exe,0x002ad9f2
6568,5992,36.361125700,1.000000,1,unknown_external,,
6568,5992,36.369703700,1.000000,1,external_module,ntdll.dll,
6568,5992,36.371389500,1.000000,1,xemu_image,xemu.exe,0x00294289
6568,5992,36.374024100,1.000000,1,external_module,ntoskrnl.exe,
6568,5992,36.375849100,1.000000,1,external_module,vulkan-1.dll,
6568,5992,36.377666800,1.000000,1,external_module,nvoglv64.dll,
6568,5992,36.391622100,1.000000,1,external_module,nvoglv64.dll,
6568,5992,36.412327800,1.000000,1,xemu_image,xemu.exe,0x002aace8
6568,5992,36.414556100,1.000000,1,xemu_image,xemu.exe,0x0029de30
6568,5992,36.416376200,1.000000,1,external_module,nvoglv64.dll,
6568,5992,36.418196300,1.000000,1,xemu_image,xemu.exe,0x002ab8c6
6568,5992,36.439622700,1.000000,1,external_module,nvoglv64.dll,
6568,5992,36.441895700,1.000000,1,external_module,ntoskrnl.exe,
6568,5992,36.460011300,1.000000,1,external_module,vulkan-1.dll,
6568,5992,36.461920800,1.000000,1,external_module,ntoskrnl.exe,
6568,5992,36.465784300,1.000000,1,external_module,nvoglv64.dll,
6568,5992,36.484811000,1.000000,1,external_module,nvoglv64.dll,
6568,5992,36.501983500,1.000000,1,xemu_image,xemu.exe,0x010ba578
6568,5992,36.503660600,1.000000,1,xemu_image,xemu.exe,0x002ab4a6
6568,5992,36.505126300,1.000000,1,external_module,msvcrt.dll,
6568,5992,36.507366900,1.000000,1,xemu_image,xemu.exe,0x001d49a9
6568,5992,36.511588000,1.000000,1,external_module,msvcrt.dll,
6568,5992,36.515234500,1.000000,1,external_module,msvcrt.dll,
6568,5992,36.528763700,1.000000,1,external_module,win32u.dll,
6568,5992,36.531272200,1.000000,1,external_module,dxgkrnl.sys,
6568,5992,36.555460500,1.000000,1,xemu_image,xemu.exe,0x0011e647
6568,5992,36.557683100,1.000000,1,external_module,nvoglv64.dll,
6568,5992,36.559892000,1.000000,1,xemu_image,xemu.exe,0x0011e65f
6568,5992,36.561865100,1.000000,1,external_module,nvoglv64.dll,
6568,5992,36.563961400,1.000000,1,external_module,msvcrt.dll,
6568,5992,36.566780200,1.000000,1,external_module,nvoglv64.dll,
6568,5992,36.582652400,1.000000,1,external_module,nvoglv64.dll,
6568,5992,36.599244700,1.000000,1,external_module,nvoglv64.dll,
6568,5992,36.600541600,1.000000,1,xemu_image,xemu.exe,0x002ab4bf
6568,5992,36.602375000,1.000000,1,xemu_image,xemu.exe,0x001d62c0
6568,5992,36.604900400,1.000000,1,xemu_image,xemu.exe,0x0029567c
6568,5992,36.606731900,1.000000,1,external_module,nvoglv64.dll,
6568,5992,36.608778500,1.000000,1,external_module,msvcrt.dll,
6568,5992,36.610992300,1.000000,1,xemu_image,xemu.exe,0x001d4055
6568,5992,36.625391000,1.000000,1,external_module,ntoskrnl.exe,
6568,5992,36.646535800,1.000000,1,external_module,nvoglv64.dll,
6568,5992,36.647903100,1.000000,1,xemu_image,xemu.exe,0x00298b85
6568,5992,36.650279600,1.000000,1,external_module,msvcrt.dll,
6568,5992,36.652508300,1.000000,1,external_module,nvoglv64.dll,
6568,5992,36.654538100,1.000000,1,xemu_image,xemu.exe,0x0011e5ae
6568,5992,36.656765000,1.000000,1,xemu_image,xemu.exe,0x002ab45d
6568,5992,36.668652100,1.000000,1,external_module,ntoskrnl.exe,
6568,5992,36.671128400,1.000000,1,external_module,nvoglv64.dll,
6568,5992,36.674589400,1.000000,1,external_module,ntoskrnl.exe,
6568,5992,36.701057300,1.000000,1,xemu_image,xemu.exe,0x001d3fb5
6568,5992,36.704065700,1.000000,1,external_module,nvoglv64.dll,
6568,5992,36.716387700,1.000000,1,external_module,ntoskrnl.exe,
6568,5992,36.718782200,1.000000,1,external_module,nvoglv64.dll,
6568,5992,36.738409300,1.000000,1,xemu_image,xemu.exe,0x0011e66b
6568,5992,36.740049300,1.000000,1,xemu_image,xemu.exe,0x0011e6f2
6568,5992,36.742950600,1.000000,1,external_module,vulkan-1.dll,
6568,5992,36.744176500,1.000000,1,external_module,nvoglv64.dll,
6568,5992,36.746074900,1.000000,1,external_module,msvcrt.dll,
6568,5992,36.748771300,1.000000,1,xemu_image,xemu.exe,0x001d493d
6568,5992,36.764912800,1.000000,1,external_module,nvoglv64.dll,
6568,5992,36.778723500,1.000000,1,external_module,dxgkrnl.sys,
6568,5992,36.825953900,1.000000,1,external_module,nvoglv64.dll,
6568,5992,36.828591400,1.000000,1,external_module,ntoskrnl.exe,
6568,5992,36.829994600,1.000000,1,xemu_image,xemu.exe,0x001d334a
6568,5992,36.834353400,1.000000,1,xemu_image,xemu.exe,0x0027562e
6568,5992,36.836658600,1.000000,1,xemu_image,xemu.exe,0x006fd55f
6568,5992,36.839491100,1.000000,1,external_module,vulkan-1.dll,
6568,5992,36.852426500,1.000000,1,external_module,nvoglv64.dll,
6568,5992,36.854591300,1.000000,1,external_module,nvoglv64.dll,
6568,5992,36.861164000,1.000000,1,external_module,nvoglv64.dll,
6568,5992,36.880066300,1.000000,1,external_module,msvcrt.dll,
6568,5992,36.881896500,1.000000,1,xemu_image,xemu.exe,0x002b3090
6568,5992,36.892425000,1.000000,1,external_module,nvoglv64.dll,
6568,5992,36.911085300,1.000000,1,xemu_image,xemu.exe,0x001d32c1
6568,5992,36.914293800,1.000000,1,xemu_image,xemu.exe,0x003e2827
6568,5992,36.919255900,1.000000,1,xemu_image,xemu.exe,0x0011e665
6568,5992,36.921935000,1.000000,1,xemu_image,xemu.exe,0x0029bd72
6568,5992,36.924163900,1.000000,1,xemu_image,xemu.exe,0x002968f5
6568,5992,36.935468500,1.000000,1,xemu_image,xemu.exe,0x001dc69d
6568,5992,36.945044300,1.000000,1,external_module,ntoskrnl.exe,
6568,5992,36.957005700,1.000000,1,xemu_image,xemu.exe,0x002797b9
6568,5992,36.958275700,1.000000,1,external_module,nvoglv64.dll,
6568,5992,36.960641300,1.000000,1,xemu_image,xemu.exe,0x0029694b
6568,5992,36.962205800,1.000000,1,xemu_image,xemu.exe,0x00279118
6568,5992,36.968090400,1.000000,1,xemu_image,xemu.exe,0x002aaab0
6568,5992,36.978478300,1.000000,1,external_module,ntoskrnl.exe,
6568,5992,36.980246200,1.000000,1,external_module,msvcrt.dll,
6568,5992,36.984502200,1.000000,1,external_module,ntdll.dll,
6568,5992,36.995049000,1.000000,1,external_module,ntoskrnl.exe,
6568,5992,36.998307600,1.000000,1,external_module,ntdll.dll,
6568,5992,36.999471600,1.000000,1,xemu_image,xemu.exe,0x0011e663
6568,5992,37.000836600,1.000000,1,external_module,msvcrt.dll,
6568,5992,37.002735600,1.000000,1,external_module,ntoskrnl.exe,
6568,5992,37.004145300,1.000000,1,xemu_image,xemu.exe,0x0011e657
6568,5992,37.006004300,1.000000,1,xemu_image,xemu.exe,0x001d3bf0
6568,5992,37.007596200,1.000000,1,xemu_image,xemu.exe,0x002ab4f9
6568,5992,37.008988500,1.000000,1,external_module,msvcrt.dll,
6568,5992,37.025231700,1.000000,1,external_module,ntoskrnl.exe,
6568,5992,37.042381700,1.000000,1,external_module,nvoglv64.dll,
6568,5992,37.043685500,1.000000,1,xemu_image,xemu.exe,0x00298352
6568,5992,37.046665500,1.000000,1,xemu_image,xemu.exe,0x0029870a
6568,5992,37.048284400,1.000000,1,xemu_image,xemu.exe,0x001d3d7f
6568,5992,37.049818800,1.000000,1,external_module,msvcrt.dll,
6568,5992,37.051923000,1.000000,1,external_module,ntdll.dll,
6568,5992,37.053753900,1.000000,1,xemu_image,xemu.exe,0x003dc0a7
6568,5992,37.055978200,1.000000,1,external_module,nvoglv64.dll,
6568,5992,37.066887300,1.000000,1,xemu_image,xemu.exe,0x001d6871
6568,5992,37.069104200,1.000000,1,external_module,msvcrt.dll,
6568,5992,37.088915000,1.000000,1,external_module,nvoglv64.dll,
6568,5992,37.090332000,1.000000,1,external_module,msvcrt.dll,
6568,5992,37.091718300,1.000000,1,external_module,nvoglv64.dll,
6568,5992,37.093305600,1.000000,1,xemu_image,xemu.exe,0x0011e663
6568,5992,37.095304600,1.000000,1,xemu_image,xemu.exe,0x002b3e71
6568,5992,37.096867900,1.000000,1,external_module,msvcrt.dll,
6568,5992,37.100741200,1.000000,1,external_module,msvcrt.dll,
6568,5992,37.111606700,1.000000,1,external_module,ntoskrnl.exe,
6568,5992,37.113366600,1.000000,1,xemu_image,xemu.exe,0x0028d25f
6568,5992,37.116140200,1.000000,1,external_module,nvoglv64.dll,
6568,5992,37.128594300,1.000000,1,external_module,nvoglv64.dll,
6568,5992,37.130201500,1.000000,1,xemu_image,xemu.exe,0x00275cb9
6568,5992,37.132687300,1.000000,1,xemu_image,xemu.exe,0x001dc395
6568,5992,37.134423400,1.000000,1,xemu_image,xemu.exe,0x001d1ae4
6568,5992,37.135803700,1.000000,1,xemu_image,xemu.exe,0x001d3d78
6568,5992,37.137923800,1.000000,1,xemu_image,xemu.exe,0x002aaefd
6568,5992,37.139586500,1.000000,1,xemu_image,xemu.exe,0x0011e663
6568,5992,37.153979000,1.000000,1,external_module,ntoskrnl.exe,
6568,5992,37.155746800,1.000000,1,xemu_image,xemu.exe,0x0011e647
6568,5992,37.158446000,1.000000,1,xemu_image,xemu.exe,0x003dc08e
6568,5992,37.173938800,1.000000,1,xemu_image,xemu.exe,0x001dc42c
6568,5992,37.176456600,1.000000,1,external_module,nvoglv64.dll,
6568,5992,37.178678200,1.000000,1,external_module,ntoskrnl.exe,
6568,5992,37.181790700,1.000000,1,xemu_image,xemu.exe,0x0011e5ae
6568,5992,37.185513600,1.000000,1,xemu_image,xemu.exe,0x0029dcc9
6568,5992,37.195527900,1.000000,1,external_module,ntdll.dll,
6568,5992,37.197792900,1.000000,1,external_module,ntoskrnl.exe,
6568,5992,37.211657600,1.000000,1,external_module,ntoskrnl.exe,
6568,5992,37.214932600,1.000000,1,external_module,nvoglv64.dll,
6568,5992,37.239462600,1.000000,1,xemu_image,xemu.exe,0x001d3ba2
6568,5992,37.243648900,1.000000,1,xemu_image,xemu.exe,0x00298591
6568,5992,37.257925700,1.000000,1,external_module,ntdll.dll,
6568,5992,37.259327600,1.000000,1,xemu_image,xemu.exe,0x006fd544
6568,5992,37.262802100,1.000000,1,external_module,nvoglv64.dll,
6568,5992,37.264906500,1.000000,1,xemu_image,xemu.exe,0x0011e665
6568,5992,37.267111200,1.000000,1,external_module,nvoglv64.dll,
6568,5992,37.288023300,1.000000,1,xemu_image,xemu.exe,0x002aafa9
6568,5992,37.293402900,1.000000,1,external_module,nvoglv64.dll,
6568,5992,37.308758200,1.000000,1,external_module,ntdll.dll,
6568,5992,37.314772600,1.000000,1,xemu_image,xemu.exe,0x002aac6f
6568,5992,37.319503700,1.000000,1,xemu_image,xemu.exe,0x001d4684
6568,5992,37.331044500,1.000000,1,external_module,nvoglv64.dll,
6568,5992,37.333277500,1.000000,1,external_module,nvoglv64.dll,
6568,5992,37.350593300,1.000000,1,xemu_image,xemu.exe,0x0011e647
6568,5992,37.352284400,1.000000,1,external_module,ntoskrnl.exe,
6568,5992,37.354231800,1.000000,1,xemu_image,xemu.exe,0x0028d25a
6568,5992,37.356522200,1.000000,1,xemu_image,xemu.exe,0x0011e644
6568,5992,37.358547300,1.000000,1,external_module,msvcrt.dll,
6568,5992,37.360658000,1.000000,1,xemu_image,xemu.exe,0x002ab027
6568,5992,37.363050500,1.000000,1,external_module,ntoskrnl.exe,
6568,5992,37.373121000,1.000000,1,external_module,ntoskrnl.exe,
6568,5992,37.375327700,1.000000,1,xemu_image,xemu.exe,0x0029bdae
6568,5992,37.391219600,1.000000,1,xemu_image,xemu.exe,0x001d4055
6568,5992,37.392817700,1.000000,1,xemu_image,xemu.exe,0x0011e65f
6568,5992,37.394582900,1.000000,1,external_module,msvcrt.dll,
6568,5992,37.398438600,1.000000,1,external_module,nvoglv64.dll,
6568,5992,37.400347300,1.000000,1,xemu_image,xemu.exe,0x001d403a
6568,5992,37.403230800,1.000000,1,xemu_image,xemu.exe,0x003e2005
6568,5992,37.414921500,1.000000,1,external_module,msvcrt.dll,
6568,5992,37.417171300,1.000000,1,external_module,ntoskrnl.exe,
6568,5992,37.433461600,1.000000,1,xemu_image,xemu.exe,0x0028fa3d
6568,5992,37.435021800,1.000000,1,xemu_image,xemu.exe,0x001d4916
6568,5992,37.436646100,1.000000,1,xemu_image,xemu.exe,0x0011e65f
6568,5992,37.438943100,1.000000,1,xemu_image,xemu.exe,0x0011e665
6568,5992,37.441837900,1.000000,1,xemu_image,xemu.exe,0x001d403a
6568,5992,37.443825200,1.000000,1,external_module,nvoglv64.dll,
6568,5992,37.457890600,1.000000,1,xemu_image,xemu.exe,0x001dc50f
6568,5992,37.501481100,1.000000,1,external_module,ntoskrnl.exe,
6568,5992,37.531173900,1.000000,1,xemu_image,xemu.exe,0x0011e644
6568,5992,37.542553600,1.000000,1,external_module,ntoskrnl.exe,
6568,5992,37.544808100,1.000000,1,external_module,nvoglv64.dll,
6568,5992,37.561264800,1.000000,1,external_module,nvoglv64.dll,
6568,5992,37.562849200,1.000000,1,external_module,msvcrt.dll,
6568,5992,37.564472200,1.000000,1,external_module,msvcrt.dll,
6568,5992,37.566575700,1.000000,1,external_module,msvcrt.dll,
6568,5992,37.569083800,1.000000,1,xemu_image,xemu.exe,0x001d4684
6568,5992,37.571223600,1.000000,1,xemu_image,xemu.exe,0x001d4901
6568,5992,37.574002500,1.000000,1,external_module,ntoskrnl.exe,
6568,5992,37.586711400,1.000000,1,external_module,ntoskrnl.exe,
6568,5992,37.589774000,1.000000,1,external_module,msvcrt.dll,
6568,5992,37.603360700,1.000000,1,external_module,nvoglv64.dll,
6568,5992,37.604977100,1.000000,1,xemu_image,xemu.exe,0x0011e657
6568,5992,37.606490100,1.000000,1,xemu_image,xemu.exe,0x001d3feb
6568,5992,37.608709600,1.000000,1,external_module,ntdll.dll,
6568,5992,37.610971400,1.000000,1,external_module,msvcrt.dll,
6568,5992,37.613709700,1.000000,1,external_module,msvcrt.dll,
6568,5992,37.616849200,1.000000,1,external_module,nvoglv64.dll,
6568,5992,37.627997200,1.000000,1,external_module,ntoskrnl.exe,
6568,5992,37.691193500,1.000000,1,external_module,msvcrt.dll,
6568,5992,37.692901800,1.000000,1,xemu_image,xemu.exe,0x002ab8c6
6568,5992,37.696170400,1.000000,1,external_module,ntdll.dll,
6568,5992,37.698875800,1.000000,1,external_module,msvcrt.dll,
6568,5992,37.719800300,1.000000,1,xemu_image,xemu.exe,0x001d6b55
6568,5992,37.728476700,1.000000,1,external_module,ntoskrnl.exe,
6568,5992,37.738403100,1.000000,1,xemu_image,xemu.exe,0x0011e678
6568,5992,37.740056900,1.000000,1,external_module,msvcrt.dll,
6568,5992,37.741911500,1.000000,1,xemu_image,xemu.exe,0x002ab939
6568,5992,37.743992100,1.000000,1,external_module,ntdll.dll,
6568,5992,37.745944400,1.000000,1,external_module,msvcrt.dll,
6568,5992,37.748032100,1.000000,1,external_module,msvcrt.dll,
6568,5992,37.750859600,1.000000,1,xemu_image,xemu.exe,0x006fd62e
6568,5992,37.766696900,1.000000,1,external_module,ntdll.dll,
6568,5992,37.769235800,1.000000,1,xemu_image,xemu.exe,0x0028d350
6568,5992,37.785893400,1.000000,1,xemu_image,xemu.exe,0x0011e65f
6568,5992,37.787853800,1.000000,1,xemu_image,xemu.exe,0x00275665
6568,5992,37.789781600,1.000000,1,external_module,nvoglv64.dll,
6568,5992,37.792738100,1.000000,1,xemu_image,xemu.exe,0x001d46f0
6568,5992,37.794694400,1.000000,1,external_module,ntdll.dll,
6568,5992,37.814746800,1.000000,1,external_module,ntoskrnl.exe,
6568,5992,37.817366600,1.000000,1,external_module,ntoskrnl.exe,
6568,5992,37.834000300,1.000000,1,external_module,msvcrt.dll,
6568,5992,37.836037900,1.000000,1,xemu_image,xemu.exe,0x001dc841
6568,5992,37.838439000,1.000000,1,external_module,msvcrt.dll,
6568,5992,37.839974000,1.000000,1,xemu_image,xemu.exe,0x002b00ac
6568,5992,37.842015100,1.000000,1,external_module,nvoglv64.dll,
6568,5992,37.868750800,1.000000,1,external_module,ntdll.dll,
6568,5992,37.886331200,1.000000,1,xemu_image,xemu.exe,0x001d4687
6568,5992,37.901905600,1.000000,1,xemu_image,xemu.exe,0x002754b8
6568,5992,37.903836800,1.000000,1,external_module,msvcrt.dll,
6568,5992,37.905757700,1.000000,1,xemu_image,xemu.exe,0x0011e65f
6568,5992,37.911117100,1.000000,1,xemu_image,xemu.exe,0x002ab4c9
6568,5992,37.925627300,1.000000,1,external_module,ntoskrnl.exe,
6568,5992,37.930831000,1.000000,1,xemu_image,xemu.exe,0x002ab045
6568,5992,37.944596600,1.000000,1,external_module,msvcrt.dll,
6568,5992,37.946192400,1.000000,1,external_module,nvoglv64.dll,
6568,5992,37.947539700,1.000000,1,external_module,ntdll.dll,
6568,5992,37.950779200,1.000000,1,xemu_image,xemu.exe,0x00275cdb
6568,5992,37.952629400,1.000000,1,xemu_image,xemu.exe,0x0029dcc9
6568,5992,37.954535000,1.000000,1,external_module,msvcrt.dll,
6568,5992,37.957454300,1.000000,1,external_module,nvoglv64.dll,
6568,5992,37.969205200,1.000000,1,external_module,ntoskrnl.exe,
6568,5992,37.971557600,1.000000,1,external_module,ntoskrnl.exe,
6568,5992,37.990461300,1.000000,1,xemu_image,xemu.exe,0x0029dccd
6568,5992,37.994174900,1.000000,1,xemu_image,xemu.exe,0x00297b63
6568,5992,37.997498000,1.000000,1,xemu_image,xemu.exe,0x002ab4c7
6568,5992,38.007115700,1.000000,1,xemu_image,xemu.exe,0x002ab8c6
6568,5992,38.009198100,1.000000,1,xemu_image,xemu.exe,0x0011e647
6568,5992,38.024977300,1.000000,1,external_module,vulkan-1.dll,
6568,5992,38.027260100,1.000000,1,xemu_image,xemu.exe,0x00297b38
6568,5992,38.029134200,1.000000,1,external_module,msvcrt.dll,
6568,5992,38.031410300,1.000000,1,xemu_image,xemu.exe,0x0011e657
6568,5992,38.033807700,1.000000,1,xemu_image,xemu.exe,0x0011e644
6568,5992,38.047949300,1.000000,1,xemu_image,xemu.exe,0x002ab8c6
6568,5992,38.061136500,1.000000,1,external_module,nvoglv64.dll,
6568,5992,38.064224000,1.000000,1,xemu_image,xemu.exe,0x002ab420
6568,5992,38.066018900,1.000000,1,xemu_image,xemu.exe,0x0011eafc
6568,5992,38.068236200,1.000000,1,xemu_image,xemu.exe,0x001d96c1
6568,5992,38.070561400,1.000000,1,xemu_image,xemu.exe,0x0011e644
6568,5992,38.072575000,1.000000,1,external_module,msvcrt.dll,
6568,5992,38.074398000,1.000000,1,xemu_image,xemu.exe,0x002968f2
6568,5992,38.089489500,1.000000,1,xemu_image,xemu.exe,0x001d4687
6568,5992,38.094472500,1.000000,1,external_module,nvoglv64.dll,
6568,5992,38.106835300,1.000000,1,external_module,nvoglv64.dll,
6568,5992,38.108056400,1.000000,1,external_module,msvcrt.dll,
6568,5992,38.109233100,1.000000,1,xemu_image,xemu.exe,0x002ab4a6
6568,5992,38.112223300,1.000000,1,xemu_image,xemu.exe,0x001d6324
6568,5992,38.115446800,1.000000,1,xemu_image,xemu.exe,0x001dc7b4
6568,5992,38.130482000,1.000000,1,xemu_image,xemu.exe,0x002754d4
6568,5992,38.148404200,1.000000,1,xemu_image,xemu.exe,0x001dc69d
6568,5992,38.149632800,1.000000,1,external_module,msvcrt.dll,
6568,5992,38.150944300,1.000000,1,xemu_image,xemu.exe,0x002745c3
6568,5992,38.152508700,1.000000,1,xemu_image,xemu.exe,0x002ab45d
6568,5992,38.154763500,1.000000,1,external_module,ntoskrnl.exe,
6568,5992,38.156268200,1.000000,1,xemu_image,xemu.exe,0x0028bec1
6568,5992,38.158019800,1.000000,1,xemu_image,xemu.exe,0x001d48dd
6568,5992,38.160003200,1.000000,1,external_module,ntdll.dll,
6568,5992,38.177570700,1.000000,1,xemu_image,xemu.exe,0x001d6b55
6568,5992,38.195747300,1.000000,1,external_module,nvoglv64.dll,
6568,5992,38.198104200,1.000000,1,external_module,msvcrt.dll,
6568,5992,38.200087200,1.000000,1,xemu_image,xemu.exe,0x0029dcc9
6568,5992,38.201574300,1.000000,1,external_module,ntdll.dll,
6568,5992,38.203885900,1.000000,1,xemu_image,xemu.exe,0x00294376
6568,5992,38.206003600,1.000000,1,xemu_image,xemu.exe,0x002ab4a6
6568,5992,38.214398600,1.000000,1,xemu_image,xemu.exe,0x001d80c1
6568,5992,38.226421500,1.000000,1,external_module,msvcrt.dll,
6568,5992,38.228637800,1.000000,1,external_module,nvoglv64.dll,
6568,5992,38.242900300,1.000000,1,external_module,msvcrt.dll,
6568,5992,38.244247800,1.000000,1,xemu_image,xemu.exe,0x002745b0
6568,5992,38.250606400,1.000000,1,xemu_image,xemu.exe,0x0011e65f
6568,5992,38.256703400,1.000000,1,external_module,ntoskrnl.exe,
6568,5992,38.285390800,1.000000,1,external_module,nvoglv64.dll,
6568,5992,38.286702800,1.000000,1,xemu_image,xemu.exe,0x002753f0
6568,5992,38.288152200,1.000000,1,xemu_image,xemu.exe,0x0011e65f
6568,5992,38.289442900,1.000000,1,xemu_image,xemu.exe,0x006fd706
6568,5992,38.293266700,1.000000,1,xemu_image,xemu.exe,0x003dc09a
6568,5992,38.295477100,1.000000,1,xemu_image,xemu.exe,0x002968f2
6568,5992,38.297910500,1.000000,1,external_module,ntoskrnl.exe,
6568,5992,38.310683000,1.000000,1,xemu_image,xemu.exe,0x002b3e42
6568,5992,38.312798000,1.000000,1,external_module,nvoglv64.dll,
6568,5992,38.329004900,1.000000,1,external_module,nvoglv64.dll,
6568,5992,38.332973200,1.000000,1,external_module,nvoglv64.dll,
6568,5992,38.334758800,1.000000,1,external_module,nvoglv64.dll,
6568,5992,38.338491000,1.000000,1,xemu_image,xemu.exe,0x001d407c
6568,5992,38.340463800,1.000000,1,xemu_image,xemu.exe,0x0027546a
6568,5992,38.351470000,1.000000,1,xemu_image,xemu.exe,0x001d48fb
6568,5992,38.353638200,1.000000,1,external_module,nvoglv64.dll,
6568,5992,38.356442100,1.000000,1,xemu_image,xemu.exe,0x009f3e92
6568,5992,38.370792300,1.000000,1,xemu_image,xemu.exe,0x001d698b
6568,5992,38.374408000,1.000000,1,xemu_image,xemu.exe,0x00298754
6568,5992,38.376133300,1.000000,1,external_module,msvcrt.dll,
6568,5992,38.377540400,1.000000,1,xemu_image,xemu.exe,0x002ab42d
6568,5992,38.379403900,1.000000,1,external_module,msvcrt.dll,
6568,5992,38.382204100,1.000000,1,xemu_image,xemu.exe,0x006fd585
6568,5992,38.385484800,1.000000,1,external_module,ntoskrnl.exe,
6568,5992,38.397612200,1.000000,1,external_module,ntoskrnl.exe,
6568,5992,38.400216200,1.000000,1,external_module,nvoglv64.dll,
6568,5992,38.412632300,1.000000,1,xemu_image,xemu.exe,0x002a6796
6568,5992,38.414629500,1.000000,1,external_module,nvoglv64.dll,
6568,5992,38.415899500,1.000000,1,xemu_image,xemu.exe,0x010ba578
6568,5992,38.417741800,1.000000,1,external_module,ntdll.dll,
6568,5992,38.419301400,1.000000,1,xemu_image,xemu.exe,0x0011e665
6568,5992,38.422803900,1.000000,1,xemu_image,xemu.exe,0x002aaf61
6568,5992,38.424472900,1.000000,1,xemu_image,xemu.exe,0x001d4055
6568,5992,38.428274300,1.000000,1,external_module,dxgmms2.sys,
6568,5992,38.443468800,1.000000,1,external_module,nvoglv64.dll,
6568,5992,38.447516600,1.000000,1,xemu_image,xemu.exe,0x006fd549
6568,5992,38.463647600,1.000000,1,external_module,ntdll.dll,
6568,5992,38.465084500,1.000000,1,xemu_image,xemu.exe,0x0028c77c
6568,5992,38.467254800,1.000000,1,xemu_image,xemu.exe,0x002ab027
6568,5992,38.486420200,1.000000,1,xemu_image,xemu.exe,0x002a7c51
6568,5992,38.488714200,1.000000,1,xemu_image,xemu.exe,0x0029dcc9
6568,5992,38.507146700,1.000000,1,external_module,nvoglv64.dll,
6568,5992,38.509448200,1.000000,1,xemu_image,xemu.exe,0x001d3340
6568,5992,38.514709100,1.000000,1,xemu_image,xemu.exe,0x0011e647
6568,5992,38.527224400,1.000000,1,external_module,msvcrt.dll,
6568,5992,38.530702200,1.000000,1,xemu_image,xemu.exe,0x002ab027
6568,5992,38.547952200,1.000000,1,xemu_image,xemu.exe,0x006fd544
6568,5992,38.551496000,1.000000,1,external_module,msvcrt.dll,
6568,5992,38.553517000,1.000000,1,external_module,msvcrt.dll,
6568,5992,38.556127600,1.000000,1,external_module,nvoglv64.dll,
6568,5992,38.558383500,1.000000,1,external_module,msvcrt.dll,
6568,5992,38.573566600,1.000000,1,external_module,nvoglv64.dll,
6568,5992,38.577824800,1.000000,1,external_module,ntoskrnl.exe,
6568,5992,38.590349500,1.000000,1,external_module,nvoglv64.dll,
6568,5992,38.593691100,1.000000,1,xemu_image,xemu.exe,0x001dc4ec
6568,5992,38.595767700,1.000000,1,xemu_image,xemu.exe,0x0011e65f
6568,5992,38.599440400,1.000000,1,external_module,msvcrt.dll,
6568,5992,38.602250900,1.000000,1,xemu_image,xemu.exe,0x0029dccd
6568,5992,38.612371100,1.000000,1,external_module,ntoskrnl.exe,
6568,5992,38.616840000,1.000000,1,xemu_image,xemu.exe,0x00a827c2
6568,5992,38.629625700,1.000000,1,xemu_image,xemu.exe,0x001d68d2
6568,5992,38.631254700,1.000000,1,external_module,ntdll.dll,
6568,5992,38.632735200,1.000000,1,external_module,msvcrt.dll,
6568,5992,38.635825500,1.000000,1,external_module,ntdll.dll,
6568,5992,38.638205600,1.000000,1,external_module,ntdll.dll,
6568,5992,38.639863000,1.000000,1,xemu_image,xemu.exe,0x0011e671
6568,5992,38.642663700,1.000000,1,external_module,nvoglv64.dll,
6568,5992,38.654062100,1.000000,1,xemu_image,xemu.exe,0x0011e66b
6568,5992,38.675337400,1.000000,1,external_module,msvcrt.dll,
6568,5992,38.677066300,1.000000,1,external_module,msvcrt.dll,
6568,5992,38.679269300,1.000000,1,external_module,nvoglv64.dll,
6568,5992,38.680851700,1.000000,1,external_module,nvoglv64.dll,
6568,5992,38.683927800,1.000000,1,xemu_image,xemu.exe,0x002755fe
6568,5992,38.686910100,1.000000,1,xemu_image,xemu.exe,0x006fd481
6568,5992,38.698119500,1.000000,1,external_module,nvoglv64.dll,
6568,5992,38.701333700,1.000000,1,external_module,dxgmms2.sys,
6568,5992,38.718768900,1.000000,1,xemu_image,xemu.exe,0x00297b63
6568,5992,38.721557500,1.000000,1,external_module,msvcrt.dll,
6568,5992,38.723461900,1.000000,1,external_module,nvoglv64.dll,
6568,5992,38.725854700,1.000000,1,xemu_image,xemu.exe,0x00274516
6568,5992,38.727782100,1.000000,1,xemu_image,xemu.exe,0x001d336e
6568,5992,38.741328400,1.000000,1,external_module,ntoskrnl.exe,
6568,5992,38.743544900,1.000000,1,external_module,ntoskrnl.exe,
6568,5992,38.758580600,1.000000,1,external_module,nvoglv64.dll,
6568,5992,38.760195600,1.000000,1,xemu_image,xemu.exe,0x0011e66b
6568,5992,38.761932900,1.000000,1,xemu_image,xemu.exe,0x001d4684
6568,5992,38.764933800,1.000000,1,xemu_image,xemu.exe,0x0088f2a8
6568,5992,38.766904900,1.000000,1,external_module,msvcrt.dll,
6568,5992,38.770302500,1.000000,1,external_module,msvcrt.dll,
6568,5992,38.781927700,1.000000,1,external_module,vulkan-1.dll,
6568,5992,38.785045300,1.000000,1,external_module,nvoglv64.dll,
6568,5992,38.802948300,1.000000,1,xemu_image,xemu.exe,0x00279695
6568,5992,38.804553600,1.000000,1,external_module,msvcrt.dll,
6568,5992,38.807004600,1.000000,1,external_module,nvoglv64.dll,
6568,5992,38.808848800,1.000000,1,external_module,nvoglv64.dll,
6568,5992,38.813723300,1.000000,1,external_module,nvoglv64.dll,
6568,5992,38.827360000,1.000000,1,xemu_image,xemu.exe,0x00275682
6568,5992,38.838932300,1.000000,1,external_module,ntoskrnl.exe,
6568,5992,38.841117500,1.000000,1,external_module,ntoskrnl.exe,
6568,5992,38.857440500,1.000000,1,xemu_image,xemu.exe,0x001d493d
6568,5992,38.858547400,1.000000,1,external_module,msvcrt.dll,
6568,5992,38.860686800,1.000000,1,external_module,msvcrt.dll,
6568,5992,38.862533400,1.000000,1,external_module,ntdll.dll,
6568,5992,38.864592900,1.000000,1,xemu_image,xemu.exe,0x0011e65f
6568,5992,38.866922600,1.000000,1,external_module,msvcrt.dll,
6568,5992,38.880327400,1.000000,1,external_module,msvcrt.dll,
6568,5992,38.883019100,1.000000,1,xemu_image,xemu.exe,0x0011e65f
6568,5992,38.895291100,1.000000,1,external_module,ntoskrnl.exe,
6568,5992,38.897781300,1.000000,1,xemu_image,xemu.exe,0x001d48ea
6568,5992,38.899445600,1.000000,1,external_module,msvcrt.dll,
6568,5992,38.902107600,1.000000,1,external_module,ntoskrnl.exe,
6568,5992,38.904042300,1.000000,1,xemu_image,xemu.exe,0x0027540b
6568,5992,38.905872200,1.000000,1,external_module,msvcrt.dll,
6568,5992,38.908344000,1.000000,1,xemu_image,xemu.exe,0x002ab45d
6568,5992,38.924475800,1.000000,1,xemu_image,xemu.exe,0x001d4857
6568,5992,38.926957800,1.000000,1,external_module,ntoskrnl.exe,
6568,5992,38.941516500,1.000000,1,xemu_image,xemu.exe,0x001dc69d
6568,5992,38.942977500,1.000000,1,external_module,msvcrt.dll,
6568,5992,38.945934700,1.000000,1,external_module,ntdll.dll,
6568,5992,38.947228300,1.000000,1,xemu_image,xemu.exe,0x006fd41f
6568,5992,38.949076000,1.000000,1,xemu_image,xemu.exe,0x001d48dd
6568,5992,38.951531500,1.000000,1,xemu_image,xemu.exe,0x00275436
6568,5992,38.954201600,1.000000,1,xemu_image,xemu.exe,0x0011e65f
6568,5992,38.965398700,1.000000,1,external_module,ntoskrnl.exe,
6568,5992,38.968016100,1.000000,1,xemu_image,xemu.exe,0x001d4055
6568,5992,38.985533100,1.000000,1,external_module,nvoglv64.dll,
6568,5992,38.987092000,1.000000,1,xemu_image,xemu.exe,0x002ab027
6568,5992,38.988943100,1.000000,1,external_module,ntdll.dll,
6568,5992,38.990957600,1.000000,1,xemu_image,xemu.exe,0x00275431
6568,5992,38.993116300,1.000000,1,xemu_image,xemu.exe,0x002b3e71
6568,5992,38.995228400,1.000000,1,xemu_image,xemu.exe,0x001d4012
6568,5992,38.998092400,1.000000,1,external_module,vulkan-1.dll,
6568,5992,39.009013500,1.000000,1,xemu_image,xemu.exe,0x0028f65b
6568,5992,39.028615500,1.000000,1,external_module,ntoskrnl.exe,
6568,5992,39.029771200,1.000000,1,xemu_image,xemu.exe,0x0011e650
6568,5992,39.031331200,1.000000,1,xemu_image,xemu.exe,0x002753f0
6568,5992,39.033308200,1.000000,1,external_module,msvcrt.dll,
6568,5992,39.035029800,1.000000,1,xemu_image,xemu.exe,0x002ab420
6568,5992,39.036825400,1.000000,1,xemu_image,xemu.exe,0x001dc69d
6568,5992,39.038632300,1.000000,1,xemu_image,xemu.exe,0x001d80c1
6568,5992,39.041336200,1.000000,1,external_module,ntoskrnl.exe,
6568,5992,39.051629600,1.000000,1,external_module,nvoglv64.dll,
6568,5992,39.054125900,1.000000,1,xemu_image,xemu.exe,0x003dc093
6568,5992,39.070383200,1.000000,1,external_module,nvoglv64.dll,
6568,5992,39.072368100,1.000000,1,xemu_image,xemu.exe,0x0011e66b
6568,5992,39.074015800,1.000000,1,xemu_image,xemu.exe,0x0011e650
6568,5992,39.075704000,1.000000,1,xemu_image,xemu.exe,0x001dc837
6568,5992,39.079985600,1.000000,1,xemu_image,xemu.exe,0x001d698c
6568,5992,39.082553700,1.000000,1,xemu_image,xemu.exe,0x00298652
6568,5992,39.095317900,1.000000,1,xemu_image,xemu.exe,0x001dc844
6568,5992,39.113975900,1.000000,1,xemu_image,xemu.exe,0x002ab8c6
6568,5992,39.117050500,1.000000,1,xemu_image,xemu.exe,0x001d4005
6568,5992,39.118872000,1.000000,1,external_module,nvoglv64.dll,
6568,5992,39.120303200,1.000000,1,external_module,nvoglv64.dll,
6568,5992,39.122049400,1.000000,1,external_module,nvoglv64.dll,
6568,5992,39.123712500,1.000000,1,xemu_image,xemu.exe,0x002ab497
6568,5992,39.126377200,1.000000,1,xemu_image,xemu.exe,0x002afffd
6568,5992,39.134806500,1.000000,1,external_module,nvoglv64.dll,
6568,5992,39.144921900,1.000000,1,external_module,ntoskrnl.exe,
6568,5992,39.147346100,1.000000,1,external_module,ntdll.dll,
6568,5992,39.165131400,1.000000,1,xemu_image,xemu.exe,0x0011e65f
6568,5992,39.166433300,1.000000,1,xemu_image,xemu.exe,0x001d4055
6568,5992,39.214844300,1.000000,1,xemu_image,xemu.exe,0x0028c9b2
6568,5992,39.216855600,1.000000,1,external_module,msvcrt.dll,
6568,5992,39.218544300,1.000000,1,xemu_image,xemu.exe,0x0011e66b
6568,5992,39.220154700,1.000000,1,xemu_image,xemu.exe,0x001d3ff1
6568,5992,39.221714100,1.000000,1,xemu_image,xemu.exe,0x003dc093
6568,5992,39.223336300,1.000000,1,xemu_image,xemu.exe,0x00274541
6568,5992,39.237867900,1.000000,1,external_module,ntoskrnl.exe,
6568,5992,39.240115100,1.000000,1,external_module,ntdll.dll,
6568,5992,39.243161900,1.000000,1,external_module,ntoskrnl.exe,
6568,5992,39.256631400,1.000000,1,xemu_image,xemu.exe,0x002ab8c6
6568,5992,39.260704500,1.000000,1,xemu_image,xemu.exe,0x001d469a
6568,5992,39.262412800,1.000000,1,external_module,msvcrt.dll,
6568,5992,39.263692400,1.000000,1,xemu_image,xemu.exe,0x00298352
6568,5992,39.266001100,1.000000,1,xemu_image,xemu.exe,0x002b3d65
6568,5992,39.279101900,1.000000,1,external_module,nvoglv64.dll,
6568,5992,39.281339200,1.000000,1,xemu_image,xemu.exe,0x001dc69d
6568,5992,39.285346100,1.000000,1,external_module,nvoglv64.dll,
6568,5992,39.298793300,1.000000,1,xemu_image,xemu.exe,0x00295500
6568,5992,39.300361700,1.000000,1,xemu_image,xemu.exe,0x0011e65a
6568,5992,39.304485300,1.000000,1,xemu_image,xemu.exe,0x0011e671
6568,5992,39.306468900,1.000000,1,external_module,nvoglv64.dll,
6568,5992,39.308063600,1.000000,1,external_module,msvcrt.dll,
6568,5992,39.310026300,1.000000,1,xemu_image,xemu.exe,0x002ab47d
6568,5992,39.312143200,1.000000,1,external_module,msvcrt.dll,
6568,5992,39.324541900,1.000000,1,xemu_image,xemu.exe,0x0011e665
6568,5992,39.326455100,1.000000,1,external_module,nvoglv64.dll,
6568,5992,39.328680800,1.000000,1,external_module,ntoskrnl.exe,
6568,5992,39.342329100,1.000000,1,external_module,nvoglv64.dll,
6568,5992,39.343728300,1.000000,1,xemu_image,xemu.exe,0x0011e657
6568,5992,39.345948000,1.000000,1,xemu_image,xemu.exe,0x00297edb
6568,5992,39.347578100,1.000000,1,external_module,nvoglv64.dll,
6568,5992,39.349864700,1.000000,1,xemu_image,xemu.exe,0x002ab8c6
6568,5992,39.351532400,1.000000,1,xemu_image,xemu.exe,0x0011e665
6568,5992,39.353476500,1.000000,1,xemu_image,xemu.exe,0x002a7d36
6568,5992,39.355754800,1.000000,1,external_module,ntoskrnl.exe,
6568,5992,39.366970200,1.000000,1,external_module,ntoskrnl.exe,
6568,5992,39.369067300,1.000000,1,external_module,ntoskrnl.exe,
6568,5992,39.384727500,1.000000,1,xemu_image,xemu.exe,0x0011e665
6568,5992,39.386148500,1.000000,1,xemu_image,xemu.exe,0x0011e665
6568,5992,39.387358700,1.000000,1,external_module,msvcrt.dll,
6568,5992,39.389118400,1.000000,1,external_module,nvoglv64.dll,
6568,5992,39.391047300,1.000000,1,external_module,nvoglv64.dll,
6568,5992,39.392945400,1.000000,1,xemu_image,xemu.exe,0x001d6c31
6568,5992,39.394557600,1.000000,1,xemu_image,xemu.exe,0x001d62c4
6568,5992,39.410167700,1.000000,1,xemu_image,xemu.exe,0x00296911
6568,5992,39.426473800,1.000000,1,external_module,nvoglv64.dll,
6568,5992,39.429968100,1.000000,1,xemu_image,xemu.exe,0x002ab4f9
6568,5992,39.431089500,1.000000,1,external_module,msvcrt.dll,
6568,5992,39.432969800,1.000000,1,external_module,nvoglv64.dll,
6568,5992,39.435070500,1.000000,1,external_module,msvcrt.dll,
6568,5992,39.437891400,1.000000,1,xemu_image,xemu.exe,0x006fd55f
6568,5992,39.452109200,1.000000,1,external_module,nvlddmkm.sys,
6568,5992,39.453935000,1.000000,1,xemu_image,xemu.exe,0x002a7d09
6568,5992,39.457192900,1.000000,1,external_module,ntoskrnl.exe,
6568,5992,39.473832400,1.000000,1,xemu_image,xemu.exe,0x0011e65f
6568,5992,39.475931200,1.000000,1,xemu_image,xemu.exe,0x0011e644
6568,5992,39.477921800,1.000000,1,external_module,msvcrt.dll,
6568,5992,39.480771900,1.000000,1,external_module,ntdll.dll,
6568,5992,39.483421600,1.000000,1,xemu_image,xemu.exe,0x00294250
6568,5992,39.492811300,1.000000,1,external_module,ntoskrnl.exe,
6568,5992,39.495292500,1.000000,1,external_module,nvoglv64.dll,
6568,5992,39.517610000,1.000000,1,xemu_image,xemu.exe,0x00274541
6568,5992,39.519963200,1.000000,1,external_module,msvcrt.dll,
6568,5992,39.522262900,1.000000,1,xemu_image,xemu.exe,0x0011e66b
6568,5992,39.524502900,1.000000,1,external_module,msvcrt.dll,
6568,5992,39.558955700,1.000000,1,external_module,nvoglv64.dll,
6568,5992,39.561112200,1.000000,1,xemu_image,xemu.exe,0x002b3e71
6568,5992,39.562671400,1.000000,1,xemu_image,xemu.exe,0x0028bfa0
6568,5992,39.564506600,1.000000,1,xemu_image,xemu.exe,0x002ab045
6568,5992,39.566861000,1.000000,1,xemu_image,xemu.exe,0x003e281d
6568,5992,39.569065700,1.000000,1,external_module,ntoskrnl.exe,
6568,5992,39.581058800,1.000000,1,xemu_image,xemu.exe,0x006fd585
6568,5992,39.597803900,1.000000,1,xemu_image,xemu.exe,0x001d3feb
6568,5992,39.599416100,1.000000,1,xemu_image,xemu.exe,0x001dc69d
6568,5992,39.601411600,1.000000,1,xemu_image,xemu.exe,0x001d6323
6568,5992,39.603480400,1.000000,1,xemu_image,xemu.exe,0x0011e66b
6568,5992,39.605283700,1.000000,1,external_module,msvcrt.dll,
6568,5992,39.607179700,1.000000,1,xemu_image,xemu.exe,0x00294259
6568,5992,39.610604900,1.000000,1,external_module,nvoglv64.dll,
6568,5992,39.622118200,1.000000,1,xemu_image,xemu.exe,0x00296911
6568,5992,39.624195700,1.000000,1,external_module,dxgkrnl.sys,
6568,5992,39.645489400,1.000000,1,external_module,msvcrt.dll,
6568,5992,39.646619800,1.000000,1,xemu_image,xemu.exe,0x002ab8c6
6568,5992,39.648975700,1.000000,1,external_module,nvoglv64.dll,
6568,5992,39.650975600,1.000000,1,xemu_image,xemu.exe,0x003e2053
6568,5992,39.668561900,1.000000,1,xemu_image,xemu.exe,0x0029d4ba
6568,5992,39.685094400,1.000000,1,xemu_image,xemu.exe,0x002ab8c6
6568,5992,39.687575100,1.000000,1,external_module,ntdll.dll,
6568,5992,39.690074100,1.000000,1,external_module,nvoglv64.dll,
6568,5992,39.692587300,1.000000,1,external_module,ntdll.dll,
6568,5992,39.694486000,1.000000,1,external_module,nvoglv64.dll,
6568,5992,39.697615100,1.000000,1,xemu_image,xemu.exe,0x001dc69d
6568,5992,39.708212700,1.000000,1,external_module,ntoskrnl.exe,
6568,5992,39.710431700,1.000000,1,external_module,ntdll.dll,
6568,5992,39.723125100,1.000000,1,external_module,ntoskrnl.exe,
6568,5992,39.729384100,1.000000,1,external_module,msvcrt.dll,
6568,5992,39.731050200,1.000000,1,xemu_image,xemu.exe,0x002ab45d
6568,5992,39.733050600,1.000000,1,xemu_image,xemu.exe,0x003ec2c3
6568,5992,39.735170700,1.000000,1,external_module,msvcrt.dll,
6568,5992,39.737123500,1.000000,1,external_module,msvcrt.dll,
6568,5992,39.741141100,1.000000,1,external_module,ntoskrnl.exe,
6568,5992,39.773260400,1.000000,1,xemu_image,xemu.exe,0x0011e65f
6568,5992,39.774591600,1.000000,1,xemu_image,xemu.exe,0x0028d118
6568,5992,39.778613000,1.000000,1,external_module,ntoskrnl.exe,
6568,5992,39.779784800,1.000000,1,xemu_image,xemu.exe,0x0011e67e
6568,5992,39.782935900,1.000000,1,external_module,msvcrt.dll,
6568,5992,39.794286600,1.000000,1,external_module,vulkan-1.dll,
6568,5992,39.812820900,1.000000,1,xemu_image,xemu.exe,0x006e650a
6568,5992,39.814042100,1.000000,1,external_module,msvcrt.dll,
6568,5992,39.815847300,1.000000,1,external_module,msvcrt.dll,
6568,5992,39.817897400,1.000000,1,xemu_image,xemu.exe,0x0011e67b
6568,5992,39.819881900,1.000000,1,xemu_image,xemu.exe,0x002ab8db
6568,5992,39.821920400,1.000000,1,external_module,nvoglv64.dll,
6568,5992,39.836547900,1.000000,1,external_module,nvoglv64.dll,
6568,5992,39.839162200,1.000000,1,external_module,ntoskrnl.exe,
6568,5992,39.857292800,1.000000,1,external_module,nvoglv64.dll,
6568,5992,39.859493000,1.000000,1,xemu_image,xemu.exe,0x0011e65a
6568,5992,39.862037400,1.000000,1,xemu_image,xemu.exe,0x0011e933
6568,5992,39.863739900,1.000000,1,xemu_image,xemu.exe,0x0028c9b7
6568,5992,39.865908900,1.000000,1,xemu_image,xemu.exe,0x002987b4
6568,5992,39.879379500,1.000000,1,xemu_image,xemu.exe,0x00298754
6568,5992,39.896243100,1.000000,1,external_module,msvcrt.dll,
6568,5992,39.898135700,1.000000,1,external_module,nvoglv64.dll,
6568,5992,39.900118100,1.000000,1,xemu_image,xemu.exe,0x0027543d
6568,5992,39.902134300,1.000000,1,external_module,nvoglv64.dll,
6568,5992,39.904880800,1.000000,1,external_module,nvoglv64.dll,
6568,5992,39.907961200,1.000000,1,external_module,ntdll.dll,
6568,5992,39.924209800,1.000000,1,xemu_image,xemu.exe,0x0011e671
6568,5992,39.926333500,1.000000,1,external_module,ntoskrnl.exe,
6568,5992,39.943054300,1.000000,1,external_module,nvoglv64.dll,
6568,5992,39.945162200,1.000000,1,external_module,ntoskrnl.exe,
6568,5992,39.946283100,1.000000,1,xemu_image,xemu.exe,0x0011e65f
6568,5992,39.948469000,1.000000,1,xemu_image,xemu.exe,0x001d4511
6568,5992,39.950393500,1.000000,1,external_module,nvoglv64.dll,
6568,5992,39.953066800,1.000000,1,external_module,msvcrt.dll,
6568,5992,39.967558300,1.000000,1,external_module,msvcrt.dll,
6568,5992,39.970523200,1.000000,1,external_module,ntoskrnl.exe,
6568,5992,39.983509300,1.000000,1,xemu_image,xemu.exe,0x0011e66b
6568,5992,39.985491300,1.000000,1,external_module,nvoglv64.dll,
6568,5992,39.987301300,1.000000,1,external_module,nvoglv64.dll,
6568,5992,39.991707000,1.000000,1,xemu_image,xemu.exe,0x0011e678
6568,5992,40.027789400,1.000000,1,xemu_image,xemu.exe,0x001d3fb5
6568,5992,40.029335700,1.000000,1,xemu_image,xemu.exe,0x0029dccd
6568,5992,40.033618100,1.000000,1,xemu_image,xemu.exe,0x0011e65f
6568,5992,40.035642500,1.000000,1,xemu_image,xemu.exe,0x001d3fb5
6568,5992,40.039395400,1.000000,1,xemu_image,xemu.exe,0x001d1ae4
6568,5992,40.056538100,1.000000,1,external_module,ntoskrnl.exe,
6568,5992,40.072326900,1.000000,1,xemu_image,xemu.exe,0x0011e65f
6568,5992,40.074047900,1.000000,1,xemu_image,xemu.exe,0x00275431
6568,5992,40.076733700,1.000000,1,xemu_image,xemu.exe,0x001d3fe7
6568,5992,40.079132900,1.000000,1,xemu_image,xemu.exe,0x0029bd72
6568,5992,40.081505300,1.000000,1,xemu_image,xemu.exe,0x002a7a48
6568,5992,40.106717900,1.000000,1,external_module,ntoskrnl.exe,
6568,5992,40.113001700,1.000000,1,external_module,ntoskrnl.exe,
6568,5992,40.126003700,1.000000,1,external_module,nvoglv64.dll,
6568,5992,40.129800200,1.000000,1,xemu_image,xemu.exe,0x001d55a4
6568,5992,40.131966300,1.000000,1,external_module,nvoglv64.dll,
6568,5992,40.134573900,1.000000,1,external_module,nvoglv64.dll,
6568,5992,40.136777800,1.000000,1,xemu_image,xemu.exe,0x002ab420
6568,5992,40.139245800,1.000000,1,external_module,nvoglv64.dll,
6568,5992,40.155430900,1.000000,1,external_module,nvoglv64.dll,
6568,5992,40.176415500,1.000000,1,external_module,msvcrt.dll,
6568,5992,40.178820100,1.000000,1,external_module,ntoskrnl.exe,
6568,5992,40.182274700,1.000000,1,xemu_image,xemu.exe,0x0011e665
6568,5992,40.184322300,1.000000,1,external_module,msvcrt.dll,
6568,5992,40.207876000,1.000000,1,external_module,dxgmms2.sys,
6568,5992,40.226251700,1.000000,1,xemu_image,xemu.exe,0x0028faf7
6568,5992,40.231460700,1.000000,1,xemu_image,xemu.exe,0x002ab8db
6568,5992,40.233483100,1.000000,1,xemu_image,xemu.exe,0x002ab466
6568,5992,40.235577300,1.000000,1,external_module,nvoglv64.dll,
6568,5992,40.238618500,1.000000,1,xemu_image,xemu.exe,0x001d4055
6568,5992,40.261612700,1.000000,1,external_module,ntoskrnl.exe,
6568,5992,40.278802600,1.000000,1,external_module,ntoskrnl.exe,
6568,5992,40.283822700,1.000000,1,external_module,msvcrt.dll,
6568,5992,40.285964000,1.000000,1,external_module,msvcrt.dll,
6568,5992,40.288499800,1.000000,1,xemu_image,xemu.exe,0x0011e88a
6568,5992,40.306570900,1.000000,1,external_module,nvoglv64.dll,
6568,5992,40.324731200,1.000000,1,external_module,msvcrt.dll,
6568,5992,40.326519300,1.000000,1,xemu_image,xemu.exe,0x0011e644
6568,5992,40.328671600,1.000000,1,external_module,ntoskrnl.exe,
6568,5992,40.330139700,1.000000,1,xemu_image,xemu.exe,0x0011e65f
6568,5992,40.331975700,1.000000,1,external_module,msvcrt.dll,
6568,5992,40.334275000,1.000000,1,external_module,nvoglv64.dll,
6568,5992,40.336787100,1.000000,1,external_module,msvcrt.dll,
6568,5992,40.347945400,1.000000,1,external_module,nvoglv64.dll,
6568,5992,40.366813900,1.000000,1,external_module,nvoglv64.dll,
6568,5992,40.369516300,1.000000,1,xemu_image,xemu.exe,0x0011e920
6568,5992,40.371486900,1.000000,1,external_module,ntdll.dll,
6568,5992,40.375784100,1.000000,1,external_module,nvoglv64.dll,
6568,5992,40.378567800,1.000000,1,xemu_image,xemu.exe,0x0011e65f
6568,5992,40.392675600,1.000000,1,external_module,ntoskrnl.exe,
6568,5992,40.394801200,1.000000,1,xemu_image,xemu.exe,0x0011e60d
6568,5992,40.412927100,1.000000,1,external_module,nvoglv64.dll,
6568,5992,40.414605500,1.000000,1,xemu_image,xemu.exe,0x002ab8c6
6568,5992,40.417481400,1.000000,1,xemu_image,xemu.exe,0x00298479
6568,5992,40.419422900,1.000000,1,xemu_image,xemu.exe,0x001d4005
6568,5992,40.421629200,1.000000,1,external_module,nvoglv64.dll,
6568,5992,40.435462400,1.000000,1,xemu_image,xemu.exe,0x002b0392
6568,5992,40.439581700,1.000000,1,external_module,nvoglv64.dll,
6568,5992,40.455248100,1.000000,1,external_module,nvoglv64.dll,
6568,5992,40.456831800,1.000000,1,xemu_image,xemu.exe,0x0011e665
6568,5992,40.459171500,1.000000,1,xemu_image,xemu.exe,0x001d96de
6568,5992,40.461099900,1.000000,1,external_module,msvcrt.dll,
6568,5992,40.464736100,1.000000,1,xemu_image,xemu.exe,0x001d4901
6568,5992,40.467457400,1.000000,1,xemu_image,xemu.exe,0x00298b85
6568,5992,40.478150100,1.000000,1,xemu_image,xemu.exe,0x0011e65f
6568,5992,40.503471500,1.000000,1,xemu_image,xemu.exe,0x0011e665
6568,5992,40.505611000,1.000000,1,external_module,nvoglv64.dll,
6568,5992,40.508845900,1.000000,1,external_module,ntdll.dll,
6568,5992,40.525243700,1.000000,1,external_module,nvoglv64.dll,
6568,5992,40.542973600,1.000000,1,external_module,ntdll.dll,
6568,5992,40.544739800,1.000000,1,external_module,nvoglv64.dll,
6568,5992,40.546347900,1.000000,1,xemu_image,xemu.exe,0x006fd55f
6568,5992,40.548440700,1.000000,1,xemu_image,xemu.exe,0x006fd317
6568,5992,40.551357200,1.000000,1,xemu_image,xemu.exe,0x0029dcc9
6568,5992,40.553416600,1.000000,1,xemu_image,xemu.exe,0x001d1b08
6568,5992,40.567439300,1.000000,1,xemu_image,xemu.exe,0x003dc074
6568,5992,40.589081800,1.000000,1,external_module,nvoglv64.dll,
6568,5992,40.592572300,1.000000,1,xemu_image,xemu.exe,0x001dc63f
6568,5992,40.594601700,1.000000,1,external_module,msvcrt.dll,
6568,5992,40.599057700,1.000000,1,external_module,msvcrt.dll,
6568,5992,40.610210200,1.000000,1,external_module,ntoskrnl.exe,
6568,5992,40.628019800,1.000000,1,external_module,ntoskrnl.exe,
6568,5992,40.631719200,1.000000,1,xemu_image,xemu.exe,0x0011e681
6568,5992,40.633568200,1.000000,1,external_module,msvcrt.dll,
6568,5992,40.635659800,1.000000,1,xemu_image,xemu.exe,0x00275421
6568,5992,40.655035000,1.000000,1,xemu_image,xemu.exe,0x001d53e4
6568,5992,40.660203600,1.000000,1,external_module,ntoskrnl.exe,
6568,5992,40.688706900,1.000000,1,xemu_image,xemu.exe,0x0029d153
6568,5992,40.709999500,1.000000,1,external_module,ntoskrnl.exe,
6568,5992,40.712357100,1.000000,1,external_module,nvoglv64.dll,
6568,5992,40.727885900,1.000000,1,external_module,nvoglv64.dll,
6568,5992,40.731074500,1.000000,1,xemu_image,xemu.exe,0x002ab930
6568,5992,40.733331900,1.000000,1,external_module,msvcrt.dll,
6568,5992,40.735194600,1.000000,1,external_module,ntdll.dll,
6568,5992,40.737440800,1.000000,1,xemu_image,xemu.exe,0x0011e65f
6568,5992,40.753210600,1.000000,1,external_module,nvoglv64.dll,
6568,5992,40.776141200,1.000000,1,xemu_image,xemu.exe,0x002aae72
6568,5992,40.777924000,1.000000,1,external_module,nvoglv64.dll,
6568,5992,40.782346300,1.000000,1,external_module,msvcrt.dll,
6568,5992,40.784662600,1.000000,1,xemu_image,xemu.exe,0x001d3fb5
6568,5992,40.795051600,1.000000,1,external_module,nvlddmkm.sys,
6568,5992,40.797505700,1.000000,1,external_module,nvoglv64.dll,
6568,5992,40.811935500,1.000000,1,external_module,ntoskrnl.exe,
6568,5992,40.816316100,1.000000,1,xemu_image,xemu.exe,0x0011e66b
6568,5992,40.818036700,1.000000,1,xemu_image,xemu.exe,0x0011e65f
6568,5992,40.821441500,1.000000,1,xemu_image,xemu.exe,0x0028cd3b
6568,5992,40.823407200,1.000000,1,xemu_image,xemu.exe,0x001d48d8
6568,5992,40.825528500,1.000000,1,xemu_image,xemu.exe,0x0029bcd5
6568,5992,40.828283700,1.000000,1,external_module,nvoglv64.dll,
6568,5992,40.841967600,1.000000,1,external_module,ntoskrnl.exe,
6568,5992,40.844930200,1.000000,1,xemu_image,xemu.exe,0x002ab038
6568,5992,40.862769500,1.000000,1,xemu_image,xemu.exe,0x0011e681
6568,5992,40.864951800,1.000000,1,xemu_image,xemu.exe,0x00298b85
6568,5992,40.867011000,1.000000,1,external_module,msvcrt.dll,
6568,5992,40.872047100,1.000000,1,xemu_image,xemu.exe,0x0011e65f
6568,5992,40.886556300,1.000000,1,external_module,nvoglv64.dll,
6568,5992,40.908303100,1.000000,1,external_module,nvoglv64.dll,
6568,5992,40.910648300,1.000000,1,external_module,ntdll.dll,
6568,5992,40.912495200,1.000000,1,xemu_image,xemu.exe,0x00298a52
6568,5992,40.913949500,1.000000,1,external_module,nvoglv64.dll,
6568,5992,40.926030400,1.000000,1,external_module,msvcrt.dll,
6568,5992,40.928773700,1.000000,1,xemu_image,xemu.exe,0x00294256
6568,5992,40.956957900,1.000000,1,external_module,ntoskrnl.exe,
6568,5992,40.959185600,1.000000,1,xemu_image,xemu.exe,0x0011e57e
6568,5992,40.961595000,1.000000,1,xemu_image,xemu.exe,0x002745fd
6568,5992,40.963560000,1.000000,1,xemu_image,xemu.exe,0x0011e65f
6568,5992,40.967481800,1.000000,1,external_module,nvoglv64.dll,
6568,5992,40.977401600,1.000000,1,external_module,dxgmms2.sys,
6568,5992,40.980641100,1.000000,1,xemu_image,xemu.exe,0x0029857c
6568,5992,41.004795500,1.000000,1,external_module,msvcrt.dll,
6568,5992,41.007754300,1.000000,1,xemu_image,xemu.exe,0x001d32dc
6568,5992,41.009659800,1.000000,1,xemu_image,xemu.exe,0x0011e65f
6568,5992,41.014937700,1.000000,1,external_module,nvoglv64.dll,
6568,5992,41.017874900,1.000000,1,external_module,ntdll.dll,
6568,5992,41.033755500,1.000000,1,external_module,ntoskrnl.exe,
6568,5992,41.047394300,1.000000,1,external_module,msvcrt.dll,
6568,5992,41.049153300,1.000000,1,external_module,nvoglv64.dll,
6568,5992,41.050742800,1.000000,1,external_module,nvoglv64.dll,
6568,5992,41.053944400,1.000000,1,external_module,ntdll.dll,
6568,5992,41.056111500,1.000000,1,xemu_image,xemu.exe,0x002ab027
6568,5992,41.058448400,1.000000,1,xemu_image,xemu.exe,0x0011e65f
6568,5992,41.072306700,1.000000,1,xemu_image,xemu.exe,0x006fd481
6568,5992,41.074795600,1.000000,1,external_module,ntdll.dll,
6568,5992,41.094170500,1.000000,1,external_module,nvoglv64.dll,
6568,5992,41.095766000,1.000000,1,external_module,ntdll.dll,
6568,5992,41.097395300,1.000000,1,external_module,nvoglv64.dll,
6568,5992,41.100105200,1.000000,1,xemu_image,xemu.exe,0x001d4055
6568,5992,41.102081400,1.000000,1,external_module,msvcrt.dll,
6568,5992,41.104344900,1.000000,1,xemu_image,xemu.exe,0x0028c1b0
6568,5992,41.107142900,1.000000,1,external_module,nvoglv64.dll,
6568,5992,41.118474100,1.000000,1,external_module,ntoskrnl.exe,
6568,5992,41.123298000,1.000000,1,external_module,nvoglv64.dll,
6568,5992,41.144811100,1.000000,1,external_module,ntoskrnl.exe,
6568,5992,41.160095000,1.000000,1,external_module,msvcrt.dll,
6568,5992,41.177943900,1.000000,1,xemu_image,xemu.exe,0x006fd529
6568,5992,41.179429500,1.000000,1,xemu_image,xemu.exe,0x002ab038
6568,5992,41.181027700,1.000000,1,xemu_image,xemu.exe,0x0028bead
6568,5992,41.183141200,1.000000,1,external_module,nvoglv64.dll,
6568,5992,41.185354700,1.000000,1,xemu_image,xemu.exe,0x0029dcc9
6568,5992,41.187536900,1.000000,1,external_module,vulkan-1.dll,
6568,5992,41.190127600,1.000000,1,xemu_image,xemu.exe,0x002ab45d
6568,5992,41.201280100,1.000000,1,xemu_image,xemu.exe,0x001d469a
6568,5992,41.217964900,1.000000,1,xemu_image,xemu.exe,0x0011e66b
6568,5992,41.219767900,1.000000,1,external_module,ntoskrnl.exe,
6568,5992,41.223849900,1.000000,1,xemu_image,xemu.exe,0x001dc69d
6568,5992,41.225693400,1.000000,1,xemu_image,xemu.exe,0x001d4b45
6568,5992,41.228360600,1.000000,1,xemu_image,xemu.exe,0x001d4364
6568,5992,41.231302000,1.000000,1,external_module,nvoglv64.dll,
6568,5992,41.241841800,1.000000,1,xemu_image,xemu.exe,0x00277c9f
6568,5992,41.243924000,1.000000,1,external_module,msvcrt.dll,
6568,5992,41.261106500,1.000000,1,external_module,msvcrt.dll,
6568,5992,41.262642200,1.000000,1,xemu_image,xemu.exe,0x002aac0a
6568,5992,41.264087400,1.000000,1,external_module,msvcrt.dll,
6568,5992,41.266591900,1.000000,1,xemu_image,xemu.exe,0x0011e647
6568,5992,41.268522800,1.000000,1,xemu_image,xemu.exe,0x002ab526
6568,5992,41.271133500,1.000000,1,external_module,msvcrt.dll,
6568,5992,41.286489500,1.000000,1,external_module,msvcrt.dll,
6568,5992,41.304525600,1.000000,1,xemu_image,xemu.exe,0x0011e665
6568,5992,41.306246000,1.000000,1,xemu_image,xemu.exe,0x001d3bf0
6568,5992,41.308918400,1.000000,1,xemu_image,xemu.exe,0x00298af4
6568,5992,41.315443900,1.000000,1,xemu_image,xemu.exe,0x00296972
6568,5992,41.328783900,1.000000,1,external_module,ntoskrnl.exe,
6568,5992,41.334048700,1.000000,1,external_module,ntoskrnl.exe,
6568,5992,41.351282500,1.000000,1,xemu_image,xemu.exe,0x002981cc
6568,5992,41.353205900,1.000000,1,xemu_image,xemu.exe,0x002754ff
6568,5992,41.355104100,1.000000,1,external_module,msvcrt.dll,
6568,5992,41.357162700,1.000000,1,xemu_image,xemu.exe,0x002ab8c6
6568,5992,41.359409600,1.000000,1,xemu_image,xemu.exe,0x001d4906
6568,5992,41.361958700,1.000000,1,xemu_image,xemu.exe,0x0028d254
6568,5992,41.378184700,1.000000,1,external_module,ntdll.dll,
6568,5992,41.381189400,1.000000,1,external_module,ntdll.dll,
6568,5992,41.395283100,1.000000,1,external_module,ntoskrnl.exe,
6568,5992,41.447397400,1.000000,1,xemu_image,xemu.exe,0x00298754
6568,5992,41.459783000,1.000000,1,external_module,ntoskrnl.exe,
6568,5992,41.461778800,1.000000,1,external_module,msvcrt.dll,
6568,5992,41.477666700,1.000000,1,external_module,nvoglv64.dll,
6568,5992,41.479237600,1.000000,1,external_module,msvcrt.dll,
6568,5992,41.480601300,1.000000,1,xemu_image,xemu.exe,0x003dc074
6568,5992,41.485566700,1.000000,1,xemu_image,xemu.exe,0x001dc389
6568,5992,41.490662600,1.000000,1,external_module,nvoglv64.dll,
6568,5992,41.523247300,1.000000,1,external_module,nvoglv64.dll,
6568,5992,41.524485900,1.000000,1,xemu_image,xemu.exe,0x003e201c
6568,5992,41.526414300,1.000000,1,xemu_image,xemu.exe,0x002aaab0
6568,5992,41.528002200,1.000000,1,external_module,nvlddmkm.sys,
6568,5992,41.529277000,1.000000,1,xemu_image,xemu.exe,0x002aaef9
6568,5992,41.531300100,1.000000,1,xemu_image,xemu.exe,0x001d469a
6568,5992,41.533316400,1.000000,1,xemu_image,xemu.exe,0x001d3fb5
6568,5992,41.535435600,1.000000,1,xemu_image,xemu.exe,0x001d55a4
6568,5992,41.546521600,1.000000,1,xemu_image,xemu.exe,0x001d9541
6568,5992,41.548703400,1.000000,1,external_module,ntoskrnl.exe,
6568,5992,41.561344700,1.000000,1,external_module,ntoskrnl.exe,
6568,5992,41.567817500,1.000000,1,external_module,msvcrt.dll,
6568,5992,41.569501900,1.000000,1,xemu_image,xemu.exe,0x001dc63f
6568,5992,41.570869700,1.000000,1,xemu_image,xemu.exe,0x0011e66b
6568,5992,41.572547400,1.000000,1,external_module,msvcrt.dll,
6568,5992,41.574292000,1.000000,1,xemu_image,xemu.exe,0x0011e65f
6568,5992,41.575943000,1.000000,1,xemu_image,xemu.exe,0x00279293
6568,5992,41.577805100,1.000000,1,xemu_image,xemu.exe,0x001d45a4
6568,5992,41.603731700,1.000000,1,external_module,ntdll.dll,
6568,5992,41.609224200,1.000000,1,external_module,nvoglv64.dll,
6568,5992,41.624368500,1.000000,1,external_module,nvoglv64.dll,
6568,5992,41.625719600,1.000000,1,external_module,nvoglv64.dll,
6568,5992,41.626950600,1.000000,1,xemu_image,xemu.exe,0x0029dcc9
6568,5992,41.628868600,1.000000,1,external_module,ntoskrnl.exe,
6568,5992,41.630399900,1.000000,1,xemu_image,xemu.exe,0x0011e647
6568,5992,41.633164600,1.000000,1,xemu_image,xemu.exe,0x0011e65f
6568,5992,41.635048600,1.000000,1,xemu_image,xemu.exe,0x0011e678
6568,5992,41.648969600,1.000000,1,external_module,ntoskrnl.exe,
6568,5992,41.650776300,1.000000,1,xemu_image,xemu.exe,0x001d4901
6568,5992,41.653678800,1.000000,1,external_module,ntoskrnl.exe,
6568,5992,41.666592500,1.000000,1,xemu_image,xemu.exe,0x006fd585
6568,5992,41.667966300,1.000000,1,xemu_image,xemu.exe,0x0011e65f
6568,5992,41.669357100,1.000000,1,xemu_image,xemu.exe,0x001dc41d
6568,5992,41.671015500,1.000000,1,external_module,nvoglv64.dll,
6568,5992,41.672665500,1.000000,1,external_module,nvoglv64.dll,
6568,5992,41.674344600,1.000000,1,external_module,ntdll.dll,
6568,5992,41.676615400,1.000000,1,external_module,msvcrt.dll,
6568,5992,41.678387400,1.000000,1,xemu_image,xemu.exe,0x002aabf7
6568,5992,41.691354600,1.000000,1,xemu_image,xemu.exe,0x0011e65f
6568,5992,41.693412100,1.000000,1,external_module,nvoglv64.dll,
6568,5992,41.709002000,1.000000,1,external_module,nvoglv64.dll,
6568,5992,41.710448100,1.000000,1,external_module,msvcrt.dll,
6568,5992,41.713016200,1.000000,1,xemu_image,xemu.exe,0x002ab4a3
6568,5992,41.714437400,1.000000,1,xemu_image,xemu.exe,0x001d96c1
6568,5992,41.716152000,1.000000,1,xemu_image,xemu.exe,0x003dc093
6568,5992,41.718440100,1.000000,1,external_module,ntdll.dll,
6568,5992,41.720197500,1.000000,1,external_module,vulkan-1.dll,
6568,5992,41.735018800,1.000000,1,external_module,nvoglv64.dll,
6568,5992,41.737072900,1.000000,1,external_module,ntoskrnl.exe,
6568,5992,41.753489500,1.000000,1,xemu_image,xemu.exe,0x002ab4f4
6568,5992,41.754757100,1.000000,1,xemu_image,xemu.exe,0x002987ed
6568,5992,41.756023100,1.000000,1,xemu_image,xemu.exe,0x001dc4b2
6568,5992,41.757743800,1.000000,1,external_module,nvoglv64.dll,
6568,5992,41.759332600,1.000000,1,external_module,nvoglv64.dll,
6568,5992,41.760718700,1.000000,1,xemu_image,xemu.exe,0x00299952
6568,5992,41.762261500,1.000000,1,xemu_image,xemu.exe,0x0028c9af
6568,5992,41.764019500,1.000000,1,external_module,nvoglv64.dll,
6568,5992,41.766162000,1.000000,1,external_module,nvoglv64.dll,
6568,5992,41.776966900,1.000000,1,external_module,msvcrt.dll,
6568,5992,41.779073300,1.000000,1,external_module,nvoglv64.dll,
6568,5992,41.796048200,1.000000,1,xemu_image,xemu.exe,0x0028beb5
6568,5992,41.797227400,1.000000,1,xemu_image,xemu.exe,0x0011e938
6568,5992,41.798561500,1.000000,1,xemu_image,xemu.exe,0x0011e938
6568,5992,41.800459000,1.000000,1,external_module,ntdll.dll,
6568,5992,41.804467200,1.000000,1,xemu_image,xemu.exe,0x002b3e75
6568,5992,21.827255200,1.000000,1,xemu_image,xemu.exe,0x006fd55f
6568,5992,22.273089000,1.000000,1,xemu_image,xemu.exe,0x001d3ff9
6568,5992,22.332388200,1.000000,1,external_module,nvoglv64.dll,
6568,5992,22.692657000,1.000000,1,unknown_external,,
6568,5992,23.190038900,1.000000,1,external_module,msvcrt.dll,
6568,5992,24.069394700,1.000000,1,external_module,nvoglv64.dll,
6568,5992,24.427022800,1.000000,1,xemu_image,xemu.exe,0x0028be55
6568,5992,25.372604400,1.000000,1,external_module,nvoglv64.dll,
6568,5992,25.888357000,1.000000,1,xemu_image,xemu.exe,0x002ab8c6
6568,5992,26.032652400,1.000000,1,external_module,msvcrt.dll,
6568,5992,26.363148400,1.000000,1,xemu_image,xemu.exe,0x002980fe
6568,5992,26.375457300,1.000000,1,external_module,ntoskrnl.exe,
6568,5992,26.377970900,1.000000,1,external_module,msvcrt.dll,
6568,5992,26.425651600,1.000000,1,external_module,ntoskrnl.exe,
6568,5992,26.778591100,1.000000,1,xemu_image,xemu.exe,0x003e2014
6568,5992,26.799843400,1.000000,1,xemu_image,xemu.exe,0x002b2a33
6568,5992,26.804624100,1.000000,1,external_module,nvoglv64.dll,
6568,5992,26.847574800,1.000000,1,external_module,nvoglv64.dll,
6568,5992,26.989379500,1.000000,1,external_module,nvoglv64.dll,
6568,5992,27.131627200,1.000000,1,external_module,dxgmms2.sys,
6568,5992,27.551754700,1.000000,1,xemu_image,xemu.exe,0x00277c9f
6568,5992,27.615360700,1.000000,1,xemu_image,xemu.exe,0x0011e650
6568,5992,27.966359500,1.000000,1,external_module,msvcrt.dll,
6568,5992,28.407072700,1.000000,1,xemu_image,xemu.exe,0x002aabed
6568,5992,28.409919400,1.000000,1,external_module,nvoglv64.dll,
6568,5992,28.514987100,1.000000,1,external_module,nvoglv64.dll,
6568,5992,28.517286300,1.000000,1,external_module,msvcrt.dll,
6568,5992,28.794758100,1.000000,1,external_module,ntoskrnl.exe,
6568,5992,28.885118200,1.000000,1,xemu_image,xemu.exe,0x0029e500
6568,5992,29.252821300,1.000000,1,external_module,nvoglv64.dll,
6568,5992,29.667026100,1.000000,1,external_module,ntoskrnl.exe,
6568,5992,29.669166900,1.000000,1,xemu_image,xemu.exe,0x001dc841
6568,5992,30.130198100,1.000000,1,external_module,msvcrt.dll,
6568,5992,30.132220900,1.000000,1,xemu_image,xemu.exe,0x0029d274
6568,5992,30.561636500,1.000000,1,external_module,ntoskrnl.exe,
6568,5992,30.562911100,1.000000,1,xemu_image,xemu.exe,0x001d4db8
6568,5992,30.564841100,1.000000,1,external_module,msvcrt.dll,
6568,5992,30.566640500,1.000000,1,external_module,ntdll.dll,
6568,5992,30.568744000,1.000000,1,external_module,nvoglv64.dll,
6568,5992,30.571339600,1.000000,1,external_module,ntoskrnl.exe,
6568,5992,30.581778300,1.000000,1,xemu_image,xemu.exe,0x001d469a
6568,5992,30.584464500,1.000000,1,xemu_image,xemu.exe,0x002b3e75
6568,5992,30.930396000,1.000000,1,xemu_image,xemu.exe,0x0029dc4c
6568,5992,30.933996200,1.000000,1,external_module,ntoskrnl.exe,
6568,5992,31.401198500,1.000000,1,external_module,ntoskrnl.exe,
6568,5992,31.460997200,1.000000,1,external_module,ntoskrnl.exe,
6568,5992,31.479005400,1.000000,1,external_module,nvoglv64.dll,
6568,5992,31.556549900,1.000000,1,xemu_image,xemu.exe,0x0011e665
6568,5992,32.091980600,1.000000,1,xemu_image,xemu.exe,0x00298754
6568,5992,32.105321500,1.000000,1,external_module,ntoskrnl.exe,
6568,5992,32.107511200,1.000000,1,xemu_image,xemu.exe,0x003dc074
6568,5992,32.111438800,1.000000,1,external_module,nvlddmkm.sys,
6568,5992,32.651435200,1.000000,1,external_module,nvoglv64.dll,
6568,5992,32.928147400,1.000000,1,external_module,nvoglv64.dll,
6568,5992,33.066911400,1.000000,1,xemu_image,xemu.exe,0x001d32dc
6568,5992,33.312554800,1.000000,1,xemu_image,xemu.exe,0x00298359
6568,5992,33.313796300,1.000000,1,external_module,nvoglv64.dll,
6568,5992,33.315165500,1.000000,1,external_module,nvoglv64.dll,
6568,5992,33.316913700,1.000000,1,xemu_image,xemu.exe,0x001d336e
6568,5992,33.420899400,1.000000,1,external_module,ntoskrnl.exe,
6568,5992,33.604672800,1.000000,1,external_module,ntoskrnl.exe,
6568,5992,33.626332600,1.000000,1,external_module,ntoskrnl.exe,
6568,5992,33.977758000,1.000000,1,external_module,ntoskrnl.exe,
6568,5992,34.085507300,1.000000,1,xemu_image,xemu.exe,0x00298774
6568,5992,34.097268100,1.000000,1,external_module,ntoskrnl.exe,
6568,5992,34.423359000,1.000000,1,xemu_image,xemu.exe,0x001194d0
6568,5992,34.424739400,1.000000,1,xemu_image,xemu.exe,0x0027563a
6568,5992,34.426634300,1.000000,1,external_module,msvcrt.dll,
6568,5992,34.427777500,1.000000,1,xemu_image,xemu.exe,0x001dc41d
6568,5992,34.428892600,1.000000,1,xemu_image,xemu.exe,0x002aaab0
6568,5992,34.430045100,1.000000,1,external_module,ntdll.dll,
6568,5992,35.525531400,1.000000,1,external_module,msvcrt.dll,
6568,5992,35.622043400,1.000000,1,external_module,ntoskrnl.exe,
6568,5992,35.732956600,1.000000,1,external_module,vulkan-1.dll,
6568,5992,36.299276300,1.000000,1,external_module,nvoglv64.dll,
6568,5992,36.335875200,1.000000,1,external_module,nvoglv64.dll,
6568,5992,36.368601800,1.000000,1,external_module,nvoglv64.dll,
6568,5992,36.379259300,1.000000,1,xemu_image,xemu.exe,0x001d4649
6568,5992,36.413254000,1.000000,1,external_module,msvcrt.dll,
6568,5992,36.466271700,1.000000,1,xemu_image,xemu.exe,0x0029d59a
6568,5992,36.644553300,1.000000,1,xemu_image,xemu.exe,0x001dc69d
6568,5992,36.695558900,1.000000,1,xemu_image,xemu.exe,0x001d4684
6568,5992,36.965572900,1.000000,1,xemu_image,xemu.exe,0x0011e665
6568,5992,37.477642700,1.000000,1,xemu_image,xemu.exe,0x001dc69d
6568,5992,37.480053500,1.000000,1,xemu_image,xemu.exe,0x0011e67e
6568,5992,37.505673100,1.000000,1,external_module,vulkan-1.dll,
6568,5992,37.527081500,1.000000,1,external_module,nvoglv64.dll,
6568,5992,37.647993000,1.000000,1,xemu_image,xemu.exe,0x0011e647
6568,5992,37.649720100,1.000000,1,xemu_image,xemu.exe,0x0029dccd
6568,5992,37.652006400,1.000000,1,external_module,msvcrt.dll,
6568,5992,37.654125000,1.000000,1,xemu_image,xemu.exe,0x0011eb63
6568,5992,37.671350800,1.000000,1,external_module,ntoskrnl.exe,
6568,5992,38.252330300,1.000000,1,external_module,msvcrt.dll,
6568,5992,38.254585000,1.000000,1,xemu_image,xemu.exe,0x002753d0
6568,5992,38.267647300,1.000000,1,external_module,ntoskrnl.exe,
6568,5992,38.269917900,1.000000,1,xemu_image,xemu.exe,0x002ab420
6568,5992,38.443182000,1.000000,1,external_module,ntdll.dll,
6568,5992,39.173615400,1.000000,1,xemu_image,xemu.exe,0x00275465
6568,5992,39.175738700,1.000000,1,external_module,msvcrt.dll,
6568,5992,39.440764900,1.000000,1,external_module,ntdll.dll,
6568,5992,39.479178100,1.000000,1,xemu_image,xemu.exe,0x0011e86f
6568,5992,39.685807500,1.000000,1,xemu_image,xemu.exe,0x003dbe4d
6568,5992,39.996764000,1.000000,1,external_module,ntdll.dll,
6568,5992,40.522844700,1.000000,1,xemu_image,xemu.exe,0x001dc69d
6568,5992,41.006510900,1.000000,1,xemu_image,xemu.exe,0x0011e65f
6568,5992,41.313006500,1.000000,1,xemu_image,xemu.exe,0x002aac80
6568,5992,41.400054500,1.000000,1,external_module,nvoglv64.dll,
6568,5992,41.402168400,1.000000,1,xemu_image,xemu.exe,0x002ab420
6568,5992,41.404465800,1.000000,1,xemu_image,xemu.exe,0x0011e644
6568,5992,41.406522300,1.000000,1,xemu_image,xemu.exe,0x00279299
6568,5992,41.408991500,1.000000,1,xemu_image,xemu.exe,0x002ab4c7
6568,5992,41.422112500,1.000000,1,external_module,msvcrt.dll,
6568,5992,41.631430700,1.000000,1,xemu_image,xemu.exe,0x001d3feb
6568,5992,41.690421400,1.000000,1,external_module,msvcrt.dll,
6568,5992,22.043852000,1.000000,1,xemu_image,xemu.exe,0x003dc0eb
6568,5992,22.138282400,1.000000,1,external_module,nvoglv64.dll,
6568,5992,22.224891100,1.000000,1,external_module,msvcrt.dll,
6568,5992,22.310182800,1.000000,1,xemu_image,xemu.exe,0x0011e665
6568,5992,22.311875600,1.000000,1,external_module,nvoglv64.dll,
6568,5992,22.316143800,1.000000,1,external_module,ntdll.dll,
6568,5992,22.318696300,1.000000,1,xemu_image,xemu.exe,0x0029bd1d
6568,5992,22.545291600,1.000000,1,external_module,nvoglv64.dll,
6568,5992,22.666871900,1.000000,1,external_module,ntdll.dll,
6568,5992,23.419343100,1.000000,1,xemu_image,xemu.exe,0x001d698f
6568,5992,23.429338700,1.000000,1,xemu_image,xemu.exe,0x0027925f
6568,5992,23.514405600,1.000000,1,xemu_image,xemu.exe,0x003dc085
6568,5992,23.670058200,1.000000,1,xemu_image,xemu.exe,0x0011e65f
6568,5992,24.117801200,1.000000,1,external_module,nvoglv64.dll,
6568,5992,24.133598400,1.000000,1,external_module,msvcrt.dll,
6568,5992,24.224309700,1.000000,1,external_module,ntoskrnl.exe,
6568,5992,24.262491000,1.000000,1,external_module,ntoskrnl.exe,
6568,5992,24.406333700,1.000000,1,xemu_image,xemu.exe,0x0029d984
6568,5992,24.624240000,1.000000,1,external_module,ntoskrnl.exe,
6568,5992,24.896467400,1.000000,1,xemu_image,xemu.exe,0x002968f2
6568,5992,25.024071400,1.000000,1,xemu_image,xemu.exe,0x001d4cc3
6568,5992,25.065875100,1.000000,1,external_module,nvoglv64.dll,
6568,5992,25.162802400,1.000000,1,xemu_image,xemu.exe,0x0029dcc6
6568,5992,25.209744400,1.000000,1,xemu_image,xemu.exe,0x002ab4c7
6568,5992,25.210932900,1.000000,1,external_module,ntoskrnl.exe,
6568,5992,25.568480300,1.000000,1,external_module,nvoglv64.dll,
6568,5992,25.722779300,1.000000,1,xemu_image,xemu.exe,0x0011e671
6568,5992,25.745265600,1.000000,1,external_module,msvcrt.dll,
6568,5992,26.097069200,1.000000,1,xemu_image,xemu.exe,0x0011e665
6568,5992,26.176470900,1.000000,1,external_module,nvoglv64.dll,
6568,5992,26.933753200,1.000000,1,xemu_image,xemu.exe,0x002796f5
6568,5992,27.394305500,1.000000,1,external_module,ntoskrnl.exe,
6568,5992,27.492950500,1.000000,1,external_module,nvoglv64.dll,
6568,5992,27.761051300,1.000000,1,xemu_image,xemu.exe,0x002968f2
6568,5992,27.803087200,1.000000,1,xemu_image,xemu.exe,0x0011e647
6568,5992,28.015054900,1.000000,1,xemu_image,xemu.exe,0x001dc388
6568,5992,28.064839100,1.000000,1,xemu_image,xemu.exe,0x00297a5e
6568,5992,28.245419100,1.000000,1,external_module,nvoglv64.dll,
6568,5992,28.325428200,1.000000,1,external_module,msvcrt.dll,
6568,5992,28.559155800,1.000000,1,xemu_image,xemu.exe,0x002968f2
6568,5992,28.586508900,1.000000,1,xemu_image,xemu.exe,0x001d4078
6568,5992,28.975467600,1.000000,1,xemu_image,xemu.exe,0x001d3bf0
6568,5992,29.082362000,1.000000,1,xemu_image,xemu.exe,0x0029832d
6568,5992,29.152056400,1.000000,1,external_module,ntdll.dll,
6568,5992,29.183953700,1.000000,1,xemu_image,xemu.exe,0x002ab8c6
6568,5992,29.232355600,1.000000,1,xemu_image,xemu.exe,0x0011e65f
6568,5992,29.524627600,1.000000,1,external_module,nvoglv64.dll,
6568,5992,29.909348500,1.000000,1,xemu_image,xemu.exe,0x0011e657
6568,5992,30.080433400,1.000000,1,xemu_image,xemu.exe,0x002ab8c6
6568,5992,30.207510900,1.000000,1,xemu_image,xemu.exe,0x0029dc2f
6568,5992,30.645300100,1.000000,1,external_module,msvcrt.dll,
6568,5992,30.651348000,1.000000,1,xemu_image,xemu.exe,0x002754f8
6568,5992,30.778826600,1.000000,1,xemu_image,xemu.exe,0x002968f2
6568,5992,30.869457100,1.000000,1,xemu_image,xemu.exe,0x0011e681
6568,5992,30.874989000,1.000000,1,external_module,nvoglv64.dll,
6568,5992,30.970292400,1.000000,1,xemu_image,xemu.exe,0x0011e65f
6568,5992,31.056563100,1.000000,1,external_module,nvoglv64.dll,
6568,5992,31.194425600,1.000000,1,xemu_image,xemu.exe,0x0011e67e
6568,5992,31.567321300,1.000000,1,external_module,msvcrt.dll,
6568,5992,31.748331100,1.000000,1,external_module,nvoglv64.dll,
6568,5992,31.968207900,1.000000,1,external_module,ntoskrnl.exe,
6568,5992,32.175922600,1.000000,1,xemu_image,xemu.exe,0x0028fbb2
6568,5992,32.239260400,1.000000,1,external_module,nvoglv64.dll,
6568,5992,32.358179300,1.000000,1,xemu_image,xemu.exe,0x003dc0b0
6568,5992,32.384068500,1.000000,1,xemu_image,xemu.exe,0x001d4055
6568,5992,33.103361600,1.000000,1,external_module,vulkan-1.dll,
6568,5992,33.195302500,1.000000,1,external_module,nvoglv64.dll,
6568,5992,33.829046700,1.000000,1,xemu_image,xemu.exe,0x0029bce8
6568,5992,33.861398700,1.000000,1,external_module,ntoskrnl.exe,
6568,5992,34.057678500,1.000000,1,external_module,ntoskrnl.exe,
6568,5992,34.159785700,1.000000,1,external_module,msvcrt.dll,
6568,5992,34.303536300,1.000000,1,xemu_image,xemu.exe,0x00298cf4
6568,5992,34.361802700,1.000000,1,external_module,ntoskrnl.exe,
6568,5992,34.405743400,1.000000,1,xemu_image,xemu.exe,0x00297b88
6568,5992,34.628737900,1.000000,1,external_module,nvoglv64.dll,
6568,5992,34.650983600,1.000000,1,external_module,msvcrt.dll,
6568,5992,35.178871200,1.000000,1,xemu_image,xemu.exe,0x001dc483
6568,5992,35.338410100,1.000000,1,external_module,msvcrt.dll,
6568,5992,35.761931600,1.000000,1,external_module,nvoglv64.dll,
6568,5992,36.095326600,1.000000,1,external_module,ntoskrnl.exe,
6568,5992,36.138363600,1.000000,1,xemu_image,xemu.exe,0x001d4906
6568,5992,36.559563000,1.000000,1,xemu_image,xemu.exe,0x001dc3a2
6568,5992,36.912298900,1.000000,1,xemu_image,xemu.exe,0x0011e904
6568,5992,37.094163600,1.000000,1,external_module,msvcrt.dll,
6568,5992,37.221263400,1.000000,1,external_module,msvcrt.dll,
6568,5992,38.037322000,1.000000,1,external_module,msvcrt.dll,
6568,5992,38.395956100,1.000000,1,xemu_image,xemu.exe,0x002afa5b
6568,5992,38.597367900,1.000000,1,xemu_image,xemu.exe,0x0011e65f
6568,5992,38.682661500,1.000000,1,xemu_image,xemu.exe,0x002ab8d4
6568,5992,38.900435600,1.000000,1,xemu_image,xemu.exe,0x00275665
6568,5992,38.970479800,1.000000,1,external_module,ntoskrnl.exe,
6568,5992,39.305775900,1.000000,1,external_module,nvoglv64.dll,
6568,5992,39.344587000,1.000000,1,external_module,nvoglv64.dll,
6568,5992,39.392151700,1.000000,1,external_module,msvcrt.dll,
6568,5992,39.515091800,1.000000,1,xemu_image,xemu.exe,0x001d3d2a
6568,5992,39.520427700,1.000000,1,external_module,nvoglv64.dll,
6568,5992,39.599965200,1.000000,1,external_module,nvoglv64.dll,
6568,5992,39.733568400,1.000000,1,xemu_image,xemu.exe,0x001dc69d
6568,5992,39.942491500,1.000000,1,xemu_image,xemu.exe,0x002ab4c7
6568,5992,40.010399600,1.000000,1,external_module,nvoglv64.dll,
6568,5992,40.031550900,1.000000,1,external_module,msvcrt.dll,
6568,5992,40.127470600,1.000000,1,external_module,ntdll.dll,
6568,5992,40.133899100,1.000000,1,external_module,nvoglv64.dll,
6568,5992,40.229302500,1.000000,1,xemu_image,xemu.exe,0x001d4918
6568,5992,40.367779400,1.000000,1,xemu_image,xemu.exe,0x003dc060
6568,5992,40.501281100,1.000000,1,external_module,nvoglv64.dll,
6568,5992,40.591474400,1.000000,1,external_module,nvoglv64.dll,
6568,5992,40.596495600,1.000000,1,xemu_image,xemu.exe,0x002ad9f2
6568,5992,40.778931400,1.000000,1,xemu_image,xemu.exe,0x006fd55b
6568,5992,40.863382400,1.000000,1,external_module,msvcrt.dll,
6568,5992,41.029704200,1.000000,1,external_module,ntoskrnl.exe,
6568,5992,41.098808400,1.000000,1,external_module,nvoglv64.dll,
6568,5992,41.269427700,1.000000,1,external_module,nvoglv64.dll,
6568,5992,41.311003400,1.000000,1,external_module,msvcrt.dll,
6568,5992,21.867216100,1.000000,1,xemu_image,xemu.exe,0x001d3fc6
6568,5992,21.876544600,1.000000,1,xemu_image,xemu.exe,0x002968f2
6568,5992,22.017625100,1.000000,1,external_module,ntoskrnl.exe,
6568,5992,22.138587600,1.000000,1,external_module,ntoskrnl.exe,
6568,5992,22.205828000,1.000000,1,external_module,nvoglv64.dll,
6568,5992,22.309187300,1.000000,1,xemu_image,xemu.exe,0x00297bd2
6568,5992,22.427846100,1.000000,1,xemu_image,xemu.exe,0x00299b27
6568,5992,22.497124400,1.000000,1,external_module,msvcrt.dll,
6568,5992,22.732226000,1.000000,1,xemu_image,xemu.exe,0x001dc4b2
6568,5992,22.885189100,1.000000,1,external_module,nvoglv64.dll,
6568,5992,22.950058500,1.000000,1,external_module,ntoskrnl.exe,
6568,5992,22.980189200,1.000000,1,external_module,msvcrt.dll,
6568,5992,23.024776900,1.000000,1,xemu_image,xemu.exe,0x001d4040
6568,5992,23.030147600,1.000000,1,xemu_image,xemu.exe,0x00298754
6568,5992,23.401242000,1.000000,1,external_module,msvcrt.dll,
6568,5992,23.512737500,1.000000,1,xemu_image,xemu.exe,0x003dc07a
6568,5992,23.625866400,1.000000,1,xemu_image,xemu.exe,0x003dc074
6568,5992,23.711822300,1.000000,1,external_module,nvoglv64.dll,
6568,5992,23.888354900,1.000000,1,external_module,msvcrt.dll,
6568,5992,23.926198700,1.000000,1,external_module,nvoglv64.dll,
6568,5992,24.022677800,1.000000,1,external_module,msvcrt.dll,
6568,5992,24.112323200,1.000000,1,external_module,msvcrt.dll,
6568,5992,24.159035700,1.000000,1,external_module,nvoglv64.dll,
6568,5992,24.179680200,1.000000,1,external_module,ntoskrnl.exe,
6568,5992,24.240157300,1.000000,1,external_module,ntdll.dll,
6568,5992,24.241453200,1.000000,1,xemu_image,xemu.exe,0x001d45a4
6568,5992,24.282688500,1.000000,1,xemu_image,xemu.exe,0x0011e65f
6568,5992,24.323674100,1.000000,1,xemu_image,xemu.exe,0x002ab4c7
6568,5992,24.325109700,1.000000,1,external_module,msvcrt.dll,
6568,5992,24.447521000,1.000000,1,xemu_image,xemu.exe,0x00275424
6568,5992,24.492316500,1.000000,1,xemu_image,xemu.exe,0x002ab8c6
6568,5992,24.501674600,1.000000,1,external_module,nvoglv64.dll,
6568,5992,24.677319600,1.000000,1,xemu_image,xemu.exe,0x001d4901
6568,5992,24.703356300,1.000000,1,xemu_image,xemu.exe,0x001dc69d
6568,5992,24.762784900,1.000000,1,xemu_image,xemu.exe,0x00295587
6568,5992,25.061037500,1.000000,1,xemu_image,xemu.exe,0x002ab023
6568,5992,25.066663700,1.000000,1,external_module,nvoglv64.dll,
6568,5992,25.109503900,1.000000,1,xemu_image,xemu.exe,0x00275549
6568,5992,25.184193900,1.000000,1,xemu_image,xemu.exe,0x0011e85b
6568,5992,25.395405500,1.000000,1,xemu_image,xemu.exe,0x00274536
6568,5992,25.441013400,1.000000,1,xemu_image,xemu.exe,0x0029565f
6568,5992,25.573010400,1.000000,1,external_module,msvcrt.dll,
6568,5992,25.840708800,1.000000,1,xemu_image,xemu.exe,0x001d4055
6568,5992,25.845182700,1.000000,1,external_module,nvoglv64.dll,
6568,5992,25.846298800,1.000000,1,external_module,msvcrt.dll,
6568,5992,26.012510300,1.000000,1,xemu_image,xemu.exe,0x002756e7
6568,5992,26.096213400,1.000000,1,external_module,nvoglv64.dll,
6568,5992,26.204154900,1.000000,1,external_module,msvcrt.dll,
6568,5992,26.480799300,1.000000,1,external_module,msvcrt.dll,
6568,5992,26.527757600,1.000000,1,xemu_image,xemu.exe,0x002b3e75
6568,5992,26.569853500,1.000000,1,xemu_image,xemu.exe,0x003dc060
6568,5992,26.662217400,1.000000,1,xemu_image,xemu.exe,0x002adc6a
6568,5992,26.680654100,1.000000,1,external_module,nvoglv64.dll,
6568,5992,26.890033400,1.000000,1,xemu_image,xemu.exe,0x002b0655
6568,5992,27.009138700,1.000000,1,xemu_image,xemu.exe,0x002968f2
6568,5992,27.104355100,1.000000,1,external_module,msvcrt.dll,
6568,5992,27.210764400,1.000000,1,external_module,nvoglv64.dll,
6568,5992,27.261620500,1.000000,1,xemu_image,xemu.exe,0x0011e65f
6568,5992,27.329970500,1.000000,1,external_module,ntdll.dll,
6568,5992,27.658247400,1.000000,1,external_module,nvoglv64.dll,
6568,5992,27.712354500,1.000000,1,external_module,ntoskrnl.exe,
6568,5992,27.713474800,1.000000,1,external_module,msvcrt.dll,
6568,5992,27.850575700,1.000000,1,unknown_external,,
6568,5992,27.968896600,1.000000,1,external_module,ntoskrnl.exe,
6568,5992,27.970735700,1.000000,1,xemu_image,xemu.exe,0x0028ca80
6568,5992,27.972819800,1.000000,1,external_module,msvcrt.dll,
6568,5992,28.021100700,1.000000,1,xemu_image,xemu.exe,0x00275452
6568,5992,28.235876000,1.000000,1,external_module,ntdll.dll,
6568,5992,28.237579000,1.000000,1,xemu_image,xemu.exe,0x00298774
6568,5992,28.239383000,1.000000,1,unknown_external,,
6568,5992,28.246959900,1.000000,1,external_module,vulkan-1.dll,
6568,5992,28.258654200,1.000000,1,external_module,ntoskrnl.exe,
6568,5992,28.678656500,1.000000,1,xemu_image,xemu.exe,0x0011e65f
6568,5992,28.741434400,1.000000,1,external_module,nvoglv64.dll,
6568,5992,28.785609900,1.000000,1,external_module,ntoskrnl.exe,
6568,5992,28.824789500,1.000000,1,external_module,ntoskrnl.exe,
6568,5992,28.992280100,1.000000,1,xemu_image,xemu.exe,0x001d4842
6568,5992,29.057229500,1.000000,1,external_module,msvcrt.dll,
6568,5992,29.194386100,1.000000,1,external_module,nvoglv64.dll,
6568,5992,29.278538700,1.000000,1,external_module,msvcrt.dll,
6568,5992,29.311650000,1.000000,1,external_module,ntoskrnl.exe,
6568,5992,29.398713200,1.000000,1,external_module,msvcrt.dll,
6568,5992,29.404745100,1.000000,1,external_module,msvcrt.dll,
6568,5992,29.568551800,1.000000,1,xemu_image,xemu.exe,0x001dc63d
6568,5992,29.733679200,1.000000,1,external_module,ntdll.dll,
6568,5992,29.807473700,1.000000,1,external_module,vulkan-1.dll,
6568,5992,29.808964000,1.000000,1,external_module,msvcrt.dll,
6568,5992,29.813574800,1.000000,1,xemu_image,xemu.exe,0x002ab403
6568,5992,29.951602000,1.000000,1,external_module,nvoglv64.dll,
6568,5992,29.956954700,1.000000,1,xemu_image,xemu.exe,0x002ab417
6568,5992,29.995698600,1.000000,1,external_module,msvcrt.dll,
6568,5992,30.036519000,1.000000,1,xemu_image,xemu.exe,0x0011e650
6568,5992,30.085179600,1.000000,1,xemu_image,xemu.exe,0x003e2802
6568,5992,30.218413900,1.000000,1,xemu_image,xemu.exe,0x00275431
6568,5992,30.302849000,1.000000,1,xemu_image,xemu.exe,0x0011e665
6568,5992,30.322476700,1.000000,1,xemu_image,xemu.exe,0x002ab033
6568,5992,30.379541100,1.000000,1,external_module,nvoglv64.dll,
6568,5992,30.401245300,1.000000,1,external_module,nvoglv64.dll,
6568,5992,30.521961700,1.000000,1,external_module,msvcrt.dll,
6568,5992,30.559376400,1.000000,1,external_module,nvoglv64.dll,
6568,5992,30.594986200,1.000000,1,external_module,ntoskrnl.exe,
6568,5992,30.869158400,1.000000,1,xemu_image,xemu.exe,0x00275cb9
6568,5992,31.098044800,1.000000,1,xemu_image,xemu.exe,0x002ab8c6
6568,5992,31.105309900,1.000000,1,external_module,nvoglv64.dll,
6568,5992,31.151936600,1.000000,1,external_module,msvcrt.dll,
6568,5992,31.182123400,1.000000,1,xemu_image,xemu.exe,0x0011e665
6568,5992,31.275662200,1.000000,1,xemu_image,xemu.exe,0x002ab027
6568,5992,31.601443400,1.000000,1,external_module,nvoglv64.dll,
6568,5992,31.603396400,1.000000,1,xemu_image,xemu.exe,0x002968f2
6568,5992,31.689885500,1.000000,1,xemu_image,xemu.exe,0x0028d1fe
6568,5992,31.691211900,1.000000,1,external_module,msvcrt.dll,
6568,5992,31.696485100,1.000000,1,xemu_image,xemu.exe,0x002ab8db
6568,5992,31.738419500,1.000000,1,xemu_image,xemu.exe,0x001d4684
6568,5992,31.746809500,1.000000,1,xemu_image,xemu.exe,0x003dc0ae
6568,5992,31.924922500,1.000000,1,xemu_image,xemu.exe,0x0011e65f
6568,5992,32.129216300,1.000000,1,external_module,nvoglv64.dll,
6568,5992,32.256047900,1.000000,1,xemu_image,xemu.exe,0x002789ff
6568,5992,32.277734400,1.000000,1,xemu_image,xemu.exe,0x0011e938
6568,5992,32.299400000,1.000000,1,xemu_image,xemu.exe,0x0011e6f2
6568,5992,32.323080000,1.000000,1,external_module,ntoskrnl.exe,
6568,5992,32.399408400,1.000000,1,external_module,nvoglv64.dll,
6568,5992,32.405562100,1.000000,1,xemu_image,xemu.exe,0x00275645
6568,5992,32.453587900,1.000000,1,xemu_image,xemu.exe,0x010ba560
6568,5992,32.470394500,1.000000,1,xemu_image,xemu.exe,0x002ab8cb
6568,5992,32.478096200,1.000000,1,external_module,ntoskrnl.exe,
6568,5992,32.491067400,1.000000,1,xemu_image,xemu.exe,0x001d6dd8
6568,5992,32.496461500,1.000000,1,xemu_image,xemu.exe,0x00275529
6568,5992,32.580664200,1.000000,1,xemu_image,xemu.exe,0x001d4901
6568,5992,32.625489600,1.000000,1,xemu_image,xemu.exe,0x0011e647
6568,5992,32.906996300,1.000000,1,xemu_image,xemu.exe,0x002ab8c6
6568,5992,33.123578100,1.000000,1,xemu_image,xemu.exe,0x00296978
6568,5992,33.228458500,1.000000,1,xemu_image,xemu.exe,0x002ab8c6
6568,5992,33.229942800,1.000000,1,xemu_image,xemu.exe,0x00274548
6568,5992,33.318542500,1.000000,1,xemu_image,xemu.exe,0x0011e75a
6568,5992,33.320552900,1.000000,1,xemu_image,xemu.exe,0x0011e66b
6568,5992,33.322456400,1.000000,1,xemu_image,xemu.exe,0x002adce1
6568,5992,33.340916200,1.000000,1,xemu_image,xemu.exe,0x002754d4
6568,5992,33.359865200,1.000000,1,xemu_image,xemu.exe,0x001d4494
6568,5992,33.387636800,1.000000,1,external_module,nvoglv64.dll,
6568,5992,33.582822400,1.000000,1,xemu_image,xemu.exe,0x00298b85
6568,5992,33.819914400,1.000000,1,external_module,nvoglv64.dll,
6568,5992,33.995900300,1.000000,1,xemu_image,xemu.exe,0x002ab8c6
6568,5992,34.079607500,1.000000,1,external_module,ntoskrnl.exe,
6568,5992,34.118544000,1.000000,1,external_module,nvoglv64.dll,
6568,5992,34.128450600,1.000000,1,external_module,nvoglv64.dll,
6568,5992,34.213045800,1.000000,1,external_module,nvoglv64.dll,
6568,5992,34.385155300,1.000000,1,external_module,msvcrt.dll,
6568,5992,34.434507100,1.000000,1,xemu_image,xemu.exe,0x001d32f3
6568,5992,34.444410500,1.000000,1,external_module,vulkan-1.dll,
6568,5992,34.463912600,1.000000,1,xemu_image,xemu.exe,0x001d4508
6568,5992,34.585407100,1.000000,1,external_module,nvoglv64.dll,
6568,5992,34.645695400,1.000000,1,xemu_image,xemu.exe,0x001d4687
6568,5992,34.710229900,1.000000,1,xemu_image,xemu.exe,0x00275465
6568,5992,34.756747800,1.000000,1,external_module,nvoglv64.dll,
6568,5992,34.759278900,1.000000,1,external_module,ntdll.dll,
6568,5992,34.780438000,1.000000,1,xemu_image,xemu.exe,0x001d4687
6568,5992,34.783662700,1.000000,1,external_module,msvcrt.dll,
6568,5992,34.786272700,1.000000,1,xemu_image,xemu.exe,0x0011e675
6568,5992,34.788403200,1.000000,1,xemu_image,xemu.exe,0x002ad9c4
6568,5992,34.789712100,1.000000,1,external_module,nvoglv64.dll,
6568,5992,34.829541500,1.000000,1,external_module,ntdll.dll,
6568,5992,34.853801600,1.000000,1,external_module,ntdll.dll,
6568,5992,34.879893700,1.000000,1,external_module,msvcrt.dll,
6568,5992,34.965240600,1.000000,1,xemu_image,xemu.exe,0x0029d3ca
6568,5992,34.978395500,1.000000,1,external_module,nvoglv64.dll,
6568,5992,35.040924500,1.000000,1,xemu_image,xemu.exe,0x002956d6
6568,5992,35.130809000,1.000000,1,xemu_image,xemu.exe,0x0011e671
6568,5992,35.173640500,1.000000,1,xemu_image,xemu.exe,0x010ba560
6568,5992,35.184841500,1.000000,1,external_module,ntoskrnl.exe,
6568,5992,35.344360200,1.000000,1,external_module,msvcrt.dll,
6568,5992,35.387437800,1.000000,1,external_module,ntoskrnl.exe,
6568,5992,35.419296100,1.000000,1,xemu_image,xemu.exe,0x00275ce0
6568,5992,35.421173100,1.000000,1,xemu_image,xemu.exe,0x0027563a
6568,5992,35.423232300,1.000000,1,xemu_image,xemu.exe,0x003e1ffc
6568,5992,35.428913700,1.000000,1,xemu_image,xemu.exe,0x001d4070
6568,5992,35.478785300,1.000000,1,xemu_image,xemu.exe,0x0011e65f
6568,5992,35.493878700,1.000000,1,external_module,ntoskrnl.exe,
6568,5992,35.539556000,1.000000,1,xemu_image,xemu.exe,0x00298ba1
6568,5992,35.669701100,1.000000,1,external_module,ntoskrnl.exe,
6568,5992,35.779499900,1.000000,1,xemu_image,xemu.exe,0x001d3feb
6568,5992,35.898122300,1.000000,1,xemu_image,xemu.exe,0x001d7573
6568,5992,35.919867500,1.000000,1,xemu_image,xemu.exe,0x0029567c
6568,5992,35.967769100,1.000000,1,xemu_image,xemu.exe,0x002955af
6568,5992,35.989119700,1.000000,1,external_module,nvoglv64.dll,
6568,5992,36.107438900,1.000000,1,xemu_image,xemu.exe,0x00275482
6568,5992,36.235845800,1.000000,1,xemu_image,xemu.exe,0x0011e644
6568,5992,36.321827400,1.000000,1,xemu_image,xemu.exe,0x002755e1
6568,5992,36.444954000,1.000000,1,external_module,ntoskrnl.exe,
6568,5992,36.556091700,1.000000,1,xemu_image,xemu.exe,0x00298728
6568,5992,36.580543900,1.000000,1,external_module,ntdll.dll,
6568,5992,36.608601100,1.000000,1,xemu_image,xemu.exe,0x0029dcc9
6568,5992,36.655743600,1.000000,1,external_module,nvoglv64.dll,
6568,5992,36.784777500,1.000000,1,external_module,msvcrt.dll,
6568,5992,36.790500500,1.000000,1,external_module,msvcrt.dll,
6568,5992,36.792484200,1.000000,1,external_module,msvcrt.dll,
6568,5992,36.875090200,1.000000,1,external_module,ntdll.dll,
6568,5992,36.916803700,1.000000,1,xemu_image,xemu.exe,0x001d491a
6568,5992,37.022591300,1.000000,1,external_module,ntoskrnl.exe,
6568,5992,37.050467300,1.000000,1,external_module,msvcrt.dll,
6568,5992,37.216470600,1.000000,1,external_module,ntoskrnl.exe,
6568,5992,37.218198100,1.000000,1,xemu_image,xemu.exe,0x003e1ffc
6568,5992,37.220199200,1.000000,1,external_module,nvoglv64.dll,
6568,5992,37.222603400,1.000000,1,external_module,msvcrt.dll,
6568,5992,37.224550400,1.000000,1,xemu_image,xemu.exe,0x0011e681
6568,5992,37.226915100,1.000000,1,xemu_image,xemu.exe,0x001d49a9
6568,5992,37.310496300,1.000000,1,external_module,nvoglv64.dll,
6568,5992,37.350361100,1.000000,1,xemu_image,xemu.exe,0x0011e67e
6568,5992,37.519177800,1.000000,1,xemu_image,xemu.exe,0x0011e644
6568,5992,37.521051800,1.000000,1,xemu_image,xemu.exe,0x00297a5e
6568,5992,37.522939500,1.000000,1,xemu_image,xemu.exe,0x0027543d
6568,5992,37.610046400,1.000000,1,xemu_image,xemu.exe,0x0011e65f
6568,5992,37.633171500,1.000000,1,external_module,dxgkrnl.sys,
6568,5992,37.644534100,1.000000,1,external_module,ntoskrnl.exe,
6568,5992,37.656330400,1.000000,1,xemu_image,xemu.exe,0x002ab406
6568,5992,37.947797000,1.000000,1,xemu_image,xemu.exe,0x002ada15
6568,5992,37.995954900,1.000000,1,external_module,msvcrt.dll,
6568,5992,38.113799800,1.000000,1,external_module,msvcrt.dll,
6568,5992,38.132923800,1.000000,1,external_module,ntoskrnl.exe,
6568,5992,38.154095000,1.000000,1,xemu_image,xemu.exe,0x00294381
6568,5992,38.176180500,1.000000,1,xemu_image,xemu.exe,0x002b000f
6568,5992,38.249864300,1.000000,1,xemu_image,xemu.exe,0x0029d5a8
6568,5992,38.461877700,1.000000,1,xemu_image,xemu.exe,0x001d3a14
6568,5992,38.469312100,1.000000,1,xemu_image,xemu.exe,0x00274516
6568,5992,38.470558200,1.000000,1,external_module,nvoglv64.dll,
6568,5992,38.472066700,1.000000,1,external_module,nvoglv64.dll,
6568,5992,38.473560600,1.000000,1,external_module,vulkan-1.dll,
6568,5992,38.511197800,1.000000,1,external_module,ntdll.dll,
6568,5992,38.528853100,1.000000,1,external_module,ntoskrnl.exe,
6568,5992,38.549639800,1.000000,1,xemu_image,xemu.exe,0x006fd55f
6568,5992,38.719617100,1.000000,1,external_module,ntdll.dll,
6568,5992,38.740514200,1.000000,1,xemu_image,xemu.exe,0x001d4055
6568,5992,38.763350000,1.000000,1,xemu_image,xemu.exe,0x001d32b4
6568,5992,38.911022000,1.000000,1,external_module,ntoskrnl.exe,
6568,5992,39.013284500,1.000000,1,external_module,ntoskrnl.exe,
6568,5992,39.071640600,1.000000,1,xemu_image,xemu.exe,0x0011e647
6568,5992,39.115343300,1.000000,1,xemu_image,xemu.exe,0x002ab4a6
6568,5992,39.216155800,1.000000,1,xemu_image,xemu.exe,0x002ab8cb
6568,5992,39.225882800,1.000000,1,external_module,msvcrt.dll,
6568,5992,39.269092200,1.000000,1,xemu_image,xemu.exe,0x0011e647
6568,5992,39.435860500,1.000000,1,external_module,nvoglv64.dll,
6568,5992,39.557631200,1.000000,1,external_module,msvcrt.dll,
6568,5992,39.781602700,1.000000,1,external_module,msvcrt.dll,
6568,5992,39.792360600,1.000000,1,external_module,ntoskrnl.exe,
6568,5992,39.941762600,1.000000,1,xemu_image,xemu.exe,0x0029bd32
6568,5992,40.074860800,1.000000,1,xemu_image,xemu.exe,0x00275421
6568,5992,40.108337100,1.000000,1,xemu_image,xemu.exe,0x00274516
6568,5992,40.157719500,1.000000,1,external_module,ntoskrnl.exe,
6568,5992,40.160637900,1.000000,1,external_module,ntoskrnl.exe,
6568,5992,40.187208000,1.000000,1,external_module,nvoglv64.dll,
6568,5992,40.373811300,1.000000,1,xemu_image,xemu.exe,0x002aaef9
6568,5992,40.497210900,1.000000,1,xemu_image,xemu.exe,0x0011e67e
6568,5992,40.498869100,1.000000,1,xemu_image,xemu.exe,0x00275cc6
6568,5992,40.586506800,1.000000,1,xemu_image,xemu.exe,0x002789ff
6568,5992,40.612523200,1.000000,1,xemu_image,xemu.exe,0x001d4901
6568,5992,40.687128600,1.000000,1,xemu_image,xemu.exe,0x002aafa9
6568,5992,40.688552900,1.000000,1,xemu_image,xemu.exe,0x002ab456
6568,5992,40.690650500,1.000000,1,xemu_image,xemu.exe,0x0029857c
6568,5992,40.692803400,1.000000,1,xemu_image,xemu.exe,0x0011e66b
6568,5992,40.694931600,1.000000,1,external_module,nvoglv64.dll,
6568,5992,40.696877900,1.000000,1,xemu_image,xemu.exe,0x001d3354
6568,5992,40.699056100,1.000000,1,xemu_image,xemu.exe,0x001dc69d
6568,5992,40.729613000,1.000000,1,xemu_image,xemu.exe,0x0027562e
6568,5992,40.868330200,1.000000,1,external_module,nvoglv64.dll,
6568,5992,41.055093700,1.000000,1,external_module,msvcrt.dll,
6568,5992,41.289298000,1.000000,1,external_module,vulkan-1.dll,
6568,5992,41.422790200,1.000000,1,xemu_image,xemu.exe,0x001dac0b
6568,5992,41.464491100,1.000000,1,external_module,ntoskrnl.exe,
6568,5992,22.628978200,1.000000,1,external_module,ntdll.dll,
6568,5992,23.226844000,1.000000,1,xemu_image,xemu.exe,0x0011e85b
6568,5992,25.238411300,1.000000,1,external_module,nvoglv64.dll,
6568,5992,26.182272000,1.000000,1,external_module,msvcrt.dll,
6568,5992,28.447426200,1.000000,1,xemu_image,xemu.exe,0x002ab8c6
6568,5992,30.922261600,1.000000,1,external_module,nvoglv64.dll,
6568,5992,31.211317300,1.000000,1,external_module,nvoglv64.dll,
6568,5992,33.509811400,1.000000,1,external_module,nvoglv64.dll,
6568,5992,34.736424400,1.000000,1,external_module,msvcrt.dll,
6568,5992,36.913506400,1.000000,1,external_module,nvoglv64.dll,
6568,5992,36.938326200,1.000000,1,external_module,ntoskrnl.exe,
6568,5992,37.312141500,1.000000,1,external_module,ntoskrnl.exe,
6568,5992,37.440552700,1.000000,1,external_module,nvoglv64.dll,
6568,5992,37.505275200,1.000000,1,external_module,ntoskrnl.exe,
6568,5992,37.568321500,1.000000,1,xemu_image,xemu.exe,0x00298601
6568,5992,22.357145700,1.000000,1,xemu_image,xemu.exe,0x0011e65f
6568,5992,22.447722200,1.000000,1,external_module,ntdll.dll,
6568,5992,22.489855200,1.000000,1,external_module,nvoglv64.dll,
6568,5992,22.491351300,1.000000,1,xemu_image,xemu.exe,0x0028c1ab
6568,5992,22.602781600,1.000000,1,external_module,msvcrt.dll,
6568,5992,22.687880700,1.000000,1,xemu_image,xemu.exe,0x001d6d21
6568,5992,23.062559600,1.000000,1,external_module,nvoglv64.dll,
6568,5992,23.551823800,1.000000,1,xemu_image,xemu.exe,0x0029bd46
6568,5992,23.605181500,1.000000,1,external_module,ntoskrnl.exe,
6568,5992,23.692765300,1.000000,1,external_module,ntoskrnl.exe,
6568,5992,23.765234700,1.000000,1,external_module,nvoglv64.dll,
6568,5992,23.866902700,1.000000,1,xemu_image,xemu.exe,0x0028c1a1
6568,5992,23.983279300,1.000000,1,external_module,ntoskrnl.exe,
6568,5992,24.032743900,1.000000,1,xemu_image,xemu.exe,0x0029dcc9
6568,5992,24.117258600,1.000000,1,xemu_image,xemu.exe,0x0011e67e
6568,5992,24.629187600,1.000000,1,external_module,vulkan-1.dll,
6568,5992,24.687783000,1.000000,1,external_module,nvoglv64.dll,
6568,5992,24.730397100,1.000000,1,xemu_image,xemu.exe,0x011a9b0d
6568,5992,25.258361000,1.000000,1,external_module,nvoglv64.dll,
6568,5992,25.307244800,1.000000,1,xemu_image,xemu.exe,0x00275587
6568,5992,25.461889500,1.000000,1,external_module,nvoglv64.dll,
6568,5992,25.649486600,1.000000,1,xemu_image,xemu.exe,0x002ab4c7
6568,5992,25.739758400,1.000000,1,xemu_image,xemu.exe,0x0011e65f
6568,5992,26.278226800,1.000000,1,xemu_image,xemu.exe,0x002c4499
6568,5992,26.335753100,1.000000,1,external_module,nvoglv64.dll,
6568,5992,26.699854500,1.000000,1,xemu_image,xemu.exe,0x002754d4
6568,5992,26.801712600,1.000000,1,xemu_image,xemu.exe,0x0029dccd
6568,5992,27.258211800,1.000000,1,xemu_image,xemu.exe,0x001194db
6568,5992,27.359058600,1.000000,1,xemu_image,xemu.exe,0x006fd55f
6568,5992,27.579243900,1.000000,1,xemu_image,xemu.exe,0x001d4055
6568,5992,27.776102700,1.000000,1,xemu_image,xemu.exe,0x00277c8e
6568,5992,27.967974600,1.000000,1,xemu_image,xemu.exe,0x0028beb5
6568,5992,27.975009600,1.000000,1,external_module,ntdll.dll,
6568,5992,27.976919300,1.000000,1,xemu_image,xemu.exe,0x002b3e75
6568,5992,28.242916200,1.000000,1,xemu_image,xemu.exe,0x0011e65a
6568,5992,28.244768000,1.000000,1,xemu_image,xemu.exe,0x006e6503
6568,5992,28.326163100,1.000000,1,xemu_image,xemu.exe,0x0011e681
6568,5992,28.387479000,1.000000,1,xemu_image,xemu.exe,0x006fd55f
6568,5992,28.773777900,1.000000,1,xemu_image,xemu.exe,0x006fd585
6568,5992,29.146845300,1.000000,1,external_module,msvcrt.dll,
6568,5992,29.317078600,1.000000,1,external_module,nvoglv64.dll,
6568,5992,29.349014800,1.000000,1,external_module,nvlddmkm.sys,
6568,5992,29.563512200,1.000000,1,xemu_image,xemu.exe,0x002ab930
6568,5992,29.594875900,1.000000,1,external_module,ntoskrnl.exe,
6568,5992,29.690716800,1.000000,1,external_module,ntoskrnl.exe,
6568,5992,29.697097100,1.000000,1,xemu_image,xemu.exe,0x0028be55
6568,5992,30.229655200,1.000000,1,xemu_image,xemu.exe,0x0029dccd
6568,5992,30.406388900,1.000000,1,xemu_image,xemu.exe,0x002ab038
6568,5992,30.478273400,1.000000,1,external_module,ntoskrnl.exe,
6568,5992,30.628918000,1.000000,1,external_module,ntoskrnl.exe,
6568,5992,30.678220400,1.000000,1,external_module,ntoskrnl.exe,
6568,5992,30.753279200,1.000000,1,external_module,nvoglv64.dll,
6568,5992,30.875649400,1.000000,1,xemu_image,xemu.exe,0x002ad9c4
6568,5992,31.231987400,1.000000,1,xemu_image,xemu.exe,0x002afa4c
6568,5992,31.376887900,1.000000,1,external_module,msvcrt.dll,
6568,5992,31.479909300,1.000000,1,external_module,msvcrt.dll,
6568,5992,31.598541300,1.000000,1,external_module,nvoglv64.dll,
6568,5992,31.738970400,1.000000,1,external_module,ntdll.dll,
6568,5992,32.132213100,1.000000,1,external_module,nvoglv64.dll,
6568,5992,32.262741900,1.000000,1,external_module,nvoglv64.dll,
6568,5992,32.264601000,1.000000,1,external_module,nvoglv64.dll,
6568,5992,32.309413600,1.000000,1,external_module,nvoglv64.dll,
6568,5992,32.757628800,1.000000,1,xemu_image,xemu.exe,0x010ba560
6568,5992,33.014024800,1.000000,1,external_module,msvcrt.dll,
6568,5992,33.152069800,1.000000,1,xemu_image,xemu.exe,0x002a7c51
6568,5992,33.343377000,1.000000,1,external_module,vulkan-1.dll,
6568,5992,33.346149600,1.000000,1,external_module,ntoskrnl.exe,
6568,5992,33.515310300,1.000000,1,xemu_image,xemu.exe,0x002aacc9
6568,5992,33.883615800,1.000000,1,external_module,nvoglv64.dll,
6568,5992,33.957588300,1.000000,1,xemu_image,xemu.exe,0x002aa908
6568,5992,34.042634400,1.000000,1,external_module,msvcrt.dll,
6568,5992,34.217109300,1.000000,1,xemu_image,xemu.exe,0x00275449
6568,5992,34.297971100,1.000000,1,external_module,msvcrt.dll,
6568,5992,34.346334100,1.000000,1,xemu_image,xemu.exe,0x0011e65f
6568,5992,34.500267600,1.000000,1,external_module,ntoskrnl.exe,
6568,5992,35.194408700,1.000000,1,external_module,ntoskrnl.exe,
6568,5992,35.264642900,1.000000,1,external_module,msvcrt.dll,
6568,5992,35.425079700,1.000000,1,external_module,msvcrt.dll,
6568,5992,35.427206100,1.000000,1,external_module,nvoglv64.dll,
6568,5992,35.513789000,1.000000,1,xemu_image,xemu.exe,0x002ab8cb
6568,5992,35.648177700,1.000000,1,xemu_image,xemu.exe,0x00294259
6568,5992,35.918986900,1.000000,1,external_module,msvcrt.dll,
6568,5992,36.012164900,1.000000,1,xemu_image,xemu.exe,0x0029dccd
6568,5992,36.054070000,1.000000,1,xemu_image,xemu.exe,0x002ab4f4
6568,5992,36.565145400,1.000000,1,xemu_image,xemu.exe,0x002ab4b3
6568,5992,36.778068200,1.000000,1,external_module,ntoskrnl.exe,
6568,5992,36.782475600,1.000000,1,external_module,msvcrt.dll,
6568,5992,36.793428300,1.000000,1,external_module,nvoglv64.dll,
6568,5992,36.797436400,1.000000,1,external_module,ntoskrnl.exe,
6568,5992,36.806822900,1.000000,1,external_module,msvcrt.dll,
6568,5992,36.832119600,1.000000,1,external_module,nvoglv64.dll,
6568,5992,36.939121200,1.000000,1,external_module,msvcrt.dll,
6568,5992,37.482367400,1.000000,1,external_module,msvcrt.dll,
6568,5992,37.484083800,1.000000,1,external_module,ntdll.dll,
6568,5992,37.486082000,1.000000,1,xemu_image,xemu.exe,0x0028d251
6568,5992,37.488058700,1.000000,1,external_module,nvoglv64.dll,
6568,5992,37.792085700,1.000000,1,external_module,ntdll.dll,
6568,5992,38.197094000,1.000000,1,external_module,nvoglv64.dll,
6568,5992,38.384193900,1.000000,1,xemu_image,xemu.exe,0x0029dcc6
6568,5992,38.628711800,1.000000,1,external_module,ntoskrnl.exe,
6568,5992,38.698837100,1.000000,1,external_module,ntoskrnl.exe,
6568,5992,38.944964200,1.000000,1,external_module,ntoskrnl.exe,
6568,5992,39.259547800,1.000000,1,xemu_image,xemu.exe,0x001d4005
6568,5992,39.694829100,1.000000,1,xemu_image,xemu.exe,0x0028d254
6568,5992,39.727620200,1.000000,1,xemu_image,xemu.exe,0x0011e663
6568,5992,39.753971800,1.000000,1,xemu_image,xemu.exe,0x002968f2
6568,5992,39.897765100,1.000000,1,external_module,nvoglv64.dll,
6568,5992,39.947007500,1.000000,1,external_module,nvoglv64.dll,
6568,5992,40.037978400,1.000000,1,external_module,nvoglv64.dll,
6568,5992,40.133494700,1.000000,1,external_module,msvcrt.dll,
6568,5992,40.415884200,1.000000,1,xemu_image,xemu.exe,0x0029dcd4
6568,5992,40.693344200,1.000000,1,xemu_image,xemu.exe,0x002afffd
6568,5992,40.774097100,1.000000,1,xemu_image,xemu.exe,0x001d48d3
6568,5992,40.820211300,1.000000,1,xemu_image,xemu.exe,0x003dc061
6568,5992,40.955221700,1.000000,1,external_module,nvoglv64.dll,
6568,5992,41.013709800,1.000000,1,external_module,msvcrt.dll,
6568,5992,41.349634800,1.000000,1,xemu_image,xemu.exe,0x0028c1b7
6568,5992,41.397388800,1.000000,1,xemu_image,xemu.exe,0x0011e65f
6568,5992,41.440273800,1.000000,1,external_module,msvcrt.dll,
6568,5992,41.717153900,1.000000,1,xemu_image,xemu.exe,0x0028fa24
6568,5992,41.801916000,1.000000,1,xemu_image,xemu.exe,0x00275587
6568,5992,23.462254000,1.000000,1,external_module,nvoglv64.dll,
6568,5992,31.995541700,1.000000,1,xemu_image,xemu.exe,0x00298774
6568,5992,31.996861200,1.000000,1,xemu_image,xemu.exe,0x001d4cec
6568,5992,32.725019000,1.000000,1,external_module,nvoglv64.dll,
6568,5992,38.245561100,1.000000,1,external_module,ntoskrnl.exe,
6568,5992,38.248733900,1.000000,1,xemu_image,xemu.exe,0x002797b0
6568,5992,39.056538200,1.000000,1,external_module,nvoglv64.dll,
6568,5992,41.680045900,1.000000,1,external_module,nvoglv64.dll,
6568,5992,25.754617900,0.999900,1,xemu_image,xemu.exe,0x00860c10
6568,5992,25.761629700,0.999900,1,xemu_image,xemu.exe,0x0083f183
6568,5992,25.763629300,0.999900,1,external_module,ntdll.dll,
6568,5992,38.512816600,0.999900,1,xemu_image,xemu.exe,0x0011ea95
6568,5992,40.909303000,0.999900,1,xemu_image,xemu.exe,0x0011e66b
6568,5992,25.751618400,0.999800,1,external_module,nvoglv64.dll,
6568,5992,28.808619200,0.999800,1,xemu_image,xemu.exe,0x006fd55f
6568,5992,33.058576800,0.999800,1,external_module,nvoglv64.dll,
6568,5992,23.586777200,0.999700,1,xemu_image,xemu.exe,0x0087610e
6568,5992,25.762629400,0.999700,1,external_module,nvoglv64.dll,
6568,5992,28.807619400,0.999700,1,xemu_image,xemu.exe,0x0028be91
6568,5992,38.196746900,0.999600,1,external_module,msvcrt.dll,
6568,5992,39.858292400,0.999600,1,external_module,nvoglv64.dll,
6568,5992,25.752617900,0.999500,1,external_module,ntdll.dll,
6568,5992,31.058556500,0.999500,1,external_module,nvoglv64.dll,
6568,5992,37.991460600,0.999300,1,xemu_image,xemu.exe,0x0011e9b8
6568,5992,25.750618600,0.999100,1,external_module,ntoskrnl.exe,
6568,5992,33.057577000,0.999100,1,xemu_image,xemu.exe,0x0028be74
6568,5992,23.580766400,0.999000,1,external_module,nvoglv64.dll,
6568,5992,25.757629100,0.999000,1,external_module,nvoglv64.dll,
6568,5992,26.009737700,0.998800,1,xemu_image,xemu.exe,0x0011e665
6568,5992,30.209498600,0.998800,1,xemu_image,xemu.exe,0x0011b016
6568,5992,36.877082900,0.998500,1,xemu_image,xemu.exe,0x00298576
6568,5992,29.058227700,0.998200,1,xemu_image,xemu.exe,0x0011e66b
6568,5992,35.258511300,0.998100,1,xemu_image,xemu.exe,0x001d4005
6568,5992,23.578762200,0.998000,1,external_module,msvcrt.dll,
6568,5992,35.474606700,0.997900,1,xemu_image,xemu.exe,0x001d49a9
6568,5992,28.408069900,0.997200,1,external_module,nvoglv64.dll,
6568,5992,34.730067300,0.997100,1,xemu_image,xemu.exe,0x0011e65f
6568,5992,38.762928700,0.995800,1,xemu_image,xemu.exe,0x0011e6f2
6568,5992,37.697166000,0.995600,1,xemu_image,xemu.exe,0x001dc39b
6568,5992,25.758624500,0.995400,1,xemu_image,xemu.exe,0x008574dd
6568,5992,40.775092300,0.995200,1,external_module,ntdll.dll,
6568,5992,27.446354900,0.995000,1,xemu_image,xemu.exe,0x001dc41d
6568,5992,40.279797000,0.994400,1,xemu_image,xemu.exe,0x001d469a
6568,5992,36.876084400,0.994200,1,xemu_image,xemu.exe,0x006fd55f
6568,5992,29.280026300,0.994000,1,external_module,nvoglv64.dll,
6568,5992,22.924416000,0.994000,1,external_module,msvcrt.dll,
6568,5992,31.057557000,0.993900,1,external_module,ntdll.dll,
6568,5992,23.601231400,0.993700,1,external_module,nvoglv64.dll,
6568,5992,25.748618300,0.993600,1,xemu_image,xemu.exe,0x005802a7
6568,5992,30.774269100,0.993500,1,xemu_image,xemu.exe,0x002ab038
6568,5992,23.576771100,0.993100,1,xemu_image,xemu.exe,0x00867089
6568,5992,23.577764200,0.993100,1,xemu_image,xemu.exe,0x00857117
6568,5992,31.958622400,0.992700,1,external_module,nvoglv64.dll,
6568,5992,28.279374700,0.992000,1,external_module,ntdll.dll,
6568,5992,36.696550300,0.991400,1,external_module,ntdll.dll,
6568,5992,30.208499800,0.988900,1,xemu_image,xemu.exe,0x00278972
6568,5992,29.229348000,0.988500,1,external_module,msvcrt.dll,
6568,5992,36.008167300,0.988100,1,xemu_image,xemu.exe,0x0011e65f
6568,5992,36.096314200,0.987600,1,external_module,nvoglv64.dll,
6568,5992,26.141630700,0.985800,1,xemu_image,xemu.exe,0x002ab059
6568,5992,41.441258900,0.985100,1,xemu_image,xemu.exe,0x006e650a
6568,5992,25.308228800,0.984000,1,xemu_image,xemu.exe,0x0029dcf3
6568,5992,21.995970700,0.983800,1,external_module,msvcrt.dll,
6568,5992,26.049458900,0.981400,1,external_module,msvcrt.dll,
6568,5992,38.462859100,0.981400,1,external_module,msvcrt.dll,
6568,5992,41.143004100,0.945900,1,external_module,msvcrt.dll,
6568,5992,24.726436000,0.944400,1,external_module,ntdll.dll,
6568,5992,25.967858000,0.944200,1,external_module,msvcrt.dll,
6568,5992,31.429823500,0.942900,1,external_module,nvoglv64.dll,
6568,5992,32.712673800,0.942400,1,external_module,nvoglv64.dll,
6568,5992,35.874096300,0.931900,1,xemu_image,xemu.exe,0x001d4684
6568,5992,29.608207900,0.905700,1,xemu_image,xemu.exe,0x00298794
6568,5992,31.312801400,0.875600,1,xemu_image,xemu.exe,0x002755e1
6568,5992,39.474704300,0.871900,1,external_module,msvcrt.dll,
6568,5992,24.892596100,0.864000,1,external_module,ntdll.dll,
6568,5992,34.938230400,0.861700,1,external_module,nvoglv64.dll,
6568,5992,27.441601300,0.846900,1,external_module,vulkan-1.dll,
6568,5992,29.145795700,0.846700,1,xemu_image,xemu.exe,0x002adcb6
6568,5992,29.274815900,0.832100,1,xemu_image,xemu.exe,0x001d499f
6568,5992,38.507975500,0.828800,1,external_module,nvoglv64.dll,
6568,5992,23.575778000,0.798300,1,xemu_image,xemu.exe,0x006cf4ee
6568,5992,37.174721900,0.783100,1,xemu_image,xemu.exe,0x003e1ff0
6568,5992,34.913874700,0.779800,1,xemu_image,xemu.exe,0x001d62e0
6568,5992,24.242232000,0.778800,1,external_module,ntdll.dll,
6568,5992,26.225818100,0.756900,1,xemu_image,xemu.exe,0x0029dce1
6568,5992,31.691964900,0.753000,1,external_module,nvoglv64.dll,
6568,5992,39.775338800,0.747200,1,external_module,msvcrt.dll,
6568,5992,30.129566400,0.735300,1,xemu_image,xemu.exe,0x0029dcc6
6568,5992,28.108566300,0.733500,1,xemu_image,xemu.exe,0x002ab8c6
6568,5992,25.262294600,0.729200,1,xemu_image,xemu.exe,0x003e2007
6568,5992,34.957852100,0.705100,1,xemu_image,xemu.exe,0x001dc6aa
6568,5992,26.095730900,0.704000,1,xemu_image,xemu.exe,0x001dc50f
6568,5992,24.325802200,0.692500,1,xemu_image,xemu.exe,0x0029dcc9
6568,5992,29.775158300,0.689100,1,xemu_image,xemu.exe,0x0011e65f
6568,5992,33.692092800,0.680300,1,external_module,nvoglv64.dll,
